solid OpenSCAD_Model
  facet normal -0.991447 0.130513 0
    outer loop
      vertex -13.9467 1.22018 0.609999
      vertex -13.7873 2.43107 2.4
      vertex -13.7873 2.43107 0.609999
    endloop
  endfacet
  facet normal -0.991447 0.130513 0
    outer loop
      vertex -13.7873 2.43107 2.4
      vertex -13.9467 1.22018 0.609999
      vertex -13.9467 1.22018 2.4
    endloop
  endfacet
  facet normal -0.999047 0.0436405 0
    outer loop
      vertex -14 0 0.609999
      vertex -13.9467 1.22018 2.4
      vertex -13.9467 1.22018 0.609999
    endloop
  endfacet
  facet normal -0.999047 0.0436405 0
    outer loop
      vertex -13.9467 1.22018 2.4
      vertex -14 0 0.609999
      vertex -14 0 2.4
    endloop
  endfacet
  facet normal -0.976304 0.216402 0
    outer loop
      vertex -13.7873 2.43107 0.609999
      vertex -13.523 3.62347 2.4
      vertex -13.523 3.62347 0.609999
    endloop
  endfacet
  facet normal -0.976304 0.216402 0
    outer loop
      vertex -13.523 3.62347 2.4
      vertex -13.7873 2.43107 0.609999
      vertex -13.7873 2.43107 2.4
    endloop
  endfacet
  facet normal 0.537342 0.843364 -0
    outer loop
      vertex 8.03007 11.4681 0.609999
      vertex 7 12.1244 2.4
      vertex 8.03007 11.4681 2.4
    endloop
  endfacet
  facet normal 0.537342 0.843364 0
    outer loop
      vertex 7 12.1244 2.4
      vertex 8.03007 11.4681 0.609999
      vertex 7 12.1244 0.609999
    endloop
  endfacet
  facet normal 0.38269 0.923877 -0
    outer loop
      vertex 5.91666 12.6883 0.609999
      vertex 4.78828 13.1557 2.4
      vertex 5.91666 12.6883 2.4
    endloop
  endfacet
  facet normal 0.38269 0.923877 0
    outer loop
      vertex 4.78828 13.1557 2.4
      vertex 5.91666 12.6883 0.609999
      vertex 4.78828 13.1557 0.609999
    endloop
  endfacet
  facet normal 0.216402 -0.976304 0
    outer loop
      vertex 2.43107 -13.7873 0.609999
      vertex 3.62347 -13.523 2.4
      vertex 2.43107 -13.7873 2.4
    endloop
  endfacet
  facet normal 0.216402 -0.976304 0
    outer loop
      vertex 3.62347 -13.523 2.4
      vertex 2.43107 -13.7873 0.609999
      vertex 3.62347 -13.523 0.609999
    endloop
  endfacet
  facet normal 0 0 1
    outer loop
      vertex 10 0 2.4
      vertex 14 0 2.4
      vertex 13.9467 1.22018 2.4
    endloop
  endfacet
  facet normal 0 0 1
    outer loop
      vertex 9.96195 0.871557 2.4
      vertex 13.9467 1.22018 2.4
      vertex 13.7873 2.43107 2.4
    endloop
  endfacet
  facet normal 0 0 1
    outer loop
      vertex 14 0 2.4
      vertex 10 0 2.4
      vertex 13.9467 -1.22018 2.4
    endloop
  endfacet
  facet normal 0 0 1
    outer loop
      vertex 9.84808 1.73648 2.4
      vertex 13.7873 2.43107 2.4
      vertex 13.523 3.62347 2.4
    endloop
  endfacet
  facet normal -0 0 1
    outer loop
      vertex 9.96195 -0.871557 2.4
      vertex 13.9467 -1.22018 2.4
      vertex 10 0 2.4
    endloop
  endfacet
  facet normal 0 0 1
    outer loop
      vertex 9.65926 2.58819 2.4
      vertex 13.523 3.62347 2.4
      vertex 13.1557 4.78828 2.4
    endloop
  endfacet
  facet normal 0 0 1
    outer loop
      vertex 13.9467 -1.22018 2.4
      vertex 9.96195 -0.871557 2.4
      vertex 13.7873 -2.43107 2.4
    endloop
  endfacet
  facet normal 0 0 1
    outer loop
      vertex 9.39693 3.4202 2.4
      vertex 13.1557 4.78828 2.4
      vertex 12.6883 5.91666 2.4
    endloop
  endfacet
  facet normal -0 0 1
    outer loop
      vertex 9.84808 -1.73648 2.4
      vertex 13.7873 -2.43107 2.4
      vertex 9.96195 -0.871557 2.4
    endloop
  endfacet
  facet normal 0 0 1
    outer loop
      vertex 9.06308 4.22618 2.4
      vertex 12.6883 5.91666 2.4
      vertex 12.1244 7 2.4
    endloop
  endfacet
  facet normal 0 0 1
    outer loop
      vertex 13.7873 -2.43107 2.4
      vertex 9.84808 -1.73648 2.4
      vertex 13.523 -3.62347 2.4
    endloop
  endfacet
  facet normal 0 0 1
    outer loop
      vertex 8.66025 5 2.4
      vertex 12.1244 7 2.4
      vertex 11.4681 8.03007 2.4
    endloop
  endfacet
  facet normal -0 0 1
    outer loop
      vertex 9.65926 -2.58819 2.4
      vertex 13.523 -3.62347 2.4
      vertex 9.84808 -1.73648 2.4
    endloop
  endfacet
  facet normal 0 0 1
    outer loop
      vertex 8.19152 5.73576 2.4
      vertex 11.4681 8.03007 2.4
      vertex 10.7246 8.99903 2.4
    endloop
  endfacet
  facet normal 0 0 1
    outer loop
      vertex 13.523 -3.62347 2.4
      vertex 9.65926 -2.58819 2.4
      vertex 13.1557 -4.78828 2.4
    endloop
  endfacet
  facet normal -0 0 1
    outer loop
      vertex 9.39693 -3.4202 2.4
      vertex 13.1557 -4.78828 2.4
      vertex 9.65926 -2.58819 2.4
    endloop
  endfacet
  facet normal 0 0 1
    outer loop
      vertex 13.9467 1.22018 2.4
      vertex 9.96195 0.871557 2.4
      vertex 10 0 2.4
    endloop
  endfacet
  facet normal 0 0 1
    outer loop
      vertex 7.66044 6.42788 2.4
      vertex 10.7246 8.99903 2.4
      vertex 9.89949 9.89949 2.4
    endloop
  endfacet
  facet normal 0 0 1
    outer loop
      vertex 13.7873 2.43107 2.4
      vertex 9.84808 1.73648 2.4
      vertex 9.96195 0.871557 2.4
    endloop
  endfacet
  facet normal 0 0 1
    outer loop
      vertex 13.523 3.62347 2.4
      vertex 9.65926 2.58819 2.4
      vertex 9.84808 1.73648 2.4
    endloop
  endfacet
  facet normal 0 0 1
    outer loop
      vertex 13.1557 4.78828 2.4
      vertex 9.39693 3.4202 2.4
      vertex 9.65926 2.58819 2.4
    endloop
  endfacet
  facet normal 0 0 1
    outer loop
      vertex 12.6883 5.91666 2.4
      vertex 9.06308 4.22618 2.4
      vertex 9.39693 3.4202 2.4
    endloop
  endfacet
  facet normal 0 0 1
    outer loop
      vertex 7.07107 7.07107 2.4
      vertex 9.89949 9.89949 2.4
      vertex 8.99903 10.7246 2.4
    endloop
  endfacet
  facet normal 0 0 1
    outer loop
      vertex 12.1244 7 2.4
      vertex 8.66025 5 2.4
      vertex 9.06308 4.22618 2.4
    endloop
  endfacet
  facet normal 0 0 1
    outer loop
      vertex 11.4681 8.03007 2.4
      vertex 8.19152 5.73576 2.4
      vertex 8.66025 5 2.4
    endloop
  endfacet
  facet normal 0 0 1
    outer loop
      vertex 6.42788 7.66044 2.4
      vertex 8.99903 10.7246 2.4
      vertex 8.03007 11.4681 2.4
    endloop
  endfacet
  facet normal 0 0 1
    outer loop
      vertex 10.7246 8.99903 2.4
      vertex 7.66044 6.42788 2.4
      vertex 8.19152 5.73576 2.4
    endloop
  endfacet
  facet normal 0 0 1
    outer loop
      vertex 9.89949 9.89949 2.4
      vertex 7.07107 7.07107 2.4
      vertex 7.66044 6.42788 2.4
    endloop
  endfacet
  facet normal 0 0 1
    outer loop
      vertex 5.73576 8.19152 2.4
      vertex 8.03007 11.4681 2.4
      vertex 7 12.1244 2.4
    endloop
  endfacet
  facet normal 0 0 1
    outer loop
      vertex 8.99903 10.7246 2.4
      vertex 6.42788 7.66044 2.4
      vertex 7.07107 7.07107 2.4
    endloop
  endfacet
  facet normal 0 0 1
    outer loop
      vertex 5 8.66025 2.4
      vertex 7 12.1244 2.4
      vertex 5.91666 12.6883 2.4
    endloop
  endfacet
  facet normal 0 0 1
    outer loop
      vertex 8.03007 11.4681 2.4
      vertex 5.73576 8.19152 2.4
      vertex 6.42788 7.66044 2.4
    endloop
  endfacet
  facet normal 0 0 1
    outer loop
      vertex 7 12.1244 2.4
      vertex 5 8.66025 2.4
      vertex 5.73576 8.19152 2.4
    endloop
  endfacet
  facet normal 0 0 1
    outer loop
      vertex 4.22618 9.06308 2.4
      vertex 5.91666 12.6883 2.4
      vertex 4.78828 13.1557 2.4
    endloop
  endfacet
  facet normal 0 0 1
    outer loop
      vertex 5.91666 12.6883 2.4
      vertex 4.22618 9.06308 2.4
      vertex 5 8.66025 2.4
    endloop
  endfacet
  facet normal 0 0 1
    outer loop
      vertex 3.4202 9.39693 2.4
      vertex 4.78828 13.1557 2.4
      vertex 3.62347 13.523 2.4
    endloop
  endfacet
  facet normal 0 0 1
    outer loop
      vertex 4.78828 13.1557 2.4
      vertex 3.4202 9.39693 2.4
      vertex 4.22618 9.06308 2.4
    endloop
  endfacet
  facet normal 0 0 1
    outer loop
      vertex 3.62347 13.523 2.4
      vertex 2.58819 9.65926 2.4
      vertex 3.4202 9.39693 2.4
    endloop
  endfacet
  facet normal 0 0 1
    outer loop
      vertex 2.43107 13.7873 2.4
      vertex 2.58819 9.65926 2.4
      vertex 3.62347 13.523 2.4
    endloop
  endfacet
  facet normal 0 0 1
    outer loop
      vertex 2.43107 13.7873 2.4
      vertex 1.73648 9.84808 2.4
      vertex 2.58819 9.65926 2.4
    endloop
  endfacet
  facet normal 0 0 1
    outer loop
      vertex 1.22018 13.9467 2.4
      vertex 1.73648 9.84808 2.4
      vertex 2.43107 13.7873 2.4
    endloop
  endfacet
  facet normal 0 0 1
    outer loop
      vertex 1.22018 13.9467 2.4
      vertex 0.871557 9.96195 2.4
      vertex 1.73648 9.84808 2.4
    endloop
  endfacet
  facet normal 0 0 1
    outer loop
      vertex 0 14 2.4
      vertex 0.871557 9.96195 2.4
      vertex 1.22018 13.9467 2.4
    endloop
  endfacet
  facet normal 0 0 1
    outer loop
      vertex 0 14 2.4
      vertex 0 10 2.4
      vertex 0.871557 9.96195 2.4
    endloop
  endfacet
  facet normal 0 0 1
    outer loop
      vertex 0 14 2.4
      vertex -0.871557 9.96195 2.4
      vertex 0 10 2.4
    endloop
  endfacet
  facet normal -0 0 1
    outer loop
      vertex -1.22018 13.9467 2.4
      vertex -0.871557 9.96195 2.4
      vertex 0 14 2.4
    endloop
  endfacet
  facet normal 0 0 1
    outer loop
      vertex -1.22018 13.9467 2.4
      vertex -1.73648 9.84808 2.4
      vertex -0.871557 9.96195 2.4
    endloop
  endfacet
  facet normal -0 0 1
    outer loop
      vertex -2.43107 13.7873 2.4
      vertex -1.73648 9.84808 2.4
      vertex -1.22018 13.9467 2.4
    endloop
  endfacet
  facet normal 0 0 1
    outer loop
      vertex -2.43107 13.7873 2.4
      vertex -2.58819 9.65926 2.4
      vertex -1.73648 9.84808 2.4
    endloop
  endfacet
  facet normal -0 0 1
    outer loop
      vertex -3.62347 13.523 2.4
      vertex -2.58819 9.65926 2.4
      vertex -2.43107 13.7873 2.4
    endloop
  endfacet
  facet normal 0 0 1
    outer loop
      vertex -2.58819 9.65926 2.4
      vertex -3.62347 13.523 2.4
      vertex -3.4202 9.39693 2.4
    endloop
  endfacet
  facet normal -0 0 1
    outer loop
      vertex -4.78828 13.1557 2.4
      vertex -3.4202 9.39693 2.4
      vertex -3.62347 13.523 2.4
    endloop
  endfacet
  facet normal 0 0 1
    outer loop
      vertex -3.4202 9.39693 2.4
      vertex -4.78828 13.1557 2.4
      vertex -4.22618 9.06308 2.4
    endloop
  endfacet
  facet normal -0 0 1
    outer loop
      vertex -5.91666 12.6883 2.4
      vertex -4.22618 9.06308 2.4
      vertex -4.78828 13.1557 2.4
    endloop
  endfacet
  facet normal 0 0 1
    outer loop
      vertex -4.22618 9.06308 2.4
      vertex -5.91666 12.6883 2.4
      vertex -5 8.66025 2.4
    endloop
  endfacet
  facet normal -0 0 1
    outer loop
      vertex -7 12.1244 2.4
      vertex -5 8.66025 2.4
      vertex -5.91666 12.6883 2.4
    endloop
  endfacet
  facet normal 0 0 1
    outer loop
      vertex -5 8.66025 2.4
      vertex -7 12.1244 2.4
      vertex -5.73576 8.19152 2.4
    endloop
  endfacet
  facet normal -0 0 1
    outer loop
      vertex -8.03007 11.4681 2.4
      vertex -5.73576 8.19152 2.4
      vertex -7 12.1244 2.4
    endloop
  endfacet
  facet normal 0 0 1
    outer loop
      vertex -5.73576 8.19152 2.4
      vertex -8.03007 11.4681 2.4
      vertex -6.42788 7.66044 2.4
    endloop
  endfacet
  facet normal -0 0 1
    outer loop
      vertex -8.99903 10.7246 2.4
      vertex -6.42788 7.66044 2.4
      vertex -8.03007 11.4681 2.4
    endloop
  endfacet
  facet normal 0 0 1
    outer loop
      vertex -6.42788 7.66044 2.4
      vertex -8.99903 10.7246 2.4
      vertex -7.07107 7.07107 2.4
    endloop
  endfacet
  facet normal -0 0 1
    outer loop
      vertex -9.89949 9.89949 2.4
      vertex -7.07107 7.07107 2.4
      vertex -8.99903 10.7246 2.4
    endloop
  endfacet
  facet normal 0 0 1
    outer loop
      vertex -7.07107 7.07107 2.4
      vertex -9.89949 9.89949 2.4
      vertex -7.66044 6.42788 2.4
    endloop
  endfacet
  facet normal -0 0 1
    outer loop
      vertex -10.7246 8.99903 2.4
      vertex -7.66044 6.42788 2.4
      vertex -9.89949 9.89949 2.4
    endloop
  endfacet
  facet normal 0 0 1
    outer loop
      vertex -7.66044 6.42788 2.4
      vertex -10.7246 8.99903 2.4
      vertex -8.19152 5.73576 2.4
    endloop
  endfacet
  facet normal -0 0 1
    outer loop
      vertex -11.4681 8.03007 2.4
      vertex -8.19152 5.73576 2.4
      vertex -10.7246 8.99903 2.4
    endloop
  endfacet
  facet normal 0 0 1
    outer loop
      vertex -8.19152 5.73576 2.4
      vertex -11.4681 8.03007 2.4
      vertex -8.66025 5 2.4
    endloop
  endfacet
  facet normal -0 0 1
    outer loop
      vertex -12.1244 7 2.4
      vertex -8.66025 5 2.4
      vertex -11.4681 8.03007 2.4
    endloop
  endfacet
  facet normal 0 0 1
    outer loop
      vertex -8.66025 5 2.4
      vertex -12.1244 7 2.4
      vertex -9.06308 4.22618 2.4
    endloop
  endfacet
  facet normal -0 0 1
    outer loop
      vertex -12.6883 5.91666 2.4
      vertex -9.06308 4.22618 2.4
      vertex -12.1244 7 2.4
    endloop
  endfacet
  facet normal 0 0 1
    outer loop
      vertex -9.06308 4.22618 2.4
      vertex -12.6883 5.91666 2.4
      vertex -9.39693 3.4202 2.4
    endloop
  endfacet
  facet normal -0 0 1
    outer loop
      vertex -13.1557 4.78828 2.4
      vertex -9.39693 3.4202 2.4
      vertex -12.6883 5.91666 2.4
    endloop
  endfacet
  facet normal 0 0 1
    outer loop
      vertex 13.1557 -4.78828 2.4
      vertex 9.39693 -3.4202 2.4
      vertex 12.6883 -5.91666 2.4
    endloop
  endfacet
  facet normal -0 0 1
    outer loop
      vertex 9.06308 -4.22618 2.4
      vertex 12.6883 -5.91666 2.4
      vertex 9.39693 -3.4202 2.4
    endloop
  endfacet
  facet normal 0 0 1
    outer loop
      vertex 12.6883 -5.91666 2.4
      vertex 9.06308 -4.22618 2.4
      vertex 12.1244 -7 2.4
    endloop
  endfacet
  facet normal -0 0 1
    outer loop
      vertex 8.66025 -5 2.4
      vertex 12.1244 -7 2.4
      vertex 9.06308 -4.22618 2.4
    endloop
  endfacet
  facet normal 0 0 1
    outer loop
      vertex 12.1244 -7 2.4
      vertex 8.66025 -5 2.4
      vertex 11.4681 -8.03007 2.4
    endloop
  endfacet
  facet normal -0 0 1
    outer loop
      vertex 8.19152 -5.73576 2.4
      vertex 11.4681 -8.03007 2.4
      vertex 8.66025 -5 2.4
    endloop
  endfacet
  facet normal 0 0 1
    outer loop
      vertex 11.4681 -8.03007 2.4
      vertex 8.19152 -5.73576 2.4
      vertex 10.7246 -8.99903 2.4
    endloop
  endfacet
  facet normal -0 0 1
    outer loop
      vertex 7.66044 -6.42788 2.4
      vertex 10.7246 -8.99903 2.4
      vertex 8.19152 -5.73576 2.4
    endloop
  endfacet
  facet normal 0 0 1
    outer loop
      vertex 10.7246 -8.99903 2.4
      vertex 7.66044 -6.42788 2.4
      vertex 9.89949 -9.89949 2.4
    endloop
  endfacet
  facet normal -0 0 1
    outer loop
      vertex 7.07107 -7.07107 2.4
      vertex 9.89949 -9.89949 2.4
      vertex 7.66044 -6.42788 2.4
    endloop
  endfacet
  facet normal 0 0 1
    outer loop
      vertex 9.89949 -9.89949 2.4
      vertex 7.07107 -7.07107 2.4
      vertex 8.99903 -10.7246 2.4
    endloop
  endfacet
  facet normal -0 0 1
    outer loop
      vertex 6.42788 -7.66044 2.4
      vertex 8.99903 -10.7246 2.4
      vertex 7.07107 -7.07107 2.4
    endloop
  endfacet
  facet normal 0 0 1
    outer loop
      vertex 8.99903 -10.7246 2.4
      vertex 6.42788 -7.66044 2.4
      vertex 8.03007 -11.4681 2.4
    endloop
  endfacet
  facet normal -0 0 1
    outer loop
      vertex 5.73576 -8.19152 2.4
      vertex 8.03007 -11.4681 2.4
      vertex 6.42788 -7.66044 2.4
    endloop
  endfacet
  facet normal 0 0 1
    outer loop
      vertex 8.03007 -11.4681 2.4
      vertex 5.73576 -8.19152 2.4
      vertex 7 -12.1244 2.4
    endloop
  endfacet
  facet normal -0 0 1
    outer loop
      vertex 5 -8.66025 2.4
      vertex 7 -12.1244 2.4
      vertex 5.73576 -8.19152 2.4
    endloop
  endfacet
  facet normal 0 0 1
    outer loop
      vertex 7 -12.1244 2.4
      vertex 5 -8.66025 2.4
      vertex 5.91666 -12.6883 2.4
    endloop
  endfacet
  facet normal -0 0 1
    outer loop
      vertex 4.22618 -9.06308 2.4
      vertex 5.91666 -12.6883 2.4
      vertex 5 -8.66025 2.4
    endloop
  endfacet
  facet normal 0 0 1
    outer loop
      vertex 5.91666 -12.6883 2.4
      vertex 4.22618 -9.06308 2.4
      vertex 4.78828 -13.1557 2.4
    endloop
  endfacet
  facet normal -0 0 1
    outer loop
      vertex 3.4202 -9.39693 2.4
      vertex 4.78828 -13.1557 2.4
      vertex 4.22618 -9.06308 2.4
    endloop
  endfacet
  facet normal 0 0 1
    outer loop
      vertex 4.78828 -13.1557 2.4
      vertex 3.4202 -9.39693 2.4
      vertex 3.62347 -13.523 2.4
    endloop
  endfacet
  facet normal -0 0 1
    outer loop
      vertex 2.58819 -9.65926 2.4
      vertex 3.62347 -13.523 2.4
      vertex 3.4202 -9.39693 2.4
    endloop
  endfacet
  facet normal 0 0 1
    outer loop
      vertex 2.58819 -9.65926 2.4
      vertex 2.43107 -13.7873 2.4
      vertex 3.62347 -13.523 2.4
    endloop
  endfacet
  facet normal -0 0 1
    outer loop
      vertex 1.73648 -9.84808 2.4
      vertex 2.43107 -13.7873 2.4
      vertex 2.58819 -9.65926 2.4
    endloop
  endfacet
  facet normal 0 0 1
    outer loop
      vertex 1.73648 -9.84808 2.4
      vertex 1.22018 -13.9467 2.4
      vertex 2.43107 -13.7873 2.4
    endloop
  endfacet
  facet normal -0 0 1
    outer loop
      vertex 0.871557 -9.96195 2.4
      vertex 1.22018 -13.9467 2.4
      vertex 1.73648 -9.84808 2.4
    endloop
  endfacet
  facet normal -0 0 1
    outer loop
      vertex 0 -10 2.4
      vertex 1.22018 -13.9467 2.4
      vertex 0.871557 -9.96195 2.4
    endloop
  endfacet
  facet normal 0 0 1
    outer loop
      vertex 0 -10 2.4
      vertex 0 -14 2.4
      vertex 1.22018 -13.9467 2.4
    endloop
  endfacet
  facet normal 0 0 1
    outer loop
      vertex -0.871557 -9.96195 2.4
      vertex 0 -14 2.4
      vertex 0 -10 2.4
    endloop
  endfacet
  facet normal 0 0 1
    outer loop
      vertex -0.871557 -9.96195 2.4
      vertex -1.22018 -13.9467 2.4
      vertex 0 -14 2.4
    endloop
  endfacet
  facet normal 0 0 1
    outer loop
      vertex -1.73648 -9.84808 2.4
      vertex -1.22018 -13.9467 2.4
      vertex -0.871557 -9.96195 2.4
    endloop
  endfacet
  facet normal 0 0 1
    outer loop
      vertex -1.73648 -9.84808 2.4
      vertex -2.43107 -13.7873 2.4
      vertex -1.22018 -13.9467 2.4
    endloop
  endfacet
  facet normal 0 0 1
    outer loop
      vertex -2.58819 -9.65926 2.4
      vertex -2.43107 -13.7873 2.4
      vertex -1.73648 -9.84808 2.4
    endloop
  endfacet
  facet normal 0 0 1
    outer loop
      vertex -3.62347 -13.523 2.4
      vertex -2.58819 -9.65926 2.4
      vertex -3.4202 -9.39693 2.4
    endloop
  endfacet
  facet normal 0 0 1
    outer loop
      vertex -2.58819 -9.65926 2.4
      vertex -3.62347 -13.523 2.4
      vertex -2.43107 -13.7873 2.4
    endloop
  endfacet
  facet normal 0 0 1
    outer loop
      vertex -4.78828 -13.1557 2.4
      vertex -3.4202 -9.39693 2.4
      vertex -4.22618 -9.06308 2.4
    endloop
  endfacet
  facet normal 0 0 1
    outer loop
      vertex -3.4202 -9.39693 2.4
      vertex -4.78828 -13.1557 2.4
      vertex -3.62347 -13.523 2.4
    endloop
  endfacet
  facet normal 0 0 1
    outer loop
      vertex -5.91666 -12.6883 2.4
      vertex -4.22618 -9.06308 2.4
      vertex -5 -8.66025 2.4
    endloop
  endfacet
  facet normal 0 0 1
    outer loop
      vertex -7 -12.1244 2.4
      vertex -5 -8.66025 2.4
      vertex -5.73576 -8.19152 2.4
    endloop
  endfacet
  facet normal 0 0 1
    outer loop
      vertex -4.22618 -9.06308 2.4
      vertex -5.91666 -12.6883 2.4
      vertex -4.78828 -13.1557 2.4
    endloop
  endfacet
  facet normal 0 0 1
    outer loop
      vertex -8.03007 -11.4681 2.4
      vertex -5.73576 -8.19152 2.4
      vertex -6.42788 -7.66044 2.4
    endloop
  endfacet
  facet normal 0 0 1
    outer loop
      vertex -5 -8.66025 2.4
      vertex -7 -12.1244 2.4
      vertex -5.91666 -12.6883 2.4
    endloop
  endfacet
  facet normal 0 0 1
    outer loop
      vertex -8.99903 -10.7246 2.4
      vertex -6.42788 -7.66044 2.4
      vertex -7.07107 -7.07107 2.4
    endloop
  endfacet
  facet normal 0 0 1
    outer loop
      vertex -9.89949 -9.89949 2.4
      vertex -7.07107 -7.07107 2.4
      vertex -7.66044 -6.42788 2.4
    endloop
  endfacet
  facet normal 0 0 1
    outer loop
      vertex -5.73576 -8.19152 2.4
      vertex -8.03007 -11.4681 2.4
      vertex -7 -12.1244 2.4
    endloop
  endfacet
  facet normal 0 0 1
    outer loop
      vertex -10.7246 -8.99903 2.4
      vertex -7.66044 -6.42788 2.4
      vertex -8.19152 -5.73576 2.4
    endloop
  endfacet
  facet normal 0 0 1
    outer loop
      vertex -11.4681 -8.03007 2.4
      vertex -8.19152 -5.73576 2.4
      vertex -8.66025 -5 2.4
    endloop
  endfacet
  facet normal 0 0 1
    outer loop
      vertex -6.42788 -7.66044 2.4
      vertex -8.99903 -10.7246 2.4
      vertex -8.03007 -11.4681 2.4
    endloop
  endfacet
  facet normal 0 0 1
    outer loop
      vertex -12.1244 -7 2.4
      vertex -8.66025 -5 2.4
      vertex -9.06308 -4.22618 2.4
    endloop
  endfacet
  facet normal 0 0 1
    outer loop
      vertex -12.6883 -5.91666 2.4
      vertex -9.06308 -4.22618 2.4
      vertex -9.39693 -3.4202 2.4
    endloop
  endfacet
  facet normal 0 0 1
    outer loop
      vertex -13.1557 -4.78828 2.4
      vertex -9.39693 -3.4202 2.4
      vertex -9.65926 -2.58819 2.4
    endloop
  endfacet
  facet normal 0 0 1
    outer loop
      vertex -13.523 -3.62347 2.4
      vertex -9.65926 -2.58819 2.4
      vertex -9.84808 -1.73648 2.4
    endloop
  endfacet
  facet normal 0 0 1
    outer loop
      vertex -7.07107 -7.07107 2.4
      vertex -9.89949 -9.89949 2.4
      vertex -8.99903 -10.7246 2.4
    endloop
  endfacet
  facet normal 0 0 1
    outer loop
      vertex -13.7873 -2.43107 2.4
      vertex -9.84808 -1.73648 2.4
      vertex -9.96195 -0.871557 2.4
    endloop
  endfacet
  facet normal 0 0 1
    outer loop
      vertex -13.9467 -1.22018 2.4
      vertex -9.96195 -0.871557 2.4
      vertex -10 0 2.4
    endloop
  endfacet
  facet normal 0 0 1
    outer loop
      vertex -9.39693 3.4202 2.4
      vertex -13.1557 4.78828 2.4
      vertex -9.65926 2.58819 2.4
    endloop
  endfacet
  facet normal 0 0 1
    outer loop
      vertex -7.66044 -6.42788 2.4
      vertex -10.7246 -8.99903 2.4
      vertex -9.89949 -9.89949 2.4
    endloop
  endfacet
  facet normal -0 0 1
    outer loop
      vertex -13.523 3.62347 2.4
      vertex -9.65926 2.58819 2.4
      vertex -13.1557 4.78828 2.4
    endloop
  endfacet
  facet normal 0 0 1
    outer loop
      vertex -8.19152 -5.73576 2.4
      vertex -11.4681 -8.03007 2.4
      vertex -10.7246 -8.99903 2.4
    endloop
  endfacet
  facet normal 0 0 1
    outer loop
      vertex -9.65926 2.58819 2.4
      vertex -13.523 3.62347 2.4
      vertex -9.84808 1.73648 2.4
    endloop
  endfacet
  facet normal 0 0 1
    outer loop
      vertex -8.66025 -5 2.4
      vertex -12.1244 -7 2.4
      vertex -11.4681 -8.03007 2.4
    endloop
  endfacet
  facet normal -0 0 1
    outer loop
      vertex -13.7873 2.43107 2.4
      vertex -9.84808 1.73648 2.4
      vertex -13.523 3.62347 2.4
    endloop
  endfacet
  facet normal 0 0 1
    outer loop
      vertex -9.06308 -4.22618 2.4
      vertex -12.6883 -5.91666 2.4
      vertex -12.1244 -7 2.4
    endloop
  endfacet
  facet normal 0 0 1
    outer loop
      vertex -9.84808 1.73648 2.4
      vertex -13.7873 2.43107 2.4
      vertex -9.96195 0.871557 2.4
    endloop
  endfacet
  facet normal 0 0 1
    outer loop
      vertex -9.39693 -3.4202 2.4
      vertex -13.1557 -4.78828 2.4
      vertex -12.6883 -5.91666 2.4
    endloop
  endfacet
  facet normal -0 0 1
    outer loop
      vertex -13.9467 1.22018 2.4
      vertex -9.96195 0.871557 2.4
      vertex -13.7873 2.43107 2.4
    endloop
  endfacet
  facet normal 0 0 1
    outer loop
      vertex -9.65926 -2.58819 2.4
      vertex -13.523 -3.62347 2.4
      vertex -13.1557 -4.78828 2.4
    endloop
  endfacet
  facet normal 0 0 1
    outer loop
      vertex -9.96195 0.871557 2.4
      vertex -13.9467 1.22018 2.4
      vertex -10 0 2.4
    endloop
  endfacet
  facet normal 0 0 1
    outer loop
      vertex -9.84808 -1.73648 2.4
      vertex -13.7873 -2.43107 2.4
      vertex -13.523 -3.62347 2.4
    endloop
  endfacet
  facet normal 0 0 1
    outer loop
      vertex -14 0 2.4
      vertex -10 0 2.4
      vertex -13.9467 1.22018 2.4
    endloop
  endfacet
  facet normal 0 0 1
    outer loop
      vertex -9.96195 -0.871557 2.4
      vertex -13.9467 -1.22018 2.4
      vertex -13.7873 -2.43107 2.4
    endloop
  endfacet
  facet normal 0 0 1
    outer loop
      vertex -10 0 2.4
      vertex -14 0 2.4
      vertex -13.9467 -1.22018 2.4
    endloop
  endfacet
  facet normal -0.537342 -0.843364 0
    outer loop
      vertex -8.03007 -11.4681 0.609999
      vertex -7 -12.1244 2.4
      vertex -8.03007 -11.4681 2.4
    endloop
  endfacet
  facet normal -0.537342 -0.843364 -0
    outer loop
      vertex -7 -12.1244 2.4
      vertex -8.03007 -11.4681 0.609999
      vertex -7 -12.1244 0.609999
    endloop
  endfacet
  facet normal -0.130513 -0.991447 0
    outer loop
      vertex -2.43107 -13.7873 0.609999
      vertex -1.22018 -13.9467 2.4
      vertex -2.43107 -13.7873 2.4
    endloop
  endfacet
  facet normal -0.130513 -0.991447 -0
    outer loop
      vertex -1.22018 -13.9467 2.4
      vertex -2.43107 -13.7873 0.609999
      vertex -1.22018 -13.9467 0.609999
    endloop
  endfacet
  facet normal 0.675586 0.737281 -0
    outer loop
      vertex 9.89949 9.89949 0.609999
      vertex 8.99903 10.7246 2.4
      vertex 9.89949 9.89949 2.4
    endloop
  endfacet
  facet normal 0.675586 0.737281 0
    outer loop
      vertex 8.99903 10.7246 2.4
      vertex 9.89949 9.89949 0.609999
      vertex 8.99903 10.7246 0.609999
    endloop
  endfacet
  facet normal 0.793357 0.608757 0
    outer loop
      vertex 11.4681 8.03007 2.4
      vertex 10.7246 8.99903 0.609999
      vertex 10.7246 8.99903 2.4
    endloop
  endfacet
  facet normal 0.793357 0.608757 0
    outer loop
      vertex 10.7246 8.99903 0.609999
      vertex 11.4681 8.03007 2.4
      vertex 11.4681 8.03007 0.609999
    endloop
  endfacet
  facet normal -0.737281 0.675586 0
    outer loop
      vertex -10.7246 8.99903 0.609999
      vertex -9.89949 9.89949 2.4
      vertex -9.89949 9.89949 0.609999
    endloop
  endfacet
  facet normal -0.737281 0.675586 0
    outer loop
      vertex -9.89949 9.89949 2.4
      vertex -10.7246 8.99903 0.609999
      vertex -10.7246 8.99903 2.4
    endloop
  endfacet
  facet normal -0.0436405 0.999047 0
    outer loop
      vertex 0 14 0.609999
      vertex -1.22018 13.9467 2.4
      vertex 0 14 2.4
    endloop
  endfacet
  facet normal -0.0436405 0.999047 0
    outer loop
      vertex -1.22018 13.9467 2.4
      vertex 0 14 0.609999
      vertex -1.22018 13.9467 0.609999
    endloop
  endfacet
  facet normal -0.38269 0.923877 0
    outer loop
      vertex -4.78828 13.1557 0.609999
      vertex -5.91666 12.6883 2.4
      vertex -4.78828 13.1557 2.4
    endloop
  endfacet
  facet normal -0.38269 0.923877 0
    outer loop
      vertex -5.91666 12.6883 2.4
      vertex -4.78828 13.1557 0.609999
      vertex -5.91666 12.6883 0.609999
    endloop
  endfacet
  facet normal -0.923877 0.38269 0
    outer loop
      vertex -13.1557 4.78828 0.609999
      vertex -12.6883 5.91666 2.4
      vertex -12.6883 5.91666 0.609999
    endloop
  endfacet
  facet normal -0.923877 0.38269 0
    outer loop
      vertex -12.6883 5.91666 2.4
      vertex -13.1557 4.78828 0.609999
      vertex -13.1557 4.78828 2.4
    endloop
  endfacet
  facet normal 0.999047 0.0436405 0
    outer loop
      vertex 14 0 2.4
      vertex 13.9467 1.22018 0.609999
      vertex 13.9467 1.22018 2.4
    endloop
  endfacet
  facet normal 0.999047 0.0436405 0
    outer loop
      vertex 13.9467 1.22018 0.609999
      vertex 14 0 2.4
      vertex 14 0 0.609999
    endloop
  endfacet
  facet normal 0.953708 -0.300733 0
    outer loop
      vertex 13.1557 -4.78828 2.4
      vertex 13.523 -3.62347 0.609999
      vertex 13.523 -3.62347 2.4
    endloop
  endfacet
  facet normal 0.953708 -0.300733 0
    outer loop
      vertex 13.523 -3.62347 0.609999
      vertex 13.1557 -4.78828 2.4
      vertex 13.1557 -4.78828 0.609999
    endloop
  endfacet
  facet normal 0.999047 -0.0436405 0
    outer loop
      vertex 13.9467 -1.22018 2.4
      vertex 14 0 0.609999
      vertex 14 0 2.4
    endloop
  endfacet
  facet normal 0.999047 -0.0436405 0
    outer loop
      vertex 14 0 0.609999
      vertex 13.9467 -1.22018 2.4
      vertex 13.9467 -1.22018 0.609999
    endloop
  endfacet
  facet normal -0.923877 -0.38269 0
    outer loop
      vertex -12.6883 -5.91666 0.609999
      vertex -13.1557 -4.78828 2.4
      vertex -13.1557 -4.78828 0.609999
    endloop
  endfacet
  facet normal -0.923877 -0.38269 0
    outer loop
      vertex -13.1557 -4.78828 2.4
      vertex -12.6883 -5.91666 0.609999
      vertex -12.6883 -5.91666 2.4
    endloop
  endfacet
  facet normal 0.0436405 0.999047 -0
    outer loop
      vertex 1.22018 13.9467 0.609999
      vertex 0 14 2.4
      vertex 1.22018 13.9467 2.4
    endloop
  endfacet
  facet normal 0.0436405 0.999047 0
    outer loop
      vertex 0 14 2.4
      vertex 1.22018 13.9467 0.609999
      vertex 0 14 0.609999
    endloop
  endfacet
  facet normal -0.999047 -0.0436405 0
    outer loop
      vertex -13.9467 -1.22018 0.609999
      vertex -14 0 2.4
      vertex -14 0 0.609999
    endloop
  endfacet
  facet normal -0.999047 -0.0436405 0
    outer loop
      vertex -14 0 2.4
      vertex -13.9467 -1.22018 0.609999
      vertex -13.9467 -1.22018 2.4
    endloop
  endfacet
  facet normal 0.976304 -0.216402 0
    outer loop
      vertex 13.523 -3.62347 2.4
      vertex 13.7873 -2.43107 0.609999
      vertex 13.7873 -2.43107 2.4
    endloop
  endfacet
  facet normal 0.976304 -0.216402 0
    outer loop
      vertex 13.7873 -2.43107 0.609999
      vertex 13.523 -3.62347 2.4
      vertex 13.523 -3.62347 0.609999
    endloop
  endfacet
  facet normal -0.537342 0.843364 0
    outer loop
      vertex -7 12.1244 0.609999
      vertex -8.03007 11.4681 2.4
      vertex -7 12.1244 2.4
    endloop
  endfacet
  facet normal -0.537342 0.843364 0
    outer loop
      vertex -8.03007 11.4681 2.4
      vertex -7 12.1244 0.609999
      vertex -8.03007 11.4681 0.609999
    endloop
  endfacet
  facet normal -0.976304 -0.216402 0
    outer loop
      vertex -13.523 -3.62347 0.609999
      vertex -13.7873 -2.43107 2.4
      vertex -13.7873 -2.43107 0.609999
    endloop
  endfacet
  facet normal -0.976304 -0.216402 0
    outer loop
      vertex -13.7873 -2.43107 2.4
      vertex -13.523 -3.62347 0.609999
      vertex -13.523 -3.62347 2.4
    endloop
  endfacet
  facet normal 0.923877 -0.38269 0
    outer loop
      vertex 12.6883 -5.91666 2.4
      vertex 13.1557 -4.78828 0.609999
      vertex 13.1557 -4.78828 2.4
    endloop
  endfacet
  facet normal 0.923877 -0.38269 0
    outer loop
      vertex 13.1557 -4.78828 0.609999
      vertex 12.6883 -5.91666 2.4
      vertex 12.6883 -5.91666 0.609999
    endloop
  endfacet
  facet normal -0.216402 -0.976304 0
    outer loop
      vertex -3.62347 -13.523 0.609999
      vertex -2.43107 -13.7873 2.4
      vertex -3.62347 -13.523 2.4
    endloop
  endfacet
  facet normal -0.216402 -0.976304 -0
    outer loop
      vertex -2.43107 -13.7873 2.4
      vertex -3.62347 -13.523 0.609999
      vertex -2.43107 -13.7873 0.609999
    endloop
  endfacet
  facet normal 0.461716 0.887028 -0
    outer loop
      vertex 7 12.1244 0.609999
      vertex 5.91666 12.6883 2.4
      vertex 7 12.1244 2.4
    endloop
  endfacet
  facet normal 0.461716 0.887028 0
    outer loop
      vertex 5.91666 12.6883 2.4
      vertex 7 12.1244 0.609999
      vertex 5.91666 12.6883 0.609999
    endloop
  endfacet
  facet normal 0.608757 0.793357 -0
    outer loop
      vertex 8.99903 10.7246 0.609999
      vertex 8.03007 11.4681 2.4
      vertex 8.99903 10.7246 2.4
    endloop
  endfacet
  facet normal 0.608757 0.793357 0
    outer loop
      vertex 8.03007 11.4681 2.4
      vertex 8.99903 10.7246 0.609999
      vertex 8.03007 11.4681 0.609999
    endloop
  endfacet
  facet normal 0.300733 0.953708 -0
    outer loop
      vertex 4.78828 13.1557 0.609999
      vertex 3.62347 13.523 2.4
      vertex 4.78828 13.1557 2.4
    endloop
  endfacet
  facet normal 0.300733 0.953708 0
    outer loop
      vertex 3.62347 13.523 2.4
      vertex 4.78828 13.1557 0.609999
      vertex 3.62347 13.523 0.609999
    endloop
  endfacet
  facet normal 0.887028 0.461716 0
    outer loop
      vertex 12.6883 5.91666 2.4
      vertex 12.1244 7 0.609999
      vertex 12.1244 7 2.4
    endloop
  endfacet
  facet normal 0.887028 0.461716 0
    outer loop
      vertex 12.1244 7 0.609999
      vertex 12.6883 5.91666 2.4
      vertex 12.6883 5.91666 0.609999
    endloop
  endfacet
  facet normal 0.923877 0.38269 0
    outer loop
      vertex 13.1557 4.78828 2.4
      vertex 12.6883 5.91666 0.609999
      vertex 12.6883 5.91666 2.4
    endloop
  endfacet
  facet normal 0.923877 0.38269 0
    outer loop
      vertex 12.6883 5.91666 0.609999
      vertex 13.1557 4.78828 2.4
      vertex 13.1557 4.78828 0.609999
    endloop
  endfacet
  facet normal -0.991447 -0.130513 0
    outer loop
      vertex -13.7873 -2.43107 0.609999
      vertex -13.9467 -1.22018 2.4
      vertex -13.9467 -1.22018 0.609999
    endloop
  endfacet
  facet normal -0.991447 -0.130513 0
    outer loop
      vertex -13.9467 -1.22018 2.4
      vertex -13.7873 -2.43107 0.609999
      vertex -13.7873 -2.43107 2.4
    endloop
  endfacet
  facet normal -0.843364 0.537342 0
    outer loop
      vertex -12.1244 7 0.609999
      vertex -11.4681 8.03007 2.4
      vertex -11.4681 8.03007 0.609999
    endloop
  endfacet
  facet normal -0.843364 0.537342 0
    outer loop
      vertex -11.4681 8.03007 2.4
      vertex -12.1244 7 0.609999
      vertex -12.1244 7 2.4
    endloop
  endfacet
  facet normal -0.461716 -0.887028 0
    outer loop
      vertex -7 -12.1244 0.609999
      vertex -5.91666 -12.6883 2.4
      vertex -7 -12.1244 2.4
    endloop
  endfacet
  facet normal -0.461716 -0.887028 -0
    outer loop
      vertex -5.91666 -12.6883 2.4
      vertex -7 -12.1244 0.609999
      vertex -5.91666 -12.6883 0.609999
    endloop
  endfacet
  facet normal 0.976304 0.216402 0
    outer loop
      vertex 13.7873 2.43107 2.4
      vertex 13.523 3.62347 0.609999
      vertex 13.523 3.62347 2.4
    endloop
  endfacet
  facet normal 0.976304 0.216402 0
    outer loop
      vertex 13.523 3.62347 0.609999
      vertex 13.7873 2.43107 2.4
      vertex 13.7873 2.43107 0.609999
    endloop
  endfacet
  facet normal 0.38269 -0.923877 0
    outer loop
      vertex 4.78828 -13.1557 0.609999
      vertex 5.91666 -12.6883 2.4
      vertex 4.78828 -13.1557 2.4
    endloop
  endfacet
  facet normal 0.38269 -0.923877 0
    outer loop
      vertex 5.91666 -12.6883 2.4
      vertex 4.78828 -13.1557 0.609999
      vertex 5.91666 -12.6883 0.609999
    endloop
  endfacet
  facet normal 0.843364 0.537342 0
    outer loop
      vertex 12.1244 7 2.4
      vertex 11.4681 8.03007 0.609999
      vertex 11.4681 8.03007 2.4
    endloop
  endfacet
  facet normal 0.843364 0.537342 0
    outer loop
      vertex 11.4681 8.03007 0.609999
      vertex 12.1244 7 2.4
      vertex 12.1244 7 0.609999
    endloop
  endfacet
  facet normal -0.608757 -0.793357 0
    outer loop
      vertex -8.99903 -10.7246 0.609999
      vertex -8.03007 -11.4681 2.4
      vertex -8.99903 -10.7246 2.4
    endloop
  endfacet
  facet normal -0.608757 -0.793357 -0
    outer loop
      vertex -8.03007 -11.4681 2.4
      vertex -8.99903 -10.7246 0.609999
      vertex -8.03007 -11.4681 0.609999
    endloop
  endfacet
  facet normal 0.130513 0.991447 -0
    outer loop
      vertex 2.43107 13.7873 0.609999
      vertex 1.22018 13.9467 2.4
      vertex 2.43107 13.7873 2.4
    endloop
  endfacet
  facet normal 0.130513 0.991447 0
    outer loop
      vertex 1.22018 13.9467 2.4
      vertex 2.43107 13.7873 0.609999
      vertex 1.22018 13.9467 0.609999
    endloop
  endfacet
  facet normal -0.300733 0.953708 0
    outer loop
      vertex -3.62347 13.523 0.609999
      vertex -4.78828 13.1557 2.4
      vertex -3.62347 13.523 2.4
    endloop
  endfacet
  facet normal -0.300733 0.953708 0
    outer loop
      vertex -4.78828 13.1557 2.4
      vertex -3.62347 13.523 0.609999
      vertex -4.78828 13.1557 0.609999
    endloop
  endfacet
  facet normal 0.953708 0.300733 0
    outer loop
      vertex 13.523 3.62347 2.4
      vertex 13.1557 4.78828 0.609999
      vertex 13.1557 4.78828 2.4
    endloop
  endfacet
  facet normal 0.953708 0.300733 0
    outer loop
      vertex 13.1557 4.78828 0.609999
      vertex 13.523 3.62347 2.4
      vertex 13.523 3.62347 0.609999
    endloop
  endfacet
  facet normal -0.608757 0.793357 0
    outer loop
      vertex -8.03007 11.4681 0.609999
      vertex -8.99903 10.7246 2.4
      vertex -8.03007 11.4681 2.4
    endloop
  endfacet
  facet normal -0.608757 0.793357 0
    outer loop
      vertex -8.99903 10.7246 2.4
      vertex -8.03007 11.4681 0.609999
      vertex -8.99903 10.7246 0.609999
    endloop
  endfacet
  facet normal -0.887028 -0.461716 0
    outer loop
      vertex -12.1244 -7 0.609999
      vertex -12.6883 -5.91666 2.4
      vertex -12.6883 -5.91666 0.609999
    endloop
  endfacet
  facet normal -0.887028 -0.461716 0
    outer loop
      vertex -12.6883 -5.91666 2.4
      vertex -12.1244 -7 0.609999
      vertex -12.1244 -7 2.4
    endloop
  endfacet
  facet normal -0.461716 0.887028 0
    outer loop
      vertex -5.91666 12.6883 0.609999
      vertex -7 12.1244 2.4
      vertex -5.91666 12.6883 2.4
    endloop
  endfacet
  facet normal -0.461716 0.887028 0
    outer loop
      vertex -7 12.1244 2.4
      vertex -5.91666 12.6883 0.609999
      vertex -7 12.1244 0.609999
    endloop
  endfacet
  facet normal 0.843364 -0.537342 0
    outer loop
      vertex 11.4681 -8.03007 2.4
      vertex 12.1244 -7 0.609999
      vertex 12.1244 -7 2.4
    endloop
  endfacet
  facet normal 0.843364 -0.537342 0
    outer loop
      vertex 12.1244 -7 0.609999
      vertex 11.4681 -8.03007 2.4
      vertex 11.4681 -8.03007 0.609999
    endloop
  endfacet
  facet normal -0.843364 -0.537342 0
    outer loop
      vertex -11.4681 -8.03007 0.609999
      vertex -12.1244 -7 2.4
      vertex -12.1244 -7 0.609999
    endloop
  endfacet
  facet normal -0.843364 -0.537342 0
    outer loop
      vertex -12.1244 -7 2.4
      vertex -11.4681 -8.03007 0.609999
      vertex -11.4681 -8.03007 2.4
    endloop
  endfacet
  facet normal -0.0436405 -0.999047 0
    outer loop
      vertex -1.22018 -13.9467 0.609999
      vertex 0 -14 2.4
      vertex -1.22018 -13.9467 2.4
    endloop
  endfacet
  facet normal -0.0436405 -0.999047 -0
    outer loop
      vertex 0 -14 2.4
      vertex -1.22018 -13.9467 0.609999
      vertex 0 -14 0.609999
    endloop
  endfacet
  facet normal -0.953708 0.300733 0
    outer loop
      vertex -13.523 3.62347 0.609999
      vertex -13.1557 4.78828 2.4
      vertex -13.1557 4.78828 0.609999
    endloop
  endfacet
  facet normal -0.953708 0.300733 0
    outer loop
      vertex -13.1557 4.78828 2.4
      vertex -13.523 3.62347 0.609999
      vertex -13.523 3.62347 2.4
    endloop
  endfacet
  facet normal -0.887028 0.461716 0
    outer loop
      vertex -12.6883 5.91666 0.609999
      vertex -12.1244 7 2.4
      vertex -12.1244 7 0.609999
    endloop
  endfacet
  facet normal -0.887028 0.461716 0
    outer loop
      vertex -12.1244 7 2.4
      vertex -12.6883 5.91666 0.609999
      vertex -12.6883 5.91666 2.4
    endloop
  endfacet
  facet normal -0.300733 -0.953708 0
    outer loop
      vertex -4.78828 -13.1557 0.609999
      vertex -3.62347 -13.523 2.4
      vertex -4.78828 -13.1557 2.4
    endloop
  endfacet
  facet normal -0.300733 -0.953708 -0
    outer loop
      vertex -3.62347 -13.523 2.4
      vertex -4.78828 -13.1557 0.609999
      vertex -3.62347 -13.523 0.609999
    endloop
  endfacet
  facet normal 0.300733 -0.953708 0
    outer loop
      vertex 3.62347 -13.523 0.609999
      vertex 4.78828 -13.1557 2.4
      vertex 3.62347 -13.523 2.4
    endloop
  endfacet
  facet normal 0.300733 -0.953708 0
    outer loop
      vertex 4.78828 -13.1557 2.4
      vertex 3.62347 -13.523 0.609999
      vertex 4.78828 -13.1557 0.609999
    endloop
  endfacet
  facet normal 0.793357 -0.608757 0
    outer loop
      vertex 10.7246 -8.99903 2.4
      vertex 11.4681 -8.03007 0.609999
      vertex 11.4681 -8.03007 2.4
    endloop
  endfacet
  facet normal 0.793357 -0.608757 0
    outer loop
      vertex 11.4681 -8.03007 0.609999
      vertex 10.7246 -8.99903 2.4
      vertex 10.7246 -8.99903 0.609999
    endloop
  endfacet
  facet normal 0.130513 -0.991447 0
    outer loop
      vertex 1.22018 -13.9467 0.609999
      vertex 2.43107 -13.7873 2.4
      vertex 1.22018 -13.9467 2.4
    endloop
  endfacet
  facet normal 0.130513 -0.991447 0
    outer loop
      vertex 2.43107 -13.7873 2.4
      vertex 1.22018 -13.9467 0.609999
      vertex 2.43107 -13.7873 0.609999
    endloop
  endfacet
  facet normal 0.216402 0.976304 -0
    outer loop
      vertex 3.62347 13.523 0.609999
      vertex 2.43107 13.7873 2.4
      vertex 3.62347 13.523 2.4
    endloop
  endfacet
  facet normal 0.216402 0.976304 0
    outer loop
      vertex 2.43107 13.7873 2.4
      vertex 3.62347 13.523 0.609999
      vertex 2.43107 13.7873 0.609999
    endloop
  endfacet
  facet normal -0.793357 -0.608757 0
    outer loop
      vertex -10.7246 -8.99903 0.609999
      vertex -11.4681 -8.03007 2.4
      vertex -11.4681 -8.03007 0.609999
    endloop
  endfacet
  facet normal -0.793357 -0.608757 0
    outer loop
      vertex -11.4681 -8.03007 2.4
      vertex -10.7246 -8.99903 0.609999
      vertex -10.7246 -8.99903 2.4
    endloop
  endfacet
  facet normal 0.991447 0.130513 0
    outer loop
      vertex 13.9467 1.22018 2.4
      vertex 13.7873 2.43107 0.609999
      vertex 13.7873 2.43107 2.4
    endloop
  endfacet
  facet normal 0.991447 0.130513 0
    outer loop
      vertex 13.7873 2.43107 0.609999
      vertex 13.9467 1.22018 2.4
      vertex 13.9467 1.22018 0.609999
    endloop
  endfacet
  facet normal -0.38269 -0.923877 0
    outer loop
      vertex -5.91666 -12.6883 0.609999
      vertex -4.78828 -13.1557 2.4
      vertex -5.91666 -12.6883 2.4
    endloop
  endfacet
  facet normal -0.38269 -0.923877 -0
    outer loop
      vertex -4.78828 -13.1557 2.4
      vertex -5.91666 -12.6883 0.609999
      vertex -4.78828 -13.1557 0.609999
    endloop
  endfacet
  facet normal 0.737281 -0.675586 0
    outer loop
      vertex 9.89949 -9.89949 2.4
      vertex 10.7246 -8.99903 0.609999
      vertex 10.7246 -8.99903 2.4
    endloop
  endfacet
  facet normal 0.737281 -0.675586 0
    outer loop
      vertex 10.7246 -8.99903 0.609999
      vertex 9.89949 -9.89949 2.4
      vertex 9.89949 -9.89949 0.609999
    endloop
  endfacet
  facet normal -0.130513 0.991447 0
    outer loop
      vertex -1.22018 13.9467 0.609999
      vertex -2.43107 13.7873 2.4
      vertex -1.22018 13.9467 2.4
    endloop
  endfacet
  facet normal -0.130513 0.991447 0
    outer loop
      vertex -2.43107 13.7873 2.4
      vertex -1.22018 13.9467 0.609999
      vertex -2.43107 13.7873 0.609999
    endloop
  endfacet
  facet normal -0.793357 0.608757 0
    outer loop
      vertex -11.4681 8.03007 0.609999
      vertex -10.7246 8.99903 2.4
      vertex -10.7246 8.99903 0.609999
    endloop
  endfacet
  facet normal -0.793357 0.608757 0
    outer loop
      vertex -10.7246 8.99903 2.4
      vertex -11.4681 8.03007 0.609999
      vertex -11.4681 8.03007 2.4
    endloop
  endfacet
  facet normal -0.675586 0.737281 0
    outer loop
      vertex -8.99903 10.7246 0.609999
      vertex -9.89949 9.89949 2.4
      vertex -8.99903 10.7246 2.4
    endloop
  endfacet
  facet normal -0.675586 0.737281 0
    outer loop
      vertex -9.89949 9.89949 2.4
      vertex -8.99903 10.7246 0.609999
      vertex -9.89949 9.89949 0.609999
    endloop
  endfacet
  facet normal -0.953708 -0.300733 0
    outer loop
      vertex -13.1557 -4.78828 0.609999
      vertex -13.523 -3.62347 2.4
      vertex -13.523 -3.62347 0.609999
    endloop
  endfacet
  facet normal -0.953708 -0.300733 0
    outer loop
      vertex -13.523 -3.62347 2.4
      vertex -13.1557 -4.78828 0.609999
      vertex -13.1557 -4.78828 2.4
    endloop
  endfacet
  facet normal 0.675586 -0.737281 0
    outer loop
      vertex 8.99903 -10.7246 0.609999
      vertex 9.89949 -9.89949 2.4
      vertex 8.99903 -10.7246 2.4
    endloop
  endfacet
  facet normal 0.675586 -0.737281 0
    outer loop
      vertex 9.89949 -9.89949 2.4
      vertex 8.99903 -10.7246 0.609999
      vertex 9.89949 -9.89949 0.609999
    endloop
  endfacet
  facet normal 0.991447 -0.130513 0
    outer loop
      vertex 13.7873 -2.43107 2.4
      vertex 13.9467 -1.22018 0.609999
      vertex 13.9467 -1.22018 2.4
    endloop
  endfacet
  facet normal 0.991447 -0.130513 0
    outer loop
      vertex 13.9467 -1.22018 0.609999
      vertex 13.7873 -2.43107 2.4
      vertex 13.7873 -2.43107 0.609999
    endloop
  endfacet
  facet normal 0.737281 0.675586 0
    outer loop
      vertex 10.7246 8.99903 2.4
      vertex 9.89949 9.89949 0.609999
      vertex 9.89949 9.89949 2.4
    endloop
  endfacet
  facet normal 0.737281 0.675586 0
    outer loop
      vertex 9.89949 9.89949 0.609999
      vertex 10.7246 8.99903 2.4
      vertex 10.7246 8.99903 0.609999
    endloop
  endfacet
  facet normal 0.0436405 -0.999047 0
    outer loop
      vertex 0 -14 0.609999
      vertex 1.22018 -13.9467 2.4
      vertex 0 -14 2.4
    endloop
  endfacet
  facet normal 0.0436405 -0.999047 0
    outer loop
      vertex 1.22018 -13.9467 2.4
      vertex 0 -14 0.609999
      vertex 1.22018 -13.9467 0.609999
    endloop
  endfacet
  facet normal 0.887028 -0.461716 0
    outer loop
      vertex 12.1244 -7 2.4
      vertex 12.6883 -5.91666 0.609999
      vertex 12.6883 -5.91666 2.4
    endloop
  endfacet
  facet normal 0.887028 -0.461716 0
    outer loop
      vertex 12.6883 -5.91666 0.609999
      vertex 12.1244 -7 2.4
      vertex 12.1244 -7 0.609999
    endloop
  endfacet
  facet normal -0.737281 -0.675586 0
    outer loop
      vertex -9.89949 -9.89949 0.609999
      vertex -10.7246 -8.99903 2.4
      vertex -10.7246 -8.99903 0.609999
    endloop
  endfacet
  facet normal -0.737281 -0.675586 0
    outer loop
      vertex -10.7246 -8.99903 2.4
      vertex -9.89949 -9.89949 0.609999
      vertex -9.89949 -9.89949 2.4
    endloop
  endfacet
  facet normal 0.608757 -0.793357 0
    outer loop
      vertex 8.03007 -11.4681 0.609999
      vertex 8.99903 -10.7246 2.4
      vertex 8.03007 -11.4681 2.4
    endloop
  endfacet
  facet normal 0.608757 -0.793357 0
    outer loop
      vertex 8.99903 -10.7246 2.4
      vertex 8.03007 -11.4681 0.609999
      vertex 8.99903 -10.7246 0.609999
    endloop
  endfacet
  facet normal 0.461716 -0.887028 0
    outer loop
      vertex 5.91666 -12.6883 0.609999
      vertex 7 -12.1244 2.4
      vertex 5.91666 -12.6883 2.4
    endloop
  endfacet
  facet normal 0.461716 -0.887028 0
    outer loop
      vertex 7 -12.1244 2.4
      vertex 5.91666 -12.6883 0.609999
      vertex 7 -12.1244 0.609999
    endloop
  endfacet
  facet normal 0.537342 -0.843364 0
    outer loop
      vertex 7 -12.1244 0.609999
      vertex 8.03007 -11.4681 2.4
      vertex 7 -12.1244 2.4
    endloop
  endfacet
  facet normal 0.537342 -0.843364 0
    outer loop
      vertex 8.03007 -11.4681 2.4
      vertex 7 -12.1244 0.609999
      vertex 8.03007 -11.4681 0.609999
    endloop
  endfacet
  facet normal -0.675586 -0.737281 0
    outer loop
      vertex -9.89949 -9.89949 0.609999
      vertex -8.99903 -10.7246 2.4
      vertex -9.89949 -9.89949 2.4
    endloop
  endfacet
  facet normal -0.675586 -0.737281 -0
    outer loop
      vertex -8.99903 -10.7246 2.4
      vertex -9.89949 -9.89949 0.609999
      vertex -8.99903 -10.7246 0.609999
    endloop
  endfacet
  facet normal -0.216402 0.976304 0
    outer loop
      vertex -2.43107 13.7873 0.609999
      vertex -3.62347 13.523 2.4
      vertex -2.43107 13.7873 2.4
    endloop
  endfacet
  facet normal -0.216402 0.976304 0
    outer loop
      vertex -3.62347 13.523 2.4
      vertex -2.43107 13.7873 0.609999
      vertex -3.62347 13.523 0.609999
    endloop
  endfacet
  facet normal 0.130482 0.991451 -0
    outer loop
      vertex 2.44844 13.8858 5.72205e-07
      vertex 1.2289 14.0463 0.609999
      vertex 2.44844 13.8858 0.609999
    endloop
  endfacet
  facet normal 0.130482 0.991451 0
    outer loop
      vertex 1.2289 14.0463 0.609999
      vertex 2.44844 13.8858 5.72205e-07
      vertex 1.2289 14.0463 5.72205e-07
    endloop
  endfacet
  facet normal -0.991451 0.130482 0
    outer loop
      vertex -14.0463 1.2289 5.72205e-07
      vertex -13.8858 2.44844 0.609999
      vertex -13.8858 2.44844 5.72205e-07
    endloop
  endfacet
  facet normal -0.991451 0.130482 0
    outer loop
      vertex -13.8858 2.44844 0.609999
      vertex -14.0463 1.2289 5.72205e-07
      vertex -14.0463 1.2289 0.609999
    endloop
  endfacet
  facet normal -0.999047 0.043656 0
    outer loop
      vertex -14.1 0 5.72205e-07
      vertex -14.0463 1.2289 0.609999
      vertex -14.0463 1.2289 5.72205e-07
    endloop
  endfacet
  facet normal -0.999047 0.043656 0
    outer loop
      vertex -14.0463 1.2289 0.609999
      vertex -14.1 0 5.72205e-07
      vertex -14.1 0 0.609999
    endloop
  endfacet
  facet normal -0.976302 0.216412 0
    outer loop
      vertex -13.8858 2.44844 5.72205e-07
      vertex -13.6196 3.64935 0.609999
      vertex -13.6196 3.64935 5.72205e-07
    endloop
  endfacet
  facet normal -0.976302 0.216412 0
    outer loop
      vertex -13.6196 3.64935 0.609999
      vertex -13.8858 2.44844 5.72205e-07
      vertex -13.8858 2.44844 0.609999
    endloop
  endfacet
  facet normal -0.999047 -0.043656 0
    outer loop
      vertex -14.0463 -1.2289 5.72205e-07
      vertex -14.1 0 0.609999
      vertex -14.1 0 5.72205e-07
    endloop
  endfacet
  facet normal -0.999047 -0.043656 0
    outer loop
      vertex -14.1 0 0.609999
      vertex -14.0463 -1.2289 5.72205e-07
      vertex -14.0463 -1.2289 0.609999
    endloop
  endfacet
  facet normal 0.300716 0.953714 -0
    outer loop
      vertex 4.82248 13.2497 5.72205e-07
      vertex 3.64935 13.6196 0.609999
      vertex 4.82248 13.2497 0.609999
    endloop
  endfacet
  facet normal 0.300716 0.953714 0
    outer loop
      vertex 3.64935 13.6196 0.609999
      vertex 4.82248 13.2497 5.72205e-07
      vertex 3.64935 13.6196 5.72205e-07
    endloop
  endfacet
  facet normal -0.608756 0.793358 0
    outer loop
      vertex -8.08743 11.55 5.72205e-07
      vertex -9.0633 10.8012 0.609999
      vertex -8.08743 11.55 0.609999
    endloop
  endfacet
  facet normal -0.608756 0.793358 0
    outer loop
      vertex -9.0633 10.8012 0.609999
      vertex -8.08743 11.55 5.72205e-07
      vertex -9.0633 10.8012 5.72205e-07
    endloop
  endfacet
  facet normal -0.043656 -0.999047 0
    outer loop
      vertex -1.2289 -14.0463 5.72205e-07
      vertex 0 -14.1 0.609999
      vertex -1.2289 -14.0463 0.609999
    endloop
  endfacet
  facet normal -0.043656 -0.999047 -0
    outer loop
      vertex 0 -14.1 0.609999
      vertex -1.2289 -14.0463 5.72205e-07
      vertex 0 -14.1 5.72205e-07
    endloop
  endfacet
  facet normal -0.300716 0.953714 0
    outer loop
      vertex -3.64935 13.6196 5.72205e-07
      vertex -4.82248 13.2497 0.609999
      vertex -3.64935 13.6196 0.609999
    endloop
  endfacet
  facet normal -0.300716 0.953714 0
    outer loop
      vertex -4.82248 13.2497 0.609999
      vertex -3.64935 13.6196 5.72205e-07
      vertex -4.82248 13.2497 5.72205e-07
    endloop
  endfacet
  facet normal -0.84336 0.537348 0
    outer loop
      vertex -12.211 7.05 5.72205e-07
      vertex -11.55 8.08743 0.609999
      vertex -11.55 8.08743 5.72205e-07
    endloop
  endfacet
  facet normal -0.84336 0.537348 0
    outer loop
      vertex -11.55 8.08743 0.609999
      vertex -12.211 7.05 5.72205e-07
      vertex -12.211 7.05 0.609999
    endloop
  endfacet
  facet normal -0.461697 0.887038 0
    outer loop
      vertex -5.95892 12.7789 5.72205e-07
      vertex -7.05 12.211 0.609999
      vertex -5.95892 12.7789 0.609999
    endloop
  endfacet
  facet normal -0.461697 0.887038 0
    outer loop
      vertex -7.05 12.211 0.609999
      vertex -5.95892 12.7789 5.72205e-07
      vertex -7.05 12.211 5.72205e-07
    endloop
  endfacet
  facet normal 0.976302 0.216412 0
    outer loop
      vertex 13.8858 2.44844 0.609999
      vertex 13.6196 3.64935 5.72205e-07
      vertex 13.6196 3.64935 0.609999
    endloop
  endfacet
  facet normal 0.976302 0.216412 0
    outer loop
      vertex 13.6196 3.64935 5.72205e-07
      vertex 13.8858 2.44844 0.609999
      vertex 13.8858 2.44844 5.72205e-07
    endloop
  endfacet
  facet normal 0.216412 0.976302 -0
    outer loop
      vertex 3.64935 13.6196 5.72205e-07
      vertex 2.44844 13.8858 0.609999
      vertex 3.64935 13.6196 0.609999
    endloop
  endfacet
  facet normal 0.216412 0.976302 0
    outer loop
      vertex 2.44844 13.8858 0.609999
      vertex 3.64935 13.6196 5.72205e-07
      vertex 2.44844 13.8858 5.72205e-07
    endloop
  endfacet
  facet normal -0.608756 -0.793358 0
    outer loop
      vertex -9.0633 -10.8012 5.72205e-07
      vertex -8.08743 -11.55 0.609999
      vertex -9.0633 -10.8012 0.609999
    endloop
  endfacet
  facet normal -0.608756 -0.793358 -0
    outer loop
      vertex -8.08743 -11.55 0.609999
      vertex -9.0633 -10.8012 5.72205e-07
      vertex -8.08743 -11.55 5.72205e-07
    endloop
  endfacet
  facet normal -0.793358 -0.608756 0
    outer loop
      vertex -10.8012 -9.0633 5.72205e-07
      vertex -11.55 -8.08743 0.609999
      vertex -11.55 -8.08743 5.72205e-07
    endloop
  endfacet
  facet normal -0.793358 -0.608756 0
    outer loop
      vertex -11.55 -8.08743 0.609999
      vertex -10.8012 -9.0633 5.72205e-07
      vertex -10.8012 -9.0633 0.609999
    endloop
  endfacet
  facet normal 0.382733 0.923859 -0
    outer loop
      vertex 5.95892 12.7789 5.72205e-07
      vertex 4.82248 13.2497 0.609999
      vertex 5.95892 12.7789 0.609999
    endloop
  endfacet
  facet normal 0.382733 0.923859 0
    outer loop
      vertex 4.82248 13.2497 0.609999
      vertex 5.95892 12.7789 5.72205e-07
      vertex 4.82248 13.2497 5.72205e-07
    endloop
  endfacet
  facet normal -0.737293 -0.675573 0
    outer loop
      vertex -9.97021 -9.97021 5.72205e-07
      vertex -10.8012 -9.0633 0.609999
      vertex -10.8012 -9.0633 5.72205e-07
    endloop
  endfacet
  facet normal -0.737293 -0.675573 0
    outer loop
      vertex -10.8012 -9.0633 0.609999
      vertex -9.97021 -9.97021 5.72205e-07
      vertex -9.97021 -9.97021 0.609999
    endloop
  endfacet
  facet normal -0.923859 -0.382733 0
    outer loop
      vertex -12.7789 -5.95892 5.72205e-07
      vertex -13.2497 -4.82248 0.609999
      vertex -13.2497 -4.82248 5.72205e-07
    endloop
  endfacet
  facet normal -0.923859 -0.382733 0
    outer loop
      vertex -13.2497 -4.82248 0.609999
      vertex -12.7789 -5.95892 5.72205e-07
      vertex -12.7789 -5.95892 0.609999
    endloop
  endfacet
  facet normal -0.461697 -0.887038 0
    outer loop
      vertex -7.05 -12.211 5.72205e-07
      vertex -5.95892 -12.7789 0.609999
      vertex -7.05 -12.211 0.609999
    endloop
  endfacet
  facet normal -0.461697 -0.887038 -0
    outer loop
      vertex -5.95892 -12.7789 0.609999
      vertex -7.05 -12.211 5.72205e-07
      vertex -5.95892 -12.7789 5.72205e-07
    endloop
  endfacet
  facet normal 0.991451 -0.130482 0
    outer loop
      vertex 13.8858 -2.44844 0.609999
      vertex 14.0463 -1.2289 5.72205e-07
      vertex 14.0463 -1.2289 0.609999
    endloop
  endfacet
  facet normal 0.991451 -0.130482 0
    outer loop
      vertex 14.0463 -1.2289 5.72205e-07
      vertex 13.8858 -2.44844 0.609999
      vertex 13.8858 -2.44844 5.72205e-07
    endloop
  endfacet
  facet normal -0.675573 -0.737293 0
    outer loop
      vertex -9.97021 -9.97021 5.72205e-07
      vertex -9.0633 -10.8012 0.609999
      vertex -9.97021 -9.97021 0.609999
    endloop
  endfacet
  facet normal -0.675573 -0.737293 -0
    outer loop
      vertex -9.0633 -10.8012 0.609999
      vertex -9.97021 -9.97021 5.72205e-07
      vertex -9.0633 -10.8012 5.72205e-07
    endloop
  endfacet
  facet normal -0.991451 -0.130482 0
    outer loop
      vertex -13.8858 -2.44844 5.72205e-07
      vertex -14.0463 -1.2289 0.609999
      vertex -14.0463 -1.2289 5.72205e-07
    endloop
  endfacet
  facet normal -0.991451 -0.130482 0
    outer loop
      vertex -14.0463 -1.2289 0.609999
      vertex -13.8858 -2.44844 5.72205e-07
      vertex -13.8858 -2.44844 0.609999
    endloop
  endfacet
  facet normal -0.976302 -0.216412 0
    outer loop
      vertex -13.6196 -3.64935 5.72205e-07
      vertex -13.8858 -2.44844 0.609999
      vertex -13.8858 -2.44844 5.72205e-07
    endloop
  endfacet
  facet normal -0.976302 -0.216412 0
    outer loop
      vertex -13.8858 -2.44844 0.609999
      vertex -13.6196 -3.64935 5.72205e-07
      vertex -13.6196 -3.64935 0.609999
    endloop
  endfacet
  facet normal 0.461697 0.887038 -0
    outer loop
      vertex 7.05 12.211 5.72205e-07
      vertex 5.95892 12.7789 0.609999
      vertex 7.05 12.211 0.609999
    endloop
  endfacet
  facet normal 0.461697 0.887038 0
    outer loop
      vertex 5.95892 12.7789 0.609999
      vertex 7.05 12.211 5.72205e-07
      vertex 5.95892 12.7789 5.72205e-07
    endloop
  endfacet
  facet normal 0.953714 0.300716 0
    outer loop
      vertex 13.6196 3.64935 0.609999
      vertex 13.2497 4.82248 5.72205e-07
      vertex 13.2497 4.82248 0.609999
    endloop
  endfacet
  facet normal 0.953714 0.300716 0
    outer loop
      vertex 13.2497 4.82248 5.72205e-07
      vertex 13.6196 3.64935 0.609999
      vertex 13.6196 3.64935 5.72205e-07
    endloop
  endfacet
  facet normal -0.737293 0.675573 0
    outer loop
      vertex -10.8012 9.0633 5.72205e-07
      vertex -9.97021 9.97021 0.609999
      vertex -9.97021 9.97021 5.72205e-07
    endloop
  endfacet
  facet normal -0.737293 0.675573 0
    outer loop
      vertex -9.97021 9.97021 0.609999
      vertex -10.8012 9.0633 5.72205e-07
      vertex -10.8012 9.0633 0.609999
    endloop
  endfacet
  facet normal -0.130482 -0.991451 0
    outer loop
      vertex -2.44844 -13.8858 5.72205e-07
      vertex -1.2289 -14.0463 0.609999
      vertex -2.44844 -13.8858 0.609999
    endloop
  endfacet
  facet normal -0.130482 -0.991451 -0
    outer loop
      vertex -1.2289 -14.0463 0.609999
      vertex -2.44844 -13.8858 5.72205e-07
      vertex -1.2289 -14.0463 5.72205e-07
    endloop
  endfacet
  facet normal 0.953714 -0.300716 0
    outer loop
      vertex 13.2497 -4.82248 0.609999
      vertex 13.6196 -3.64935 5.72205e-07
      vertex 13.6196 -3.64935 0.609999
    endloop
  endfacet
  facet normal 0.953714 -0.300716 0
    outer loop
      vertex 13.6196 -3.64935 5.72205e-07
      vertex 13.2497 -4.82248 0.609999
      vertex 13.2497 -4.82248 5.72205e-07
    endloop
  endfacet
  facet normal 0.923859 0.382733 0
    outer loop
      vertex 13.2497 4.82248 0.609999
      vertex 12.7789 5.95892 5.72205e-07
      vertex 12.7789 5.95892 0.609999
    endloop
  endfacet
  facet normal 0.923859 0.382733 0
    outer loop
      vertex 12.7789 5.95892 5.72205e-07
      vertex 13.2497 4.82248 0.609999
      vertex 13.2497 4.82248 5.72205e-07
    endloop
  endfacet
  facet normal 0.737293 -0.675573 0
    outer loop
      vertex 9.97021 -9.97021 0.609999
      vertex 10.8012 -9.0633 5.72205e-07
      vertex 10.8012 -9.0633 0.609999
    endloop
  endfacet
  facet normal 0.737293 -0.675573 0
    outer loop
      vertex 10.8012 -9.0633 5.72205e-07
      vertex 9.97021 -9.97021 0.609999
      vertex 9.97021 -9.97021 5.72205e-07
    endloop
  endfacet
  facet normal -0.382733 0.923859 0
    outer loop
      vertex -4.82248 13.2497 5.72205e-07
      vertex -5.95892 12.7789 0.609999
      vertex -4.82248 13.2497 0.609999
    endloop
  endfacet
  facet normal -0.382733 0.923859 0
    outer loop
      vertex -5.95892 12.7789 0.609999
      vertex -4.82248 13.2497 5.72205e-07
      vertex -5.95892 12.7789 5.72205e-07
    endloop
  endfacet
  facet normal 0.999047 -0.043656 0
    outer loop
      vertex 14.0463 -1.2289 0.609999
      vertex 14.1 0 5.72205e-07
      vertex 14.1 0 0.609999
    endloop
  endfacet
  facet normal 0.999047 -0.043656 0
    outer loop
      vertex 14.1 0 5.72205e-07
      vertex 14.0463 -1.2289 0.609999
      vertex 14.0463 -1.2289 5.72205e-07
    endloop
  endfacet
  facet normal 0.923859 -0.382733 0
    outer loop
      vertex 12.7789 -5.95892 0.609999
      vertex 13.2497 -4.82248 5.72205e-07
      vertex 13.2497 -4.82248 0.609999
    endloop
  endfacet
  facet normal 0.923859 -0.382733 0
    outer loop
      vertex 13.2497 -4.82248 5.72205e-07
      vertex 12.7789 -5.95892 0.609999
      vertex 12.7789 -5.95892 5.72205e-07
    endloop
  endfacet
  facet normal 0.976302 -0.216412 0
    outer loop
      vertex 13.6196 -3.64935 0.609999
      vertex 13.8858 -2.44844 5.72205e-07
      vertex 13.8858 -2.44844 0.609999
    endloop
  endfacet
  facet normal 0.976302 -0.216412 0
    outer loop
      vertex 13.8858 -2.44844 5.72205e-07
      vertex 13.6196 -3.64935 0.609999
      vertex 13.6196 -3.64935 5.72205e-07
    endloop
  endfacet
  facet normal 0.608756 -0.793358 0
    outer loop
      vertex 8.08743 -11.55 5.72205e-07
      vertex 9.0633 -10.8012 0.609999
      vertex 8.08743 -11.55 0.609999
    endloop
  endfacet
  facet normal 0.608756 -0.793358 0
    outer loop
      vertex 9.0633 -10.8012 0.609999
      vertex 8.08743 -11.55 5.72205e-07
      vertex 9.0633 -10.8012 5.72205e-07
    endloop
  endfacet
  facet normal 0.991451 0.130482 0
    outer loop
      vertex 14.0463 1.2289 0.609999
      vertex 13.8858 2.44844 5.72205e-07
      vertex 13.8858 2.44844 0.609999
    endloop
  endfacet
  facet normal 0.991451 0.130482 0
    outer loop
      vertex 13.8858 2.44844 5.72205e-07
      vertex 14.0463 1.2289 0.609999
      vertex 14.0463 1.2289 5.72205e-07
    endloop
  endfacet
  facet normal 0.999047 0.043656 0
    outer loop
      vertex 14.1 0 0.609999
      vertex 14.0463 1.2289 5.72205e-07
      vertex 14.0463 1.2289 0.609999
    endloop
  endfacet
  facet normal 0.999047 0.043656 0
    outer loop
      vertex 14.0463 1.2289 5.72205e-07
      vertex 14.1 0 0.609999
      vertex 14.1 0 5.72205e-07
    endloop
  endfacet
  facet normal 0.793358 -0.608756 0
    outer loop
      vertex 10.8012 -9.0633 0.609999
      vertex 11.55 -8.08743 5.72205e-07
      vertex 11.55 -8.08743 0.609999
    endloop
  endfacet
  facet normal 0.793358 -0.608756 0
    outer loop
      vertex 11.55 -8.08743 5.72205e-07
      vertex 10.8012 -9.0633 0.609999
      vertex 10.8012 -9.0633 5.72205e-07
    endloop
  endfacet
  facet normal 0.130482 -0.991451 0
    outer loop
      vertex 1.2289 -14.0463 5.72205e-07
      vertex 2.44844 -13.8858 0.609999
      vertex 1.2289 -14.0463 0.609999
    endloop
  endfacet
  facet normal 0.130482 -0.991451 0
    outer loop
      vertex 2.44844 -13.8858 0.609999
      vertex 1.2289 -14.0463 5.72205e-07
      vertex 2.44844 -13.8858 5.72205e-07
    endloop
  endfacet
  facet normal -0.216412 0.976302 0
    outer loop
      vertex -2.44844 13.8858 5.72205e-07
      vertex -3.64935 13.6196 0.609999
      vertex -2.44844 13.8858 0.609999
    endloop
  endfacet
  facet normal -0.216412 0.976302 0
    outer loop
      vertex -3.64935 13.6196 0.609999
      vertex -2.44844 13.8858 5.72205e-07
      vertex -3.64935 13.6196 5.72205e-07
    endloop
  endfacet
  facet normal 0.043656 0.999047 -0
    outer loop
      vertex 1.2289 14.0463 5.72205e-07
      vertex 0 14.1 0.609999
      vertex 1.2289 14.0463 0.609999
    endloop
  endfacet
  facet normal 0.043656 0.999047 0
    outer loop
      vertex 0 14.1 0.609999
      vertex 1.2289 14.0463 5.72205e-07
      vertex 0 14.1 5.72205e-07
    endloop
  endfacet
  facet normal -0.953714 -0.300716 0
    outer loop
      vertex -13.2497 -4.82248 5.72205e-07
      vertex -13.6196 -3.64935 0.609999
      vertex -13.6196 -3.64935 5.72205e-07
    endloop
  endfacet
  facet normal -0.953714 -0.300716 0
    outer loop
      vertex -13.6196 -3.64935 0.609999
      vertex -13.2497 -4.82248 5.72205e-07
      vertex -13.2497 -4.82248 0.609999
    endloop
  endfacet
  facet normal -0.382733 -0.923859 0
    outer loop
      vertex -5.95892 -12.7789 5.72205e-07
      vertex -4.82248 -13.2497 0.609999
      vertex -5.95892 -12.7789 0.609999
    endloop
  endfacet
  facet normal -0.382733 -0.923859 -0
    outer loop
      vertex -4.82248 -13.2497 0.609999
      vertex -5.95892 -12.7789 5.72205e-07
      vertex -4.82248 -13.2497 5.72205e-07
    endloop
  endfacet
  facet normal -0.953714 0.300716 0
    outer loop
      vertex -13.6196 3.64935 5.72205e-07
      vertex -13.2497 4.82248 0.609999
      vertex -13.2497 4.82248 5.72205e-07
    endloop
  endfacet
  facet normal -0.953714 0.300716 0
    outer loop
      vertex -13.2497 4.82248 0.609999
      vertex -13.6196 3.64935 5.72205e-07
      vertex -13.6196 3.64935 0.609999
    endloop
  endfacet
  facet normal 0.675573 0.737293 -0
    outer loop
      vertex 9.97021 9.97021 5.72205e-07
      vertex 9.0633 10.8012 0.609999
      vertex 9.97021 9.97021 0.609999
    endloop
  endfacet
  facet normal 0.675573 0.737293 0
    outer loop
      vertex 9.0633 10.8012 0.609999
      vertex 9.97021 9.97021 5.72205e-07
      vertex 9.0633 10.8012 5.72205e-07
    endloop
  endfacet
  facet normal -0.130482 0.991451 0
    outer loop
      vertex -1.2289 14.0463 5.72205e-07
      vertex -2.44844 13.8858 0.609999
      vertex -1.2289 14.0463 0.609999
    endloop
  endfacet
  facet normal -0.130482 0.991451 0
    outer loop
      vertex -2.44844 13.8858 0.609999
      vertex -1.2289 14.0463 5.72205e-07
      vertex -2.44844 13.8858 5.72205e-07
    endloop
  endfacet
  facet normal -0.923859 0.382733 0
    outer loop
      vertex -13.2497 4.82248 5.72205e-07
      vertex -12.7789 5.95892 0.609999
      vertex -12.7789 5.95892 5.72205e-07
    endloop
  endfacet
  facet normal -0.923859 0.382733 0
    outer loop
      vertex -12.7789 5.95892 0.609999
      vertex -13.2497 4.82248 5.72205e-07
      vertex -13.2497 4.82248 0.609999
    endloop
  endfacet
  facet normal -0.887038 0.461697 0
    outer loop
      vertex -12.7789 5.95892 5.72205e-07
      vertex -12.211 7.05 0.609999
      vertex -12.211 7.05 5.72205e-07
    endloop
  endfacet
  facet normal -0.887038 0.461697 0
    outer loop
      vertex -12.211 7.05 0.609999
      vertex -12.7789 5.95892 5.72205e-07
      vertex -12.7789 5.95892 0.609999
    endloop
  endfacet
  facet normal -0.043656 0.999047 0
    outer loop
      vertex 0 14.1 5.72205e-07
      vertex -1.2289 14.0463 0.609999
      vertex 0 14.1 0.609999
    endloop
  endfacet
  facet normal -0.043656 0.999047 0
    outer loop
      vertex -1.2289 14.0463 0.609999
      vertex 0 14.1 5.72205e-07
      vertex -1.2289 14.0463 5.72205e-07
    endloop
  endfacet
  facet normal -0.537348 -0.84336 0
    outer loop
      vertex -8.08743 -11.55 5.72205e-07
      vertex -7.05 -12.211 0.609999
      vertex -8.08743 -11.55 0.609999
    endloop
  endfacet
  facet normal -0.537348 -0.84336 -0
    outer loop
      vertex -7.05 -12.211 0.609999
      vertex -8.08743 -11.55 5.72205e-07
      vertex -7.05 -12.211 5.72205e-07
    endloop
  endfacet
  facet normal -0.537348 0.84336 0
    outer loop
      vertex -7.05 12.211 5.72205e-07
      vertex -8.08743 11.55 0.609999
      vertex -7.05 12.211 0.609999
    endloop
  endfacet
  facet normal -0.537348 0.84336 0
    outer loop
      vertex -8.08743 11.55 0.609999
      vertex -7.05 12.211 5.72205e-07
      vertex -8.08743 11.55 5.72205e-07
    endloop
  endfacet
  facet normal 0.84336 -0.537348 0
    outer loop
      vertex 11.55 -8.08743 0.609999
      vertex 12.211 -7.05 5.72205e-07
      vertex 12.211 -7.05 0.609999
    endloop
  endfacet
  facet normal 0.84336 -0.537348 0
    outer loop
      vertex 12.211 -7.05 5.72205e-07
      vertex 11.55 -8.08743 0.609999
      vertex 11.55 -8.08743 5.72205e-07
    endloop
  endfacet
  facet normal 0.737293 0.675573 0
    outer loop
      vertex 10.8012 9.0633 0.609999
      vertex 9.97021 9.97021 5.72205e-07
      vertex 9.97021 9.97021 0.609999
    endloop
  endfacet
  facet normal 0.737293 0.675573 0
    outer loop
      vertex 9.97021 9.97021 5.72205e-07
      vertex 10.8012 9.0633 0.609999
      vertex 10.8012 9.0633 5.72205e-07
    endloop
  endfacet
  facet normal 0.608756 0.793358 -0
    outer loop
      vertex 9.0633 10.8012 5.72205e-07
      vertex 8.08743 11.55 0.609999
      vertex 9.0633 10.8012 0.609999
    endloop
  endfacet
  facet normal 0.608756 0.793358 0
    outer loop
      vertex 8.08743 11.55 0.609999
      vertex 9.0633 10.8012 5.72205e-07
      vertex 8.08743 11.55 5.72205e-07
    endloop
  endfacet
  facet normal -0.675573 0.737293 0
    outer loop
      vertex -9.0633 10.8012 5.72205e-07
      vertex -9.97021 9.97021 0.609999
      vertex -9.0633 10.8012 0.609999
    endloop
  endfacet
  facet normal -0.675573 0.737293 0
    outer loop
      vertex -9.97021 9.97021 0.609999
      vertex -9.0633 10.8012 5.72205e-07
      vertex -9.97021 9.97021 5.72205e-07
    endloop
  endfacet
  facet normal 0.216412 -0.976302 0
    outer loop
      vertex 2.44844 -13.8858 5.72205e-07
      vertex 3.64935 -13.6196 0.609999
      vertex 2.44844 -13.8858 0.609999
    endloop
  endfacet
  facet normal 0.216412 -0.976302 0
    outer loop
      vertex 3.64935 -13.6196 0.609999
      vertex 2.44844 -13.8858 5.72205e-07
      vertex 3.64935 -13.6196 5.72205e-07
    endloop
  endfacet
  facet normal -0.84336 -0.537348 0
    outer loop
      vertex -11.55 -8.08743 5.72205e-07
      vertex -12.211 -7.05 0.609999
      vertex -12.211 -7.05 5.72205e-07
    endloop
  endfacet
  facet normal -0.84336 -0.537348 0
    outer loop
      vertex -12.211 -7.05 0.609999
      vertex -11.55 -8.08743 5.72205e-07
      vertex -11.55 -8.08743 0.609999
    endloop
  endfacet
  facet normal -0.300716 -0.953714 0
    outer loop
      vertex -4.82248 -13.2497 5.72205e-07
      vertex -3.64935 -13.6196 0.609999
      vertex -4.82248 -13.2497 0.609999
    endloop
  endfacet
  facet normal -0.300716 -0.953714 -0
    outer loop
      vertex -3.64935 -13.6196 0.609999
      vertex -4.82248 -13.2497 5.72205e-07
      vertex -3.64935 -13.6196 5.72205e-07
    endloop
  endfacet
  facet normal 0.537348 0.84336 -0
    outer loop
      vertex 8.08743 11.55 5.72205e-07
      vertex 7.05 12.211 0.609999
      vertex 8.08743 11.55 0.609999
    endloop
  endfacet
  facet normal 0.537348 0.84336 0
    outer loop
      vertex 7.05 12.211 0.609999
      vertex 8.08743 11.55 5.72205e-07
      vertex 7.05 12.211 5.72205e-07
    endloop
  endfacet
  facet normal -0.793358 0.608756 0
    outer loop
      vertex -11.55 8.08743 5.72205e-07
      vertex -10.8012 9.0633 0.609999
      vertex -10.8012 9.0633 5.72205e-07
    endloop
  endfacet
  facet normal -0.793358 0.608756 0
    outer loop
      vertex -10.8012 9.0633 0.609999
      vertex -11.55 8.08743 5.72205e-07
      vertex -11.55 8.08743 0.609999
    endloop
  endfacet
  facet normal 0.382733 -0.923859 0
    outer loop
      vertex 4.82248 -13.2497 5.72205e-07
      vertex 5.95892 -12.7789 0.609999
      vertex 4.82248 -13.2497 0.609999
    endloop
  endfacet
  facet normal 0.382733 -0.923859 0
    outer loop
      vertex 5.95892 -12.7789 0.609999
      vertex 4.82248 -13.2497 5.72205e-07
      vertex 5.95892 -12.7789 5.72205e-07
    endloop
  endfacet
  facet normal 0 0 -1
    outer loop
      vertex 10 0 5.72205e-07
      vertex 14.1 0 5.72205e-07
      vertex 14.0463 -1.2289 5.72205e-07
    endloop
  endfacet
  facet normal 0 0 -1
    outer loop
      vertex 9.96195 -0.871557 5.72205e-07
      vertex 14.0463 -1.2289 5.72205e-07
      vertex 13.8858 -2.44844 5.72205e-07
    endloop
  endfacet
  facet normal 0 0 -1
    outer loop
      vertex 14.1 0 5.72205e-07
      vertex 10 0 5.72205e-07
      vertex 14.0463 1.2289 5.72205e-07
    endloop
  endfacet
  facet normal 0 0 -1
    outer loop
      vertex 9.84808 -1.73648 5.72205e-07
      vertex 13.8858 -2.44844 5.72205e-07
      vertex 13.6196 -3.64935 5.72205e-07
    endloop
  endfacet
  facet normal 0 0 -1
    outer loop
      vertex 9.96195 0.871557 5.72205e-07
      vertex 14.0463 1.2289 5.72205e-07
      vertex 10 0 5.72205e-07
    endloop
  endfacet
  facet normal 0 0 -1
    outer loop
      vertex 9.65926 -2.58819 5.72205e-07
      vertex 13.6196 -3.64935 5.72205e-07
      vertex 13.2497 -4.82248 5.72205e-07
    endloop
  endfacet
  facet normal -0 0 -1
    outer loop
      vertex 14.0463 1.2289 5.72205e-07
      vertex 9.96195 0.871557 5.72205e-07
      vertex 13.8858 2.44844 5.72205e-07
    endloop
  endfacet
  facet normal 0 0 -1
    outer loop
      vertex 9.39693 -3.4202 5.72205e-07
      vertex 13.2497 -4.82248 5.72205e-07
      vertex 12.7789 -5.95892 5.72205e-07
    endloop
  endfacet
  facet normal 0 0 -1
    outer loop
      vertex 9.84808 1.73648 5.72205e-07
      vertex 13.8858 2.44844 5.72205e-07
      vertex 9.96195 0.871557 5.72205e-07
    endloop
  endfacet
  facet normal 0 0 -1
    outer loop
      vertex 9.06308 -4.22618 5.72205e-07
      vertex 12.7789 -5.95892 5.72205e-07
      vertex 12.211 -7.05 5.72205e-07
    endloop
  endfacet
  facet normal -0 0 -1
    outer loop
      vertex 13.8858 2.44844 5.72205e-07
      vertex 9.84808 1.73648 5.72205e-07
      vertex 13.6196 3.64935 5.72205e-07
    endloop
  endfacet
  facet normal 0 0 -1
    outer loop
      vertex 8.66025 -5 5.72205e-07
      vertex 12.211 -7.05 5.72205e-07
      vertex 11.55 -8.08743 5.72205e-07
    endloop
  endfacet
  facet normal 0 0 -1
    outer loop
      vertex 9.65926 2.58819 5.72205e-07
      vertex 13.6196 3.64935 5.72205e-07
      vertex 9.84808 1.73648 5.72205e-07
    endloop
  endfacet
  facet normal 0 0 -1
    outer loop
      vertex 8.19152 -5.73576 5.72205e-07
      vertex 11.55 -8.08743 5.72205e-07
      vertex 10.8012 -9.0633 5.72205e-07
    endloop
  endfacet
  facet normal -0 0 -1
    outer loop
      vertex 13.6196 3.64935 5.72205e-07
      vertex 9.65926 2.58819 5.72205e-07
      vertex 13.2497 4.82248 5.72205e-07
    endloop
  endfacet
  facet normal 0 0 -1
    outer loop
      vertex 9.39693 3.4202 5.72205e-07
      vertex 13.2497 4.82248 5.72205e-07
      vertex 9.65926 2.58819 5.72205e-07
    endloop
  endfacet
  facet normal 0 0 -1
    outer loop
      vertex 7.66044 -6.42788 5.72205e-07
      vertex 10.8012 -9.0633 5.72205e-07
      vertex 9.97021 -9.97021 5.72205e-07
    endloop
  endfacet
  facet normal 0 0 -1
    outer loop
      vertex 14.0463 -1.2289 5.72205e-07
      vertex 9.96195 -0.871557 5.72205e-07
      vertex 10 0 5.72205e-07
    endloop
  endfacet
  facet normal 0 0 -1
    outer loop
      vertex 13.8858 -2.44844 5.72205e-07
      vertex 9.84808 -1.73648 5.72205e-07
      vertex 9.96195 -0.871557 5.72205e-07
    endloop
  endfacet
  facet normal 0 0 -1
    outer loop
      vertex 13.6196 -3.64935 5.72205e-07
      vertex 9.65926 -2.58819 5.72205e-07
      vertex 9.84808 -1.73648 5.72205e-07
    endloop
  endfacet
  facet normal 0 0 -1
    outer loop
      vertex 13.2497 -4.82248 5.72205e-07
      vertex 9.39693 -3.4202 5.72205e-07
      vertex 9.65926 -2.58819 5.72205e-07
    endloop
  endfacet
  facet normal 0 0 -1
    outer loop
      vertex 7.07107 -7.07107 5.72205e-07
      vertex 9.97021 -9.97021 5.72205e-07
      vertex 9.0633 -10.8012 5.72205e-07
    endloop
  endfacet
  facet normal 0 0 -1
    outer loop
      vertex 12.7789 -5.95892 5.72205e-07
      vertex 9.06308 -4.22618 5.72205e-07
      vertex 9.39693 -3.4202 5.72205e-07
    endloop
  endfacet
  facet normal 0 0 -1
    outer loop
      vertex 12.211 -7.05 5.72205e-07
      vertex 8.66025 -5 5.72205e-07
      vertex 9.06308 -4.22618 5.72205e-07
    endloop
  endfacet
  facet normal 0 0 -1
    outer loop
      vertex 11.55 -8.08743 5.72205e-07
      vertex 8.19152 -5.73576 5.72205e-07
      vertex 8.66025 -5 5.72205e-07
    endloop
  endfacet
  facet normal 0 0 -1
    outer loop
      vertex 6.42788 -7.66044 5.72205e-07
      vertex 9.0633 -10.8012 5.72205e-07
      vertex 8.08743 -11.55 5.72205e-07
    endloop
  endfacet
  facet normal 0 0 -1
    outer loop
      vertex 10.8012 -9.0633 5.72205e-07
      vertex 7.66044 -6.42788 5.72205e-07
      vertex 8.19152 -5.73576 5.72205e-07
    endloop
  endfacet
  facet normal 0 0 -1
    outer loop
      vertex 9.97021 -9.97021 5.72205e-07
      vertex 7.07107 -7.07107 5.72205e-07
      vertex 7.66044 -6.42788 5.72205e-07
    endloop
  endfacet
  facet normal 0 0 -1
    outer loop
      vertex 5.73576 -8.19152 5.72205e-07
      vertex 8.08743 -11.55 5.72205e-07
      vertex 7.05 -12.211 5.72205e-07
    endloop
  endfacet
  facet normal 0 0 -1
    outer loop
      vertex 9.0633 -10.8012 5.72205e-07
      vertex 6.42788 -7.66044 5.72205e-07
      vertex 7.07107 -7.07107 5.72205e-07
    endloop
  endfacet
  facet normal 0 0 -1
    outer loop
      vertex 5 -8.66025 5.72205e-07
      vertex 7.05 -12.211 5.72205e-07
      vertex 5.95892 -12.7789 5.72205e-07
    endloop
  endfacet
  facet normal 0 0 -1
    outer loop
      vertex 8.08743 -11.55 5.72205e-07
      vertex 5.73576 -8.19152 5.72205e-07
      vertex 6.42788 -7.66044 5.72205e-07
    endloop
  endfacet
  facet normal 0 0 -1
    outer loop
      vertex 7.05 -12.211 5.72205e-07
      vertex 5 -8.66025 5.72205e-07
      vertex 5.73576 -8.19152 5.72205e-07
    endloop
  endfacet
  facet normal 0 0 -1
    outer loop
      vertex 4.22618 -9.06308 5.72205e-07
      vertex 5.95892 -12.7789 5.72205e-07
      vertex 4.82248 -13.2497 5.72205e-07
    endloop
  endfacet
  facet normal 0 0 -1
    outer loop
      vertex 5.95892 -12.7789 5.72205e-07
      vertex 4.22618 -9.06308 5.72205e-07
      vertex 5 -8.66025 5.72205e-07
    endloop
  endfacet
  facet normal 0 0 -1
    outer loop
      vertex 3.4202 -9.39693 5.72205e-07
      vertex 4.82248 -13.2497 5.72205e-07
      vertex 3.64935 -13.6196 5.72205e-07
    endloop
  endfacet
  facet normal 0 0 -1
    outer loop
      vertex 4.82248 -13.2497 5.72205e-07
      vertex 3.4202 -9.39693 5.72205e-07
      vertex 4.22618 -9.06308 5.72205e-07
    endloop
  endfacet
  facet normal 0 0 -1
    outer loop
      vertex 3.64935 -13.6196 5.72205e-07
      vertex 2.58819 -9.65926 5.72205e-07
      vertex 3.4202 -9.39693 5.72205e-07
    endloop
  endfacet
  facet normal 0 0 -1
    outer loop
      vertex 2.44844 -13.8858 5.72205e-07
      vertex 2.58819 -9.65926 5.72205e-07
      vertex 3.64935 -13.6196 5.72205e-07
    endloop
  endfacet
  facet normal 0 0 -1
    outer loop
      vertex 2.44844 -13.8858 5.72205e-07
      vertex 1.73648 -9.84808 5.72205e-07
      vertex 2.58819 -9.65926 5.72205e-07
    endloop
  endfacet
  facet normal 0 0 -1
    outer loop
      vertex 1.2289 -14.0463 5.72205e-07
      vertex 1.73648 -9.84808 5.72205e-07
      vertex 2.44844 -13.8858 5.72205e-07
    endloop
  endfacet
  facet normal 0 0 -1
    outer loop
      vertex 1.2289 -14.0463 5.72205e-07
      vertex 0.871557 -9.96195 5.72205e-07
      vertex 1.73648 -9.84808 5.72205e-07
    endloop
  endfacet
  facet normal 0 0 -1
    outer loop
      vertex 0 -14.1 5.72205e-07
      vertex 0.871557 -9.96195 5.72205e-07
      vertex 1.2289 -14.0463 5.72205e-07
    endloop
  endfacet
  facet normal 0 0 -1
    outer loop
      vertex 0 -14.1 5.72205e-07
      vertex 0 -10 5.72205e-07
      vertex 0.871557 -9.96195 5.72205e-07
    endloop
  endfacet
  facet normal 0 0 -1
    outer loop
      vertex 0 -14.1 5.72205e-07
      vertex -0.871557 -9.96195 5.72205e-07
      vertex 0 -10 5.72205e-07
    endloop
  endfacet
  facet normal 0 0 -1
    outer loop
      vertex -1.2289 -14.0463 5.72205e-07
      vertex -0.871557 -9.96195 5.72205e-07
      vertex 0 -14.1 5.72205e-07
    endloop
  endfacet
  facet normal 0 0 -1
    outer loop
      vertex -1.2289 -14.0463 5.72205e-07
      vertex -1.73648 -9.84808 5.72205e-07
      vertex -0.871557 -9.96195 5.72205e-07
    endloop
  endfacet
  facet normal 0 0 -1
    outer loop
      vertex -2.44844 -13.8858 5.72205e-07
      vertex -1.73648 -9.84808 5.72205e-07
      vertex -1.2289 -14.0463 5.72205e-07
    endloop
  endfacet
  facet normal 0 0 -1
    outer loop
      vertex -2.44844 -13.8858 5.72205e-07
      vertex -2.58819 -9.65926 5.72205e-07
      vertex -1.73648 -9.84808 5.72205e-07
    endloop
  endfacet
  facet normal 0 0 -1
    outer loop
      vertex -3.64935 -13.6196 5.72205e-07
      vertex -2.58819 -9.65926 5.72205e-07
      vertex -2.44844 -13.8858 5.72205e-07
    endloop
  endfacet
  facet normal -0 0 -1
    outer loop
      vertex -2.58819 -9.65926 5.72205e-07
      vertex -3.64935 -13.6196 5.72205e-07
      vertex -3.4202 -9.39693 5.72205e-07
    endloop
  endfacet
  facet normal 0 0 -1
    outer loop
      vertex -4.82248 -13.2497 5.72205e-07
      vertex -3.4202 -9.39693 5.72205e-07
      vertex -3.64935 -13.6196 5.72205e-07
    endloop
  endfacet
  facet normal -0 0 -1
    outer loop
      vertex -3.4202 -9.39693 5.72205e-07
      vertex -4.82248 -13.2497 5.72205e-07
      vertex -4.22618 -9.06308 5.72205e-07
    endloop
  endfacet
  facet normal 0 0 -1
    outer loop
      vertex -5.95892 -12.7789 5.72205e-07
      vertex -4.22618 -9.06308 5.72205e-07
      vertex -4.82248 -13.2497 5.72205e-07
    endloop
  endfacet
  facet normal -0 0 -1
    outer loop
      vertex -4.22618 -9.06308 5.72205e-07
      vertex -5.95892 -12.7789 5.72205e-07
      vertex -5 -8.66025 5.72205e-07
    endloop
  endfacet
  facet normal 0 0 -1
    outer loop
      vertex -7.05 -12.211 5.72205e-07
      vertex -5 -8.66025 5.72205e-07
      vertex -5.95892 -12.7789 5.72205e-07
    endloop
  endfacet
  facet normal -0 0 -1
    outer loop
      vertex -5 -8.66025 5.72205e-07
      vertex -7.05 -12.211 5.72205e-07
      vertex -5.73576 -8.19152 5.72205e-07
    endloop
  endfacet
  facet normal 0 0 -1
    outer loop
      vertex -8.08743 -11.55 5.72205e-07
      vertex -5.73576 -8.19152 5.72205e-07
      vertex -7.05 -12.211 5.72205e-07
    endloop
  endfacet
  facet normal -0 0 -1
    outer loop
      vertex -5.73576 -8.19152 5.72205e-07
      vertex -8.08743 -11.55 5.72205e-07
      vertex -6.42788 -7.66044 5.72205e-07
    endloop
  endfacet
  facet normal 0 0 -1
    outer loop
      vertex -9.0633 -10.8012 5.72205e-07
      vertex -6.42788 -7.66044 5.72205e-07
      vertex -8.08743 -11.55 5.72205e-07
    endloop
  endfacet
  facet normal -0 0 -1
    outer loop
      vertex -6.42788 -7.66044 5.72205e-07
      vertex -9.0633 -10.8012 5.72205e-07
      vertex -7.07107 -7.07107 5.72205e-07
    endloop
  endfacet
  facet normal 0 0 -1
    outer loop
      vertex -9.97021 -9.97021 5.72205e-07
      vertex -7.07107 -7.07107 5.72205e-07
      vertex -9.0633 -10.8012 5.72205e-07
    endloop
  endfacet
  facet normal -0 0 -1
    outer loop
      vertex -7.07107 -7.07107 5.72205e-07
      vertex -9.97021 -9.97021 5.72205e-07
      vertex -7.66044 -6.42788 5.72205e-07
    endloop
  endfacet
  facet normal 0 0 -1
    outer loop
      vertex -10.8012 -9.0633 5.72205e-07
      vertex -7.66044 -6.42788 5.72205e-07
      vertex -9.97021 -9.97021 5.72205e-07
    endloop
  endfacet
  facet normal -0 0 -1
    outer loop
      vertex -7.66044 -6.42788 5.72205e-07
      vertex -10.8012 -9.0633 5.72205e-07
      vertex -8.19152 -5.73576 5.72205e-07
    endloop
  endfacet
  facet normal 0 0 -1
    outer loop
      vertex -11.55 -8.08743 5.72205e-07
      vertex -8.19152 -5.73576 5.72205e-07
      vertex -10.8012 -9.0633 5.72205e-07
    endloop
  endfacet
  facet normal -0 0 -1
    outer loop
      vertex -8.19152 -5.73576 5.72205e-07
      vertex -11.55 -8.08743 5.72205e-07
      vertex -8.66025 -5 5.72205e-07
    endloop
  endfacet
  facet normal 0 0 -1
    outer loop
      vertex -12.211 -7.05 5.72205e-07
      vertex -8.66025 -5 5.72205e-07
      vertex -11.55 -8.08743 5.72205e-07
    endloop
  endfacet
  facet normal -0 0 -1
    outer loop
      vertex -8.66025 -5 5.72205e-07
      vertex -12.211 -7.05 5.72205e-07
      vertex -9.06308 -4.22618 5.72205e-07
    endloop
  endfacet
  facet normal 0 0 -1
    outer loop
      vertex -12.7789 -5.95892 5.72205e-07
      vertex -9.06308 -4.22618 5.72205e-07
      vertex -12.211 -7.05 5.72205e-07
    endloop
  endfacet
  facet normal -0 0 -1
    outer loop
      vertex -9.06308 -4.22618 5.72205e-07
      vertex -12.7789 -5.95892 5.72205e-07
      vertex -9.39693 -3.4202 5.72205e-07
    endloop
  endfacet
  facet normal 0 0 -1
    outer loop
      vertex -13.2497 -4.82248 5.72205e-07
      vertex -9.39693 -3.4202 5.72205e-07
      vertex -12.7789 -5.95892 5.72205e-07
    endloop
  endfacet
  facet normal -0 0 -1
    outer loop
      vertex 13.2497 4.82248 5.72205e-07
      vertex 9.39693 3.4202 5.72205e-07
      vertex 12.7789 5.95892 5.72205e-07
    endloop
  endfacet
  facet normal 0 0 -1
    outer loop
      vertex 9.06308 4.22618 5.72205e-07
      vertex 12.7789 5.95892 5.72205e-07
      vertex 9.39693 3.4202 5.72205e-07
    endloop
  endfacet
  facet normal -0 0 -1
    outer loop
      vertex 12.7789 5.95892 5.72205e-07
      vertex 9.06308 4.22618 5.72205e-07
      vertex 12.211 7.05 5.72205e-07
    endloop
  endfacet
  facet normal 0 0 -1
    outer loop
      vertex 8.66025 5 5.72205e-07
      vertex 12.211 7.05 5.72205e-07
      vertex 9.06308 4.22618 5.72205e-07
    endloop
  endfacet
  facet normal -0 0 -1
    outer loop
      vertex 12.211 7.05 5.72205e-07
      vertex 8.66025 5 5.72205e-07
      vertex 11.55 8.08743 5.72205e-07
    endloop
  endfacet
  facet normal 0 0 -1
    outer loop
      vertex 8.19152 5.73576 5.72205e-07
      vertex 11.55 8.08743 5.72205e-07
      vertex 8.66025 5 5.72205e-07
    endloop
  endfacet
  facet normal -0 0 -1
    outer loop
      vertex 11.55 8.08743 5.72205e-07
      vertex 8.19152 5.73576 5.72205e-07
      vertex 10.8012 9.0633 5.72205e-07
    endloop
  endfacet
  facet normal 0 0 -1
    outer loop
      vertex 7.66044 6.42788 5.72205e-07
      vertex 10.8012 9.0633 5.72205e-07
      vertex 8.19152 5.73576 5.72205e-07
    endloop
  endfacet
  facet normal -0 0 -1
    outer loop
      vertex 10.8012 9.0633 5.72205e-07
      vertex 7.66044 6.42788 5.72205e-07
      vertex 9.97021 9.97021 5.72205e-07
    endloop
  endfacet
  facet normal 0 0 -1
    outer loop
      vertex 7.07107 7.07107 5.72205e-07
      vertex 9.97021 9.97021 5.72205e-07
      vertex 7.66044 6.42788 5.72205e-07
    endloop
  endfacet
  facet normal -0 0 -1
    outer loop
      vertex 9.97021 9.97021 5.72205e-07
      vertex 7.07107 7.07107 5.72205e-07
      vertex 9.0633 10.8012 5.72205e-07
    endloop
  endfacet
  facet normal 0 0 -1
    outer loop
      vertex 6.42788 7.66044 5.72205e-07
      vertex 9.0633 10.8012 5.72205e-07
      vertex 7.07107 7.07107 5.72205e-07
    endloop
  endfacet
  facet normal -0 0 -1
    outer loop
      vertex 9.0633 10.8012 5.72205e-07
      vertex 6.42788 7.66044 5.72205e-07
      vertex 8.08743 11.55 5.72205e-07
    endloop
  endfacet
  facet normal 0 0 -1
    outer loop
      vertex 5.73576 8.19152 5.72205e-07
      vertex 8.08743 11.55 5.72205e-07
      vertex 6.42788 7.66044 5.72205e-07
    endloop
  endfacet
  facet normal -0 0 -1
    outer loop
      vertex 8.08743 11.55 5.72205e-07
      vertex 5.73576 8.19152 5.72205e-07
      vertex 7.05 12.211 5.72205e-07
    endloop
  endfacet
  facet normal 0 0 -1
    outer loop
      vertex 5 8.66025 5.72205e-07
      vertex 7.05 12.211 5.72205e-07
      vertex 5.73576 8.19152 5.72205e-07
    endloop
  endfacet
  facet normal -0 0 -1
    outer loop
      vertex 7.05 12.211 5.72205e-07
      vertex 5 8.66025 5.72205e-07
      vertex 5.95892 12.7789 5.72205e-07
    endloop
  endfacet
  facet normal 0 0 -1
    outer loop
      vertex 4.22618 9.06308 5.72205e-07
      vertex 5.95892 12.7789 5.72205e-07
      vertex 5 8.66025 5.72205e-07
    endloop
  endfacet
  facet normal -0 0 -1
    outer loop
      vertex 5.95892 12.7789 5.72205e-07
      vertex 4.22618 9.06308 5.72205e-07
      vertex 4.82248 13.2497 5.72205e-07
    endloop
  endfacet
  facet normal 0 0 -1
    outer loop
      vertex 3.4202 9.39693 5.72205e-07
      vertex 4.82248 13.2497 5.72205e-07
      vertex 4.22618 9.06308 5.72205e-07
    endloop
  endfacet
  facet normal -0 0 -1
    outer loop
      vertex 4.82248 13.2497 5.72205e-07
      vertex 3.4202 9.39693 5.72205e-07
      vertex 3.64935 13.6196 5.72205e-07
    endloop
  endfacet
  facet normal 0 0 -1
    outer loop
      vertex 2.58819 9.65926 5.72205e-07
      vertex 3.64935 13.6196 5.72205e-07
      vertex 3.4202 9.39693 5.72205e-07
    endloop
  endfacet
  facet normal 0 0 -1
    outer loop
      vertex 2.58819 9.65926 5.72205e-07
      vertex 2.44844 13.8858 5.72205e-07
      vertex 3.64935 13.6196 5.72205e-07
    endloop
  endfacet
  facet normal 0 0 -1
    outer loop
      vertex 1.73648 9.84808 5.72205e-07
      vertex 2.44844 13.8858 5.72205e-07
      vertex 2.58819 9.65926 5.72205e-07
    endloop
  endfacet
  facet normal 0 0 -1
    outer loop
      vertex 1.73648 9.84808 5.72205e-07
      vertex 1.2289 14.0463 5.72205e-07
      vertex 2.44844 13.8858 5.72205e-07
    endloop
  endfacet
  facet normal 0 0 -1
    outer loop
      vertex 0.871557 9.96195 5.72205e-07
      vertex 1.2289 14.0463 5.72205e-07
      vertex 1.73648 9.84808 5.72205e-07
    endloop
  endfacet
  facet normal 0 0 -1
    outer loop
      vertex 0 10 5.72205e-07
      vertex 1.2289 14.0463 5.72205e-07
      vertex 0.871557 9.96195 5.72205e-07
    endloop
  endfacet
  facet normal 0 0 -1
    outer loop
      vertex 0 10 5.72205e-07
      vertex 0 14.1 5.72205e-07
      vertex 1.2289 14.0463 5.72205e-07
    endloop
  endfacet
  facet normal 0 0 -1
    outer loop
      vertex -0.871557 9.96195 5.72205e-07
      vertex 0 14.1 5.72205e-07
      vertex 0 10 5.72205e-07
    endloop
  endfacet
  facet normal 0 0 -1
    outer loop
      vertex -0.871557 9.96195 5.72205e-07
      vertex -1.2289 14.0463 5.72205e-07
      vertex 0 14.1 5.72205e-07
    endloop
  endfacet
  facet normal 0 0 -1
    outer loop
      vertex -1.73648 9.84808 5.72205e-07
      vertex -1.2289 14.0463 5.72205e-07
      vertex -0.871557 9.96195 5.72205e-07
    endloop
  endfacet
  facet normal 0 0 -1
    outer loop
      vertex -1.73648 9.84808 5.72205e-07
      vertex -2.44844 13.8858 5.72205e-07
      vertex -1.2289 14.0463 5.72205e-07
    endloop
  endfacet
  facet normal 0 0 -1
    outer loop
      vertex -2.58819 9.65926 5.72205e-07
      vertex -2.44844 13.8858 5.72205e-07
      vertex -1.73648 9.84808 5.72205e-07
    endloop
  endfacet
  facet normal 0 0 -1
    outer loop
      vertex -3.64935 13.6196 5.72205e-07
      vertex -2.58819 9.65926 5.72205e-07
      vertex -3.4202 9.39693 5.72205e-07
    endloop
  endfacet
  facet normal 0 0 -1
    outer loop
      vertex -2.58819 9.65926 5.72205e-07
      vertex -3.64935 13.6196 5.72205e-07
      vertex -2.44844 13.8858 5.72205e-07
    endloop
  endfacet
  facet normal 0 0 -1
    outer loop
      vertex -4.82248 13.2497 5.72205e-07
      vertex -3.4202 9.39693 5.72205e-07
      vertex -4.22618 9.06308 5.72205e-07
    endloop
  endfacet
  facet normal 0 0 -1
    outer loop
      vertex -3.4202 9.39693 5.72205e-07
      vertex -4.82248 13.2497 5.72205e-07
      vertex -3.64935 13.6196 5.72205e-07
    endloop
  endfacet
  facet normal 0 0 -1
    outer loop
      vertex -5.95892 12.7789 5.72205e-07
      vertex -4.22618 9.06308 5.72205e-07
      vertex -5 8.66025 5.72205e-07
    endloop
  endfacet
  facet normal 0 0 -1
    outer loop
      vertex -7.05 12.211 5.72205e-07
      vertex -5 8.66025 5.72205e-07
      vertex -5.73576 8.19152 5.72205e-07
    endloop
  endfacet
  facet normal 0 0 -1
    outer loop
      vertex -4.22618 9.06308 5.72205e-07
      vertex -5.95892 12.7789 5.72205e-07
      vertex -4.82248 13.2497 5.72205e-07
    endloop
  endfacet
  facet normal 0 0 -1
    outer loop
      vertex -8.08743 11.55 5.72205e-07
      vertex -5.73576 8.19152 5.72205e-07
      vertex -6.42788 7.66044 5.72205e-07
    endloop
  endfacet
  facet normal 0 0 -1
    outer loop
      vertex -5 8.66025 5.72205e-07
      vertex -7.05 12.211 5.72205e-07
      vertex -5.95892 12.7789 5.72205e-07
    endloop
  endfacet
  facet normal 0 0 -1
    outer loop
      vertex -9.0633 10.8012 5.72205e-07
      vertex -6.42788 7.66044 5.72205e-07
      vertex -7.07107 7.07107 5.72205e-07
    endloop
  endfacet
  facet normal 0 0 -1
    outer loop
      vertex -9.97021 9.97021 5.72205e-07
      vertex -7.07107 7.07107 5.72205e-07
      vertex -7.66044 6.42788 5.72205e-07
    endloop
  endfacet
  facet normal 0 0 -1
    outer loop
      vertex -5.73576 8.19152 5.72205e-07
      vertex -8.08743 11.55 5.72205e-07
      vertex -7.05 12.211 5.72205e-07
    endloop
  endfacet
  facet normal 0 0 -1
    outer loop
      vertex -10.8012 9.0633 5.72205e-07
      vertex -7.66044 6.42788 5.72205e-07
      vertex -8.19152 5.73576 5.72205e-07
    endloop
  endfacet
  facet normal 0 0 -1
    outer loop
      vertex -11.55 8.08743 5.72205e-07
      vertex -8.19152 5.73576 5.72205e-07
      vertex -8.66025 5 5.72205e-07
    endloop
  endfacet
  facet normal 0 0 -1
    outer loop
      vertex -12.211 7.05 5.72205e-07
      vertex -8.66025 5 5.72205e-07
      vertex -9.06308 4.22618 5.72205e-07
    endloop
  endfacet
  facet normal 0 0 -1
    outer loop
      vertex -6.42788 7.66044 5.72205e-07
      vertex -9.0633 10.8012 5.72205e-07
      vertex -8.08743 11.55 5.72205e-07
    endloop
  endfacet
  facet normal 0 0 -1
    outer loop
      vertex -12.7789 5.95892 5.72205e-07
      vertex -9.06308 4.22618 5.72205e-07
      vertex -9.39693 3.4202 5.72205e-07
    endloop
  endfacet
  facet normal 0 0 -1
    outer loop
      vertex -13.2497 4.82248 5.72205e-07
      vertex -9.39693 3.4202 5.72205e-07
      vertex -9.65926 2.58819 5.72205e-07
    endloop
  endfacet
  facet normal 0 0 -1
    outer loop
      vertex -13.6196 3.64935 5.72205e-07
      vertex -9.65926 2.58819 5.72205e-07
      vertex -9.84808 1.73648 5.72205e-07
    endloop
  endfacet
  facet normal 0 0 -1
    outer loop
      vertex -13.8858 2.44844 5.72205e-07
      vertex -9.84808 1.73648 5.72205e-07
      vertex -9.96195 0.871557 5.72205e-07
    endloop
  endfacet
  facet normal 0 0 -1
    outer loop
      vertex -7.07107 7.07107 5.72205e-07
      vertex -9.97021 9.97021 5.72205e-07
      vertex -9.0633 10.8012 5.72205e-07
    endloop
  endfacet
  facet normal 0 0 -1
    outer loop
      vertex -14.0463 1.2289 5.72205e-07
      vertex -9.96195 0.871557 5.72205e-07
      vertex -10 0 5.72205e-07
    endloop
  endfacet
  facet normal -0 0 -1
    outer loop
      vertex -9.39693 -3.4202 5.72205e-07
      vertex -13.2497 -4.82248 5.72205e-07
      vertex -9.65926 -2.58819 5.72205e-07
    endloop
  endfacet
  facet normal 0 0 -1
    outer loop
      vertex -7.66044 6.42788 5.72205e-07
      vertex -10.8012 9.0633 5.72205e-07
      vertex -9.97021 9.97021 5.72205e-07
    endloop
  endfacet
  facet normal 0 0 -1
    outer loop
      vertex -13.6196 -3.64935 5.72205e-07
      vertex -9.65926 -2.58819 5.72205e-07
      vertex -13.2497 -4.82248 5.72205e-07
    endloop
  endfacet
  facet normal 0 0 -1
    outer loop
      vertex -8.19152 5.73576 5.72205e-07
      vertex -11.55 8.08743 5.72205e-07
      vertex -10.8012 9.0633 5.72205e-07
    endloop
  endfacet
  facet normal -0 0 -1
    outer loop
      vertex -9.65926 -2.58819 5.72205e-07
      vertex -13.6196 -3.64935 5.72205e-07
      vertex -9.84808 -1.73648 5.72205e-07
    endloop
  endfacet
  facet normal 0 0 -1
    outer loop
      vertex -8.66025 5 5.72205e-07
      vertex -12.211 7.05 5.72205e-07
      vertex -11.55 8.08743 5.72205e-07
    endloop
  endfacet
  facet normal 0 0 -1
    outer loop
      vertex -13.8858 -2.44844 5.72205e-07
      vertex -9.84808 -1.73648 5.72205e-07
      vertex -13.6196 -3.64935 5.72205e-07
    endloop
  endfacet
  facet normal 0 0 -1
    outer loop
      vertex -9.06308 4.22618 5.72205e-07
      vertex -12.7789 5.95892 5.72205e-07
      vertex -12.211 7.05 5.72205e-07
    endloop
  endfacet
  facet normal -0 0 -1
    outer loop
      vertex -9.84808 -1.73648 5.72205e-07
      vertex -13.8858 -2.44844 5.72205e-07
      vertex -9.96195 -0.871557 5.72205e-07
    endloop
  endfacet
  facet normal 0 0 -1
    outer loop
      vertex -9.39693 3.4202 5.72205e-07
      vertex -13.2497 4.82248 5.72205e-07
      vertex -12.7789 5.95892 5.72205e-07
    endloop
  endfacet
  facet normal 0 0 -1
    outer loop
      vertex -14.0463 -1.2289 5.72205e-07
      vertex -9.96195 -0.871557 5.72205e-07
      vertex -13.8858 -2.44844 5.72205e-07
    endloop
  endfacet
  facet normal 0 0 -1
    outer loop
      vertex -9.65926 2.58819 5.72205e-07
      vertex -13.6196 3.64935 5.72205e-07
      vertex -13.2497 4.82248 5.72205e-07
    endloop
  endfacet
  facet normal -0 0 -1
    outer loop
      vertex -9.96195 -0.871557 5.72205e-07
      vertex -14.0463 -1.2289 5.72205e-07
      vertex -10 0 5.72205e-07
    endloop
  endfacet
  facet normal 0 0 -1
    outer loop
      vertex -9.84808 1.73648 5.72205e-07
      vertex -13.8858 2.44844 5.72205e-07
      vertex -13.6196 3.64935 5.72205e-07
    endloop
  endfacet
  facet normal 0 0 -1
    outer loop
      vertex -14.1 0 5.72205e-07
      vertex -10 0 5.72205e-07
      vertex -14.0463 -1.2289 5.72205e-07
    endloop
  endfacet
  facet normal 0 0 -1
    outer loop
      vertex -9.96195 0.871557 5.72205e-07
      vertex -14.0463 1.2289 5.72205e-07
      vertex -13.8858 2.44844 5.72205e-07
    endloop
  endfacet
  facet normal 0 0 -1
    outer loop
      vertex -10 0 5.72205e-07
      vertex -14.1 0 5.72205e-07
      vertex -14.0463 1.2289 5.72205e-07
    endloop
  endfacet
  facet normal 0.887038 0.461697 0
    outer loop
      vertex 12.7789 5.95892 0.609999
      vertex 12.211 7.05 5.72205e-07
      vertex 12.211 7.05 0.609999
    endloop
  endfacet
  facet normal 0.887038 0.461697 0
    outer loop
      vertex 12.211 7.05 5.72205e-07
      vertex 12.7789 5.95892 0.609999
      vertex 12.7789 5.95892 5.72205e-07
    endloop
  endfacet
  facet normal -0.887038 -0.461697 0
    outer loop
      vertex -12.211 -7.05 5.72205e-07
      vertex -12.7789 -5.95892 0.609999
      vertex -12.7789 -5.95892 5.72205e-07
    endloop
  endfacet
  facet normal -0.887038 -0.461697 0
    outer loop
      vertex -12.7789 -5.95892 0.609999
      vertex -12.211 -7.05 5.72205e-07
      vertex -12.211 -7.05 0.609999
    endloop
  endfacet
  facet normal -0.216412 -0.976302 0
    outer loop
      vertex -3.64935 -13.6196 5.72205e-07
      vertex -2.44844 -13.8858 0.609999
      vertex -3.64935 -13.6196 0.609999
    endloop
  endfacet
  facet normal -0.216412 -0.976302 -0
    outer loop
      vertex -2.44844 -13.8858 0.609999
      vertex -3.64935 -13.6196 5.72205e-07
      vertex -2.44844 -13.8858 5.72205e-07
    endloop
  endfacet
  facet normal 0 0 1
    outer loop
      vertex 14 0 0.609999
      vertex 14.1 0 0.609999
      vertex 14.0463 1.2289 0.609999
    endloop
  endfacet
  facet normal 0 0 1
    outer loop
      vertex 14.1 0 0.609999
      vertex 14 0 0.609999
      vertex 14.0463 -1.2289 0.609999
    endloop
  endfacet
  facet normal 0 0 1
    outer loop
      vertex 14.0463 1.2289 0.609999
      vertex 13.9467 1.22018 0.609999
      vertex 14 0 0.609999
    endloop
  endfacet
  facet normal 0 0 1
    outer loop
      vertex 13.8858 2.44844 0.609999
      vertex 13.9467 1.22018 0.609999
      vertex 14.0463 1.2289 0.609999
    endloop
  endfacet
  facet normal 0 0 1
    outer loop
      vertex 13.8858 2.44844 0.609999
      vertex 13.7873 2.43107 0.609999
      vertex 13.9467 1.22018 0.609999
    endloop
  endfacet
  facet normal 0 0 1
    outer loop
      vertex 13.6196 3.64935 0.609999
      vertex 13.7873 2.43107 0.609999
      vertex 13.8858 2.44844 0.609999
    endloop
  endfacet
  facet normal 0 0 1
    outer loop
      vertex 13.6196 3.64935 0.609999
      vertex 13.523 3.62347 0.609999
      vertex 13.7873 2.43107 0.609999
    endloop
  endfacet
  facet normal 0 0 1
    outer loop
      vertex 13.2497 4.82248 0.609999
      vertex 13.523 3.62347 0.609999
      vertex 13.6196 3.64935 0.609999
    endloop
  endfacet
  facet normal 0 0 1
    outer loop
      vertex 13.2497 4.82248 0.609999
      vertex 13.1557 4.78828 0.609999
      vertex 13.523 3.62347 0.609999
    endloop
  endfacet
  facet normal 0 0 1
    outer loop
      vertex 12.7789 5.95892 0.609999
      vertex 13.1557 4.78828 0.609999
      vertex 13.2497 4.82248 0.609999
    endloop
  endfacet
  facet normal 0 0 1
    outer loop
      vertex 12.7789 5.95892 0.609999
      vertex 12.6883 5.91666 0.609999
      vertex 13.1557 4.78828 0.609999
    endloop
  endfacet
  facet normal 0 0 1
    outer loop
      vertex 12.211 7.05 0.609999
      vertex 12.6883 5.91666 0.609999
      vertex 12.7789 5.95892 0.609999
    endloop
  endfacet
  facet normal 0 0 1
    outer loop
      vertex 12.211 7.05 0.609999
      vertex 12.1244 7 0.609999
      vertex 12.6883 5.91666 0.609999
    endloop
  endfacet
  facet normal 0 0 1
    outer loop
      vertex 11.55 8.08743 0.609999
      vertex 12.1244 7 0.609999
      vertex 12.211 7.05 0.609999
    endloop
  endfacet
  facet normal 0 0 1
    outer loop
      vertex 11.55 8.08743 0.609999
      vertex 11.4681 8.03007 0.609999
      vertex 12.1244 7 0.609999
    endloop
  endfacet
  facet normal 0 0 1
    outer loop
      vertex 10.8012 9.0633 0.609999
      vertex 11.4681 8.03007 0.609999
      vertex 11.55 8.08743 0.609999
    endloop
  endfacet
  facet normal 0 0 1
    outer loop
      vertex 10.8012 9.0633 0.609999
      vertex 10.7246 8.99903 0.609999
      vertex 11.4681 8.03007 0.609999
    endloop
  endfacet
  facet normal 0 0 1
    outer loop
      vertex 9.97021 9.97021 0.609999
      vertex 10.7246 8.99903 0.609999
      vertex 10.8012 9.0633 0.609999
    endloop
  endfacet
  facet normal 0 0 1
    outer loop
      vertex 9.97021 9.97021 0.609999
      vertex 9.89949 9.89949 0.609999
      vertex 10.7246 8.99903 0.609999
    endloop
  endfacet
  facet normal 0 0 1
    outer loop
      vertex 9.0633 10.8012 0.609999
      vertex 9.89949 9.89949 0.609999
      vertex 9.97021 9.97021 0.609999
    endloop
  endfacet
  facet normal 0 0 1
    outer loop
      vertex 9.0633 10.8012 0.609999
      vertex 8.99903 10.7246 0.609999
      vertex 9.89949 9.89949 0.609999
    endloop
  endfacet
  facet normal 0 0 1
    outer loop
      vertex 8.08743 11.55 0.609999
      vertex 8.99903 10.7246 0.609999
      vertex 9.0633 10.8012 0.609999
    endloop
  endfacet
  facet normal 0 0 1
    outer loop
      vertex 8.08743 11.55 0.609999
      vertex 8.03007 11.4681 0.609999
      vertex 8.99903 10.7246 0.609999
    endloop
  endfacet
  facet normal 0 0 1
    outer loop
      vertex 7.05 12.211 0.609999
      vertex 8.03007 11.4681 0.609999
      vertex 8.08743 11.55 0.609999
    endloop
  endfacet
  facet normal 0 0 1
    outer loop
      vertex 7.05 12.211 0.609999
      vertex 7 12.1244 0.609999
      vertex 8.03007 11.4681 0.609999
    endloop
  endfacet
  facet normal 0 0 1
    outer loop
      vertex 5.95892 12.7789 0.609999
      vertex 7 12.1244 0.609999
      vertex 7.05 12.211 0.609999
    endloop
  endfacet
  facet normal 0 0 1
    outer loop
      vertex 5.95892 12.7789 0.609999
      vertex 5.91666 12.6883 0.609999
      vertex 7 12.1244 0.609999
    endloop
  endfacet
  facet normal 0 0 1
    outer loop
      vertex 4.82248 13.2497 0.609999
      vertex 5.91666 12.6883 0.609999
      vertex 5.95892 12.7789 0.609999
    endloop
  endfacet
  facet normal 0 0 1
    outer loop
      vertex 4.82248 13.2497 0.609999
      vertex 4.78828 13.1557 0.609999
      vertex 5.91666 12.6883 0.609999
    endloop
  endfacet
  facet normal 0 0 1
    outer loop
      vertex 3.64935 13.6196 0.609999
      vertex 4.78828 13.1557 0.609999
      vertex 4.82248 13.2497 0.609999
    endloop
  endfacet
  facet normal 0 0 1
    outer loop
      vertex 3.64935 13.6196 0.609999
      vertex 3.62347 13.523 0.609999
      vertex 4.78828 13.1557 0.609999
    endloop
  endfacet
  facet normal 0 0 1
    outer loop
      vertex 2.44844 13.8858 0.609999
      vertex 3.62347 13.523 0.609999
      vertex 3.64935 13.6196 0.609999
    endloop
  endfacet
  facet normal 0 0 1
    outer loop
      vertex 2.44844 13.8858 0.609999
      vertex 2.43107 13.7873 0.609999
      vertex 3.62347 13.523 0.609999
    endloop
  endfacet
  facet normal 0 0 1
    outer loop
      vertex 1.2289 14.0463 0.609999
      vertex 2.43107 13.7873 0.609999
      vertex 2.44844 13.8858 0.609999
    endloop
  endfacet
  facet normal 0 0 1
    outer loop
      vertex 1.2289 14.0463 0.609999
      vertex 1.22018 13.9467 0.609999
      vertex 2.43107 13.7873 0.609999
    endloop
  endfacet
  facet normal 0 0 1
    outer loop
      vertex 0 14.1 0.609999
      vertex 1.22018 13.9467 0.609999
      vertex 1.2289 14.0463 0.609999
    endloop
  endfacet
  facet normal 0 0 1
    outer loop
      vertex 0 14.1 0.609999
      vertex 0 14 0.609999
      vertex 1.22018 13.9467 0.609999
    endloop
  endfacet
  facet normal 0 0 1
    outer loop
      vertex 0 14.1 0.609999
      vertex -1.22018 13.9467 0.609999
      vertex 0 14 0.609999
    endloop
  endfacet
  facet normal -0 0 1
    outer loop
      vertex -1.2289 14.0463 0.609999
      vertex -1.22018 13.9467 0.609999
      vertex 0 14.1 0.609999
    endloop
  endfacet
  facet normal 0 0 1
    outer loop
      vertex -1.2289 14.0463 0.609999
      vertex -2.43107 13.7873 0.609999
      vertex -1.22018 13.9467 0.609999
    endloop
  endfacet
  facet normal -0 0 1
    outer loop
      vertex -2.44844 13.8858 0.609999
      vertex -2.43107 13.7873 0.609999
      vertex -1.2289 14.0463 0.609999
    endloop
  endfacet
  facet normal 0 0 1
    outer loop
      vertex -2.44844 13.8858 0.609999
      vertex -3.62347 13.523 0.609999
      vertex -2.43107 13.7873 0.609999
    endloop
  endfacet
  facet normal -0 0 1
    outer loop
      vertex -3.64935 13.6196 0.609999
      vertex -3.62347 13.523 0.609999
      vertex -2.44844 13.8858 0.609999
    endloop
  endfacet
  facet normal 0 0 1
    outer loop
      vertex -3.64935 13.6196 0.609999
      vertex -4.78828 13.1557 0.609999
      vertex -3.62347 13.523 0.609999
    endloop
  endfacet
  facet normal -0 0 1
    outer loop
      vertex -4.82248 13.2497 0.609999
      vertex -4.78828 13.1557 0.609999
      vertex -3.64935 13.6196 0.609999
    endloop
  endfacet
  facet normal 0 0 1
    outer loop
      vertex -4.82248 13.2497 0.609999
      vertex -5.91666 12.6883 0.609999
      vertex -4.78828 13.1557 0.609999
    endloop
  endfacet
  facet normal -0 0 1
    outer loop
      vertex -5.95892 12.7789 0.609999
      vertex -5.91666 12.6883 0.609999
      vertex -4.82248 13.2497 0.609999
    endloop
  endfacet
  facet normal 0 0 1
    outer loop
      vertex -5.95892 12.7789 0.609999
      vertex -7 12.1244 0.609999
      vertex -5.91666 12.6883 0.609999
    endloop
  endfacet
  facet normal -0 0 1
    outer loop
      vertex -7.05 12.211 0.609999
      vertex -7 12.1244 0.609999
      vertex -5.95892 12.7789 0.609999
    endloop
  endfacet
  facet normal 0 0 1
    outer loop
      vertex -7.05 12.211 0.609999
      vertex -8.03007 11.4681 0.609999
      vertex -7 12.1244 0.609999
    endloop
  endfacet
  facet normal -0 0 1
    outer loop
      vertex -8.08743 11.55 0.609999
      vertex -8.03007 11.4681 0.609999
      vertex -7.05 12.211 0.609999
    endloop
  endfacet
  facet normal 0 0 1
    outer loop
      vertex -8.08743 11.55 0.609999
      vertex -8.99903 10.7246 0.609999
      vertex -8.03007 11.4681 0.609999
    endloop
  endfacet
  facet normal -0 0 1
    outer loop
      vertex -9.0633 10.8012 0.609999
      vertex -8.99903 10.7246 0.609999
      vertex -8.08743 11.55 0.609999
    endloop
  endfacet
  facet normal 0 0 1
    outer loop
      vertex -9.0633 10.8012 0.609999
      vertex -9.89949 9.89949 0.609999
      vertex -8.99903 10.7246 0.609999
    endloop
  endfacet
  facet normal -0 0 1
    outer loop
      vertex -9.97021 9.97021 0.609999
      vertex -9.89949 9.89949 0.609999
      vertex -9.0633 10.8012 0.609999
    endloop
  endfacet
  facet normal 0 0 1
    outer loop
      vertex -9.97021 9.97021 0.609999
      vertex -10.7246 8.99903 0.609999
      vertex -9.89949 9.89949 0.609999
    endloop
  endfacet
  facet normal -0 0 1
    outer loop
      vertex -10.8012 9.0633 0.609999
      vertex -10.7246 8.99903 0.609999
      vertex -9.97021 9.97021 0.609999
    endloop
  endfacet
  facet normal 0 0 1
    outer loop
      vertex -10.8012 9.0633 0.609999
      vertex -11.4681 8.03007 0.609999
      vertex -10.7246 8.99903 0.609999
    endloop
  endfacet
  facet normal -0 0 1
    outer loop
      vertex -11.55 8.08743 0.609999
      vertex -11.4681 8.03007 0.609999
      vertex -10.8012 9.0633 0.609999
    endloop
  endfacet
  facet normal 0 0 1
    outer loop
      vertex -11.55 8.08743 0.609999
      vertex -12.1244 7 0.609999
      vertex -11.4681 8.03007 0.609999
    endloop
  endfacet
  facet normal -0 0 1
    outer loop
      vertex -12.211 7.05 0.609999
      vertex -12.1244 7 0.609999
      vertex -11.55 8.08743 0.609999
    endloop
  endfacet
  facet normal 0 0 1
    outer loop
      vertex -12.211 7.05 0.609999
      vertex -12.6883 5.91666 0.609999
      vertex -12.1244 7 0.609999
    endloop
  endfacet
  facet normal -0 0 1
    outer loop
      vertex -12.7789 5.95892 0.609999
      vertex -12.6883 5.91666 0.609999
      vertex -12.211 7.05 0.609999
    endloop
  endfacet
  facet normal 0 0 1
    outer loop
      vertex -12.7789 5.95892 0.609999
      vertex -13.1557 4.78828 0.609999
      vertex -12.6883 5.91666 0.609999
    endloop
  endfacet
  facet normal -0 0 1
    outer loop
      vertex -13.2497 4.82248 0.609999
      vertex -13.1557 4.78828 0.609999
      vertex -12.7789 5.95892 0.609999
    endloop
  endfacet
  facet normal 0 0 1
    outer loop
      vertex -13.2497 4.82248 0.609999
      vertex -13.523 3.62347 0.609999
      vertex -13.1557 4.78828 0.609999
    endloop
  endfacet
  facet normal -0 0 1
    outer loop
      vertex -13.6196 3.64935 0.609999
      vertex -13.523 3.62347 0.609999
      vertex -13.2497 4.82248 0.609999
    endloop
  endfacet
  facet normal 0 0 1
    outer loop
      vertex -13.6196 3.64935 0.609999
      vertex -13.7873 2.43107 0.609999
      vertex -13.523 3.62347 0.609999
    endloop
  endfacet
  facet normal -0 0 1
    outer loop
      vertex -13.8858 2.44844 0.609999
      vertex -13.7873 2.43107 0.609999
      vertex -13.6196 3.64935 0.609999
    endloop
  endfacet
  facet normal 0 0 1
    outer loop
      vertex -13.8858 2.44844 0.609999
      vertex -13.9467 1.22018 0.609999
      vertex -13.7873 2.43107 0.609999
    endloop
  endfacet
  facet normal 0 0 1
    outer loop
      vertex -13.9467 1.22018 0.609999
      vertex -14.0463 1.2289 0.609999
      vertex -14 0 0.609999
    endloop
  endfacet
  facet normal -0 0 1
    outer loop
      vertex -14.0463 1.2289 0.609999
      vertex -13.9467 1.22018 0.609999
      vertex -13.8858 2.44844 0.609999
    endloop
  endfacet
  facet normal -0 0 1
    outer loop
      vertex 13.9467 -1.22018 0.609999
      vertex 14.0463 -1.2289 0.609999
      vertex 14 0 0.609999
    endloop
  endfacet
  facet normal 0 0 1
    outer loop
      vertex 13.9467 -1.22018 0.609999
      vertex 13.8858 -2.44844 0.609999
      vertex 14.0463 -1.2289 0.609999
    endloop
  endfacet
  facet normal -0 0 1
    outer loop
      vertex 13.7873 -2.43107 0.609999
      vertex 13.8858 -2.44844 0.609999
      vertex 13.9467 -1.22018 0.609999
    endloop
  endfacet
  facet normal 0 0 1
    outer loop
      vertex 13.7873 -2.43107 0.609999
      vertex 13.6196 -3.64935 0.609999
      vertex 13.8858 -2.44844 0.609999
    endloop
  endfacet
  facet normal -0 0 1
    outer loop
      vertex 13.523 -3.62347 0.609999
      vertex 13.6196 -3.64935 0.609999
      vertex 13.7873 -2.43107 0.609999
    endloop
  endfacet
  facet normal 0 0 1
    outer loop
      vertex 13.523 -3.62347 0.609999
      vertex 13.2497 -4.82248 0.609999
      vertex 13.6196 -3.64935 0.609999
    endloop
  endfacet
  facet normal -0 0 1
    outer loop
      vertex 13.1557 -4.78828 0.609999
      vertex 13.2497 -4.82248 0.609999
      vertex 13.523 -3.62347 0.609999
    endloop
  endfacet
  facet normal 0 0 1
    outer loop
      vertex 13.1557 -4.78828 0.609999
      vertex 12.7789 -5.95892 0.609999
      vertex 13.2497 -4.82248 0.609999
    endloop
  endfacet
  facet normal -0 0 1
    outer loop
      vertex 12.6883 -5.91666 0.609999
      vertex 12.7789 -5.95892 0.609999
      vertex 13.1557 -4.78828 0.609999
    endloop
  endfacet
  facet normal 0 0 1
    outer loop
      vertex 12.6883 -5.91666 0.609999
      vertex 12.211 -7.05 0.609999
      vertex 12.7789 -5.95892 0.609999
    endloop
  endfacet
  facet normal -0 0 1
    outer loop
      vertex 12.1244 -7 0.609999
      vertex 12.211 -7.05 0.609999
      vertex 12.6883 -5.91666 0.609999
    endloop
  endfacet
  facet normal 0 0 1
    outer loop
      vertex 12.1244 -7 0.609999
      vertex 11.55 -8.08743 0.609999
      vertex 12.211 -7.05 0.609999
    endloop
  endfacet
  facet normal -0 0 1
    outer loop
      vertex 11.4681 -8.03007 0.609999
      vertex 11.55 -8.08743 0.609999
      vertex 12.1244 -7 0.609999
    endloop
  endfacet
  facet normal 0 0 1
    outer loop
      vertex 11.4681 -8.03007 0.609999
      vertex 10.8012 -9.0633 0.609999
      vertex 11.55 -8.08743 0.609999
    endloop
  endfacet
  facet normal -0 0 1
    outer loop
      vertex 10.7246 -8.99903 0.609999
      vertex 10.8012 -9.0633 0.609999
      vertex 11.4681 -8.03007 0.609999
    endloop
  endfacet
  facet normal 0 0 1
    outer loop
      vertex 10.7246 -8.99903 0.609999
      vertex 9.97021 -9.97021 0.609999
      vertex 10.8012 -9.0633 0.609999
    endloop
  endfacet
  facet normal -0 0 1
    outer loop
      vertex 9.89949 -9.89949 0.609999
      vertex 9.97021 -9.97021 0.609999
      vertex 10.7246 -8.99903 0.609999
    endloop
  endfacet
  facet normal 0 0 1
    outer loop
      vertex 9.89949 -9.89949 0.609999
      vertex 9.0633 -10.8012 0.609999
      vertex 9.97021 -9.97021 0.609999
    endloop
  endfacet
  facet normal -0 0 1
    outer loop
      vertex 8.99903 -10.7246 0.609999
      vertex 9.0633 -10.8012 0.609999
      vertex 9.89949 -9.89949 0.609999
    endloop
  endfacet
  facet normal 0 0 1
    outer loop
      vertex 8.99903 -10.7246 0.609999
      vertex 8.08743 -11.55 0.609999
      vertex 9.0633 -10.8012 0.609999
    endloop
  endfacet
  facet normal -0 0 1
    outer loop
      vertex 8.03007 -11.4681 0.609999
      vertex 8.08743 -11.55 0.609999
      vertex 8.99903 -10.7246 0.609999
    endloop
  endfacet
  facet normal 0 0 1
    outer loop
      vertex 8.03007 -11.4681 0.609999
      vertex 7.05 -12.211 0.609999
      vertex 8.08743 -11.55 0.609999
    endloop
  endfacet
  facet normal -0 0 1
    outer loop
      vertex 7 -12.1244 0.609999
      vertex 7.05 -12.211 0.609999
      vertex 8.03007 -11.4681 0.609999
    endloop
  endfacet
  facet normal 0 0 1
    outer loop
      vertex 7 -12.1244 0.609999
      vertex 5.95892 -12.7789 0.609999
      vertex 7.05 -12.211 0.609999
    endloop
  endfacet
  facet normal -0 0 1
    outer loop
      vertex 5.91666 -12.6883 0.609999
      vertex 5.95892 -12.7789 0.609999
      vertex 7 -12.1244 0.609999
    endloop
  endfacet
  facet normal 0 0 1
    outer loop
      vertex 5.91666 -12.6883 0.609999
      vertex 4.82248 -13.2497 0.609999
      vertex 5.95892 -12.7789 0.609999
    endloop
  endfacet
  facet normal -0 0 1
    outer loop
      vertex 4.78828 -13.1557 0.609999
      vertex 4.82248 -13.2497 0.609999
      vertex 5.91666 -12.6883 0.609999
    endloop
  endfacet
  facet normal 0 0 1
    outer loop
      vertex 4.78828 -13.1557 0.609999
      vertex 3.64935 -13.6196 0.609999
      vertex 4.82248 -13.2497 0.609999
    endloop
  endfacet
  facet normal -0 0 1
    outer loop
      vertex 3.62347 -13.523 0.609999
      vertex 3.64935 -13.6196 0.609999
      vertex 4.78828 -13.1557 0.609999
    endloop
  endfacet
  facet normal 0 0 1
    outer loop
      vertex 3.62347 -13.523 0.609999
      vertex 2.44844 -13.8858 0.609999
      vertex 3.64935 -13.6196 0.609999
    endloop
  endfacet
  facet normal -0 0 1
    outer loop
      vertex 2.43107 -13.7873 0.609999
      vertex 2.44844 -13.8858 0.609999
      vertex 3.62347 -13.523 0.609999
    endloop
  endfacet
  facet normal 0 0 1
    outer loop
      vertex 2.43107 -13.7873 0.609999
      vertex 1.2289 -14.0463 0.609999
      vertex 2.44844 -13.8858 0.609999
    endloop
  endfacet
  facet normal -0 0 1
    outer loop
      vertex 1.22018 -13.9467 0.609999
      vertex 1.2289 -14.0463 0.609999
      vertex 2.43107 -13.7873 0.609999
    endloop
  endfacet
  facet normal -0 0 1
    outer loop
      vertex 0 -14 0.609999
      vertex 1.2289 -14.0463 0.609999
      vertex 1.22018 -13.9467 0.609999
    endloop
  endfacet
  facet normal 0 0 1
    outer loop
      vertex 0 -14 0.609999
      vertex 0 -14.1 0.609999
      vertex 1.2289 -14.0463 0.609999
    endloop
  endfacet
  facet normal 0 0 1
    outer loop
      vertex -1.22018 -13.9467 0.609999
      vertex 0 -14.1 0.609999
      vertex 0 -14 0.609999
    endloop
  endfacet
  facet normal 0 0 1
    outer loop
      vertex -1.22018 -13.9467 0.609999
      vertex -1.2289 -14.0463 0.609999
      vertex 0 -14.1 0.609999
    endloop
  endfacet
  facet normal 0 0 1
    outer loop
      vertex -2.43107 -13.7873 0.609999
      vertex -1.2289 -14.0463 0.609999
      vertex -1.22018 -13.9467 0.609999
    endloop
  endfacet
  facet normal 0 0 1
    outer loop
      vertex -2.43107 -13.7873 0.609999
      vertex -2.44844 -13.8858 0.609999
      vertex -1.2289 -14.0463 0.609999
    endloop
  endfacet
  facet normal 0 0 1
    outer loop
      vertex -3.62347 -13.523 0.609999
      vertex -2.44844 -13.8858 0.609999
      vertex -2.43107 -13.7873 0.609999
    endloop
  endfacet
  facet normal 0 0 1
    outer loop
      vertex -3.62347 -13.523 0.609999
      vertex -3.64935 -13.6196 0.609999
      vertex -2.44844 -13.8858 0.609999
    endloop
  endfacet
  facet normal 0 0 1
    outer loop
      vertex -4.78828 -13.1557 0.609999
      vertex -3.64935 -13.6196 0.609999
      vertex -3.62347 -13.523 0.609999
    endloop
  endfacet
  facet normal 0 0 1
    outer loop
      vertex -4.78828 -13.1557 0.609999
      vertex -4.82248 -13.2497 0.609999
      vertex -3.64935 -13.6196 0.609999
    endloop
  endfacet
  facet normal 0 0 1
    outer loop
      vertex -5.91666 -12.6883 0.609999
      vertex -4.82248 -13.2497 0.609999
      vertex -4.78828 -13.1557 0.609999
    endloop
  endfacet
  facet normal 0 0 1
    outer loop
      vertex -5.91666 -12.6883 0.609999
      vertex -5.95892 -12.7789 0.609999
      vertex -4.82248 -13.2497 0.609999
    endloop
  endfacet
  facet normal 0 0 1
    outer loop
      vertex -7 -12.1244 0.609999
      vertex -5.95892 -12.7789 0.609999
      vertex -5.91666 -12.6883 0.609999
    endloop
  endfacet
  facet normal 0 0 1
    outer loop
      vertex -7 -12.1244 0.609999
      vertex -7.05 -12.211 0.609999
      vertex -5.95892 -12.7789 0.609999
    endloop
  endfacet
  facet normal 0 0 1
    outer loop
      vertex -8.03007 -11.4681 0.609999
      vertex -7.05 -12.211 0.609999
      vertex -7 -12.1244 0.609999
    endloop
  endfacet
  facet normal 0 0 1
    outer loop
      vertex -8.03007 -11.4681 0.609999
      vertex -8.08743 -11.55 0.609999
      vertex -7.05 -12.211 0.609999
    endloop
  endfacet
  facet normal 0 0 1
    outer loop
      vertex -8.99903 -10.7246 0.609999
      vertex -8.08743 -11.55 0.609999
      vertex -8.03007 -11.4681 0.609999
    endloop
  endfacet
  facet normal 0 0 1
    outer loop
      vertex -8.99903 -10.7246 0.609999
      vertex -9.0633 -10.8012 0.609999
      vertex -8.08743 -11.55 0.609999
    endloop
  endfacet
  facet normal 0 0 1
    outer loop
      vertex -9.89949 -9.89949 0.609999
      vertex -9.0633 -10.8012 0.609999
      vertex -8.99903 -10.7246 0.609999
    endloop
  endfacet
  facet normal 0 0 1
    outer loop
      vertex -9.89949 -9.89949 0.609999
      vertex -9.97021 -9.97021 0.609999
      vertex -9.0633 -10.8012 0.609999
    endloop
  endfacet
  facet normal 0 0 1
    outer loop
      vertex -10.7246 -8.99903 0.609999
      vertex -9.97021 -9.97021 0.609999
      vertex -9.89949 -9.89949 0.609999
    endloop
  endfacet
  facet normal 0 0 1
    outer loop
      vertex -10.7246 -8.99903 0.609999
      vertex -10.8012 -9.0633 0.609999
      vertex -9.97021 -9.97021 0.609999
    endloop
  endfacet
  facet normal 0 0 1
    outer loop
      vertex -11.4681 -8.03007 0.609999
      vertex -10.8012 -9.0633 0.609999
      vertex -10.7246 -8.99903 0.609999
    endloop
  endfacet
  facet normal 0 0 1
    outer loop
      vertex -11.4681 -8.03007 0.609999
      vertex -11.55 -8.08743 0.609999
      vertex -10.8012 -9.0633 0.609999
    endloop
  endfacet
  facet normal 0 0 1
    outer loop
      vertex -12.1244 -7 0.609999
      vertex -11.55 -8.08743 0.609999
      vertex -11.4681 -8.03007 0.609999
    endloop
  endfacet
  facet normal 0 0 1
    outer loop
      vertex -12.1244 -7 0.609999
      vertex -12.211 -7.05 0.609999
      vertex -11.55 -8.08743 0.609999
    endloop
  endfacet
  facet normal 0 0 1
    outer loop
      vertex -12.6883 -5.91666 0.609999
      vertex -12.211 -7.05 0.609999
      vertex -12.1244 -7 0.609999
    endloop
  endfacet
  facet normal 0 0 1
    outer loop
      vertex -12.6883 -5.91666 0.609999
      vertex -12.7789 -5.95892 0.609999
      vertex -12.211 -7.05 0.609999
    endloop
  endfacet
  facet normal 0 0 1
    outer loop
      vertex -13.1557 -4.78828 0.609999
      vertex -12.7789 -5.95892 0.609999
      vertex -12.6883 -5.91666 0.609999
    endloop
  endfacet
  facet normal 0 0 1
    outer loop
      vertex -13.1557 -4.78828 0.609999
      vertex -13.2497 -4.82248 0.609999
      vertex -12.7789 -5.95892 0.609999
    endloop
  endfacet
  facet normal 0 0 1
    outer loop
      vertex -13.523 -3.62347 0.609999
      vertex -13.2497 -4.82248 0.609999
      vertex -13.1557 -4.78828 0.609999
    endloop
  endfacet
  facet normal 0 0 1
    outer loop
      vertex -13.523 -3.62347 0.609999
      vertex -13.6196 -3.64935 0.609999
      vertex -13.2497 -4.82248 0.609999
    endloop
  endfacet
  facet normal 0 0 1
    outer loop
      vertex -13.7873 -2.43107 0.609999
      vertex -13.6196 -3.64935 0.609999
      vertex -13.523 -3.62347 0.609999
    endloop
  endfacet
  facet normal 0 0 1
    outer loop
      vertex -13.7873 -2.43107 0.609999
      vertex -13.8858 -2.44844 0.609999
      vertex -13.6196 -3.64935 0.609999
    endloop
  endfacet
  facet normal 0 0 1
    outer loop
      vertex -13.9467 -1.22018 0.609999
      vertex -13.8858 -2.44844 0.609999
      vertex -13.7873 -2.43107 0.609999
    endloop
  endfacet
  facet normal 0 0 1
    outer loop
      vertex -13.9467 -1.22018 0.609999
      vertex -14.0463 -1.2289 0.609999
      vertex -13.8858 -2.44844 0.609999
    endloop
  endfacet
  facet normal 0 0 1
    outer loop
      vertex -14 0 0.609999
      vertex -14.0463 -1.2289 0.609999
      vertex -13.9467 -1.22018 0.609999
    endloop
  endfacet
  facet normal 0 0 1
    outer loop
      vertex -14.1 0 0.609999
      vertex -14 0 0.609999
      vertex -14.0463 1.2289 0.609999
    endloop
  endfacet
  facet normal 0 0 1
    outer loop
      vertex -14 0 0.609999
      vertex -14.1 0 0.609999
      vertex -14.0463 -1.2289 0.609999
    endloop
  endfacet
  facet normal 0.043656 -0.999047 0
    outer loop
      vertex 0 -14.1 5.72205e-07
      vertex 1.2289 -14.0463 0.609999
      vertex 0 -14.1 0.609999
    endloop
  endfacet
  facet normal 0.043656 -0.999047 0
    outer loop
      vertex 1.2289 -14.0463 0.609999
      vertex 0 -14.1 5.72205e-07
      vertex 1.2289 -14.0463 5.72205e-07
    endloop
  endfacet
  facet normal 0.300716 -0.953714 0
    outer loop
      vertex 3.64935 -13.6196 5.72205e-07
      vertex 4.82248 -13.2497 0.609999
      vertex 3.64935 -13.6196 0.609999
    endloop
  endfacet
  facet normal 0.300716 -0.953714 0
    outer loop
      vertex 4.82248 -13.2497 0.609999
      vertex 3.64935 -13.6196 5.72205e-07
      vertex 4.82248 -13.2497 5.72205e-07
    endloop
  endfacet
  facet normal 0.675573 -0.737293 0
    outer loop
      vertex 9.0633 -10.8012 5.72205e-07
      vertex 9.97021 -9.97021 0.609999
      vertex 9.0633 -10.8012 0.609999
    endloop
  endfacet
  facet normal 0.675573 -0.737293 0
    outer loop
      vertex 9.97021 -9.97021 0.609999
      vertex 9.0633 -10.8012 5.72205e-07
      vertex 9.97021 -9.97021 5.72205e-07
    endloop
  endfacet
  facet normal 0.84336 0.537348 0
    outer loop
      vertex 12.211 7.05 0.609999
      vertex 11.55 8.08743 5.72205e-07
      vertex 11.55 8.08743 0.609999
    endloop
  endfacet
  facet normal 0.84336 0.537348 0
    outer loop
      vertex 11.55 8.08743 5.72205e-07
      vertex 12.211 7.05 0.609999
      vertex 12.211 7.05 5.72205e-07
    endloop
  endfacet
  facet normal 0.793358 0.608756 0
    outer loop
      vertex 11.55 8.08743 0.609999
      vertex 10.8012 9.0633 5.72205e-07
      vertex 10.8012 9.0633 0.609999
    endloop
  endfacet
  facet normal 0.793358 0.608756 0
    outer loop
      vertex 10.8012 9.0633 5.72205e-07
      vertex 11.55 8.08743 0.609999
      vertex 11.55 8.08743 5.72205e-07
    endloop
  endfacet
  facet normal 0.461697 -0.887038 0
    outer loop
      vertex 5.95892 -12.7789 5.72205e-07
      vertex 7.05 -12.211 0.609999
      vertex 5.95892 -12.7789 0.609999
    endloop
  endfacet
  facet normal 0.461697 -0.887038 0
    outer loop
      vertex 7.05 -12.211 0.609999
      vertex 5.95892 -12.7789 5.72205e-07
      vertex 7.05 -12.211 5.72205e-07
    endloop
  endfacet
  facet normal 0.537348 -0.84336 0
    outer loop
      vertex 7.05 -12.211 5.72205e-07
      vertex 8.08743 -11.55 0.609999
      vertex 7.05 -12.211 0.609999
    endloop
  endfacet
  facet normal 0.537348 -0.84336 0
    outer loop
      vertex 8.08743 -11.55 0.609999
      vertex 7.05 -12.211 5.72205e-07
      vertex 8.08743 -11.55 5.72205e-07
    endloop
  endfacet
  facet normal 0.887038 -0.461697 0
    outer loop
      vertex 12.211 -7.05 0.609999
      vertex 12.7789 -5.95892 5.72205e-07
      vertex 12.7789 -5.95892 0.609999
    endloop
  endfacet
  facet normal 0.887038 -0.461697 0
    outer loop
      vertex 12.7789 -5.95892 5.72205e-07
      vertex 12.211 -7.05 0.609999
      vertex 12.211 -7.05 5.72205e-07
    endloop
  endfacet
  facet normal -0.461753 -0.887009 0
    outer loop
      vertex 4.22618 9.06308 5.72205e-07
      vertex 5 8.66025 2.4
      vertex 4.22618 9.06308 2.4
    endloop
  endfacet
  facet normal -0.461753 -0.887009 -0
    outer loop
      vertex 5 8.66025 2.4
      vertex 4.22618 9.06308 5.72205e-07
      vertex 5 8.66025 5.72205e-07
    endloop
  endfacet
  facet normal 0.537299 -0.843392 0
    outer loop
      vertex -5.73576 8.19152 5.72205e-07
      vertex -5 8.66025 2.4
      vertex -5.73576 8.19152 2.4
    endloop
  endfacet
  facet normal 0.537299 -0.843392 0
    outer loop
      vertex -5 8.66025 2.4
      vertex -5.73576 8.19152 5.72205e-07
      vertex -5 8.66025 5.72205e-07
    endloop
  endfacet
  facet normal 0.999048 -0.043616 0
    outer loop
      vertex -10 0 2.4
      vertex -9.96195 0.871557 5.72205e-07
      vertex -9.96195 0.871557 2.4
    endloop
  endfacet
  facet normal 0.999048 -0.043616 0
    outer loop
      vertex -9.96195 0.871557 5.72205e-07
      vertex -10 0 2.4
      vertex -10 0 5.72205e-07
    endloop
  endfacet
  facet normal 0.991445 -0.130527 0
    outer loop
      vertex -9.96195 0.871557 2.4
      vertex -9.84808 1.73648 5.72205e-07
      vertex -9.84808 1.73648 2.4
    endloop
  endfacet
  facet normal 0.991445 -0.130527 0
    outer loop
      vertex -9.84808 1.73648 5.72205e-07
      vertex -9.96195 0.871557 2.4
      vertex -9.96195 0.871557 5.72205e-07
    endloop
  endfacet
  facet normal -0.043616 -0.999048 0
    outer loop
      vertex 0 10 5.72205e-07
      vertex 0.871557 9.96195 2.4
      vertex 0 10 2.4
    endloop
  endfacet
  facet normal -0.043616 -0.999048 -0
    outer loop
      vertex 0.871557 9.96195 2.4
      vertex 0 10 5.72205e-07
      vertex 0.871557 9.96195 5.72205e-07
    endloop
  endfacet
  facet normal 0.382686 0.923879 -0
    outer loop
      vertex -3.4202 -9.39693 5.72205e-07
      vertex -4.22618 -9.06308 2.4
      vertex -3.4202 -9.39693 2.4
    endloop
  endfacet
  facet normal 0.382686 0.923879 0
    outer loop
      vertex -4.22618 -9.06308 2.4
      vertex -3.4202 -9.39693 5.72205e-07
      vertex -4.22618 -9.06308 5.72205e-07
    endloop
  endfacet
  facet normal 0.675587 0.73728 -0
    outer loop
      vertex -6.42788 -7.66044 5.72205e-07
      vertex -7.07107 -7.07107 2.4
      vertex -6.42788 -7.66044 2.4
    endloop
  endfacet
  facet normal 0.675587 0.73728 0
    outer loop
      vertex -7.07107 -7.07107 2.4
      vertex -6.42788 -7.66044 5.72205e-07
      vertex -7.07107 -7.07107 5.72205e-07
    endloop
  endfacet
  facet normal 0.976296 0.21644 0
    outer loop
      vertex -9.65926 -2.58819 2.4
      vertex -9.84808 -1.73648 5.72205e-07
      vertex -9.84808 -1.73648 2.4
    endloop
  endfacet
  facet normal 0.976296 0.21644 0
    outer loop
      vertex -9.84808 -1.73648 5.72205e-07
      vertex -9.65926 -2.58819 2.4
      vertex -9.65926 -2.58819 5.72205e-07
    endloop
  endfacet
  facet normal -0.999048 0.043616 0
    outer loop
      vertex 9.96195 -0.871557 5.72205e-07
      vertex 10 0 2.4
      vertex 10 0 5.72205e-07
    endloop
  endfacet
  facet normal -0.999048 0.043616 0
    outer loop
      vertex 10 0 2.4
      vertex 9.96195 -0.871557 5.72205e-07
      vertex 9.96195 -0.871557 2.4
    endloop
  endfacet
  facet normal -0.461753 0.887009 0
    outer loop
      vertex 5 -8.66025 5.72205e-07
      vertex 4.22618 -9.06308 2.4
      vertex 5 -8.66025 2.4
    endloop
  endfacet
  facet normal -0.461753 0.887009 0
    outer loop
      vertex 4.22618 -9.06308 2.4
      vertex 5 -8.66025 5.72205e-07
      vertex 4.22618 -9.06308 5.72205e-07
    endloop
  endfacet
  facet normal 0.843392 0.537299 0
    outer loop
      vertex -8.19152 -5.73576 2.4
      vertex -8.66025 -5 5.72205e-07
      vertex -8.66025 -5 2.4
    endloop
  endfacet
  facet normal 0.843392 0.537299 0
    outer loop
      vertex -8.66025 -5 5.72205e-07
      vertex -8.19152 -5.73576 2.4
      vertex -8.19152 -5.73576 5.72205e-07
    endloop
  endfacet
  facet normal 0.923879 -0.382686 0
    outer loop
      vertex -9.39693 3.4202 2.4
      vertex -9.06308 4.22618 5.72205e-07
      vertex -9.06308 4.22618 2.4
    endloop
  endfacet
  facet normal 0.923879 -0.382686 0
    outer loop
      vertex -9.06308 4.22618 5.72205e-07
      vertex -9.39693 3.4202 2.4
      vertex -9.39693 3.4202 5.72205e-07
    endloop
  endfacet
  facet normal 0.976296 -0.21644 0
    outer loop
      vertex -9.84808 1.73648 2.4
      vertex -9.65926 2.58819 5.72205e-07
      vertex -9.65926 2.58819 2.4
    endloop
  endfacet
  facet normal 0.976296 -0.21644 0
    outer loop
      vertex -9.65926 2.58819 5.72205e-07
      vertex -9.84808 1.73648 2.4
      vertex -9.84808 1.73648 5.72205e-07
    endloop
  endfacet
  facet normal -0.537299 0.843392 0
    outer loop
      vertex 5.73576 -8.19152 5.72205e-07
      vertex 5 -8.66025 2.4
      vertex 5.73576 -8.19152 2.4
    endloop
  endfacet
  facet normal -0.537299 0.843392 0
    outer loop
      vertex 5 -8.66025 2.4
      vertex 5.73576 -8.19152 5.72205e-07
      vertex 5 -8.66025 5.72205e-07
    endloop
  endfacet
  facet normal -0.793355 0.60876 0
    outer loop
      vertex 7.66044 -6.42788 5.72205e-07
      vertex 8.19152 -5.73576 2.4
      vertex 8.19152 -5.73576 5.72205e-07
    endloop
  endfacet
  facet normal -0.793355 0.60876 0
    outer loop
      vertex 8.19152 -5.73576 2.4
      vertex 7.66044 -6.42788 5.72205e-07
      vertex 7.66044 -6.42788 2.4
    endloop
  endfacet
  facet normal 0.675587 -0.73728 0
    outer loop
      vertex -7.07107 7.07107 5.72205e-07
      vertex -6.42788 7.66044 2.4
      vertex -7.07107 7.07107 2.4
    endloop
  endfacet
  facet normal 0.675587 -0.73728 0
    outer loop
      vertex -6.42788 7.66044 2.4
      vertex -7.07107 7.07107 5.72205e-07
      vertex -6.42788 7.66044 5.72205e-07
    endloop
  endfacet
  facet normal -0.923879 -0.382686 0
    outer loop
      vertex 9.39693 3.4202 5.72205e-07
      vertex 9.06308 4.22618 2.4
      vertex 9.06308 4.22618 5.72205e-07
    endloop
  endfacet
  facet normal -0.923879 -0.382686 0
    outer loop
      vertex 9.06308 4.22618 2.4
      vertex 9.39693 3.4202 5.72205e-07
      vertex 9.39693 3.4202 2.4
    endloop
  endfacet
  facet normal -0.675587 -0.73728 0
    outer loop
      vertex 6.42788 7.66044 5.72205e-07
      vertex 7.07107 7.07107 2.4
      vertex 6.42788 7.66044 2.4
    endloop
  endfacet
  facet normal -0.675587 -0.73728 -0
    outer loop
      vertex 7.07107 7.07107 2.4
      vertex 6.42788 7.66044 5.72205e-07
      vertex 7.07107 7.07107 5.72205e-07
    endloop
  endfacet
  facet normal 0.461753 -0.887009 0
    outer loop
      vertex -5 8.66025 5.72205e-07
      vertex -4.22618 9.06308 2.4
      vertex -5 8.66025 2.4
    endloop
  endfacet
  facet normal 0.461753 -0.887009 0
    outer loop
      vertex -4.22618 9.06308 2.4
      vertex -5 8.66025 5.72205e-07
      vertex -4.22618 9.06308 5.72205e-07
    endloop
  endfacet
  facet normal 0.953718 0.300704 0
    outer loop
      vertex -9.39693 -3.4202 2.4
      vertex -9.65926 -2.58819 5.72205e-07
      vertex -9.65926 -2.58819 2.4
    endloop
  endfacet
  facet normal 0.953718 0.300704 0
    outer loop
      vertex -9.65926 -2.58819 5.72205e-07
      vertex -9.39693 -3.4202 2.4
      vertex -9.39693 -3.4202 5.72205e-07
    endloop
  endfacet
  facet normal 0.300704 -0.953718 0
    outer loop
      vertex -3.4202 9.39693 5.72205e-07
      vertex -2.58819 9.65926 2.4
      vertex -3.4202 9.39693 2.4
    endloop
  endfacet
  facet normal 0.300704 -0.953718 0
    outer loop
      vertex -2.58819 9.65926 2.4
      vertex -3.4202 9.39693 5.72205e-07
      vertex -2.58819 9.65926 5.72205e-07
    endloop
  endfacet
  facet normal -0.73728 0.675587 0
    outer loop
      vertex 7.07107 -7.07107 5.72205e-07
      vertex 7.66044 -6.42788 2.4
      vertex 7.66044 -6.42788 5.72205e-07
    endloop
  endfacet
  facet normal -0.73728 0.675587 0
    outer loop
      vertex 7.66044 -6.42788 2.4
      vertex 7.07107 -7.07107 5.72205e-07
      vertex 7.07107 -7.07107 2.4
    endloop
  endfacet
  facet normal 0.60876 0.793355 -0
    outer loop
      vertex -5.73576 -8.19152 5.72205e-07
      vertex -6.42788 -7.66044 2.4
      vertex -5.73576 -8.19152 2.4
    endloop
  endfacet
  facet normal 0.60876 0.793355 0
    outer loop
      vertex -6.42788 -7.66044 2.4
      vertex -5.73576 -8.19152 5.72205e-07
      vertex -6.42788 -7.66044 5.72205e-07
    endloop
  endfacet
  facet normal 0.382686 -0.923879 0
    outer loop
      vertex -4.22618 9.06308 5.72205e-07
      vertex -3.4202 9.39693 2.4
      vertex -4.22618 9.06308 2.4
    endloop
  endfacet
  facet normal 0.382686 -0.923879 0
    outer loop
      vertex -3.4202 9.39693 2.4
      vertex -4.22618 9.06308 5.72205e-07
      vertex -3.4202 9.39693 5.72205e-07
    endloop
  endfacet
  facet normal -0.60876 0.793355 0
    outer loop
      vertex 6.42788 -7.66044 5.72205e-07
      vertex 5.73576 -8.19152 2.4
      vertex 6.42788 -7.66044 2.4
    endloop
  endfacet
  facet normal -0.60876 0.793355 0
    outer loop
      vertex 5.73576 -8.19152 2.4
      vertex 6.42788 -7.66044 5.72205e-07
      vertex 5.73576 -8.19152 5.72205e-07
    endloop
  endfacet
  facet normal -0.976296 0.21644 0
    outer loop
      vertex 9.65926 -2.58819 5.72205e-07
      vertex 9.84808 -1.73648 2.4
      vertex 9.84808 -1.73648 5.72205e-07
    endloop
  endfacet
  facet normal -0.976296 0.21644 0
    outer loop
      vertex 9.84808 -1.73648 2.4
      vertex 9.65926 -2.58819 5.72205e-07
      vertex 9.65926 -2.58819 2.4
    endloop
  endfacet
  facet normal 0.300704 0.953718 -0
    outer loop
      vertex -2.58819 -9.65926 5.72205e-07
      vertex -3.4202 -9.39693 2.4
      vertex -2.58819 -9.65926 2.4
    endloop
  endfacet
  facet normal 0.300704 0.953718 0
    outer loop
      vertex -3.4202 -9.39693 2.4
      vertex -2.58819 -9.65926 5.72205e-07
      vertex -3.4202 -9.39693 5.72205e-07
    endloop
  endfacet
  facet normal -0.887009 -0.461753 0
    outer loop
      vertex 9.06308 4.22618 5.72205e-07
      vertex 8.66025 5 2.4
      vertex 8.66025 5 5.72205e-07
    endloop
  endfacet
  facet normal -0.887009 -0.461753 0
    outer loop
      vertex 8.66025 5 2.4
      vertex 9.06308 4.22618 5.72205e-07
      vertex 9.06308 4.22618 2.4
    endloop
  endfacet
  facet normal 0.130527 0.991445 -0
    outer loop
      vertex -0.871557 -9.96195 5.72205e-07
      vertex -1.73648 -9.84808 2.4
      vertex -0.871557 -9.96195 2.4
    endloop
  endfacet
  facet normal 0.130527 0.991445 0
    outer loop
      vertex -1.73648 -9.84808 2.4
      vertex -0.871557 -9.96195 5.72205e-07
      vertex -1.73648 -9.84808 5.72205e-07
    endloop
  endfacet
  facet normal 0.953718 -0.300704 0
    outer loop
      vertex -9.65926 2.58819 2.4
      vertex -9.39693 3.4202 5.72205e-07
      vertex -9.39693 3.4202 2.4
    endloop
  endfacet
  facet normal 0.953718 -0.300704 0
    outer loop
      vertex -9.39693 3.4202 5.72205e-07
      vertex -9.65926 2.58819 2.4
      vertex -9.65926 2.58819 5.72205e-07
    endloop
  endfacet
  facet normal 0.999048 0.043616 0
    outer loop
      vertex -9.96195 -0.871557 2.4
      vertex -10 0 5.72205e-07
      vertex -10 0 2.4
    endloop
  endfacet
  facet normal 0.999048 0.043616 0
    outer loop
      vertex -10 0 5.72205e-07
      vertex -9.96195 -0.871557 2.4
      vertex -9.96195 -0.871557 5.72205e-07
    endloop
  endfacet
  facet normal 0.73728 -0.675587 0
    outer loop
      vertex -7.66044 6.42788 2.4
      vertex -7.07107 7.07107 5.72205e-07
      vertex -7.07107 7.07107 2.4
    endloop
  endfacet
  facet normal 0.73728 -0.675587 0
    outer loop
      vertex -7.07107 7.07107 5.72205e-07
      vertex -7.66044 6.42788 2.4
      vertex -7.66044 6.42788 5.72205e-07
    endloop
  endfacet
  facet normal 0.843392 -0.537299 0
    outer loop
      vertex -8.66025 5 2.4
      vertex -8.19152 5.73576 5.72205e-07
      vertex -8.19152 5.73576 2.4
    endloop
  endfacet
  facet normal 0.843392 -0.537299 0
    outer loop
      vertex -8.19152 5.73576 5.72205e-07
      vertex -8.66025 5 2.4
      vertex -8.66025 5 5.72205e-07
    endloop
  endfacet
  facet normal -0.953718 0.300704 0
    outer loop
      vertex 9.39693 -3.4202 5.72205e-07
      vertex 9.65926 -2.58819 2.4
      vertex 9.65926 -2.58819 5.72205e-07
    endloop
  endfacet
  facet normal -0.953718 0.300704 0
    outer loop
      vertex 9.65926 -2.58819 2.4
      vertex 9.39693 -3.4202 5.72205e-07
      vertex 9.39693 -3.4202 2.4
    endloop
  endfacet
  facet normal 0.73728 0.675587 0
    outer loop
      vertex -7.07107 -7.07107 2.4
      vertex -7.66044 -6.42788 5.72205e-07
      vertex -7.66044 -6.42788 2.4
    endloop
  endfacet
  facet normal 0.73728 0.675587 0
    outer loop
      vertex -7.66044 -6.42788 5.72205e-07
      vertex -7.07107 -7.07107 2.4
      vertex -7.07107 -7.07107 5.72205e-07
    endloop
  endfacet
  facet normal 0.537299 0.843392 -0
    outer loop
      vertex -5 -8.66025 5.72205e-07
      vertex -5.73576 -8.19152 2.4
      vertex -5 -8.66025 2.4
    endloop
  endfacet
  facet normal 0.537299 0.843392 0
    outer loop
      vertex -5.73576 -8.19152 2.4
      vertex -5 -8.66025 5.72205e-07
      vertex -5.73576 -8.19152 5.72205e-07
    endloop
  endfacet
  facet normal 0.887009 -0.461753 0
    outer loop
      vertex -9.06308 4.22618 2.4
      vertex -8.66025 5 5.72205e-07
      vertex -8.66025 5 2.4
    endloop
  endfacet
  facet normal 0.887009 -0.461753 0
    outer loop
      vertex -8.66025 5 5.72205e-07
      vertex -9.06308 4.22618 2.4
      vertex -9.06308 4.22618 5.72205e-07
    endloop
  endfacet
  facet normal 0.991445 0.130527 0
    outer loop
      vertex -9.84808 -1.73648 2.4
      vertex -9.96195 -0.871557 5.72205e-07
      vertex -9.96195 -0.871557 2.4
    endloop
  endfacet
  facet normal 0.991445 0.130527 0
    outer loop
      vertex -9.96195 -0.871557 5.72205e-07
      vertex -9.84808 -1.73648 2.4
      vertex -9.84808 -1.73648 5.72205e-07
    endloop
  endfacet
  facet normal -0.887009 0.461753 0
    outer loop
      vertex 8.66025 -5 5.72205e-07
      vertex 9.06308 -4.22618 2.4
      vertex 9.06308 -4.22618 5.72205e-07
    endloop
  endfacet
  facet normal -0.887009 0.461753 0
    outer loop
      vertex 9.06308 -4.22618 2.4
      vertex 8.66025 -5 5.72205e-07
      vertex 8.66025 -5 2.4
    endloop
  endfacet
  facet normal 0.923879 0.382686 0
    outer loop
      vertex -9.06308 -4.22618 2.4
      vertex -9.39693 -3.4202 5.72205e-07
      vertex -9.39693 -3.4202 2.4
    endloop
  endfacet
  facet normal 0.923879 0.382686 0
    outer loop
      vertex -9.39693 -3.4202 5.72205e-07
      vertex -9.06308 -4.22618 2.4
      vertex -9.06308 -4.22618 5.72205e-07
    endloop
  endfacet
  facet normal -0.999048 -0.043616 0
    outer loop
      vertex 10 0 5.72205e-07
      vertex 9.96195 0.871557 2.4
      vertex 9.96195 0.871557 5.72205e-07
    endloop
  endfacet
  facet normal -0.999048 -0.043616 0
    outer loop
      vertex 9.96195 0.871557 2.4
      vertex 10 0 5.72205e-07
      vertex 10 0 2.4
    endloop
  endfacet
  facet normal -0.991445 0.130527 0
    outer loop
      vertex 9.84808 -1.73648 5.72205e-07
      vertex 9.96195 -0.871557 2.4
      vertex 9.96195 -0.871557 5.72205e-07
    endloop
  endfacet
  facet normal -0.991445 0.130527 0
    outer loop
      vertex 9.96195 -0.871557 2.4
      vertex 9.84808 -1.73648 5.72205e-07
      vertex 9.84808 -1.73648 2.4
    endloop
  endfacet
  facet normal -0.991445 -0.130527 0
    outer loop
      vertex 9.96195 0.871557 5.72205e-07
      vertex 9.84808 1.73648 2.4
      vertex 9.84808 1.73648 5.72205e-07
    endloop
  endfacet
  facet normal -0.991445 -0.130527 0
    outer loop
      vertex 9.84808 1.73648 2.4
      vertex 9.96195 0.871557 5.72205e-07
      vertex 9.96195 0.871557 2.4
    endloop
  endfacet
  facet normal 0.043616 0.999048 -0
    outer loop
      vertex 0 -10 5.72205e-07
      vertex -0.871557 -9.96195 2.4
      vertex 0 -10 2.4
    endloop
  endfacet
  facet normal 0.043616 0.999048 0
    outer loop
      vertex -0.871557 -9.96195 2.4
      vertex 0 -10 5.72205e-07
      vertex -0.871557 -9.96195 5.72205e-07
    endloop
  endfacet
  facet normal -0.675587 0.73728 0
    outer loop
      vertex 7.07107 -7.07107 5.72205e-07
      vertex 6.42788 -7.66044 2.4
      vertex 7.07107 -7.07107 2.4
    endloop
  endfacet
  facet normal -0.675587 0.73728 0
    outer loop
      vertex 6.42788 -7.66044 2.4
      vertex 7.07107 -7.07107 5.72205e-07
      vertex 6.42788 -7.66044 5.72205e-07
    endloop
  endfacet
  facet normal -0.60876 -0.793355 0
    outer loop
      vertex 5.73576 8.19152 5.72205e-07
      vertex 6.42788 7.66044 2.4
      vertex 5.73576 8.19152 2.4
    endloop
  endfacet
  facet normal -0.60876 -0.793355 -0
    outer loop
      vertex 6.42788 7.66044 2.4
      vertex 5.73576 8.19152 5.72205e-07
      vertex 6.42788 7.66044 5.72205e-07
    endloop
  endfacet
  facet normal -0.043616 0.999048 0
    outer loop
      vertex 0.871557 -9.96195 5.72205e-07
      vertex 0 -10 2.4
      vertex 0.871557 -9.96195 2.4
    endloop
  endfacet
  facet normal -0.043616 0.999048 0
    outer loop
      vertex 0 -10 2.4
      vertex 0.871557 -9.96195 5.72205e-07
      vertex 0 -10 5.72205e-07
    endloop
  endfacet
  facet normal -0.21644 -0.976296 0
    outer loop
      vertex 1.73648 9.84808 5.72205e-07
      vertex 2.58819 9.65926 2.4
      vertex 1.73648 9.84808 2.4
    endloop
  endfacet
  facet normal -0.21644 -0.976296 -0
    outer loop
      vertex 2.58819 9.65926 2.4
      vertex 1.73648 9.84808 5.72205e-07
      vertex 2.58819 9.65926 5.72205e-07
    endloop
  endfacet
  facet normal 0.60876 -0.793355 0
    outer loop
      vertex -6.42788 7.66044 5.72205e-07
      vertex -5.73576 8.19152 2.4
      vertex -6.42788 7.66044 2.4
    endloop
  endfacet
  facet normal 0.60876 -0.793355 0
    outer loop
      vertex -5.73576 8.19152 2.4
      vertex -6.42788 7.66044 5.72205e-07
      vertex -5.73576 8.19152 5.72205e-07
    endloop
  endfacet
  facet normal -0.300704 -0.953718 0
    outer loop
      vertex 2.58819 9.65926 5.72205e-07
      vertex 3.4202 9.39693 2.4
      vertex 2.58819 9.65926 2.4
    endloop
  endfacet
  facet normal -0.300704 -0.953718 -0
    outer loop
      vertex 3.4202 9.39693 2.4
      vertex 2.58819 9.65926 5.72205e-07
      vertex 3.4202 9.39693 5.72205e-07
    endloop
  endfacet
  facet normal -0.382686 -0.923879 0
    outer loop
      vertex 3.4202 9.39693 5.72205e-07
      vertex 4.22618 9.06308 2.4
      vertex 3.4202 9.39693 2.4
    endloop
  endfacet
  facet normal -0.382686 -0.923879 -0
    outer loop
      vertex 4.22618 9.06308 2.4
      vertex 3.4202 9.39693 5.72205e-07
      vertex 4.22618 9.06308 5.72205e-07
    endloop
  endfacet
  facet normal 0.130527 -0.991445 0
    outer loop
      vertex -1.73648 9.84808 5.72205e-07
      vertex -0.871557 9.96195 2.4
      vertex -1.73648 9.84808 2.4
    endloop
  endfacet
  facet normal 0.130527 -0.991445 0
    outer loop
      vertex -0.871557 9.96195 2.4
      vertex -1.73648 9.84808 5.72205e-07
      vertex -0.871557 9.96195 5.72205e-07
    endloop
  endfacet
  facet normal 0.21644 -0.976296 0
    outer loop
      vertex -2.58819 9.65926 5.72205e-07
      vertex -1.73648 9.84808 2.4
      vertex -2.58819 9.65926 2.4
    endloop
  endfacet
  facet normal 0.21644 -0.976296 0
    outer loop
      vertex -1.73648 9.84808 2.4
      vertex -2.58819 9.65926 5.72205e-07
      vertex -1.73648 9.84808 5.72205e-07
    endloop
  endfacet
  facet normal -0.130527 -0.991445 0
    outer loop
      vertex 0.871557 9.96195 5.72205e-07
      vertex 1.73648 9.84808 2.4
      vertex 0.871557 9.96195 2.4
    endloop
  endfacet
  facet normal -0.130527 -0.991445 -0
    outer loop
      vertex 1.73648 9.84808 2.4
      vertex 0.871557 9.96195 5.72205e-07
      vertex 1.73648 9.84808 5.72205e-07
    endloop
  endfacet
  facet normal -0.843392 0.537299 0
    outer loop
      vertex 8.19152 -5.73576 5.72205e-07
      vertex 8.66025 -5 2.4
      vertex 8.66025 -5 5.72205e-07
    endloop
  endfacet
  facet normal -0.843392 0.537299 0
    outer loop
      vertex 8.66025 -5 2.4
      vertex 8.19152 -5.73576 5.72205e-07
      vertex 8.19152 -5.73576 2.4
    endloop
  endfacet
  facet normal -0.976296 -0.21644 0
    outer loop
      vertex 9.84808 1.73648 5.72205e-07
      vertex 9.65926 2.58819 2.4
      vertex 9.65926 2.58819 5.72205e-07
    endloop
  endfacet
  facet normal -0.976296 -0.21644 0
    outer loop
      vertex 9.65926 2.58819 2.4
      vertex 9.84808 1.73648 5.72205e-07
      vertex 9.84808 1.73648 2.4
    endloop
  endfacet
  facet normal 0.461753 0.887009 -0
    outer loop
      vertex -4.22618 -9.06308 5.72205e-07
      vertex -5 -8.66025 2.4
      vertex -4.22618 -9.06308 2.4
    endloop
  endfacet
  facet normal 0.461753 0.887009 0
    outer loop
      vertex -5 -8.66025 2.4
      vertex -4.22618 -9.06308 5.72205e-07
      vertex -5 -8.66025 5.72205e-07
    endloop
  endfacet
  facet normal 0.793355 -0.60876 0
    outer loop
      vertex -8.19152 5.73576 2.4
      vertex -7.66044 6.42788 5.72205e-07
      vertex -7.66044 6.42788 2.4
    endloop
  endfacet
  facet normal 0.793355 -0.60876 0
    outer loop
      vertex -7.66044 6.42788 5.72205e-07
      vertex -8.19152 5.73576 2.4
      vertex -8.19152 5.73576 5.72205e-07
    endloop
  endfacet
  facet normal 0.793355 0.60876 0
    outer loop
      vertex -7.66044 -6.42788 2.4
      vertex -8.19152 -5.73576 5.72205e-07
      vertex -8.19152 -5.73576 2.4
    endloop
  endfacet
  facet normal 0.793355 0.60876 0
    outer loop
      vertex -8.19152 -5.73576 5.72205e-07
      vertex -7.66044 -6.42788 2.4
      vertex -7.66044 -6.42788 5.72205e-07
    endloop
  endfacet
  facet normal 0.21644 0.976296 -0
    outer loop
      vertex -1.73648 -9.84808 5.72205e-07
      vertex -2.58819 -9.65926 2.4
      vertex -1.73648 -9.84808 2.4
    endloop
  endfacet
  facet normal 0.21644 0.976296 0
    outer loop
      vertex -2.58819 -9.65926 2.4
      vertex -1.73648 -9.84808 5.72205e-07
      vertex -2.58819 -9.65926 5.72205e-07
    endloop
  endfacet
  facet normal 0.887009 0.461753 0
    outer loop
      vertex -8.66025 -5 2.4
      vertex -9.06308 -4.22618 5.72205e-07
      vertex -9.06308 -4.22618 2.4
    endloop
  endfacet
  facet normal 0.887009 0.461753 0
    outer loop
      vertex -9.06308 -4.22618 5.72205e-07
      vertex -8.66025 -5 2.4
      vertex -8.66025 -5 5.72205e-07
    endloop
  endfacet
  facet normal -0.300704 0.953718 0
    outer loop
      vertex 3.4202 -9.39693 5.72205e-07
      vertex 2.58819 -9.65926 2.4
      vertex 3.4202 -9.39693 2.4
    endloop
  endfacet
  facet normal -0.300704 0.953718 0
    outer loop
      vertex 2.58819 -9.65926 2.4
      vertex 3.4202 -9.39693 5.72205e-07
      vertex 2.58819 -9.65926 5.72205e-07
    endloop
  endfacet
  facet normal 0.043616 -0.999048 0
    outer loop
      vertex -0.871557 9.96195 5.72205e-07
      vertex 0 10 2.4
      vertex -0.871557 9.96195 2.4
    endloop
  endfacet
  facet normal 0.043616 -0.999048 0
    outer loop
      vertex 0 10 2.4
      vertex -0.871557 9.96195 5.72205e-07
      vertex 0 10 5.72205e-07
    endloop
  endfacet
  facet normal -0.21644 0.976296 0
    outer loop
      vertex 2.58819 -9.65926 5.72205e-07
      vertex 1.73648 -9.84808 2.4
      vertex 2.58819 -9.65926 2.4
    endloop
  endfacet
  facet normal -0.21644 0.976296 0
    outer loop
      vertex 1.73648 -9.84808 2.4
      vertex 2.58819 -9.65926 5.72205e-07
      vertex 1.73648 -9.84808 5.72205e-07
    endloop
  endfacet
  facet normal -0.130527 0.991445 0
    outer loop
      vertex 1.73648 -9.84808 5.72205e-07
      vertex 0.871557 -9.96195 2.4
      vertex 1.73648 -9.84808 2.4
    endloop
  endfacet
  facet normal -0.130527 0.991445 0
    outer loop
      vertex 0.871557 -9.96195 2.4
      vertex 1.73648 -9.84808 5.72205e-07
      vertex 0.871557 -9.96195 5.72205e-07
    endloop
  endfacet
  facet normal -0.843392 -0.537299 0
    outer loop
      vertex 8.66025 5 5.72205e-07
      vertex 8.19152 5.73576 2.4
      vertex 8.19152 5.73576 5.72205e-07
    endloop
  endfacet
  facet normal -0.843392 -0.537299 0
    outer loop
      vertex 8.19152 5.73576 2.4
      vertex 8.66025 5 5.72205e-07
      vertex 8.66025 5 2.4
    endloop
  endfacet
  facet normal -0.923879 0.382686 0
    outer loop
      vertex 9.06308 -4.22618 5.72205e-07
      vertex 9.39693 -3.4202 2.4
      vertex 9.39693 -3.4202 5.72205e-07
    endloop
  endfacet
  facet normal -0.923879 0.382686 0
    outer loop
      vertex 9.39693 -3.4202 2.4
      vertex 9.06308 -4.22618 5.72205e-07
      vertex 9.06308 -4.22618 2.4
    endloop
  endfacet
  facet normal -0.953718 -0.300704 0
    outer loop
      vertex 9.65926 2.58819 5.72205e-07
      vertex 9.39693 3.4202 2.4
      vertex 9.39693 3.4202 5.72205e-07
    endloop
  endfacet
  facet normal -0.953718 -0.300704 0
    outer loop
      vertex 9.39693 3.4202 2.4
      vertex 9.65926 2.58819 5.72205e-07
      vertex 9.65926 2.58819 2.4
    endloop
  endfacet
  facet normal -0.537299 -0.843392 0
    outer loop
      vertex 5 8.66025 5.72205e-07
      vertex 5.73576 8.19152 2.4
      vertex 5 8.66025 2.4
    endloop
  endfacet
  facet normal -0.537299 -0.843392 -0
    outer loop
      vertex 5.73576 8.19152 2.4
      vertex 5 8.66025 5.72205e-07
      vertex 5.73576 8.19152 5.72205e-07
    endloop
  endfacet
  facet normal -0.793355 -0.60876 0
    outer loop
      vertex 8.19152 5.73576 5.72205e-07
      vertex 7.66044 6.42788 2.4
      vertex 7.66044 6.42788 5.72205e-07
    endloop
  endfacet
  facet normal -0.793355 -0.60876 0
    outer loop
      vertex 7.66044 6.42788 2.4
      vertex 8.19152 5.73576 5.72205e-07
      vertex 8.19152 5.73576 2.4
    endloop
  endfacet
  facet normal -0.73728 -0.675587 0
    outer loop
      vertex 7.66044 6.42788 5.72205e-07
      vertex 7.07107 7.07107 2.4
      vertex 7.07107 7.07107 5.72205e-07
    endloop
  endfacet
  facet normal -0.73728 -0.675587 0
    outer loop
      vertex 7.07107 7.07107 2.4
      vertex 7.66044 6.42788 5.72205e-07
      vertex 7.66044 6.42788 2.4
    endloop
  endfacet
  facet normal -0.382686 0.923879 0
    outer loop
      vertex 4.22618 -9.06308 5.72205e-07
      vertex 3.4202 -9.39693 2.4
      vertex 4.22618 -9.06308 2.4
    endloop
  endfacet
  facet normal -0.382686 0.923879 0
    outer loop
      vertex 3.4202 -9.39693 2.4
      vertex 4.22618 -9.06308 5.72205e-07
      vertex 3.4202 -9.39693 5.72205e-07
    endloop
  endfacet
endsolid OpenSCAD_Model
