solid OpenSCAD_Model
  facet normal 0.412725 0.910856 -0
    outer loop
      vertex 11.7206 23.7671 2.5
      vertex 10.1411 24.4828 11.5
      vertex 11.7206 23.7671 11.5
    endloop
  endfacet
  facet normal 0.412725 0.910856 0
    outer loop
      vertex 10.1411 24.4828 11.5
      vertex 11.7206 23.7671 2.5
      vertex 10.1411 24.4828 2.5
    endloop
  endfacet
  facet normal -0.999465 0.0326969 0
    outer loop
      vertex -26.5 0 3
      vertex -26.4433 1.73318 11.5
      vertex -26.4433 1.73318 3
    endloop
  endfacet
  facet normal -0.999465 0.0326969 0
    outer loop
      vertex -26.4433 1.73318 11.5
      vertex -26.5 0 3
      vertex -26.5 0 11.5
    endloop
  endfacet
  facet normal -0.995183 -0.0980328 0
    outer loop
      vertex -26.2733 -3.45894 3
      vertex -26.4433 -1.73318 11.5
      vertex -26.4433 -1.73318 3
    endloop
  endfacet
  facet normal -0.995183 -0.0980328 0
    outer loop
      vertex -26.4433 -1.73318 11.5
      vertex -26.2733 -3.45894 3
      vertex -26.2733 -3.45894 11.5
    endloop
  endfacet
  facet normal -0.999465 -0.0326969 0
    outer loop
      vertex -26.4433 -1.73318 3
      vertex -26.5 0 11.5
      vertex -26.5 0 3
    endloop
  endfacet
  facet normal -0.999465 -0.0326969 0
    outer loop
      vertex -26.5 0 11.5
      vertex -26.4433 -1.73318 3
      vertex -26.4433 -1.73318 11.5
    endloop
  endfacet
  facet normal -0.47136 0.881941 0
    outer loop
      vertex -11.7206 23.7671 2.5
      vertex -13.25 22.9497 11.5
      vertex -11.7206 23.7671 11.5
    endloop
  endfacet
  facet normal -0.47136 0.881941 0
    outer loop
      vertex -13.25 22.9497 11.5
      vertex -11.7206 23.7671 2.5
      vertex -13.25 22.9497 2.5
    endloop
  endfacet
  facet normal 0.0980328 -0.995183 0
    outer loop
      vertex 1.73318 -26.4433 2.5
      vertex 3.45894 -26.2733 11.5
      vertex 1.73318 -26.4433 11.5
    endloop
  endfacet
  facet normal 0.0980328 -0.995183 0
    outer loop
      vertex 3.45894 -26.2733 11.5
      vertex 1.73318 -26.4433 2.5
      vertex 3.45894 -26.2733 2.5
    endloop
  endfacet
  facet normal 0.729727 0.683739 0
    outer loop
      vertex 18.7383 18.7383 11.5
      vertex 19.0535 18.4019 4
      vertex 18.7383 18.7383 3
    endloop
  endfacet
  facet normal 0.729825 0.683634 8.83602e-06
    outer loop
      vertex 19.9238 17.4727 11.5
      vertex 19.0535 18.4019 4
      vertex 18.7383 18.7383 11.5
    endloop
  endfacet
  facet normal 0.72986 0.683596 0
    outer loop
      vertex 19.0535 18.4019 4
      vertex 19.9238 17.4727 11.5
      vertex 19.9238 17.4727 4
    endloop
  endfacet
  facet normal 0.729727 0.683739 0
    outer loop
      vertex 18.7383 18.7383 3
      vertex 19.0535 18.4019 4
      vertex 19.0535 18.4019 3
    endloop
  endfacet
  facet normal -0.290291 -0.956939 0
    outer loop
      vertex -8.51815 -25.0936 3
      vertex -6.8587 -25.597 11.5
      vertex -8.51815 -25.0936 11.5
    endloop
  endfacet
  facet normal -0.290291 -0.956939 -0
    outer loop
      vertex -6.8587 -25.597 11.5
      vertex -8.51815 -25.0936 3
      vertex -6.8587 -25.597 3
    endloop
  endfacet
  facet normal -0.0981133 0.995175 0
    outer loop
      vertex -1.73318 26.4433 5
      vertex -1.73318 26.4433 2.5
      vertex -2.5 26.3677 5
    endloop
  endfacet
  facet normal -0.0981133 0.995175 0
    outer loop
      vertex -2.5 26.3677 9
      vertex -1.73318 26.4433 11.5
      vertex -1.73318 26.4433 9
    endloop
  endfacet
  facet normal -0.0980328 0.995183 -2.49248e-05
    outer loop
      vertex -1.73318 26.4433 11.5
      vertex -2.5 26.3677 9
      vertex -3.45894 26.2733 11.5
    endloop
  endfacet
  facet normal -0.0979685 0.99519 0
    outer loop
      vertex -2.5 26.3677 5
      vertex -3.45894 26.2733 11.5
      vertex -2.5 26.3677 9
    endloop
  endfacet
  facet normal -0.0979685 0.99519 0
    outer loop
      vertex -2.5 26.3677 5
      vertex -3.45894 26.2733 2.5
      vertex -3.45894 26.2733 11.5
    endloop
  endfacet
  facet normal -0.0980328 0.995183 2.49248e-05
    outer loop
      vertex -3.45894 26.2733 2.5
      vertex -2.5 26.3677 5
      vertex -1.73318 26.4433 2.5
    endloop
  endfacet
  facet normal 0.683634 0.729825 -0
    outer loop
      vertex 18.7383 18.7383 3
      vertex 17.4727 19.9238 11.5
      vertex 18.7383 18.7383 11.5
    endloop
  endfacet
  facet normal 0.683634 0.729825 0
    outer loop
      vertex 17.4727 19.9238 11.5
      vertex 18.7383 18.7383 3
      vertex 17.4727 19.9238 3
    endloop
  endfacet
  facet normal -0.5281 0.849182 0
    outer loop
      vertex -13.25 22.9497 2.5
      vertex -14.7226 22.0339 11.5
      vertex -13.25 22.9497 11.5
    endloop
  endfacet
  facet normal -0.5281 0.849182 0
    outer loop
      vertex -14.7226 22.0339 11.5
      vertex -13.25 22.9497 2.5
      vertex -14.7226 22.0339 2.5
    endloop
  endfacet
  facet normal 0.683634 -0.729825 0
    outer loop
      vertex 17.4727 -19.9238 3
      vertex 18.7383 -18.7383 11.5
      vertex 17.4727 -19.9238 11.5
    endloop
  endfacet
  facet normal 0.683634 -0.729825 0
    outer loop
      vertex 18.7383 -18.7383 11.5
      vertex 17.4727 -19.9238 3
      vertex 18.7383 -18.7383 3
    endloop
  endfacet
  facet normal 0.986641 0.162907 0
    outer loop
      vertex 26.2733 3.45894 11.5
      vertex 25.9908 5.16989 3
      vertex 25.9908 5.16989 11.5
    endloop
  endfacet
  facet normal 0.986641 0.162907 0
    outer loop
      vertex 25.9908 5.16989 3
      vertex 26.2733 3.45894 11.5
      vertex 26.2733 3.45894 3
    endloop
  endfacet
  facet normal -0.162907 0.986641 0
    outer loop
      vertex -3.45894 26.2733 2.5
      vertex -5.16989 25.9908 11.5
      vertex -3.45894 26.2733 11.5
    endloop
  endfacet
  facet normal -0.162907 0.986641 0
    outer loop
      vertex -5.16989 25.9908 11.5
      vertex -3.45894 26.2733 2.5
      vertex -5.16989 25.9908 2.5
    endloop
  endfacet
  facet normal -0.881941 0.47136 0
    outer loop
      vertex -23.7671 11.7206 3
      vertex -22.9497 13.25 11.5
      vertex -22.9497 13.25 3
    endloop
  endfacet
  facet normal -0.881941 0.47136 0
    outer loop
      vertex -22.9497 13.25 11.5
      vertex -23.7671 11.7206 3
      vertex -23.7671 11.7206 11.5
    endloop
  endfacet
  facet normal -0.163077 -0.986613 0
    outer loop
      vertex -5.11423 -26 3
      vertex -5.16989 -25.9908 11.5
      vertex -5.16989 -25.9908 3
    endloop
  endfacet
  facet normal -0.162907 -0.986641 1.13908e-06
    outer loop
      vertex -5.16989 -25.9908 11.5
      vertex -5.11423 -26 3
      vertex -3.45894 -26.2733 11.5
    endloop
  endfacet
  facet normal -0.162902 -0.986642 0
    outer loop
      vertex -3.45894 -26.2733 2.5
      vertex -5.11423 -26 3
      vertex -5.11423 -26 2.5
    endloop
  endfacet
  facet normal -0.162902 -0.986642 0
    outer loop
      vertex -5.11423 -26 3
      vertex -3.45894 -26.2733 2.5
      vertex -3.45894 -26.2733 11.5
    endloop
  endfacet
  facet normal -0.956939 0.290291 0
    outer loop
      vertex -25.597 6.8587 3
      vertex -25.0936 8.51815 11.5
      vertex -25.0936 8.51815 3
    endloop
  endfacet
  facet normal -0.956939 0.290291 0
    outer loop
      vertex -25.0936 8.51815 11.5
      vertex -25.597 6.8587 3
      vertex -25.597 6.8587 11.5
    endloop
  endfacet
  facet normal 0.773016 -0.634386 0
    outer loop
      vertex 19.9238 -17.4727 11.5
      vertex 21.0239 -16.1322 3
      vertex 21.0239 -16.1322 11.5
    endloop
  endfacet
  facet normal 0.773016 -0.634386 0
    outer loop
      vertex 21.0239 -16.1322 3
      vertex 19.9238 -17.4727 11.5
      vertex 19.9238 -17.4727 3
    endloop
  endfacet
  facet normal -0.729727 0.683739 0
    outer loop
      vertex -19.0535 18.4019 4
      vertex -18.7383 18.7383 3
      vertex -19.0535 18.4019 3
    endloop
  endfacet
  facet normal -0.729727 0.683739 0
    outer loop
      vertex -18.7383 18.7383 3
      vertex -19.0535 18.4019 4
      vertex -18.7383 18.7383 11.5
    endloop
  endfacet
  facet normal -0.72986 0.683596 0
    outer loop
      vertex -19.9238 17.4727 11.5
      vertex -19.0535 18.4019 4
      vertex -19.9238 17.4727 4
    endloop
  endfacet
  facet normal -0.729825 0.683634 8.83602e-06
    outer loop
      vertex -19.0535 18.4019 4
      vertex -19.9238 17.4727 11.5
      vertex -18.7383 18.7383 11.5
    endloop
  endfacet
  facet normal 0.881941 -0.47136 0
    outer loop
      vertex 22.9497 -13.25 11.5
      vertex 23.7671 -11.7206 3
      vertex 23.7671 -11.7206 11.5
    endloop
  endfacet
  facet normal 0.881941 -0.47136 0
    outer loop
      vertex 23.7671 -11.7206 3
      vertex 22.9497 -13.25 11.5
      vertex 22.9497 -13.25 3
    endloop
  endfacet
  facet normal -0.22709 0.973874 0
    outer loop
      vertex -5.16989 25.9908 2.5
      vertex -6.8587 25.597 11.5
      vertex -5.16989 25.9908 11.5
    endloop
  endfacet
  facet normal -0.22709 0.973874 0
    outer loop
      vertex -6.8587 25.597 11.5
      vertex -5.16989 25.9908 2.5
      vertex -6.8587 25.597 2.5
    endloop
  endfacet
  facet normal -0.683634 -0.729825 0
    outer loop
      vertex -18.7383 -18.7383 3
      vertex -17.4727 -19.9238 11.5
      vertex -18.7383 -18.7383 11.5
    endloop
  endfacet
  facet normal -0.683634 -0.729825 -0
    outer loop
      vertex -17.4727 -19.9238 11.5
      vertex -18.7383 -18.7383 3
      vertex -17.4727 -19.9238 3
    endloop
  endfacet
  facet normal -0.772962 0.634453 0
    outer loop
      vertex -20.5805 16.6724 3
      vertex -21.0239 16.1322 3
      vertex -20.5805 16.6724 4
    endloop
  endfacet
  facet normal -0.773053 0.634342 0
    outer loop
      vertex -20.5805 16.6724 4
      vertex -19.9238 17.4727 11.5
      vertex -19.9238 17.4727 4
    endloop
  endfacet
  facet normal -0.772962 0.634453 0
    outer loop
      vertex -21.0239 16.1322 11.5
      vertex -20.5805 16.6724 4
      vertex -21.0239 16.1322 3
    endloop
  endfacet
  facet normal -0.773016 0.634386 -7.97178e-06
    outer loop
      vertex -20.5805 16.6724 4
      vertex -21.0239 16.1322 11.5
      vertex -19.9238 17.4727 11.5
    endloop
  endfacet
  facet normal -0.683634 0.729825 0
    outer loop
      vertex -17.4727 19.9238 3
      vertex -18.7383 18.7383 11.5
      vertex -17.4727 19.9238 11.5
    endloop
  endfacet
  facet normal -0.683634 0.729825 0
    outer loop
      vertex -18.7383 18.7383 11.5
      vertex -17.4727 19.9238 3
      vertex -18.7383 18.7383 3
    endloop
  endfacet
  facet normal 0.22709 -0.973874 0
    outer loop
      vertex 5.16989 -25.9908 3
      vertex 6.8587 -25.597 11.5
      vertex 5.16989 -25.9908 11.5
    endloop
  endfacet
  facet normal 0.22709 -0.973874 0
    outer loop
      vertex 6.8587 -25.597 11.5
      vertex 5.16989 -25.9908 3
      vertex 6.8587 -25.597 3
    endloop
  endfacet
  facet normal -0.849182 0.5281 0
    outer loop
      vertex -22.9497 13.25 3
      vertex -22.0339 14.7226 11.5
      vertex -22.0339 14.7226 3
    endloop
  endfacet
  facet normal -0.849182 0.5281 0
    outer loop
      vertex -22.0339 14.7226 11.5
      vertex -22.9497 13.25 3
      vertex -22.9497 13.25 11.5
    endloop
  endfacet
  facet normal 0.290291 -0.956939 0
    outer loop
      vertex 6.8587 -25.597 3
      vertex 8.51815 -25.0936 11.5
      vertex 6.8587 -25.597 11.5
    endloop
  endfacet
  facet normal 0.290291 -0.956939 0
    outer loop
      vertex 8.51815 -25.0936 11.5
      vertex 6.8587 -25.597 3
      vertex 8.51815 -25.0936 3
    endloop
  endfacet
  facet normal -0.0326969 0.999465 0
    outer loop
      vertex 0 26.5 2.5
      vertex -1.73318 26.4433 5
      vertex 0 26.5 5
    endloop
  endfacet
  facet normal -0.0326969 0.999465 0
    outer loop
      vertex -1.73318 26.4433 5
      vertex 0 26.5 2.5
      vertex -1.73318 26.4433 2.5
    endloop
  endfacet
  facet normal -0.0326969 0.999465 0
    outer loop
      vertex 0 26.5 9
      vertex -1.73318 26.4433 11.5
      vertex 0 26.5 11.5
    endloop
  endfacet
  facet normal -0.0326969 0.999465 0
    outer loop
      vertex -1.73318 26.4433 11.5
      vertex 0 26.5 9
      vertex -1.73318 26.4433 9
    endloop
  endfacet
  facet normal 0.956939 -0.290291 0
    outer loop
      vertex 25.0936 -8.51815 11.5
      vertex 25.597 -6.8587 3
      vertex 25.597 -6.8587 11.5
    endloop
  endfacet
  facet normal 0.956939 -0.290291 0
    outer loop
      vertex 25.597 -6.8587 3
      vertex 25.0936 -8.51815 11.5
      vertex 25.0936 -8.51815 3
    endloop
  endfacet
  facet normal -0.412725 -0.910856 0
    outer loop
      vertex -11.7206 -23.7671 3
      vertex -10.1411 -24.4828 11.5
      vertex -11.7206 -23.7671 11.5
    endloop
  endfacet
  facet normal -0.412725 -0.910856 -0
    outer loop
      vertex -10.1411 -24.4828 11.5
      vertex -11.7206 -23.7671 3
      vertex -10.1411 -24.4828 3
    endloop
  endfacet
  facet normal -0.910856 0.412725 0
    outer loop
      vertex -24.4828 10.1411 3
      vertex -23.7671 11.7206 11.5
      vertex -23.7671 11.7206 3
    endloop
  endfacet
  facet normal -0.910856 0.412725 0
    outer loop
      vertex -23.7671 11.7206 11.5
      vertex -24.4828 10.1411 3
      vertex -24.4828 10.1411 11.5
    endloop
  endfacet
  facet normal -0.634386 -0.773016 0
    outer loop
      vertex -17.4727 -19.9238 3
      vertex -16.1322 -21.0239 11.5
      vertex -17.4727 -19.9238 11.5
    endloop
  endfacet
  facet normal -0.634386 -0.773016 -0
    outer loop
      vertex -16.1322 -21.0239 11.5
      vertex -17.4727 -19.9238 3
      vertex -16.1322 -21.0239 3
    endloop
  endfacet
  facet normal -0.956939 -0.290291 0
    outer loop
      vertex -25.0936 -8.51815 3
      vertex -25.597 -6.8587 11.5
      vertex -25.597 -6.8587 3
    endloop
  endfacet
  facet normal -0.956939 -0.290291 0
    outer loop
      vertex -25.597 -6.8587 11.5
      vertex -25.0936 -8.51815 3
      vertex -25.0936 -8.51815 11.5
    endloop
  endfacet
  facet normal -0.812875 -0.582438 0
    outer loop
      vertex -21.0239 -16.1322 3
      vertex -22.0339 -14.7226 11.5
      vertex -22.0339 -14.7226 3
    endloop
  endfacet
  facet normal -0.812875 -0.582438 0
    outer loop
      vertex -22.0339 -14.7226 11.5
      vertex -21.0239 -16.1322 3
      vertex -21.0239 -16.1322 11.5
    endloop
  endfacet
  facet normal 0.995183 -0.0980328 0
    outer loop
      vertex 26.2733 -3.45894 11.5
      vertex 26.4433 -1.73318 3
      vertex 26.4433 -1.73318 11.5
    endloop
  endfacet
  facet normal 0.995183 -0.0980328 0
    outer loop
      vertex 26.4433 -1.73318 3
      vertex 26.2733 -3.45894 11.5
      vertex 26.2733 -3.45894 3
    endloop
  endfacet
  facet normal 0.812875 0.582438 0
    outer loop
      vertex 22.0339 14.7226 11.5
      vertex 21.0239 16.1322 3
      vertex 21.0239 16.1322 11.5
    endloop
  endfacet
  facet normal 0.812875 0.582438 0
    outer loop
      vertex 21.0239 16.1322 3
      vertex 22.0339 14.7226 11.5
      vertex 22.0339 14.7226 3
    endloop
  endfacet
  facet normal 0.352232 0.935913 -0
    outer loop
      vertex 10.1411 24.4828 2.5
      vertex 8.51815 25.0936 11.5
      vertex 10.1411 24.4828 11.5
    endloop
  endfacet
  facet normal 0.352232 0.935913 0
    outer loop
      vertex 8.51815 25.0936 11.5
      vertex 10.1411 24.4828 2.5
      vertex 8.51815 25.0936 2.5
    endloop
  endfacet
  facet normal 0.935913 0.352232 0
    outer loop
      vertex 25.0936 8.51815 11.5
      vertex 24.4828 10.1411 3
      vertex 24.4828 10.1411 11.5
    endloop
  endfacet
  facet normal 0.935913 0.352232 0
    outer loop
      vertex 24.4828 10.1411 3
      vertex 25.0936 8.51815 11.5
      vertex 25.0936 8.51815 3
    endloop
  endfacet
  facet normal 0.0326969 0.999465 -0
    outer loop
      vertex 1.73318 26.4433 2.5
      vertex 0 26.5 5
      vertex 1.73318 26.4433 5
    endloop
  endfacet
  facet normal 0.0326969 0.999465 0
    outer loop
      vertex 0 26.5 5
      vertex 1.73318 26.4433 2.5
      vertex 0 26.5 2.5
    endloop
  endfacet
  facet normal 0.0326969 0.999465 -0
    outer loop
      vertex 1.73318 26.4433 9
      vertex 0 26.5 11.5
      vertex 1.73318 26.4433 11.5
    endloop
  endfacet
  facet normal 0.0326969 0.999465 0
    outer loop
      vertex 0 26.5 11.5
      vertex 1.73318 26.4433 9
      vertex 0 26.5 9
    endloop
  endfacet
  facet normal 0.412725 -0.910856 0
    outer loop
      vertex 10.1411 -24.4828 3
      vertex 11.7206 -23.7671 11.5
      vertex 10.1411 -24.4828 11.5
    endloop
  endfacet
  facet normal 0.412725 -0.910856 0
    outer loop
      vertex 11.7206 -23.7671 11.5
      vertex 10.1411 -24.4828 3
      vertex 11.7206 -23.7671 3
    endloop
  endfacet
  facet normal -0.47136 -0.881941 0
    outer loop
      vertex -13.25 -22.9497 3
      vertex -11.7206 -23.7671 11.5
      vertex -13.25 -22.9497 11.5
    endloop
  endfacet
  facet normal -0.47136 -0.881941 -0
    outer loop
      vertex -11.7206 -23.7671 11.5
      vertex -13.25 -22.9497 3
      vertex -11.7206 -23.7671 3
    endloop
  endfacet
  facet normal 0.910856 0.412725 0
    outer loop
      vertex 24.4828 10.1411 11.5
      vertex 23.7671 11.7206 3
      vertex 23.7671 11.7206 11.5
    endloop
  endfacet
  facet normal 0.910856 0.412725 0
    outer loop
      vertex 23.7671 11.7206 3
      vertex 24.4828 10.1411 11.5
      vertex 24.4828 10.1411 3
    endloop
  endfacet
  facet normal -0.0326969 -0.999465 0
    outer loop
      vertex -1.73318 -26.4433 2.5
      vertex 0 -26.5 11.5
      vertex -1.73318 -26.4433 11.5
    endloop
  endfacet
  facet normal -0.0326969 -0.999465 -0
    outer loop
      vertex 0 -26.5 11.5
      vertex -1.73318 -26.4433 2.5
      vertex 0 -26.5 2.5
    endloop
  endfacet
  facet normal -0.5281 -0.849182 0
    outer loop
      vertex -14.7226 -22.0339 3
      vertex -13.25 -22.9497 11.5
      vertex -14.7226 -22.0339 11.5
    endloop
  endfacet
  facet normal -0.5281 -0.849182 -0
    outer loop
      vertex -13.25 -22.9497 11.5
      vertex -14.7226 -22.0339 3
      vertex -13.25 -22.9497 3
    endloop
  endfacet
  facet normal -0.986641 0.162907 0
    outer loop
      vertex -26.2733 3.45894 3
      vertex -25.9908 5.16989 11.5
      vertex -25.9908 5.16989 3
    endloop
  endfacet
  facet normal -0.986641 0.162907 0
    outer loop
      vertex -25.9908 5.16989 11.5
      vertex -26.2733 3.45894 3
      vertex -26.2733 3.45894 11.5
    endloop
  endfacet
  facet normal -0.22709 -0.973874 0
    outer loop
      vertex -6.8587 -25.597 3
      vertex -5.16989 -25.9908 11.5
      vertex -6.8587 -25.597 11.5
    endloop
  endfacet
  facet normal -0.22709 -0.973874 -0
    outer loop
      vertex -5.16989 -25.9908 11.5
      vertex -6.8587 -25.597 3
      vertex -5.16989 -25.9908 3
    endloop
  endfacet
  facet normal 0.986641 -0.162907 0
    outer loop
      vertex 25.9908 -5.16989 11.5
      vertex 26.2733 -3.45894 3
      vertex 26.2733 -3.45894 11.5
    endloop
  endfacet
  facet normal 0.986641 -0.162907 0
    outer loop
      vertex 26.2733 -3.45894 3
      vertex 25.9908 -5.16989 11.5
      vertex 25.9908 -5.16989 3
    endloop
  endfacet
  facet normal 0.352232 -0.935913 0
    outer loop
      vertex 8.51815 -25.0936 3
      vertex 10.1411 -24.4828 11.5
      vertex 8.51815 -25.0936 11.5
    endloop
  endfacet
  facet normal 0.352232 -0.935913 0
    outer loop
      vertex 10.1411 -24.4828 11.5
      vertex 8.51815 -25.0936 3
      vertex 10.1411 -24.4828 3
    endloop
  endfacet
  facet normal 0.881941 0.47136 0
    outer loop
      vertex 23.7671 11.7206 11.5
      vertex 22.9497 13.25 3
      vertex 22.9497 13.25 11.5
    endloop
  endfacet
  facet normal 0.881941 0.47136 0
    outer loop
      vertex 22.9497 13.25 3
      vertex 23.7671 11.7206 11.5
      vertex 23.7671 11.7206 3
    endloop
  endfacet
  facet normal -0.995183 0.0980328 0
    outer loop
      vertex -26.4433 1.73318 3
      vertex -26.2733 3.45894 11.5
      vertex -26.2733 3.45894 3
    endloop
  endfacet
  facet normal -0.995183 0.0980328 0
    outer loop
      vertex -26.2733 3.45894 11.5
      vertex -26.4433 1.73318 3
      vertex -26.4433 1.73318 11.5
    endloop
  endfacet
  facet normal -0.290291 0.956939 0
    outer loop
      vertex -6.8587 25.597 2.5
      vertex -8.51815 25.0936 11.5
      vertex -6.8587 25.597 11.5
    endloop
  endfacet
  facet normal -0.290291 0.956939 0
    outer loop
      vertex -8.51815 25.0936 11.5
      vertex -6.8587 25.597 2.5
      vertex -8.51815 25.0936 2.5
    endloop
  endfacet
  facet normal 0.973874 0.22709 0
    outer loop
      vertex 25.9908 5.16989 11.5
      vertex 25.597 6.8587 3
      vertex 25.597 6.8587 11.5
    endloop
  endfacet
  facet normal 0.973874 0.22709 0
    outer loop
      vertex 25.597 6.8587 3
      vertex 25.9908 5.16989 11.5
      vertex 25.9908 5.16989 3
    endloop
  endfacet
  facet normal -0.352232 -0.935913 0
    outer loop
      vertex -10.1411 -24.4828 3
      vertex -8.51815 -25.0936 11.5
      vertex -10.1411 -24.4828 11.5
    endloop
  endfacet
  facet normal -0.352232 -0.935913 -0
    outer loop
      vertex -8.51815 -25.0936 11.5
      vertex -10.1411 -24.4828 3
      vertex -8.51815 -25.0936 3
    endloop
  endfacet
  facet normal -0.729825 -0.683634 0
    outer loop
      vertex -18.7383 -18.7383 3
      vertex -19.9238 -17.4727 11.5
      vertex -19.9238 -17.4727 3
    endloop
  endfacet
  facet normal -0.729825 -0.683634 0
    outer loop
      vertex -19.9238 -17.4727 11.5
      vertex -18.7383 -18.7383 3
      vertex -18.7383 -18.7383 11.5
    endloop
  endfacet
  facet normal 0.995183 0.0980328 0
    outer loop
      vertex 26.4433 1.73318 11.5
      vertex 26.2733 3.45894 3
      vertex 26.2733 3.45894 11.5
    endloop
  endfacet
  facet normal 0.995183 0.0980328 0
    outer loop
      vertex 26.2733 3.45894 3
      vertex 26.4433 1.73318 11.5
      vertex 26.4433 1.73318 3
    endloop
  endfacet
  facet normal 0.162907 0.986641 -0
    outer loop
      vertex 5.16989 25.9908 2.5
      vertex 3.45894 26.2733 11.5
      vertex 5.16989 25.9908 11.5
    endloop
  endfacet
  facet normal 0.162907 0.986641 0
    outer loop
      vertex 3.45894 26.2733 11.5
      vertex 5.16989 25.9908 2.5
      vertex 3.45894 26.2733 2.5
    endloop
  endfacet
  facet normal 0.634386 0.773016 -0
    outer loop
      vertex 17.4727 19.9238 3
      vertex 16.1322 21.0239 11.5
      vertex 17.4727 19.9238 11.5
    endloop
  endfacet
  facet normal 0.634386 0.773016 0
    outer loop
      vertex 16.1322 21.0239 11.5
      vertex 17.4727 19.9238 3
      vertex 16.1322 21.0239 3
    endloop
  endfacet
  facet normal -0.881941 -0.47136 0
    outer loop
      vertex -22.9497 -13.25 3
      vertex -23.7671 -11.7206 11.5
      vertex -23.7671 -11.7206 3
    endloop
  endfacet
  facet normal -0.881941 -0.47136 0
    outer loop
      vertex -23.7671 -11.7206 11.5
      vertex -22.9497 -13.25 3
      vertex -22.9497 -13.25 11.5
    endloop
  endfacet
  facet normal 0.582438 -0.812875 0
    outer loop
      vertex 14.7226 -22.0339 3
      vertex 16.1322 -21.0239 11.5
      vertex 14.7226 -22.0339 11.5
    endloop
  endfacet
  facet normal 0.582438 -0.812875 0
    outer loop
      vertex 16.1322 -21.0239 11.5
      vertex 14.7226 -22.0339 3
      vertex 16.1322 -21.0239 3
    endloop
  endfacet
  facet normal -0.773016 -0.634386 0
    outer loop
      vertex -19.9238 -17.4727 3
      vertex -21.0239 -16.1322 11.5
      vertex -21.0239 -16.1322 3
    endloop
  endfacet
  facet normal -0.773016 -0.634386 0
    outer loop
      vertex -21.0239 -16.1322 11.5
      vertex -19.9238 -17.4727 3
      vertex -19.9238 -17.4727 11.5
    endloop
  endfacet
  facet normal 0.812875 -0.582438 0
    outer loop
      vertex 21.0239 -16.1322 11.5
      vertex 22.0339 -14.7226 3
      vertex 22.0339 -14.7226 11.5
    endloop
  endfacet
  facet normal 0.812875 -0.582438 0
    outer loop
      vertex 22.0339 -14.7226 3
      vertex 21.0239 -16.1322 11.5
      vertex 21.0239 -16.1322 3
    endloop
  endfacet
  facet normal -0.812875 0.582438 0
    outer loop
      vertex -22.0339 14.7226 3
      vertex -21.0239 16.1322 11.5
      vertex -21.0239 16.1322 3
    endloop
  endfacet
  facet normal -0.812875 0.582438 0
    outer loop
      vertex -21.0239 16.1322 11.5
      vertex -22.0339 14.7226 3
      vertex -22.0339 14.7226 11.5
    endloop
  endfacet
  facet normal 0.0980328 0.995183 -2.49248e-05
    outer loop
      vertex 3.45894 26.2733 11.5
      vertex 2.5 26.3677 9
      vertex 1.73318 26.4433 11.5
    endloop
  endfacet
  facet normal 0.0979685 0.99519 0
    outer loop
      vertex 3.45894 26.2733 11.5
      vertex 2.5 26.3677 5
      vertex 2.5 26.3677 9
    endloop
  endfacet
  facet normal 0.0979685 0.99519 -0
    outer loop
      vertex 3.45894 26.2733 2.5
      vertex 2.5 26.3677 5
      vertex 3.45894 26.2733 11.5
    endloop
  endfacet
  facet normal 0.0980328 0.995183 2.49248e-05
    outer loop
      vertex 1.73318 26.4433 2.5
      vertex 2.5 26.3677 5
      vertex 3.45894 26.2733 2.5
    endloop
  endfacet
  facet normal 0.0981133 0.995175 0
    outer loop
      vertex 2.5 26.3677 5
      vertex 1.73318 26.4433 2.5
      vertex 1.73318 26.4433 5
    endloop
  endfacet
  facet normal 0.0981133 0.995175 0
    outer loop
      vertex 1.73318 26.4433 11.5
      vertex 2.5 26.3677 9
      vertex 1.73318 26.4433 9
    endloop
  endfacet
  facet normal 0.22709 0.973874 -0
    outer loop
      vertex 6.8587 25.597 2.5
      vertex 5.16989 25.9908 11.5
      vertex 6.8587 25.597 11.5
    endloop
  endfacet
  facet normal 0.22709 0.973874 0
    outer loop
      vertex 5.16989 25.9908 11.5
      vertex 6.8587 25.597 2.5
      vertex 5.16989 25.9908 2.5
    endloop
  endfacet
  facet normal 0.849182 0.5281 0
    outer loop
      vertex 22.9497 13.25 11.5
      vertex 22.0339 14.7226 3
      vertex 22.0339 14.7226 11.5
    endloop
  endfacet
  facet normal 0.849182 0.5281 0
    outer loop
      vertex 22.0339 14.7226 3
      vertex 22.9497 13.25 11.5
      vertex 22.9497 13.25 3
    endloop
  endfacet
  facet normal 0.162907 -0.986641 1.13908e-06
    outer loop
      vertex 3.45894 -26.2733 11.5
      vertex 5.11423 -26 3
      vertex 5.16989 -25.9908 11.5
    endloop
  endfacet
  facet normal 0.162902 -0.986642 0
    outer loop
      vertex 3.45894 -26.2733 2.5
      vertex 5.11423 -26 3
      vertex 3.45894 -26.2733 11.5
    endloop
  endfacet
  facet normal 0.162902 -0.986642 0
    outer loop
      vertex 5.11423 -26 3
      vertex 3.45894 -26.2733 2.5
      vertex 5.11423 -26 2.5
    endloop
  endfacet
  facet normal 0.163077 -0.986613 0
    outer loop
      vertex 5.16989 -25.9908 11.5
      vertex 5.11423 -26 3
      vertex 5.16989 -25.9908 3
    endloop
  endfacet
  facet normal -0.0980328 -0.995183 0
    outer loop
      vertex -3.45894 -26.2733 2.5
      vertex -1.73318 -26.4433 11.5
      vertex -3.45894 -26.2733 11.5
    endloop
  endfacet
  facet normal -0.0980328 -0.995183 -0
    outer loop
      vertex -1.73318 -26.4433 11.5
      vertex -3.45894 -26.2733 2.5
      vertex -1.73318 -26.4433 2.5
    endloop
  endfacet
  facet normal 0.973874 -0.22709 0
    outer loop
      vertex 25.597 -6.8587 11.5
      vertex 25.9908 -5.16989 3
      vertex 25.9908 -5.16989 11.5
    endloop
  endfacet
  facet normal 0.973874 -0.22709 0
    outer loop
      vertex 25.9908 -5.16989 3
      vertex 25.597 -6.8587 11.5
      vertex 25.597 -6.8587 3
    endloop
  endfacet
  facet normal -0.910856 -0.412725 0
    outer loop
      vertex -23.7671 -11.7206 3
      vertex -24.4828 -10.1411 11.5
      vertex -24.4828 -10.1411 3
    endloop
  endfacet
  facet normal -0.910856 -0.412725 0
    outer loop
      vertex -24.4828 -10.1411 11.5
      vertex -23.7671 -11.7206 3
      vertex -23.7671 -11.7206 11.5
    endloop
  endfacet
  facet normal -0.352232 0.935913 0
    outer loop
      vertex -8.51815 25.0936 2.5
      vertex -10.1411 24.4828 11.5
      vertex -8.51815 25.0936 11.5
    endloop
  endfacet
  facet normal -0.352232 0.935913 0
    outer loop
      vertex -10.1411 24.4828 11.5
      vertex -8.51815 25.0936 2.5
      vertex -10.1411 24.4828 2.5
    endloop
  endfacet
  facet normal 0.956939 0.290291 0
    outer loop
      vertex 25.597 6.8587 11.5
      vertex 25.0936 8.51815 3
      vertex 25.0936 8.51815 11.5
    endloop
  endfacet
  facet normal 0.956939 0.290291 0
    outer loop
      vertex 25.0936 8.51815 3
      vertex 25.597 6.8587 11.5
      vertex 25.597 6.8587 3
    endloop
  endfacet
  facet normal -0.849182 -0.5281 0
    outer loop
      vertex -22.0339 -14.7226 3
      vertex -22.9497 -13.25 11.5
      vertex -22.9497 -13.25 3
    endloop
  endfacet
  facet normal -0.849182 -0.5281 0
    outer loop
      vertex -22.9497 -13.25 11.5
      vertex -22.0339 -14.7226 3
      vertex -22.0339 -14.7226 11.5
    endloop
  endfacet
  facet normal 0.773053 0.634342 0
    outer loop
      vertex 19.9238 17.4727 11.5
      vertex 20.5805 16.6724 4
      vertex 19.9238 17.4727 4
    endloop
  endfacet
  facet normal 0.773016 0.634386 -7.97178e-06
    outer loop
      vertex 21.0239 16.1322 11.5
      vertex 20.5805 16.6724 4
      vertex 19.9238 17.4727 11.5
    endloop
  endfacet
  facet normal 0.772962 0.634453 -0
    outer loop
      vertex 21.0239 16.1322 3
      vertex 20.5805 16.6724 4
      vertex 21.0239 16.1322 11.5
    endloop
  endfacet
  facet normal 0.772962 0.634453 0
    outer loop
      vertex 20.5805 16.6724 4
      vertex 21.0239 16.1322 3
      vertex 20.5805 16.6724 3
    endloop
  endfacet
  facet normal -0.935913 0.352232 0
    outer loop
      vertex -25.0936 8.51815 3
      vertex -24.4828 10.1411 11.5
      vertex -24.4828 10.1411 3
    endloop
  endfacet
  facet normal -0.935913 0.352232 0
    outer loop
      vertex -24.4828 10.1411 11.5
      vertex -25.0936 8.51815 3
      vertex -25.0936 8.51815 11.5
    endloop
  endfacet
  facet normal -0.973874 0.22709 0
    outer loop
      vertex -25.9908 5.16989 3
      vertex -25.597 6.8587 11.5
      vertex -25.597 6.8587 3
    endloop
  endfacet
  facet normal -0.973874 0.22709 0
    outer loop
      vertex -25.597 6.8587 11.5
      vertex -25.9908 5.16989 3
      vertex -25.9908 5.16989 11.5
    endloop
  endfacet
  facet normal 0.910856 -0.412725 0
    outer loop
      vertex 23.7671 -11.7206 11.5
      vertex 24.4828 -10.1411 3
      vertex 24.4828 -10.1411 11.5
    endloop
  endfacet
  facet normal 0.910856 -0.412725 0
    outer loop
      vertex 24.4828 -10.1411 3
      vertex 23.7671 -11.7206 11.5
      vertex 23.7671 -11.7206 3
    endloop
  endfacet
  facet normal 0.935913 -0.352232 0
    outer loop
      vertex 24.4828 -10.1411 11.5
      vertex 25.0936 -8.51815 3
      vertex 25.0936 -8.51815 11.5
    endloop
  endfacet
  facet normal 0.935913 -0.352232 0
    outer loop
      vertex 25.0936 -8.51815 3
      vertex 24.4828 -10.1411 11.5
      vertex 24.4828 -10.1411 3
    endloop
  endfacet
  facet normal -0.582438 -0.812875 0
    outer loop
      vertex -16.1322 -21.0239 3
      vertex -14.7226 -22.0339 11.5
      vertex -16.1322 -21.0239 11.5
    endloop
  endfacet
  facet normal -0.582438 -0.812875 -0
    outer loop
      vertex -14.7226 -22.0339 11.5
      vertex -16.1322 -21.0239 3
      vertex -14.7226 -22.0339 3
    endloop
  endfacet
  facet normal -0.973874 -0.22709 0
    outer loop
      vertex -25.597 -6.8587 3
      vertex -25.9908 -5.16989 11.5
      vertex -25.9908 -5.16989 3
    endloop
  endfacet
  facet normal -0.973874 -0.22709 0
    outer loop
      vertex -25.9908 -5.16989 11.5
      vertex -25.597 -6.8587 3
      vertex -25.597 -6.8587 11.5
    endloop
  endfacet
  facet normal -0.935913 -0.352232 0
    outer loop
      vertex -24.4828 -10.1411 3
      vertex -25.0936 -8.51815 11.5
      vertex -25.0936 -8.51815 3
    endloop
  endfacet
  facet normal -0.935913 -0.352232 0
    outer loop
      vertex -25.0936 -8.51815 11.5
      vertex -24.4828 -10.1411 3
      vertex -24.4828 -10.1411 11.5
    endloop
  endfacet
  facet normal 0.634386 -0.773016 0
    outer loop
      vertex 16.1322 -21.0239 3
      vertex 17.4727 -19.9238 11.5
      vertex 16.1322 -21.0239 11.5
    endloop
  endfacet
  facet normal 0.634386 -0.773016 0
    outer loop
      vertex 17.4727 -19.9238 11.5
      vertex 16.1322 -21.0239 3
      vertex 17.4727 -19.9238 3
    endloop
  endfacet
  facet normal -0.986641 -0.162907 0
    outer loop
      vertex -25.9908 -5.16989 3
      vertex -26.2733 -3.45894 11.5
      vertex -26.2733 -3.45894 3
    endloop
  endfacet
  facet normal -0.986641 -0.162907 0
    outer loop
      vertex -26.2733 -3.45894 11.5
      vertex -25.9908 -5.16989 3
      vertex -25.9908 -5.16989 11.5
    endloop
  endfacet
  facet normal 0.849182 -0.5281 0
    outer loop
      vertex 22.0339 -14.7226 11.5
      vertex 22.9497 -13.25 3
      vertex 22.9497 -13.25 11.5
    endloop
  endfacet
  facet normal 0.849182 -0.5281 0
    outer loop
      vertex 22.9497 -13.25 3
      vertex 22.0339 -14.7226 11.5
      vertex 22.0339 -14.7226 3
    endloop
  endfacet
  facet normal 0 0 -1
    outer loop
      vertex 10.7773 22 2.5
      vertex 14.7226 22.0339 2.5
      vertex 14.77 22 2.5
    endloop
  endfacet
  facet normal -0 0 -1
    outer loop
      vertex 14.7226 22.0339 2.5
      vertex 10.7773 22 2.5
      vertex 13.25 22.9497 2.5
    endloop
  endfacet
  facet normal -0 0 -1
    outer loop
      vertex 13.25 22.9497 2.5
      vertex 10.7773 22 2.5
      vertex 11.7206 23.7671 2.5
    endloop
  endfacet
  facet normal 0 0 -1
    outer loop
      vertex 10.7773 22 2.5
      vertex 10.1411 24.4828 2.5
      vertex 11.7206 23.7671 2.5
    endloop
  endfacet
  facet normal 0 0 -1
    outer loop
      vertex 9.37574 22.635 2.5
      vertex 10.1411 24.4828 2.5
      vertex 10.7773 22 2.5
    endloop
  endfacet
  facet normal 0 0 -1
    outer loop
      vertex 9.37574 22.635 2.5
      vertex 8.51815 25.0936 2.5
      vertex 10.1411 24.4828 2.5
    endloop
  endfacet
  facet normal 0 0 -1
    outer loop
      vertex 7.87527 23.1998 2.5
      vertex 8.51815 25.0936 2.5
      vertex 9.37574 22.635 2.5
    endloop
  endfacet
  facet normal 0 0 -1
    outer loop
      vertex 7.87527 23.1998 2.5
      vertex 6.8587 25.597 2.5
      vertex 8.51815 25.0936 2.5
    endloop
  endfacet
  facet normal 0 0 -1
    outer loop
      vertex 6.34107 23.6652 2.5
      vertex 6.8587 25.597 2.5
      vertex 7.87527 23.1998 2.5
    endloop
  endfacet
  facet normal 0 0 -1
    outer loop
      vertex 6.34107 23.6652 2.5
      vertex 5.16989 25.9908 2.5
      vertex 6.8587 25.597 2.5
    endloop
  endfacet
  facet normal 0 0 -1
    outer loop
      vertex 4.77971 24.0292 2.5
      vertex 5.16989 25.9908 2.5
      vertex 6.34107 23.6652 2.5
    endloop
  endfacet
  facet normal 0 0 -1
    outer loop
      vertex 4.77971 24.0292 2.5
      vertex 3.45894 26.2733 2.5
      vertex 5.16989 25.9908 2.5
    endloop
  endfacet
  facet normal 0 0 -1
    outer loop
      vertex 3.19789 24.2904 2.5
      vertex 3.45894 26.2733 2.5
      vertex 4.77971 24.0292 2.5
    endloop
  endfacet
  facet normal 0 0 -1
    outer loop
      vertex 3.19789 24.2904 2.5
      vertex 1.73318 26.4433 2.5
      vertex 3.45894 26.2733 2.5
    endloop
  endfacet
  facet normal 0 0 -1
    outer loop
      vertex 1.60238 24.4475 2.5
      vertex 1.73318 26.4433 2.5
      vertex 3.19789 24.2904 2.5
    endloop
  endfacet
  facet normal 0 0 -1
    outer loop
      vertex 0 24.5 2.5
      vertex 1.73318 26.4433 2.5
      vertex 1.60238 24.4475 2.5
    endloop
  endfacet
  facet normal 0 0 -1
    outer loop
      vertex 0 24.5 2.5
      vertex 0 26.5 2.5
      vertex 1.73318 26.4433 2.5
    endloop
  endfacet
  facet normal 0 0 -1
    outer loop
      vertex -1.60238 24.4475 2.5
      vertex 0 26.5 2.5
      vertex 0 24.5 2.5
    endloop
  endfacet
  facet normal 0 0 -1
    outer loop
      vertex -1.60238 24.4475 2.5
      vertex -1.73318 26.4433 2.5
      vertex 0 26.5 2.5
    endloop
  endfacet
  facet normal 0 0 -1
    outer loop
      vertex -3.19789 24.2904 2.5
      vertex -1.73318 26.4433 2.5
      vertex -1.60238 24.4475 2.5
    endloop
  endfacet
  facet normal 0 0 -1
    outer loop
      vertex -3.19789 24.2904 2.5
      vertex -3.45894 26.2733 2.5
      vertex -1.73318 26.4433 2.5
    endloop
  endfacet
  facet normal 0 0 -1
    outer loop
      vertex -4.77971 24.0292 2.5
      vertex -3.45894 26.2733 2.5
      vertex -3.19789 24.2904 2.5
    endloop
  endfacet
  facet normal 0 0 -1
    outer loop
      vertex -4.77971 24.0292 2.5
      vertex -5.16989 25.9908 2.5
      vertex -3.45894 26.2733 2.5
    endloop
  endfacet
  facet normal 0 0 -1
    outer loop
      vertex -6.34107 23.6652 2.5
      vertex -5.16989 25.9908 2.5
      vertex -4.77971 24.0292 2.5
    endloop
  endfacet
  facet normal 0 0 -1
    outer loop
      vertex -6.34107 23.6652 2.5
      vertex -6.8587 25.597 2.5
      vertex -5.16989 25.9908 2.5
    endloop
  endfacet
  facet normal 0 0 -1
    outer loop
      vertex -7.87527 23.1998 2.5
      vertex -6.8587 25.597 2.5
      vertex -6.34107 23.6652 2.5
    endloop
  endfacet
  facet normal 0 0 -1
    outer loop
      vertex -7.87527 23.1998 2.5
      vertex -8.51815 25.0936 2.5
      vertex -6.8587 25.597 2.5
    endloop
  endfacet
  facet normal 0 0 -1
    outer loop
      vertex -9.37574 22.635 2.5
      vertex -8.51815 25.0936 2.5
      vertex -7.87527 23.1998 2.5
    endloop
  endfacet
  facet normal 0 0 -1
    outer loop
      vertex -9.37574 22.635 2.5
      vertex -10.1411 24.4828 2.5
      vertex -8.51815 25.0936 2.5
    endloop
  endfacet
  facet normal 0 0 -1
    outer loop
      vertex -10.7773 22 2.5
      vertex -10.1411 24.4828 2.5
      vertex -9.37574 22.635 2.5
    endloop
  endfacet
  facet normal 0 0 -1
    outer loop
      vertex -10.7773 22 2.5
      vertex -11.7206 23.7671 2.5
      vertex -10.1411 24.4828 2.5
    endloop
  endfacet
  facet normal 0 0 -1
    outer loop
      vertex -10.7773 22 2.5
      vertex -13.25 22.9497 2.5
      vertex -11.7206 23.7671 2.5
    endloop
  endfacet
  facet normal 0 0 -1
    outer loop
      vertex -10.7773 22 2.5
      vertex -14.7226 22.0339 2.5
      vertex -13.25 22.9497 2.5
    endloop
  endfacet
  facet normal 0 -0 -1
    outer loop
      vertex -14.7226 22.0339 2.5
      vertex -10.7773 22 2.5
      vertex -14.77 22 2.5
    endloop
  endfacet
  facet normal 0 0 -1
    outer loop
      vertex 1.73318 -26.4433 2.5
      vertex 5.11423 -26 2.5
      vertex 3.45894 -26.2733 2.5
    endloop
  endfacet
  facet normal 0 0 -1
    outer loop
      vertex 0 -26.5 2.5
      vertex 5.11423 -26 2.5
      vertex 1.73318 -26.4433 2.5
    endloop
  endfacet
  facet normal 0 0 -1
    outer loop
      vertex -1.73318 -26.4433 2.5
      vertex 5.11423 -26 2.5
      vertex 0 -26.5 2.5
    endloop
  endfacet
  facet normal 0 0 -1
    outer loop
      vertex -3.45894 -26.2733 2.5
      vertex 5.11423 -26 2.5
      vertex -1.73318 -26.4433 2.5
    endloop
  endfacet
  facet normal -0 0 -1
    outer loop
      vertex 5.11423 -26 2.5
      vertex -3.45894 -26.2733 2.5
      vertex -5.11423 -26 2.5
    endloop
  endfacet
  facet normal -0.412725 0.910856 0
    outer loop
      vertex -10.1411 24.4828 2.5
      vertex -11.7206 23.7671 11.5
      vertex -10.1411 24.4828 11.5
    endloop
  endfacet
  facet normal -0.412725 0.910856 0
    outer loop
      vertex -11.7206 23.7671 11.5
      vertex -10.1411 24.4828 2.5
      vertex -11.7206 23.7671 2.5
    endloop
  endfacet
  facet normal 0.0326969 -0.999465 0
    outer loop
      vertex 0 -26.5 2.5
      vertex 1.73318 -26.4433 11.5
      vertex 0 -26.5 11.5
    endloop
  endfacet
  facet normal 0.0326969 -0.999465 0
    outer loop
      vertex 1.73318 -26.4433 11.5
      vertex 0 -26.5 2.5
      vertex 1.73318 -26.4433 2.5
    endloop
  endfacet
  facet normal 0.5281 -0.849182 0
    outer loop
      vertex 13.25 -22.9497 3
      vertex 14.7226 -22.0339 11.5
      vertex 13.25 -22.9497 11.5
    endloop
  endfacet
  facet normal 0.5281 -0.849182 0
    outer loop
      vertex 14.7226 -22.0339 11.5
      vertex 13.25 -22.9497 3
      vertex 14.7226 -22.0339 3
    endloop
  endfacet
  facet normal 0.290291 0.956939 -0
    outer loop
      vertex 8.51815 25.0936 2.5
      vertex 6.8587 25.597 11.5
      vertex 8.51815 25.0936 11.5
    endloop
  endfacet
  facet normal 0.290291 0.956939 0
    outer loop
      vertex 6.8587 25.597 11.5
      vertex 8.51815 25.0936 2.5
      vertex 6.8587 25.597 2.5
    endloop
  endfacet
  facet normal 0.999465 0.0326969 0
    outer loop
      vertex 26.5 0 11.5
      vertex 26.4433 1.73318 3
      vertex 26.4433 1.73318 11.5
    endloop
  endfacet
  facet normal 0.999465 0.0326969 0
    outer loop
      vertex 26.4433 1.73318 3
      vertex 26.5 0 11.5
      vertex 26.5 0 3
    endloop
  endfacet
  facet normal 0.729825 -0.683634 0
    outer loop
      vertex 18.7383 -18.7383 11.5
      vertex 19.9238 -17.4727 3
      vertex 19.9238 -17.4727 11.5
    endloop
  endfacet
  facet normal 0.729825 -0.683634 0
    outer loop
      vertex 19.9238 -17.4727 3
      vertex 18.7383 -18.7383 11.5
      vertex 18.7383 -18.7383 3
    endloop
  endfacet
  facet normal -0.634386 0.773016 0
    outer loop
      vertex -16.1322 21.0239 3
      vertex -17.4727 19.9238 11.5
      vertex -16.1322 21.0239 11.5
    endloop
  endfacet
  facet normal -0.634386 0.773016 0
    outer loop
      vertex -17.4727 19.9238 11.5
      vertex -16.1322 21.0239 3
      vertex -17.4727 19.9238 3
    endloop
  endfacet
  facet normal 0.47136 0.881941 -0
    outer loop
      vertex 13.25 22.9497 2.5
      vertex 11.7206 23.7671 11.5
      vertex 13.25 22.9497 11.5
    endloop
  endfacet
  facet normal 0.47136 0.881941 0
    outer loop
      vertex 11.7206 23.7671 11.5
      vertex 13.25 22.9497 2.5
      vertex 11.7206 23.7671 2.5
    endloop
  endfacet
  facet normal 0.999465 -0.0326969 0
    outer loop
      vertex 26.4433 -1.73318 11.5
      vertex 26.5 0 3
      vertex 26.5 0 11.5
    endloop
  endfacet
  facet normal 0.999465 -0.0326969 0
    outer loop
      vertex 26.5 0 3
      vertex 26.4433 -1.73318 11.5
      vertex 26.4433 -1.73318 3
    endloop
  endfacet
  facet normal 0.5281 0.849182 -0
    outer loop
      vertex 14.7226 22.0339 2.5
      vertex 13.25 22.9497 11.5
      vertex 14.7226 22.0339 11.5
    endloop
  endfacet
  facet normal 0.5281 0.849182 0
    outer loop
      vertex 13.25 22.9497 11.5
      vertex 14.7226 22.0339 2.5
      vertex 13.25 22.9497 2.5
    endloop
  endfacet
  facet normal 0.47136 -0.881941 0
    outer loop
      vertex 11.7206 -23.7671 3
      vertex 13.25 -22.9497 11.5
      vertex 11.7206 -23.7671 11.5
    endloop
  endfacet
  facet normal 0.47136 -0.881941 0
    outer loop
      vertex 13.25 -22.9497 11.5
      vertex 11.7206 -23.7671 3
      vertex 13.25 -22.9497 3
    endloop
  endfacet
  facet normal -0.582438 0.812875 6.00823e-06
    outer loop
      vertex -14.7226 22.0339 11.5
      vertex -14.77 22 3
      vertex -16.1322 21.0239 11.5
    endloop
  endfacet
  facet normal -0.581725 0.813385 0
    outer loop
      vertex -14.7226 22.0339 2.5
      vertex -14.77 22 3
      vertex -14.7226 22.0339 11.5
    endloop
  endfacet
  facet normal -0.581725 0.813385 0
    outer loop
      vertex -14.77 22 3
      vertex -14.7226 22.0339 2.5
      vertex -14.77 22 2.5
    endloop
  endfacet
  facet normal -0.582462 0.812858 0
    outer loop
      vertex -16.1322 21.0239 11.5
      vertex -14.77 22 3
      vertex -16.1322 21.0239 3
    endloop
  endfacet
  facet normal 0.582438 0.812875 -0
    outer loop
      vertex 16.1322 21.0239 3
      vertex 14.7226 22.0339 11.5
      vertex 16.1322 21.0239 11.5
    endloop
  endfacet
  facet normal 0.582462 0.812858 6.21716e-06
    outer loop
      vertex 14.77 22 3
      vertex 14.7226 22.0339 11.5
      vertex 16.1322 21.0239 3
    endloop
  endfacet
  facet normal 0.581725 0.813385 0
    outer loop
      vertex 14.7226 22.0339 2.5
      vertex 14.77 22 3
      vertex 14.77 22 2.5
    endloop
  endfacet
  facet normal 0.581725 0.813385 0
    outer loop
      vertex 14.77 22 3
      vertex 14.7226 22.0339 2.5
      vertex 14.7226 22.0339 11.5
    endloop
  endfacet
  facet normal 0 0 1
    outer loop
      vertex 24.5 0 11.5
      vertex 26.5 0 11.5
      vertex 26.4433 1.73318 11.5
    endloop
  endfacet
  facet normal 0 0 1
    outer loop
      vertex 24.4475 1.60238 11.5
      vertex 26.4433 1.73318 11.5
      vertex 26.2733 3.45894 11.5
    endloop
  endfacet
  facet normal 0 0 1
    outer loop
      vertex 26.5 0 11.5
      vertex 24.5 0 11.5
      vertex 26.4433 -1.73318 11.5
    endloop
  endfacet
  facet normal 0 0 1
    outer loop
      vertex 24.2904 3.19789 11.5
      vertex 26.2733 3.45894 11.5
      vertex 25.9908 5.16989 11.5
    endloop
  endfacet
  facet normal -0 0 1
    outer loop
      vertex 24.4475 -1.60238 11.5
      vertex 26.4433 -1.73318 11.5
      vertex 24.5 0 11.5
    endloop
  endfacet
  facet normal 0 0 1
    outer loop
      vertex 24.0292 4.77971 11.5
      vertex 25.9908 5.16989 11.5
      vertex 25.597 6.8587 11.5
    endloop
  endfacet
  facet normal 0 0 1
    outer loop
      vertex 26.4433 -1.73318 11.5
      vertex 24.4475 -1.60238 11.5
      vertex 26.2733 -3.45894 11.5
    endloop
  endfacet
  facet normal 0 0 1
    outer loop
      vertex 23.6652 6.34107 11.5
      vertex 25.597 6.8587 11.5
      vertex 25.0936 8.51815 11.5
    endloop
  endfacet
  facet normal -0 0 1
    outer loop
      vertex 24.2904 -3.19789 11.5
      vertex 26.2733 -3.45894 11.5
      vertex 24.4475 -1.60238 11.5
    endloop
  endfacet
  facet normal 0 0 1
    outer loop
      vertex 26.2733 -3.45894 11.5
      vertex 24.2904 -3.19789 11.5
      vertex 25.9908 -5.16989 11.5
    endloop
  endfacet
  facet normal 0 0 1
    outer loop
      vertex 23.1998 7.87527 11.5
      vertex 25.0936 8.51815 11.5
      vertex 24.4828 10.1411 11.5
    endloop
  endfacet
  facet normal 0 0 1
    outer loop
      vertex 26.4433 1.73318 11.5
      vertex 24.4475 1.60238 11.5
      vertex 24.5 0 11.5
    endloop
  endfacet
  facet normal 0 0 1
    outer loop
      vertex 26.2733 3.45894 11.5
      vertex 24.2904 3.19789 11.5
      vertex 24.4475 1.60238 11.5
    endloop
  endfacet
  facet normal 0 0 1
    outer loop
      vertex 25.9908 5.16989 11.5
      vertex 24.0292 4.77971 11.5
      vertex 24.2904 3.19789 11.5
    endloop
  endfacet
  facet normal 0 0 1
    outer loop
      vertex 22.635 9.37574 11.5
      vertex 24.4828 10.1411 11.5
      vertex 23.7671 11.7206 11.5
    endloop
  endfacet
  facet normal 0 0 1
    outer loop
      vertex 25.597 6.8587 11.5
      vertex 23.6652 6.34107 11.5
      vertex 24.0292 4.77971 11.5
    endloop
  endfacet
  facet normal 0 0 1
    outer loop
      vertex 25.0936 8.51815 11.5
      vertex 23.1998 7.87527 11.5
      vertex 23.6652 6.34107 11.5
    endloop
  endfacet
  facet normal 0 0 1
    outer loop
      vertex 21.9734 10.8361 11.5
      vertex 23.7671 11.7206 11.5
      vertex 22.9497 13.25 11.5
    endloop
  endfacet
  facet normal 0 0 1
    outer loop
      vertex 24.4828 10.1411 11.5
      vertex 22.635 9.37574 11.5
      vertex 23.1998 7.87527 11.5
    endloop
  endfacet
  facet normal 0 0 1
    outer loop
      vertex 21.2176 12.25 11.5
      vertex 22.9497 13.25 11.5
      vertex 22.0339 14.7226 11.5
    endloop
  endfacet
  facet normal 0 0 1
    outer loop
      vertex 23.7671 11.7206 11.5
      vertex 21.9734 10.8361 11.5
      vertex 22.635 9.37574 11.5
    endloop
  endfacet
  facet normal 0 0 1
    outer loop
      vertex 22.9497 13.25 11.5
      vertex 21.2176 12.25 11.5
      vertex 21.9734 10.8361 11.5
    endloop
  endfacet
  facet normal 0 0 1
    outer loop
      vertex 20.371 13.6115 11.5
      vertex 22.0339 14.7226 11.5
      vertex 21.0239 16.1322 11.5
    endloop
  endfacet
  facet normal 0 0 1
    outer loop
      vertex 22.0339 14.7226 11.5
      vertex 20.371 13.6115 11.5
      vertex 21.2176 12.25 11.5
    endloop
  endfacet
  facet normal 0 0 1
    outer loop
      vertex 19.4372 14.9147 11.5
      vertex 21.0239 16.1322 11.5
      vertex 19.9238 17.4727 11.5
    endloop
  endfacet
  facet normal 0 0 1
    outer loop
      vertex 21.0239 16.1322 11.5
      vertex 19.4372 14.9147 11.5
      vertex 20.371 13.6115 11.5
    endloop
  endfacet
  facet normal 0 0 1
    outer loop
      vertex 18.4201 16.154 11.5
      vertex 19.9238 17.4727 11.5
      vertex 18.7383 18.7383 11.5
    endloop
  endfacet
  facet normal 0 0 1
    outer loop
      vertex 19.9238 17.4727 11.5
      vertex 18.4201 16.154 11.5
      vertex 19.4372 14.9147 11.5
    endloop
  endfacet
  facet normal 0 0 1
    outer loop
      vertex 17.3241 17.3241 11.5
      vertex 18.7383 18.7383 11.5
      vertex 17.4727 19.9238 11.5
    endloop
  endfacet
  facet normal 0 0 1
    outer loop
      vertex 18.7383 18.7383 11.5
      vertex 17.3241 17.3241 11.5
      vertex 18.4201 16.154 11.5
    endloop
  endfacet
  facet normal 0 0 1
    outer loop
      vertex 17.4727 19.9238 11.5
      vertex 16.154 18.4201 11.5
      vertex 17.3241 17.3241 11.5
    endloop
  endfacet
  facet normal 0 0 1
    outer loop
      vertex 16.1322 21.0239 11.5
      vertex 16.154 18.4201 11.5
      vertex 17.4727 19.9238 11.5
    endloop
  endfacet
  facet normal 0 0 1
    outer loop
      vertex 16.1322 21.0239 11.5
      vertex 14.9147 19.4372 11.5
      vertex 16.154 18.4201 11.5
    endloop
  endfacet
  facet normal 0 0 1
    outer loop
      vertex 14.7226 22.0339 11.5
      vertex 14.9147 19.4372 11.5
      vertex 16.1322 21.0239 11.5
    endloop
  endfacet
  facet normal 0 0 1
    outer loop
      vertex 14.7226 22.0339 11.5
      vertex 13.6115 20.371 11.5
      vertex 14.9147 19.4372 11.5
    endloop
  endfacet
  facet normal 0 0 1
    outer loop
      vertex 13.25 22.9497 11.5
      vertex 13.6115 20.371 11.5
      vertex 14.7226 22.0339 11.5
    endloop
  endfacet
  facet normal 0 0 1
    outer loop
      vertex 13.25 22.9497 11.5
      vertex 12.25 21.2176 11.5
      vertex 13.6115 20.371 11.5
    endloop
  endfacet
  facet normal 0 0 1
    outer loop
      vertex 11.7206 23.7671 11.5
      vertex 12.25 21.2176 11.5
      vertex 13.25 22.9497 11.5
    endloop
  endfacet
  facet normal 0 0 1
    outer loop
      vertex 11.7206 23.7671 11.5
      vertex 10.8361 21.9734 11.5
      vertex 12.25 21.2176 11.5
    endloop
  endfacet
  facet normal 0 0 1
    outer loop
      vertex 10.1411 24.4828 11.5
      vertex 10.8361 21.9734 11.5
      vertex 11.7206 23.7671 11.5
    endloop
  endfacet
  facet normal 0 0 1
    outer loop
      vertex 10.1411 24.4828 11.5
      vertex 9.37574 22.635 11.5
      vertex 10.8361 21.9734 11.5
    endloop
  endfacet
  facet normal 0 0 1
    outer loop
      vertex 8.51815 25.0936 11.5
      vertex 9.37574 22.635 11.5
      vertex 10.1411 24.4828 11.5
    endloop
  endfacet
  facet normal 0 0 1
    outer loop
      vertex 8.51815 25.0936 11.5
      vertex 7.87527 23.1998 11.5
      vertex 9.37574 22.635 11.5
    endloop
  endfacet
  facet normal 0 0 1
    outer loop
      vertex 6.8587 25.597 11.5
      vertex 7.87527 23.1998 11.5
      vertex 8.51815 25.0936 11.5
    endloop
  endfacet
  facet normal 0 0 1
    outer loop
      vertex 6.8587 25.597 11.5
      vertex 6.34107 23.6652 11.5
      vertex 7.87527 23.1998 11.5
    endloop
  endfacet
  facet normal 0 0 1
    outer loop
      vertex 5.16989 25.9908 11.5
      vertex 6.34107 23.6652 11.5
      vertex 6.8587 25.597 11.5
    endloop
  endfacet
  facet normal 0 0 1
    outer loop
      vertex 5.16989 25.9908 11.5
      vertex 4.77971 24.0292 11.5
      vertex 6.34107 23.6652 11.5
    endloop
  endfacet
  facet normal 0 0 1
    outer loop
      vertex 3.45894 26.2733 11.5
      vertex 4.77971 24.0292 11.5
      vertex 5.16989 25.9908 11.5
    endloop
  endfacet
  facet normal 0 0 1
    outer loop
      vertex 3.45894 26.2733 11.5
      vertex 3.19789 24.2904 11.5
      vertex 4.77971 24.0292 11.5
    endloop
  endfacet
  facet normal 0 0 1
    outer loop
      vertex 1.73318 26.4433 11.5
      vertex 3.19789 24.2904 11.5
      vertex 3.45894 26.2733 11.5
    endloop
  endfacet
  facet normal 0 0 1
    outer loop
      vertex 1.73318 26.4433 11.5
      vertex 1.60238 24.4475 11.5
      vertex 3.19789 24.2904 11.5
    endloop
  endfacet
  facet normal 0 0 1
    outer loop
      vertex 0 26.5 11.5
      vertex 1.60238 24.4475 11.5
      vertex 1.73318 26.4433 11.5
    endloop
  endfacet
  facet normal 0 0 1
    outer loop
      vertex 0 26.5 11.5
      vertex 0 24.5 11.5
      vertex 1.60238 24.4475 11.5
    endloop
  endfacet
  facet normal 0 0 1
    outer loop
      vertex 0 26.5 11.5
      vertex -1.60238 24.4475 11.5
      vertex 0 24.5 11.5
    endloop
  endfacet
  facet normal -0 0 1
    outer loop
      vertex -1.73318 26.4433 11.5
      vertex -1.60238 24.4475 11.5
      vertex 0 26.5 11.5
    endloop
  endfacet
  facet normal 0 0 1
    outer loop
      vertex -1.73318 26.4433 11.5
      vertex -3.19789 24.2904 11.5
      vertex -1.60238 24.4475 11.5
    endloop
  endfacet
  facet normal -0 0 1
    outer loop
      vertex -3.45894 26.2733 11.5
      vertex -3.19789 24.2904 11.5
      vertex -1.73318 26.4433 11.5
    endloop
  endfacet
  facet normal 0 0 1
    outer loop
      vertex -3.45894 26.2733 11.5
      vertex -4.77971 24.0292 11.5
      vertex -3.19789 24.2904 11.5
    endloop
  endfacet
  facet normal -0 0 1
    outer loop
      vertex -5.16989 25.9908 11.5
      vertex -4.77971 24.0292 11.5
      vertex -3.45894 26.2733 11.5
    endloop
  endfacet
  facet normal 0 0 1
    outer loop
      vertex -5.16989 25.9908 11.5
      vertex -6.34107 23.6652 11.5
      vertex -4.77971 24.0292 11.5
    endloop
  endfacet
  facet normal -0 0 1
    outer loop
      vertex -6.8587 25.597 11.5
      vertex -6.34107 23.6652 11.5
      vertex -5.16989 25.9908 11.5
    endloop
  endfacet
  facet normal 0 0 1
    outer loop
      vertex -6.8587 25.597 11.5
      vertex -7.87527 23.1998 11.5
      vertex -6.34107 23.6652 11.5
    endloop
  endfacet
  facet normal -0 0 1
    outer loop
      vertex -8.51815 25.0936 11.5
      vertex -7.87527 23.1998 11.5
      vertex -6.8587 25.597 11.5
    endloop
  endfacet
  facet normal 0 0 1
    outer loop
      vertex -8.51815 25.0936 11.5
      vertex -9.37574 22.635 11.5
      vertex -7.87527 23.1998 11.5
    endloop
  endfacet
  facet normal -0 0 1
    outer loop
      vertex -10.1411 24.4828 11.5
      vertex -9.37574 22.635 11.5
      vertex -8.51815 25.0936 11.5
    endloop
  endfacet
  facet normal 0 0 1
    outer loop
      vertex -10.1411 24.4828 11.5
      vertex -10.8361 21.9734 11.5
      vertex -9.37574 22.635 11.5
    endloop
  endfacet
  facet normal -0 0 1
    outer loop
      vertex -11.7206 23.7671 11.5
      vertex -10.8361 21.9734 11.5
      vertex -10.1411 24.4828 11.5
    endloop
  endfacet
  facet normal 0 0 1
    outer loop
      vertex -11.7206 23.7671 11.5
      vertex -12.25 21.2176 11.5
      vertex -10.8361 21.9734 11.5
    endloop
  endfacet
  facet normal -0 0 1
    outer loop
      vertex -13.25 22.9497 11.5
      vertex -12.25 21.2176 11.5
      vertex -11.7206 23.7671 11.5
    endloop
  endfacet
  facet normal 0 0 1
    outer loop
      vertex -13.25 22.9497 11.5
      vertex -13.6115 20.371 11.5
      vertex -12.25 21.2176 11.5
    endloop
  endfacet
  facet normal -0 0 1
    outer loop
      vertex -14.7226 22.0339 11.5
      vertex -13.6115 20.371 11.5
      vertex -13.25 22.9497 11.5
    endloop
  endfacet
  facet normal 0 0 1
    outer loop
      vertex -14.7226 22.0339 11.5
      vertex -14.9147 19.4372 11.5
      vertex -13.6115 20.371 11.5
    endloop
  endfacet
  facet normal -0 0 1
    outer loop
      vertex -16.1322 21.0239 11.5
      vertex -14.9147 19.4372 11.5
      vertex -14.7226 22.0339 11.5
    endloop
  endfacet
  facet normal 0 0 1
    outer loop
      vertex -16.1322 21.0239 11.5
      vertex -16.154 18.4201 11.5
      vertex -14.9147 19.4372 11.5
    endloop
  endfacet
  facet normal -0 0 1
    outer loop
      vertex -17.4727 19.9238 11.5
      vertex -16.154 18.4201 11.5
      vertex -16.1322 21.0239 11.5
    endloop
  endfacet
  facet normal 0 0 1
    outer loop
      vertex -16.154 18.4201 11.5
      vertex -17.4727 19.9238 11.5
      vertex -17.3241 17.3241 11.5
    endloop
  endfacet
  facet normal -0 0 1
    outer loop
      vertex -18.7383 18.7383 11.5
      vertex -17.3241 17.3241 11.5
      vertex -17.4727 19.9238 11.5
    endloop
  endfacet
  facet normal 0 0 1
    outer loop
      vertex -17.3241 17.3241 11.5
      vertex -18.7383 18.7383 11.5
      vertex -18.4201 16.154 11.5
    endloop
  endfacet
  facet normal -0 0 1
    outer loop
      vertex -19.9238 17.4727 11.5
      vertex -18.4201 16.154 11.5
      vertex -18.7383 18.7383 11.5
    endloop
  endfacet
  facet normal 0 0 1
    outer loop
      vertex -18.4201 16.154 11.5
      vertex -19.9238 17.4727 11.5
      vertex -19.4372 14.9147 11.5
    endloop
  endfacet
  facet normal -0 0 1
    outer loop
      vertex -21.0239 16.1322 11.5
      vertex -19.4372 14.9147 11.5
      vertex -19.9238 17.4727 11.5
    endloop
  endfacet
  facet normal 0 0 1
    outer loop
      vertex -19.4372 14.9147 11.5
      vertex -21.0239 16.1322 11.5
      vertex -20.371 13.6115 11.5
    endloop
  endfacet
  facet normal -0 0 1
    outer loop
      vertex -22.0339 14.7226 11.5
      vertex -20.371 13.6115 11.5
      vertex -21.0239 16.1322 11.5
    endloop
  endfacet
  facet normal 0 0 1
    outer loop
      vertex -20.371 13.6115 11.5
      vertex -22.0339 14.7226 11.5
      vertex -21.2176 12.25 11.5
    endloop
  endfacet
  facet normal -0 0 1
    outer loop
      vertex -22.9497 13.25 11.5
      vertex -21.2176 12.25 11.5
      vertex -22.0339 14.7226 11.5
    endloop
  endfacet
  facet normal 0 0 1
    outer loop
      vertex -21.2176 12.25 11.5
      vertex -22.9497 13.25 11.5
      vertex -21.9734 10.8361 11.5
    endloop
  endfacet
  facet normal -0 0 1
    outer loop
      vertex -23.7671 11.7206 11.5
      vertex -21.9734 10.8361 11.5
      vertex -22.9497 13.25 11.5
    endloop
  endfacet
  facet normal 0 0 1
    outer loop
      vertex -21.9734 10.8361 11.5
      vertex -23.7671 11.7206 11.5
      vertex -22.635 9.37574 11.5
    endloop
  endfacet
  facet normal -0 0 1
    outer loop
      vertex -24.4828 10.1411 11.5
      vertex -22.635 9.37574 11.5
      vertex -23.7671 11.7206 11.5
    endloop
  endfacet
  facet normal 0 0 1
    outer loop
      vertex -22.635 9.37574 11.5
      vertex -24.4828 10.1411 11.5
      vertex -23.1998 7.87527 11.5
    endloop
  endfacet
  facet normal -0 0 1
    outer loop
      vertex -25.0936 8.51815 11.5
      vertex -23.1998 7.87527 11.5
      vertex -24.4828 10.1411 11.5
    endloop
  endfacet
  facet normal 0 0 1
    outer loop
      vertex -23.1998 7.87527 11.5
      vertex -25.0936 8.51815 11.5
      vertex -23.6652 6.34107 11.5
    endloop
  endfacet
  facet normal -0 0 1
    outer loop
      vertex -25.597 6.8587 11.5
      vertex -23.6652 6.34107 11.5
      vertex -25.0936 8.51815 11.5
    endloop
  endfacet
  facet normal 0 0 1
    outer loop
      vertex -23.6652 6.34107 11.5
      vertex -25.597 6.8587 11.5
      vertex -24.0292 4.77971 11.5
    endloop
  endfacet
  facet normal -0 0 1
    outer loop
      vertex -25.9908 5.16989 11.5
      vertex -24.0292 4.77971 11.5
      vertex -25.597 6.8587 11.5
    endloop
  endfacet
  facet normal 0 0 1
    outer loop
      vertex -24.0292 4.77971 11.5
      vertex -25.9908 5.16989 11.5
      vertex -24.2904 3.19789 11.5
    endloop
  endfacet
  facet normal -0 0 1
    outer loop
      vertex 24.0292 -4.77971 11.5
      vertex 25.9908 -5.16989 11.5
      vertex 24.2904 -3.19789 11.5
    endloop
  endfacet
  facet normal 0 0 1
    outer loop
      vertex 25.9908 -5.16989 11.5
      vertex 24.0292 -4.77971 11.5
      vertex 25.597 -6.8587 11.5
    endloop
  endfacet
  facet normal -0 0 1
    outer loop
      vertex 23.6652 -6.34107 11.5
      vertex 25.597 -6.8587 11.5
      vertex 24.0292 -4.77971 11.5
    endloop
  endfacet
  facet normal 0 0 1
    outer loop
      vertex 25.597 -6.8587 11.5
      vertex 23.6652 -6.34107 11.5
      vertex 25.0936 -8.51815 11.5
    endloop
  endfacet
  facet normal -0 0 1
    outer loop
      vertex 23.1998 -7.87527 11.5
      vertex 25.0936 -8.51815 11.5
      vertex 23.6652 -6.34107 11.5
    endloop
  endfacet
  facet normal 0 0 1
    outer loop
      vertex 25.0936 -8.51815 11.5
      vertex 23.1998 -7.87527 11.5
      vertex 24.4828 -10.1411 11.5
    endloop
  endfacet
  facet normal -0 0 1
    outer loop
      vertex 22.635 -9.37574 11.5
      vertex 24.4828 -10.1411 11.5
      vertex 23.1998 -7.87527 11.5
    endloop
  endfacet
  facet normal 0 0 1
    outer loop
      vertex 24.4828 -10.1411 11.5
      vertex 22.635 -9.37574 11.5
      vertex 23.7671 -11.7206 11.5
    endloop
  endfacet
  facet normal -0 0 1
    outer loop
      vertex 21.9734 -10.8361 11.5
      vertex 23.7671 -11.7206 11.5
      vertex 22.635 -9.37574 11.5
    endloop
  endfacet
  facet normal 0 0 1
    outer loop
      vertex 23.7671 -11.7206 11.5
      vertex 21.9734 -10.8361 11.5
      vertex 22.9497 -13.25 11.5
    endloop
  endfacet
  facet normal -0 0 1
    outer loop
      vertex 21.2176 -12.25 11.5
      vertex 22.9497 -13.25 11.5
      vertex 21.9734 -10.8361 11.5
    endloop
  endfacet
  facet normal 0 0 1
    outer loop
      vertex 22.9497 -13.25 11.5
      vertex 21.2176 -12.25 11.5
      vertex 22.0339 -14.7226 11.5
    endloop
  endfacet
  facet normal -0 0 1
    outer loop
      vertex 20.371 -13.6115 11.5
      vertex 22.0339 -14.7226 11.5
      vertex 21.2176 -12.25 11.5
    endloop
  endfacet
  facet normal 0 0 1
    outer loop
      vertex 22.0339 -14.7226 11.5
      vertex 20.371 -13.6115 11.5
      vertex 21.0239 -16.1322 11.5
    endloop
  endfacet
  facet normal -0 0 1
    outer loop
      vertex 19.4372 -14.9147 11.5
      vertex 21.0239 -16.1322 11.5
      vertex 20.371 -13.6115 11.5
    endloop
  endfacet
  facet normal 0 0 1
    outer loop
      vertex 21.0239 -16.1322 11.5
      vertex 19.4372 -14.9147 11.5
      vertex 19.9238 -17.4727 11.5
    endloop
  endfacet
  facet normal -0 0 1
    outer loop
      vertex 18.4201 -16.154 11.5
      vertex 19.9238 -17.4727 11.5
      vertex 19.4372 -14.9147 11.5
    endloop
  endfacet
  facet normal 0 0 1
    outer loop
      vertex 19.9238 -17.4727 11.5
      vertex 18.4201 -16.154 11.5
      vertex 18.7383 -18.7383 11.5
    endloop
  endfacet
  facet normal -0 0 1
    outer loop
      vertex 17.3241 -17.3241 11.5
      vertex 18.7383 -18.7383 11.5
      vertex 18.4201 -16.154 11.5
    endloop
  endfacet
  facet normal 0 0 1
    outer loop
      vertex 18.7383 -18.7383 11.5
      vertex 17.3241 -17.3241 11.5
      vertex 17.4727 -19.9238 11.5
    endloop
  endfacet
  facet normal -0 0 1
    outer loop
      vertex 16.154 -18.4201 11.5
      vertex 17.4727 -19.9238 11.5
      vertex 17.3241 -17.3241 11.5
    endloop
  endfacet
  facet normal 0 0 1
    outer loop
      vertex 16.154 -18.4201 11.5
      vertex 16.1322 -21.0239 11.5
      vertex 17.4727 -19.9238 11.5
    endloop
  endfacet
  facet normal -0 0 1
    outer loop
      vertex 14.9147 -19.4372 11.5
      vertex 16.1322 -21.0239 11.5
      vertex 16.154 -18.4201 11.5
    endloop
  endfacet
  facet normal 0 0 1
    outer loop
      vertex 14.9147 -19.4372 11.5
      vertex 14.7226 -22.0339 11.5
      vertex 16.1322 -21.0239 11.5
    endloop
  endfacet
  facet normal -0 0 1
    outer loop
      vertex 13.6115 -20.371 11.5
      vertex 14.7226 -22.0339 11.5
      vertex 14.9147 -19.4372 11.5
    endloop
  endfacet
  facet normal 0 0 1
    outer loop
      vertex 13.6115 -20.371 11.5
      vertex 13.25 -22.9497 11.5
      vertex 14.7226 -22.0339 11.5
    endloop
  endfacet
  facet normal -0 0 1
    outer loop
      vertex 12.25 -21.2176 11.5
      vertex 13.25 -22.9497 11.5
      vertex 13.6115 -20.371 11.5
    endloop
  endfacet
  facet normal 0 0 1
    outer loop
      vertex 12.25 -21.2176 11.5
      vertex 11.7206 -23.7671 11.5
      vertex 13.25 -22.9497 11.5
    endloop
  endfacet
  facet normal -0 0 1
    outer loop
      vertex 10.8361 -21.9734 11.5
      vertex 11.7206 -23.7671 11.5
      vertex 12.25 -21.2176 11.5
    endloop
  endfacet
  facet normal 0 0 1
    outer loop
      vertex 10.8361 -21.9734 11.5
      vertex 10.1411 -24.4828 11.5
      vertex 11.7206 -23.7671 11.5
    endloop
  endfacet
  facet normal -0 0 1
    outer loop
      vertex 9.37574 -22.635 11.5
      vertex 10.1411 -24.4828 11.5
      vertex 10.8361 -21.9734 11.5
    endloop
  endfacet
  facet normal 0 0 1
    outer loop
      vertex 9.37574 -22.635 11.5
      vertex 8.51815 -25.0936 11.5
      vertex 10.1411 -24.4828 11.5
    endloop
  endfacet
  facet normal -0 0 1
    outer loop
      vertex 7.87527 -23.1998 11.5
      vertex 8.51815 -25.0936 11.5
      vertex 9.37574 -22.635 11.5
    endloop
  endfacet
  facet normal 0 0 1
    outer loop
      vertex 7.87527 -23.1998 11.5
      vertex 6.8587 -25.597 11.5
      vertex 8.51815 -25.0936 11.5
    endloop
  endfacet
  facet normal -0 0 1
    outer loop
      vertex 6.34107 -23.6652 11.5
      vertex 6.8587 -25.597 11.5
      vertex 7.87527 -23.1998 11.5
    endloop
  endfacet
  facet normal 0 0 1
    outer loop
      vertex 6.34107 -23.6652 11.5
      vertex 5.16989 -25.9908 11.5
      vertex 6.8587 -25.597 11.5
    endloop
  endfacet
  facet normal -0 0 1
    outer loop
      vertex 4.77971 -24.0292 11.5
      vertex 5.16989 -25.9908 11.5
      vertex 6.34107 -23.6652 11.5
    endloop
  endfacet
  facet normal 0 0 1
    outer loop
      vertex 4.77971 -24.0292 11.5
      vertex 3.45894 -26.2733 11.5
      vertex 5.16989 -25.9908 11.5
    endloop
  endfacet
  facet normal -0 0 1
    outer loop
      vertex 3.19789 -24.2904 11.5
      vertex 3.45894 -26.2733 11.5
      vertex 4.77971 -24.0292 11.5
    endloop
  endfacet
  facet normal 0 0 1
    outer loop
      vertex 3.19789 -24.2904 11.5
      vertex 1.73318 -26.4433 11.5
      vertex 3.45894 -26.2733 11.5
    endloop
  endfacet
  facet normal -0 0 1
    outer loop
      vertex 1.60238 -24.4475 11.5
      vertex 1.73318 -26.4433 11.5
      vertex 3.19789 -24.2904 11.5
    endloop
  endfacet
  facet normal -0 0 1
    outer loop
      vertex 0 -24.5 11.5
      vertex 1.73318 -26.4433 11.5
      vertex 1.60238 -24.4475 11.5
    endloop
  endfacet
  facet normal 0 0 1
    outer loop
      vertex 0 -24.5 11.5
      vertex 0 -26.5 11.5
      vertex 1.73318 -26.4433 11.5
    endloop
  endfacet
  facet normal 0 0 1
    outer loop
      vertex -1.60238 -24.4475 11.5
      vertex 0 -26.5 11.5
      vertex 0 -24.5 11.5
    endloop
  endfacet
  facet normal 0 0 1
    outer loop
      vertex -1.60238 -24.4475 11.5
      vertex -1.73318 -26.4433 11.5
      vertex 0 -26.5 11.5
    endloop
  endfacet
  facet normal 0 0 1
    outer loop
      vertex -3.19789 -24.2904 11.5
      vertex -1.73318 -26.4433 11.5
      vertex -1.60238 -24.4475 11.5
    endloop
  endfacet
  facet normal 0 0 1
    outer loop
      vertex -3.19789 -24.2904 11.5
      vertex -3.45894 -26.2733 11.5
      vertex -1.73318 -26.4433 11.5
    endloop
  endfacet
  facet normal 0 0 1
    outer loop
      vertex -4.77971 -24.0292 11.5
      vertex -3.45894 -26.2733 11.5
      vertex -3.19789 -24.2904 11.5
    endloop
  endfacet
  facet normal 0 0 1
    outer loop
      vertex -4.77971 -24.0292 11.5
      vertex -5.16989 -25.9908 11.5
      vertex -3.45894 -26.2733 11.5
    endloop
  endfacet
  facet normal 0 0 1
    outer loop
      vertex -6.34107 -23.6652 11.5
      vertex -5.16989 -25.9908 11.5
      vertex -4.77971 -24.0292 11.5
    endloop
  endfacet
  facet normal 0 0 1
    outer loop
      vertex -6.34107 -23.6652 11.5
      vertex -6.8587 -25.597 11.5
      vertex -5.16989 -25.9908 11.5
    endloop
  endfacet
  facet normal 0 0 1
    outer loop
      vertex -7.87527 -23.1998 11.5
      vertex -6.8587 -25.597 11.5
      vertex -6.34107 -23.6652 11.5
    endloop
  endfacet
  facet normal 0 0 1
    outer loop
      vertex -7.87527 -23.1998 11.5
      vertex -8.51815 -25.0936 11.5
      vertex -6.8587 -25.597 11.5
    endloop
  endfacet
  facet normal 0 0 1
    outer loop
      vertex -9.37574 -22.635 11.5
      vertex -8.51815 -25.0936 11.5
      vertex -7.87527 -23.1998 11.5
    endloop
  endfacet
  facet normal 0 0 1
    outer loop
      vertex -9.37574 -22.635 11.5
      vertex -10.1411 -24.4828 11.5
      vertex -8.51815 -25.0936 11.5
    endloop
  endfacet
  facet normal 0 0 1
    outer loop
      vertex -10.8361 -21.9734 11.5
      vertex -10.1411 -24.4828 11.5
      vertex -9.37574 -22.635 11.5
    endloop
  endfacet
  facet normal 0 0 1
    outer loop
      vertex -10.8361 -21.9734 11.5
      vertex -11.7206 -23.7671 11.5
      vertex -10.1411 -24.4828 11.5
    endloop
  endfacet
  facet normal 0 0 1
    outer loop
      vertex -12.25 -21.2176 11.5
      vertex -11.7206 -23.7671 11.5
      vertex -10.8361 -21.9734 11.5
    endloop
  endfacet
  facet normal 0 0 1
    outer loop
      vertex -12.25 -21.2176 11.5
      vertex -13.25 -22.9497 11.5
      vertex -11.7206 -23.7671 11.5
    endloop
  endfacet
  facet normal 0 0 1
    outer loop
      vertex -13.6115 -20.371 11.5
      vertex -13.25 -22.9497 11.5
      vertex -12.25 -21.2176 11.5
    endloop
  endfacet
  facet normal 0 0 1
    outer loop
      vertex -13.6115 -20.371 11.5
      vertex -14.7226 -22.0339 11.5
      vertex -13.25 -22.9497 11.5
    endloop
  endfacet
  facet normal 0 0 1
    outer loop
      vertex -14.9147 -19.4372 11.5
      vertex -14.7226 -22.0339 11.5
      vertex -13.6115 -20.371 11.5
    endloop
  endfacet
  facet normal 0 0 1
    outer loop
      vertex -14.9147 -19.4372 11.5
      vertex -16.1322 -21.0239 11.5
      vertex -14.7226 -22.0339 11.5
    endloop
  endfacet
  facet normal 0 0 1
    outer loop
      vertex -16.154 -18.4201 11.5
      vertex -16.1322 -21.0239 11.5
      vertex -14.9147 -19.4372 11.5
    endloop
  endfacet
  facet normal 0 0 1
    outer loop
      vertex -17.4727 -19.9238 11.5
      vertex -16.154 -18.4201 11.5
      vertex -17.3241 -17.3241 11.5
    endloop
  endfacet
  facet normal 0 0 1
    outer loop
      vertex -16.154 -18.4201 11.5
      vertex -17.4727 -19.9238 11.5
      vertex -16.1322 -21.0239 11.5
    endloop
  endfacet
  facet normal 0 0 1
    outer loop
      vertex -18.7383 -18.7383 11.5
      vertex -17.3241 -17.3241 11.5
      vertex -18.4201 -16.154 11.5
    endloop
  endfacet
  facet normal 0 0 1
    outer loop
      vertex -17.3241 -17.3241 11.5
      vertex -18.7383 -18.7383 11.5
      vertex -17.4727 -19.9238 11.5
    endloop
  endfacet
  facet normal 0 0 1
    outer loop
      vertex -19.9238 -17.4727 11.5
      vertex -18.4201 -16.154 11.5
      vertex -19.4372 -14.9147 11.5
    endloop
  endfacet
  facet normal 0 0 1
    outer loop
      vertex -18.4201 -16.154 11.5
      vertex -19.9238 -17.4727 11.5
      vertex -18.7383 -18.7383 11.5
    endloop
  endfacet
  facet normal 0 0 1
    outer loop
      vertex -21.0239 -16.1322 11.5
      vertex -19.4372 -14.9147 11.5
      vertex -20.371 -13.6115 11.5
    endloop
  endfacet
  facet normal 0 0 1
    outer loop
      vertex -19.4372 -14.9147 11.5
      vertex -21.0239 -16.1322 11.5
      vertex -19.9238 -17.4727 11.5
    endloop
  endfacet
  facet normal 0 0 1
    outer loop
      vertex -22.0339 -14.7226 11.5
      vertex -20.371 -13.6115 11.5
      vertex -21.2176 -12.25 11.5
    endloop
  endfacet
  facet normal 0 0 1
    outer loop
      vertex -22.9497 -13.25 11.5
      vertex -21.2176 -12.25 11.5
      vertex -21.9734 -10.8361 11.5
    endloop
  endfacet
  facet normal 0 0 1
    outer loop
      vertex -20.371 -13.6115 11.5
      vertex -22.0339 -14.7226 11.5
      vertex -21.0239 -16.1322 11.5
    endloop
  endfacet
  facet normal 0 0 1
    outer loop
      vertex -23.7671 -11.7206 11.5
      vertex -21.9734 -10.8361 11.5
      vertex -22.635 -9.37574 11.5
    endloop
  endfacet
  facet normal 0 0 1
    outer loop
      vertex -21.2176 -12.25 11.5
      vertex -22.9497 -13.25 11.5
      vertex -22.0339 -14.7226 11.5
    endloop
  endfacet
  facet normal 0 0 1
    outer loop
      vertex -24.4828 -10.1411 11.5
      vertex -22.635 -9.37574 11.5
      vertex -23.1998 -7.87527 11.5
    endloop
  endfacet
  facet normal 0 0 1
    outer loop
      vertex -25.0936 -8.51815 11.5
      vertex -23.1998 -7.87527 11.5
      vertex -23.6652 -6.34107 11.5
    endloop
  endfacet
  facet normal 0 0 1
    outer loop
      vertex -21.9734 -10.8361 11.5
      vertex -23.7671 -11.7206 11.5
      vertex -22.9497 -13.25 11.5
    endloop
  endfacet
  facet normal 0 0 1
    outer loop
      vertex -25.597 -6.8587 11.5
      vertex -23.6652 -6.34107 11.5
      vertex -24.0292 -4.77971 11.5
    endloop
  endfacet
  facet normal 0 0 1
    outer loop
      vertex -25.9908 -5.16989 11.5
      vertex -24.0292 -4.77971 11.5
      vertex -24.2904 -3.19789 11.5
    endloop
  endfacet
  facet normal 0 0 1
    outer loop
      vertex -26.2733 -3.45894 11.5
      vertex -24.2904 -3.19789 11.5
      vertex -24.4475 -1.60238 11.5
    endloop
  endfacet
  facet normal 0 0 1
    outer loop
      vertex -22.635 -9.37574 11.5
      vertex -24.4828 -10.1411 11.5
      vertex -23.7671 -11.7206 11.5
    endloop
  endfacet
  facet normal 0 0 1
    outer loop
      vertex -26.4433 -1.73318 11.5
      vertex -24.4475 -1.60238 11.5
      vertex -24.5 0 11.5
    endloop
  endfacet
  facet normal -0 0 1
    outer loop
      vertex -26.2733 3.45894 11.5
      vertex -24.2904 3.19789 11.5
      vertex -25.9908 5.16989 11.5
    endloop
  endfacet
  facet normal 0 0 1
    outer loop
      vertex -23.1998 -7.87527 11.5
      vertex -25.0936 -8.51815 11.5
      vertex -24.4828 -10.1411 11.5
    endloop
  endfacet
  facet normal 0 0 1
    outer loop
      vertex -24.2904 3.19789 11.5
      vertex -26.2733 3.45894 11.5
      vertex -24.4475 1.60238 11.5
    endloop
  endfacet
  facet normal 0 0 1
    outer loop
      vertex -23.6652 -6.34107 11.5
      vertex -25.597 -6.8587 11.5
      vertex -25.0936 -8.51815 11.5
    endloop
  endfacet
  facet normal -0 0 1
    outer loop
      vertex -26.4433 1.73318 11.5
      vertex -24.4475 1.60238 11.5
      vertex -26.2733 3.45894 11.5
    endloop
  endfacet
  facet normal 0 0 1
    outer loop
      vertex -24.0292 -4.77971 11.5
      vertex -25.9908 -5.16989 11.5
      vertex -25.597 -6.8587 11.5
    endloop
  endfacet
  facet normal 0 0 1
    outer loop
      vertex -24.4475 1.60238 11.5
      vertex -26.4433 1.73318 11.5
      vertex -24.5 0 11.5
    endloop
  endfacet
  facet normal 0 0 1
    outer loop
      vertex -24.2904 -3.19789 11.5
      vertex -26.2733 -3.45894 11.5
      vertex -25.9908 -5.16989 11.5
    endloop
  endfacet
  facet normal 0 0 1
    outer loop
      vertex -26.5 0 11.5
      vertex -24.5 0 11.5
      vertex -26.4433 1.73318 11.5
    endloop
  endfacet
  facet normal 0 0 1
    outer loop
      vertex -24.4475 -1.60238 11.5
      vertex -26.4433 -1.73318 11.5
      vertex -26.2733 -3.45894 11.5
    endloop
  endfacet
  facet normal 0 0 1
    outer loop
      vertex -24.5 0 11.5
      vertex -26.5 0 11.5
      vertex -26.4433 -1.73318 11.5
    endloop
  endfacet
  facet normal 0.999464 -0.0327462 0
    outer loop
      vertex -24.5 0 11.5
      vertex -24.4475 1.60238 3
      vertex -24.4475 1.60238 11.5
    endloop
  endfacet
  facet normal 0.999464 -0.0327462 0
    outer loop
      vertex -24.4475 1.60238 3
      vertex -24.5 0 11.5
      vertex -24.5 0 3
    endloop
  endfacet
  facet normal 0.995187 0.0979899 0
    outer loop
      vertex -24.2904 -3.19789 11.5
      vertex -24.4475 -1.60238 3
      vertex -24.4475 -1.60238 11.5
    endloop
  endfacet
  facet normal 0.995187 0.0979899 0
    outer loop
      vertex -24.4475 -1.60238 3
      vertex -24.2904 -3.19789 11.5
      vertex -24.2904 -3.19789 3
    endloop
  endfacet
  facet normal 0.999464 0.0327462 0
    outer loop
      vertex -24.4475 -1.60238 11.5
      vertex -24.5 0 3
      vertex -24.5 0 11.5
    endloop
  endfacet
  facet normal 0.999464 0.0327462 0
    outer loop
      vertex -24.5 0 3
      vertex -24.4475 -1.60238 11.5
      vertex -24.4475 -1.60238 3
    endloop
  endfacet
  facet normal -0.935893 -0.352285 0
    outer loop
      vertex 23.1998 7.87527 3
      vertex 22.635 9.37574 11.5
      vertex 22.635 9.37574 3
    endloop
  endfacet
  facet normal -0.935893 -0.352285 0
    outer loop
      vertex 22.635 9.37574 11.5
      vertex 23.1998 7.87527 3
      vertex 23.1998 7.87527 11.5
    endloop
  endfacet
  facet normal 0.683619 0.729839 -0
    outer loop
      vertex -16.154 -18.4201 3
      vertex -17.3241 -17.3241 11.5
      vertex -16.154 -18.4201 11.5
    endloop
  endfacet
  facet normal 0.683619 0.729839 0
    outer loop
      vertex -17.3241 -17.3241 11.5
      vertex -16.154 -18.4201 3
      vertex -17.3241 -17.3241 3
    endloop
  endfacet
  facet normal 0.227042 -0.973885 0
    outer loop
      vertex -6.34107 23.6652 2.5
      vertex -4.77971 24.0292 11.5
      vertex -6.34107 23.6652 11.5
    endloop
  endfacet
  facet normal 0.227042 -0.973885 0
    outer loop
      vertex -4.77971 24.0292 11.5
      vertex -6.34107 23.6652 2.5
      vertex -4.77971 24.0292 2.5
    endloop
  endfacet
  facet normal 0.910883 0.412665 0
    outer loop
      vertex -21.9734 -10.8361 11.5
      vertex -22.635 -9.37574 3
      vertex -22.635 -9.37574 11.5
    endloop
  endfacet
  facet normal 0.910883 0.412665 0
    outer loop
      vertex -22.635 -9.37574 3
      vertex -21.9734 -10.8361 11.5
      vertex -21.9734 -10.8361 3
    endloop
  endfacet
  facet normal -0.881907 -0.471423 0
    outer loop
      vertex 21.9734 10.8361 3
      vertex 21.2176 12.25 11.5
      vertex 21.2176 12.25 3
    endloop
  endfacet
  facet normal -0.881907 -0.471423 0
    outer loop
      vertex 21.2176 12.25 11.5
      vertex 21.9734 10.8361 3
      vertex 21.9734 10.8361 11.5
    endloop
  endfacet
  facet normal -0.995187 -0.0979899 0
    outer loop
      vertex 24.4475 1.60238 3
      vertex 24.2904 3.19789 11.5
      vertex 24.2904 3.19789 3
    endloop
  endfacet
  facet normal -0.995187 -0.0979899 0
    outer loop
      vertex 24.2904 3.19789 11.5
      vertex 24.4475 1.60238 3
      vertex 24.4475 1.60238 11.5
    endloop
  endfacet
  facet normal 0.973885 -0.227042 0
    outer loop
      vertex -24.0292 4.77971 11.5
      vertex -23.6652 6.34107 3
      vertex -23.6652 6.34107 11.5
    endloop
  endfacet
  facet normal 0.973885 -0.227042 0
    outer loop
      vertex -23.6652 6.34107 3
      vertex -24.0292 4.77971 11.5
      vertex -24.0292 4.77971 3
    endloop
  endfacet
  facet normal 0.0327462 -0.999464 0
    outer loop
      vertex -1.60238 24.4475 2.5
      vertex 0 24.5 11.5
      vertex -1.60238 24.4475 11.5
    endloop
  endfacet
  facet normal 0.0327462 -0.999464 0
    outer loop
      vertex 0 24.5 11.5
      vertex -1.60238 24.4475 2.5
      vertex 0 24.5 2.5
    endloop
  endfacet
  facet normal 0.16292 -0.986639 0
    outer loop
      vertex -4.77971 24.0292 2.5
      vertex -3.19789 24.2904 11.5
      vertex -4.77971 24.0292 11.5
    endloop
  endfacet
  facet normal 0.16292 -0.986639 0
    outer loop
      vertex -3.19789 24.2904 11.5
      vertex -4.77971 24.0292 2.5
      vertex -3.19789 24.2904 2.5
    endloop
  endfacet
  facet normal 0.910883 -0.412665 0
    outer loop
      vertex -22.635 9.37574 11.5
      vertex -21.9734 10.8361 3
      vertex -21.9734 10.8361 11.5
    endloop
  endfacet
  facet normal 0.910883 -0.412665 0
    outer loop
      vertex -21.9734 10.8361 3
      vertex -22.635 9.37574 11.5
      vertex -22.635 9.37574 3
    endloop
  endfacet
  facet normal -0.881907 0.471423 0
    outer loop
      vertex 21.2176 -12.25 3
      vertex 21.9734 -10.8361 11.5
      vertex 21.9734 -10.8361 3
    endloop
  endfacet
  facet normal -0.881907 0.471423 0
    outer loop
      vertex 21.9734 -10.8361 11.5
      vertex 21.2176 -12.25 3
      vertex 21.2176 -12.25 11.5
    endloop
  endfacet
  facet normal -0.973885 -0.227042 0
    outer loop
      vertex 24.0292 4.77971 3
      vertex 23.6652 6.34107 11.5
      vertex 23.6652 6.34107 3
    endloop
  endfacet
  facet normal -0.973885 -0.227042 0
    outer loop
      vertex 23.6652 6.34107 11.5
      vertex 24.0292 4.77971 3
      vertex 24.0292 4.77971 11.5
    endloop
  endfacet
  facet normal 0.881907 -0.471423 0
    outer loop
      vertex -21.9734 10.8361 11.5
      vertex -21.2176 12.25 3
      vertex -21.2176 12.25 11.5
    endloop
  endfacet
  facet normal 0.881907 -0.471423 0
    outer loop
      vertex -21.2176 12.25 3
      vertex -21.9734 10.8361 11.5
      vertex -21.9734 10.8361 3
    endloop
  endfacet
  facet normal 0.812864 -0.582453 0
    outer loop
      vertex -20.371 13.6115 11.5
      vertex -19.4372 14.9147 3
      vertex -19.4372 14.9147 11.5
    endloop
  endfacet
  facet normal 0.812864 -0.582453 0
    outer loop
      vertex -19.4372 14.9147 3
      vertex -20.371 13.6115 11.5
      vertex -20.371 13.6115 3
    endloop
  endfacet
  facet normal -0.290288 0.956939 0
    outer loop
      vertex 7.87527 -23.1998 3
      vertex 6.34107 -23.6652 11.5
      vertex 7.87527 -23.1998 11.5
    endloop
  endfacet
  facet normal -0.290288 0.956939 0
    outer loop
      vertex 6.34107 -23.6652 11.5
      vertex 7.87527 -23.1998 3
      vertex 6.34107 -23.6652 3
    endloop
  endfacet
  facet normal 0.582453 0.812864 -0
    outer loop
      vertex -13.6115 -20.371 3
      vertex -14.9147 -19.4372 11.5
      vertex -13.6115 -20.371 11.5
    endloop
  endfacet
  facet normal 0.582453 0.812864 0
    outer loop
      vertex -14.9147 -19.4372 11.5
      vertex -13.6115 -20.371 3
      vertex -14.9147 -19.4372 3
    endloop
  endfacet
  facet normal -0.956939 -0.290288 0
    outer loop
      vertex 23.6652 6.34107 3
      vertex 23.1998 7.87527 11.5
      vertex 23.1998 7.87527 3
    endloop
  endfacet
  facet normal -0.956939 -0.290288 0
    outer loop
      vertex 23.1998 7.87527 11.5
      vertex 23.6652 6.34107 3
      vertex 23.6652 6.34107 11.5
    endloop
  endfacet
  facet normal 0.812864 0.582453 0
    outer loop
      vertex -19.4372 -14.9147 11.5
      vertex -20.371 -13.6115 3
      vertex -20.371 -13.6115 11.5
    endloop
  endfacet
  facet normal 0.812864 0.582453 0
    outer loop
      vertex -20.371 -13.6115 3
      vertex -19.4372 -14.9147 11.5
      vertex -19.4372 -14.9147 3
    endloop
  endfacet
  facet normal 0.528052 -0.849212 0
    outer loop
      vertex -13.6115 20.371 3
      vertex -12.25 21.2176 11.5
      vertex -13.6115 20.371 11.5
    endloop
  endfacet
  facet normal 0.528052 -0.849212 0
    outer loop
      vertex -12.25 21.2176 11.5
      vertex -13.6115 20.371 3
      vertex -12.25 21.2176 3
    endloop
  endfacet
  facet normal -0.352285 0.935893 0
    outer loop
      vertex 9.37574 -22.635 3
      vertex 7.87527 -23.1998 11.5
      vertex 9.37574 -22.635 11.5
    endloop
  endfacet
  facet normal -0.352285 0.935893 0
    outer loop
      vertex 7.87527 -23.1998 11.5
      vertex 9.37574 -22.635 3
      vertex 7.87527 -23.1998 3
    endloop
  endfacet
  facet normal 0.528052 0.849212 -0
    outer loop
      vertex -12.25 -21.2176 3
      vertex -13.6115 -20.371 11.5
      vertex -12.25 -21.2176 11.5
    endloop
  endfacet
  facet normal 0.528052 0.849212 0
    outer loop
      vertex -13.6115 -20.371 11.5
      vertex -12.25 -21.2176 3
      vertex -13.6115 -20.371 3
    endloop
  endfacet
  facet normal 0.471423 -0.881907 0
    outer loop
      vertex -12.25 21.2176 3
      vertex -10.8361 21.9734 11.5
      vertex -12.25 21.2176 11.5
    endloop
  endfacet
  facet normal 0.471423 -0.881907 0
    outer loop
      vertex -10.8361 21.9734 11.5
      vertex -12.25 21.2176 3
      vertex -10.8361 21.9734 3
    endloop
  endfacet
  facet normal -0.582453 -0.812864 0
    outer loop
      vertex 13.6115 20.371 3
      vertex 14.9147 19.4372 11.5
      vertex 13.6115 20.371 11.5
    endloop
  endfacet
  facet normal -0.582453 -0.812864 -0
    outer loop
      vertex 14.9147 19.4372 11.5
      vertex 13.6115 20.371 3
      vertex 14.9147 19.4372 3
    endloop
  endfacet
  facet normal -0.729839 0.683619 0
    outer loop
      vertex 17.3241 -17.3241 3
      vertex 18.4201 -16.154 11.5
      vertex 18.4201 -16.154 3
    endloop
  endfacet
  facet normal -0.729839 0.683619 0
    outer loop
      vertex 18.4201 -16.154 11.5
      vertex 17.3241 -17.3241 3
      vertex 17.3241 -17.3241 11.5
    endloop
  endfacet
  facet normal 0.773 -0.634405 0
    outer loop
      vertex -19.4372 14.9147 11.5
      vertex -18.4201 16.154 3
      vertex -18.4201 16.154 11.5
    endloop
  endfacet
  facet normal 0.773 -0.634405 0
    outer loop
      vertex -18.4201 16.154 3
      vertex -19.4372 14.9147 11.5
      vertex -19.4372 14.9147 3
    endloop
  endfacet
  facet normal 0.729839 -0.683619 0
    outer loop
      vertex -18.4201 16.154 11.5
      vertex -17.3241 17.3241 3
      vertex -17.3241 17.3241 11.5
    endloop
  endfacet
  facet normal 0.729839 -0.683619 0
    outer loop
      vertex -17.3241 17.3241 3
      vertex -18.4201 16.154 11.5
      vertex -18.4201 16.154 3
    endloop
  endfacet
  facet normal -0.849212 -0.528052 0
    outer loop
      vertex 21.2176 12.25 3
      vertex 20.371 13.6115 11.5
      vertex 20.371 13.6115 3
    endloop
  endfacet
  facet normal -0.849212 -0.528052 0
    outer loop
      vertex 20.371 13.6115 11.5
      vertex 21.2176 12.25 3
      vertex 21.2176 12.25 11.5
    endloop
  endfacet
  facet normal 0.956939 -0.290288 0
    outer loop
      vertex -23.6652 6.34107 11.5
      vertex -23.1998 7.87527 3
      vertex -23.1998 7.87527 11.5
    endloop
  endfacet
  facet normal 0.956939 -0.290288 0
    outer loop
      vertex -23.1998 7.87527 3
      vertex -23.6652 6.34107 11.5
      vertex -23.6652 6.34107 3
    endloop
  endfacet
  facet normal 0.935893 -0.352285 0
    outer loop
      vertex -23.1998 7.87527 11.5
      vertex -22.635 9.37574 3
      vertex -22.635 9.37574 11.5
    endloop
  endfacet
  facet normal 0.935893 -0.352285 0
    outer loop
      vertex -22.635 9.37574 3
      vertex -23.1998 7.87527 11.5
      vertex -23.1998 7.87527 3
    endloop
  endfacet
  facet normal 0.986639 0.16292 0
    outer loop
      vertex -24.0292 -4.77971 11.5
      vertex -24.2904 -3.19789 3
      vertex -24.2904 -3.19789 11.5
    endloop
  endfacet
  facet normal 0.986639 0.16292 0
    outer loop
      vertex -24.2904 -3.19789 3
      vertex -24.0292 -4.77971 11.5
      vertex -24.0292 -4.77971 3
    endloop
  endfacet
  facet normal -0.16292 0.986639 0
    outer loop
      vertex 4.77971 -24.0292 3
      vertex 3.19789 -24.2904 11.5
      vertex 4.77971 -24.0292 11.5
    endloop
  endfacet
  facet normal -0.16292 0.986639 0
    outer loop
      vertex 3.19789 -24.2904 11.5
      vertex 4.77971 -24.0292 3
      vertex 3.19789 -24.2904 3
    endloop
  endfacet
  facet normal 0.986639 -0.16292 0
    outer loop
      vertex -24.2904 3.19789 11.5
      vertex -24.0292 4.77971 3
      vertex -24.0292 4.77971 11.5
    endloop
  endfacet
  facet normal 0.986639 -0.16292 0
    outer loop
      vertex -24.0292 4.77971 3
      vertex -24.2904 3.19789 11.5
      vertex -24.2904 3.19789 3
    endloop
  endfacet
  facet normal 0.995187 -0.0979899 0
    outer loop
      vertex -24.4475 1.60238 11.5
      vertex -24.2904 3.19789 3
      vertex -24.2904 3.19789 11.5
    endloop
  endfacet
  facet normal 0.995187 -0.0979899 0
    outer loop
      vertex -24.2904 3.19789 3
      vertex -24.4475 1.60238 11.5
      vertex -24.4475 1.60238 3
    endloop
  endfacet
  facet normal -0.0327462 0.999464 0
    outer loop
      vertex 1.60238 -24.4475 3
      vertex 0 -24.5 11.5
      vertex 1.60238 -24.4475 11.5
    endloop
  endfacet
  facet normal -0.0327462 0.999464 0
    outer loop
      vertex 0 -24.5 11.5
      vertex 1.60238 -24.4475 3
      vertex 0 -24.5 3
    endloop
  endfacet
  facet normal -0.910883 0.412665 0
    outer loop
      vertex 21.9734 -10.8361 3
      vertex 22.635 -9.37574 11.5
      vertex 22.635 -9.37574 3
    endloop
  endfacet
  facet normal -0.910883 0.412665 0
    outer loop
      vertex 22.635 -9.37574 11.5
      vertex 21.9734 -10.8361 3
      vertex 21.9734 -10.8361 11.5
    endloop
  endfacet
  facet normal 0.956939 0.290288 0
    outer loop
      vertex -23.1998 -7.87527 11.5
      vertex -23.6652 -6.34107 3
      vertex -23.6652 -6.34107 11.5
    endloop
  endfacet
  facet normal 0.956939 0.290288 0
    outer loop
      vertex -23.6652 -6.34107 3
      vertex -23.1998 -7.87527 11.5
      vertex -23.1998 -7.87527 3
    endloop
  endfacet
  facet normal -0.986639 0.16292 0
    outer loop
      vertex 24.0292 -4.77971 3
      vertex 24.2904 -3.19789 11.5
      vertex 24.2904 -3.19789 3
    endloop
  endfacet
  facet normal -0.986639 0.16292 0
    outer loop
      vertex 24.2904 -3.19789 11.5
      vertex 24.0292 -4.77971 3
      vertex 24.0292 -4.77971 11.5
    endloop
  endfacet
  facet normal -0.935893 0.352285 0
    outer loop
      vertex 22.635 -9.37574 3
      vertex 23.1998 -7.87527 11.5
      vertex 23.1998 -7.87527 3
    endloop
  endfacet
  facet normal -0.935893 0.352285 0
    outer loop
      vertex 23.1998 -7.87527 11.5
      vertex 22.635 -9.37574 3
      vertex 22.635 -9.37574 11.5
    endloop
  endfacet
  facet normal 0.352285 0.935893 -0
    outer loop
      vertex -7.87527 -23.1998 3
      vertex -9.37574 -22.635 11.5
      vertex -7.87527 -23.1998 11.5
    endloop
  endfacet
  facet normal 0.352285 0.935893 0
    outer loop
      vertex -9.37574 -22.635 11.5
      vertex -7.87527 -23.1998 3
      vertex -9.37574 -22.635 3
    endloop
  endfacet
  facet normal -0.582453 0.812864 0
    outer loop
      vertex 14.9147 -19.4372 3
      vertex 13.6115 -20.371 11.5
      vertex 14.9147 -19.4372 11.5
    endloop
  endfacet
  facet normal -0.582453 0.812864 0
    outer loop
      vertex 13.6115 -20.371 11.5
      vertex 14.9147 -19.4372 3
      vertex 13.6115 -20.371 3
    endloop
  endfacet
  facet normal -0.528052 0.849212 0
    outer loop
      vertex 13.6115 -20.371 3
      vertex 12.25 -21.2176 11.5
      vertex 13.6115 -20.371 11.5
    endloop
  endfacet
  facet normal -0.528052 0.849212 0
    outer loop
      vertex 12.25 -21.2176 11.5
      vertex 13.6115 -20.371 3
      vertex 12.25 -21.2176 3
    endloop
  endfacet
  facet normal -0.849212 0.528052 0
    outer loop
      vertex 20.371 -13.6115 3
      vertex 21.2176 -12.25 11.5
      vertex 21.2176 -12.25 3
    endloop
  endfacet
  facet normal -0.849212 0.528052 0
    outer loop
      vertex 21.2176 -12.25 11.5
      vertex 20.371 -13.6115 3
      vertex 20.371 -13.6115 11.5
    endloop
  endfacet
  facet normal -0.227042 0.973885 0
    outer loop
      vertex 6.34107 -23.6652 3
      vertex 4.77971 -24.0292 11.5
      vertex 6.34107 -23.6652 11.5
    endloop
  endfacet
  facet normal -0.227042 0.973885 0
    outer loop
      vertex 4.77971 -24.0292 11.5
      vertex 6.34107 -23.6652 3
      vertex 4.77971 -24.0292 3
    endloop
  endfacet
  facet normal -0.352285 -0.935893 0
    outer loop
      vertex 7.87527 23.1998 2.5
      vertex 9.37574 22.635 11.5
      vertex 7.87527 23.1998 11.5
    endloop
  endfacet
  facet normal -0.352285 -0.935893 -0
    outer loop
      vertex 9.37574 22.635 11.5
      vertex 7.87527 23.1998 2.5
      vertex 9.37574 22.635 2.5
    endloop
  endfacet
  facet normal 0.412168 -0.911108 0
    outer loop
      vertex -10.7773 22 3
      vertex -10.8361 21.9734 11.5
      vertex -10.8361 21.9734 3
    endloop
  endfacet
  facet normal 0.412665 -0.910883 4.14632e-06
    outer loop
      vertex -10.8361 21.9734 11.5
      vertex -10.7773 22 3
      vertex -9.37574 22.635 11.5
    endloop
  endfacet
  facet normal 0.412686 -0.910873 0
    outer loop
      vertex -9.37574 22.635 2.5
      vertex -10.7773 22 3
      vertex -10.7773 22 2.5
    endloop
  endfacet
  facet normal 0.412686 -0.910873 0
    outer loop
      vertex -10.7773 22 3
      vertex -9.37574 22.635 2.5
      vertex -9.37574 22.635 11.5
    endloop
  endfacet
  facet normal 0.683619 -0.729839 0
    outer loop
      vertex -17.3241 17.3241 3
      vertex -16.154 18.4201 11.5
      vertex -17.3241 17.3241 11.5
    endloop
  endfacet
  facet normal 0.683619 -0.729839 0
    outer loop
      vertex -16.154 18.4201 11.5
      vertex -17.3241 17.3241 3
      vertex -16.154 18.4201 3
    endloop
  endfacet
  facet normal 0.849212 0.528052 0
    outer loop
      vertex -20.371 -13.6115 11.5
      vertex -21.2176 -12.25 3
      vertex -21.2176 -12.25 11.5
    endloop
  endfacet
  facet normal 0.849212 0.528052 0
    outer loop
      vertex -21.2176 -12.25 3
      vertex -20.371 -13.6115 11.5
      vertex -20.371 -13.6115 3
    endloop
  endfacet
  facet normal -0.986639 -0.16292 0
    outer loop
      vertex 24.2904 3.19789 3
      vertex 24.0292 4.77971 11.5
      vertex 24.0292 4.77971 3
    endloop
  endfacet
  facet normal -0.986639 -0.16292 0
    outer loop
      vertex 24.0292 4.77971 11.5
      vertex 24.2904 3.19789 3
      vertex 24.2904 3.19789 11.5
    endloop
  endfacet
  facet normal 0.881907 0.471423 0
    outer loop
      vertex -21.2176 -12.25 11.5
      vertex -21.9734 -10.8361 3
      vertex -21.9734 -10.8361 11.5
    endloop
  endfacet
  facet normal 0.881907 0.471423 0
    outer loop
      vertex -21.9734 -10.8361 3
      vertex -21.2176 -12.25 11.5
      vertex -21.2176 -12.25 3
    endloop
  endfacet
  facet normal -0.0327462 -0.999464 0
    outer loop
      vertex 0 24.5 2.5
      vertex 1.60238 24.4475 11.5
      vertex 0 24.5 11.5
    endloop
  endfacet
  facet normal -0.0327462 -0.999464 -0
    outer loop
      vertex 1.60238 24.4475 11.5
      vertex 0 24.5 2.5
      vertex 1.60238 24.4475 2.5
    endloop
  endfacet
  facet normal -0.773 0.634405 0
    outer loop
      vertex 18.4201 -16.154 3
      vertex 19.4372 -14.9147 11.5
      vertex 19.4372 -14.9147 3
    endloop
  endfacet
  facet normal -0.773 0.634405 0
    outer loop
      vertex 19.4372 -14.9147 11.5
      vertex 18.4201 -16.154 3
      vertex 18.4201 -16.154 11.5
    endloop
  endfacet
  facet normal 0.352285 -0.935893 0
    outer loop
      vertex -9.37574 22.635 2.5
      vertex -7.87527 23.1998 11.5
      vertex -9.37574 22.635 11.5
    endloop
  endfacet
  facet normal 0.352285 -0.935893 0
    outer loop
      vertex -7.87527 23.1998 11.5
      vertex -9.37574 22.635 2.5
      vertex -7.87527 23.1998 2.5
    endloop
  endfacet
  facet normal 0.16292 0.986639 -0
    outer loop
      vertex -3.19789 -24.2904 3
      vertex -4.77971 -24.0292 11.5
      vertex -3.19789 -24.2904 11.5
    endloop
  endfacet
  facet normal 0.16292 0.986639 0
    outer loop
      vertex -4.77971 -24.0292 11.5
      vertex -3.19789 -24.2904 3
      vertex -4.77971 -24.0292 3
    endloop
  endfacet
  facet normal -0.634405 0.773 0
    outer loop
      vertex 16.154 -18.4201 3
      vertex 14.9147 -19.4372 11.5
      vertex 16.154 -18.4201 11.5
    endloop
  endfacet
  facet normal -0.634405 0.773 0
    outer loop
      vertex 14.9147 -19.4372 11.5
      vertex 16.154 -18.4201 3
      vertex 14.9147 -19.4372 3
    endloop
  endfacet
  facet normal -0.290288 -0.956939 0
    outer loop
      vertex 6.34107 23.6652 2.5
      vertex 7.87527 23.1998 11.5
      vertex 6.34107 23.6652 11.5
    endloop
  endfacet
  facet normal -0.290288 -0.956939 -0
    outer loop
      vertex 7.87527 23.1998 11.5
      vertex 6.34107 23.6652 2.5
      vertex 7.87527 23.1998 2.5
    endloop
  endfacet
  facet normal 0.0327462 0.999464 -0
    outer loop
      vertex 0 -24.5 3
      vertex -1.60238 -24.4475 11.5
      vertex 0 -24.5 11.5
    endloop
  endfacet
  facet normal 0.0327462 0.999464 0
    outer loop
      vertex -1.60238 -24.4475 11.5
      vertex 0 -24.5 3
      vertex -1.60238 -24.4475 3
    endloop
  endfacet
  facet normal 0.634405 -0.773 0
    outer loop
      vertex -16.154 18.4201 3
      vertex -14.9147 19.4372 11.5
      vertex -16.154 18.4201 11.5
    endloop
  endfacet
  facet normal 0.634405 -0.773 0
    outer loop
      vertex -14.9147 19.4372 11.5
      vertex -16.154 18.4201 3
      vertex -14.9147 19.4372 3
    endloop
  endfacet
  facet normal 0.729839 0.683619 0
    outer loop
      vertex -17.3241 -17.3241 11.5
      vertex -18.4201 -16.154 3
      vertex -18.4201 -16.154 11.5
    endloop
  endfacet
  facet normal 0.729839 0.683619 0
    outer loop
      vertex -18.4201 -16.154 3
      vertex -17.3241 -17.3241 11.5
      vertex -17.3241 -17.3241 3
    endloop
  endfacet
  facet normal 0.634405 0.773 -0
    outer loop
      vertex -14.9147 -19.4372 3
      vertex -16.154 -18.4201 11.5
      vertex -14.9147 -19.4372 11.5
    endloop
  endfacet
  facet normal 0.634405 0.773 0
    outer loop
      vertex -16.154 -18.4201 11.5
      vertex -14.9147 -19.4372 3
      vertex -16.154 -18.4201 3
    endloop
  endfacet
  facet normal -0.0979899 0.995187 0
    outer loop
      vertex 3.19789 -24.2904 3
      vertex 1.60238 -24.4475 11.5
      vertex 3.19789 -24.2904 11.5
    endloop
  endfacet
  facet normal -0.0979899 0.995187 0
    outer loop
      vertex 1.60238 -24.4475 11.5
      vertex 3.19789 -24.2904 3
      vertex 1.60238 -24.4475 3
    endloop
  endfacet
  facet normal -0.812864 -0.582453 0
    outer loop
      vertex 20.371 13.6115 3
      vertex 19.4372 14.9147 11.5
      vertex 19.4372 14.9147 3
    endloop
  endfacet
  facet normal -0.812864 -0.582453 0
    outer loop
      vertex 19.4372 14.9147 11.5
      vertex 20.371 13.6115 3
      vertex 20.371 13.6115 11.5
    endloop
  endfacet
  facet normal 0.412665 0.910883 -0
    outer loop
      vertex -9.37574 -22.635 3
      vertex -10.8361 -21.9734 11.5
      vertex -9.37574 -22.635 11.5
    endloop
  endfacet
  facet normal 0.412665 0.910883 0
    outer loop
      vertex -10.8361 -21.9734 11.5
      vertex -9.37574 -22.635 3
      vertex -10.8361 -21.9734 3
    endloop
  endfacet
  facet normal 0.0979899 -0.995187 0
    outer loop
      vertex -3.19789 24.2904 2.5
      vertex -1.60238 24.4475 11.5
      vertex -3.19789 24.2904 11.5
    endloop
  endfacet
  facet normal 0.0979899 -0.995187 0
    outer loop
      vertex -1.60238 24.4475 11.5
      vertex -3.19789 24.2904 2.5
      vertex -1.60238 24.4475 2.5
    endloop
  endfacet
  facet normal 0.773 0.634405 0
    outer loop
      vertex -18.4201 -16.154 11.5
      vertex -19.4372 -14.9147 3
      vertex -19.4372 -14.9147 11.5
    endloop
  endfacet
  facet normal 0.773 0.634405 0
    outer loop
      vertex -19.4372 -14.9147 3
      vertex -18.4201 -16.154 11.5
      vertex -18.4201 -16.154 3
    endloop
  endfacet
  facet normal 0.935893 0.352285 0
    outer loop
      vertex -22.635 -9.37574 11.5
      vertex -23.1998 -7.87527 3
      vertex -23.1998 -7.87527 11.5
    endloop
  endfacet
  facet normal 0.935893 0.352285 0
    outer loop
      vertex -23.1998 -7.87527 3
      vertex -22.635 -9.37574 11.5
      vertex -22.635 -9.37574 3
    endloop
  endfacet
  facet normal 0.849212 -0.528052 0
    outer loop
      vertex -21.2176 12.25 11.5
      vertex -20.371 13.6115 3
      vertex -20.371 13.6115 11.5
    endloop
  endfacet
  facet normal 0.849212 -0.528052 0
    outer loop
      vertex -20.371 13.6115 3
      vertex -21.2176 12.25 11.5
      vertex -21.2176 12.25 3
    endloop
  endfacet
  facet normal 0.471423 0.881907 -0
    outer loop
      vertex -10.8361 -21.9734 3
      vertex -12.25 -21.2176 11.5
      vertex -10.8361 -21.9734 11.5
    endloop
  endfacet
  facet normal 0.471423 0.881907 0
    outer loop
      vertex -12.25 -21.2176 11.5
      vertex -10.8361 -21.9734 3
      vertex -12.25 -21.2176 3
    endloop
  endfacet
  facet normal -0.683619 0.729839 0
    outer loop
      vertex 17.3241 -17.3241 3
      vertex 16.154 -18.4201 11.5
      vertex 17.3241 -17.3241 11.5
    endloop
  endfacet
  facet normal -0.683619 0.729839 0
    outer loop
      vertex 16.154 -18.4201 11.5
      vertex 17.3241 -17.3241 3
      vertex 16.154 -18.4201 3
    endloop
  endfacet
  facet normal -0.995187 0.0979899 0
    outer loop
      vertex 24.2904 -3.19789 3
      vertex 24.4475 -1.60238 11.5
      vertex 24.4475 -1.60238 3
    endloop
  endfacet
  facet normal -0.995187 0.0979899 0
    outer loop
      vertex 24.4475 -1.60238 11.5
      vertex 24.2904 -3.19789 3
      vertex 24.2904 -3.19789 11.5
    endloop
  endfacet
  facet normal 0.973885 0.227042 0
    outer loop
      vertex -23.6652 -6.34107 11.5
      vertex -24.0292 -4.77971 3
      vertex -24.0292 -4.77971 11.5
    endloop
  endfacet
  facet normal 0.973885 0.227042 0
    outer loop
      vertex -24.0292 -4.77971 3
      vertex -23.6652 -6.34107 11.5
      vertex -23.6652 -6.34107 3
    endloop
  endfacet
  facet normal -0.812864 0.582453 0
    outer loop
      vertex 19.4372 -14.9147 3
      vertex 20.371 -13.6115 11.5
      vertex 20.371 -13.6115 3
    endloop
  endfacet
  facet normal -0.812864 0.582453 0
    outer loop
      vertex 20.371 -13.6115 11.5
      vertex 19.4372 -14.9147 3
      vertex 19.4372 -14.9147 11.5
    endloop
  endfacet
  facet normal -0.528052 -0.849212 0
    outer loop
      vertex 12.25 21.2176 3
      vertex 13.6115 20.371 11.5
      vertex 12.25 21.2176 11.5
    endloop
  endfacet
  facet normal -0.528052 -0.849212 -0
    outer loop
      vertex 13.6115 20.371 11.5
      vertex 12.25 21.2176 3
      vertex 13.6115 20.371 3
    endloop
  endfacet
  facet normal -0.227042 -0.973885 0
    outer loop
      vertex 4.77971 24.0292 2.5
      vertex 6.34107 23.6652 11.5
      vertex 4.77971 24.0292 11.5
    endloop
  endfacet
  facet normal -0.227042 -0.973885 -0
    outer loop
      vertex 6.34107 23.6652 11.5
      vertex 4.77971 24.0292 2.5
      vertex 6.34107 23.6652 2.5
    endloop
  endfacet
  facet normal -0.773 -0.634405 0
    outer loop
      vertex 19.4372 14.9147 3
      vertex 18.4201 16.154 11.5
      vertex 18.4201 16.154 3
    endloop
  endfacet
  facet normal -0.773 -0.634405 0
    outer loop
      vertex 18.4201 16.154 11.5
      vertex 19.4372 14.9147 3
      vertex 19.4372 14.9147 11.5
    endloop
  endfacet
  facet normal 0.290288 -0.956939 0
    outer loop
      vertex -7.87527 23.1998 2.5
      vertex -6.34107 23.6652 11.5
      vertex -7.87527 23.1998 11.5
    endloop
  endfacet
  facet normal 0.290288 -0.956939 0
    outer loop
      vertex -6.34107 23.6652 11.5
      vertex -7.87527 23.1998 2.5
      vertex -6.34107 23.6652 2.5
    endloop
  endfacet
  facet normal -0.683619 -0.729839 0
    outer loop
      vertex 16.154 18.4201 3
      vertex 17.3241 17.3241 11.5
      vertex 16.154 18.4201 11.5
    endloop
  endfacet
  facet normal -0.683619 -0.729839 -0
    outer loop
      vertex 17.3241 17.3241 11.5
      vertex 16.154 18.4201 3
      vertex 17.3241 17.3241 3
    endloop
  endfacet
  facet normal -0.999464 -0.0327462 0
    outer loop
      vertex 24.5 0 3
      vertex 24.4475 1.60238 11.5
      vertex 24.4475 1.60238 3
    endloop
  endfacet
  facet normal -0.999464 -0.0327462 0
    outer loop
      vertex 24.4475 1.60238 11.5
      vertex 24.5 0 3
      vertex 24.5 0 11.5
    endloop
  endfacet
  facet normal -0.729839 -0.683619 0
    outer loop
      vertex 18.4201 16.154 3
      vertex 17.3241 17.3241 11.5
      vertex 17.3241 17.3241 3
    endloop
  endfacet
  facet normal -0.729839 -0.683619 0
    outer loop
      vertex 17.3241 17.3241 11.5
      vertex 18.4201 16.154 3
      vertex 18.4201 16.154 11.5
    endloop
  endfacet
  facet normal -0.16292 -0.986639 0
    outer loop
      vertex 3.19789 24.2904 2.5
      vertex 4.77971 24.0292 11.5
      vertex 3.19789 24.2904 11.5
    endloop
  endfacet
  facet normal -0.16292 -0.986639 -0
    outer loop
      vertex 4.77971 24.0292 11.5
      vertex 3.19789 24.2904 2.5
      vertex 4.77971 24.0292 2.5
    endloop
  endfacet
  facet normal 0.582453 -0.812864 0
    outer loop
      vertex -14.9147 19.4372 3
      vertex -13.6115 20.371 11.5
      vertex -14.9147 19.4372 11.5
    endloop
  endfacet
  facet normal 0.582453 -0.812864 0
    outer loop
      vertex -13.6115 20.371 11.5
      vertex -14.9147 19.4372 3
      vertex -13.6115 20.371 3
    endloop
  endfacet
  facet normal -0.910883 -0.412665 0
    outer loop
      vertex 22.635 9.37574 3
      vertex 21.9734 10.8361 11.5
      vertex 21.9734 10.8361 3
    endloop
  endfacet
  facet normal -0.910883 -0.412665 0
    outer loop
      vertex 21.9734 10.8361 11.5
      vertex 22.635 9.37574 3
      vertex 22.635 9.37574 11.5
    endloop
  endfacet
  facet normal -0.412665 0.910883 0
    outer loop
      vertex 10.8361 -21.9734 3
      vertex 9.37574 -22.635 11.5
      vertex 10.8361 -21.9734 11.5
    endloop
  endfacet
  facet normal -0.412665 0.910883 0
    outer loop
      vertex 9.37574 -22.635 11.5
      vertex 10.8361 -21.9734 3
      vertex 9.37574 -22.635 3
    endloop
  endfacet
  facet normal 0.0979899 0.995187 -0
    outer loop
      vertex -1.60238 -24.4475 3
      vertex -3.19789 -24.2904 11.5
      vertex -1.60238 -24.4475 11.5
    endloop
  endfacet
  facet normal 0.0979899 0.995187 0
    outer loop
      vertex -3.19789 -24.2904 11.5
      vertex -1.60238 -24.4475 3
      vertex -3.19789 -24.2904 3
    endloop
  endfacet
  facet normal -0.973885 0.227042 0
    outer loop
      vertex 23.6652 -6.34107 3
      vertex 24.0292 -4.77971 11.5
      vertex 24.0292 -4.77971 3
    endloop
  endfacet
  facet normal -0.973885 0.227042 0
    outer loop
      vertex 24.0292 -4.77971 11.5
      vertex 23.6652 -6.34107 3
      vertex 23.6652 -6.34107 11.5
    endloop
  endfacet
  facet normal -0.956939 0.290288 0
    outer loop
      vertex 23.1998 -7.87527 3
      vertex 23.6652 -6.34107 11.5
      vertex 23.6652 -6.34107 3
    endloop
  endfacet
  facet normal -0.956939 0.290288 0
    outer loop
      vertex 23.6652 -6.34107 11.5
      vertex 23.1998 -7.87527 3
      vertex 23.1998 -7.87527 11.5
    endloop
  endfacet
  facet normal -0.412665 -0.910883 4.14632e-06
    outer loop
      vertex 9.37574 22.635 11.5
      vertex 10.7773 22 3
      vertex 10.8361 21.9734 11.5
    endloop
  endfacet
  facet normal -0.412686 -0.910873 0
    outer loop
      vertex 9.37574 22.635 2.5
      vertex 10.7773 22 3
      vertex 9.37574 22.635 11.5
    endloop
  endfacet
  facet normal -0.412686 -0.910873 -0
    outer loop
      vertex 10.7773 22 3
      vertex 9.37574 22.635 2.5
      vertex 10.7773 22 2.5
    endloop
  endfacet
  facet normal -0.412168 -0.911108 -0
    outer loop
      vertex 10.8361 21.9734 11.5
      vertex 10.7773 22 3
      vertex 10.8361 21.9734 3
    endloop
  endfacet
  facet normal -0.0979899 -0.995187 0
    outer loop
      vertex 1.60238 24.4475 2.5
      vertex 3.19789 24.2904 11.5
      vertex 1.60238 24.4475 11.5
    endloop
  endfacet
  facet normal -0.0979899 -0.995187 -0
    outer loop
      vertex 3.19789 24.2904 11.5
      vertex 1.60238 24.4475 2.5
      vertex 3.19789 24.2904 2.5
    endloop
  endfacet
  facet normal -0.999464 0.0327462 0
    outer loop
      vertex 24.4475 -1.60238 3
      vertex 24.5 0 11.5
      vertex 24.5 0 3
    endloop
  endfacet
  facet normal -0.999464 0.0327462 0
    outer loop
      vertex 24.5 0 11.5
      vertex 24.4475 -1.60238 3
      vertex 24.4475 -1.60238 11.5
    endloop
  endfacet
  facet normal 0.227042 0.973885 -0
    outer loop
      vertex -4.77971 -24.0292 3
      vertex -6.34107 -23.6652 11.5
      vertex -4.77971 -24.0292 11.5
    endloop
  endfacet
  facet normal 0.227042 0.973885 0
    outer loop
      vertex -6.34107 -23.6652 11.5
      vertex -4.77971 -24.0292 3
      vertex -6.34107 -23.6652 3
    endloop
  endfacet
  facet normal 0.290288 0.956939 -0
    outer loop
      vertex -6.34107 -23.6652 3
      vertex -7.87527 -23.1998 11.5
      vertex -6.34107 -23.6652 11.5
    endloop
  endfacet
  facet normal 0.290288 0.956939 0
    outer loop
      vertex -7.87527 -23.1998 11.5
      vertex -6.34107 -23.6652 3
      vertex -7.87527 -23.1998 3
    endloop
  endfacet
  facet normal -0.471423 0.881907 0
    outer loop
      vertex 12.25 -21.2176 3
      vertex 10.8361 -21.9734 11.5
      vertex 12.25 -21.2176 11.5
    endloop
  endfacet
  facet normal -0.471423 0.881907 0
    outer loop
      vertex 10.8361 -21.9734 11.5
      vertex 12.25 -21.2176 3
      vertex 10.8361 -21.9734 3
    endloop
  endfacet
  facet normal -0.634405 -0.773 0
    outer loop
      vertex 14.9147 19.4372 3
      vertex 16.154 18.4201 11.5
      vertex 14.9147 19.4372 11.5
    endloop
  endfacet
  facet normal -0.634405 -0.773 -0
    outer loop
      vertex 16.154 18.4201 11.5
      vertex 14.9147 19.4372 3
      vertex 16.154 18.4201 3
    endloop
  endfacet
  facet normal -0.471423 -0.881907 0
    outer loop
      vertex 10.8361 21.9734 3
      vertex 12.25 21.2176 11.5
      vertex 10.8361 21.9734 11.5
    endloop
  endfacet
  facet normal -0.471423 -0.881907 -0
    outer loop
      vertex 12.25 21.2176 11.5
      vertex 10.8361 21.9734 3
      vertex 12.25 21.2176 3
    endloop
  endfacet
  facet normal -0.321407 0.946941 0
    outer loop
      vertex -36.2941 21.8296 0
      vertex -36.9134 21.6194 3
      vertex -36.2941 21.8296 3
    endloop
  endfacet
  facet normal -0.321407 0.946941 0
    outer loop
      vertex -36.9134 21.6194 3
      vertex -36.2941 21.8296 0
      vertex -36.9134 21.6194 0
    endloop
  endfacet
  facet normal -0.997856 -0.0654432 0
    outer loop
      vertex -39.9572 -21.6526 0
      vertex -40 -21 3
      vertex -40 -21 0
    endloop
  endfacet
  facet normal -0.997856 -0.0654432 0
    outer loop
      vertex -40 -21 3
      vertex -39.9572 -21.6526 0
      vertex -39.9572 -21.6526 3
    endloop
  endfacet
  facet normal 0 1 0
    outer loop
      vertex 35 22 3
      vertex 14.77 22 2.5
      vertex 14.77 22 3
    endloop
  endfacet
  facet normal 0 1 0
    outer loop
      vertex 35 22 0
      vertex 10.7773 22 2.5
      vertex 14.77 22 2.5
    endloop
  endfacet
  facet normal 0 1 0
    outer loop
      vertex 10.7773 22 2.5
      vertex 35 22 0
      vertex -10.7773 22 2.5
    endloop
  endfacet
  facet normal 0 1 0
    outer loop
      vertex -35 22 0
      vertex -10.7773 22 2.5
      vertex 35 22 0
    endloop
  endfacet
  facet normal 0 1 -0
    outer loop
      vertex 35 22 0
      vertex 14.77 22 2.5
      vertex 35 22 3
    endloop
  endfacet
  facet normal 0 1 -0
    outer loop
      vertex 10.7773 22 2.5
      vertex -10.7773 22 3
      vertex 10.7773 22 3
    endloop
  endfacet
  facet normal 0 1 0
    outer loop
      vertex -10.7773 22 3
      vertex 10.7773 22 2.5
      vertex -10.7773 22 2.5
    endloop
  endfacet
  facet normal 0 1 -0
    outer loop
      vertex -14.77 22 2.5
      vertex -35 22 3
      vertex -14.77 22 3
    endloop
  endfacet
  facet normal 0 1 0
    outer loop
      vertex -10.7773 22 2.5
      vertex -35 22 0
      vertex -14.77 22 2.5
    endloop
  endfacet
  facet normal 0 1 0
    outer loop
      vertex -14.77 22 2.5
      vertex -35 22 0
      vertex -35 22 3
    endloop
  endfacet
  facet normal -0.195087 0.980786 0
    outer loop
      vertex -35.6526 21.9572 0
      vertex -36.2941 21.8296 3
      vertex -35.6526 21.9572 3
    endloop
  endfacet
  facet normal -0.195087 0.980786 0
    outer loop
      vertex -36.2941 21.8296 3
      vertex -35.6526 21.9572 0
      vertex -36.2941 21.8296 0
    endloop
  endfacet
  facet normal -0.0654432 -0.997856 0
    outer loop
      vertex -35.6526 -25.9572 0
      vertex -35 -26 3
      vertex -35.6526 -25.9572 3
    endloop
  endfacet
  facet normal -0.0654432 -0.997856 -0
    outer loop
      vertex -35 -26 3
      vertex -35.6526 -25.9572 0
      vertex -35 -26 0
    endloop
  endfacet
  facet normal -0.0654432 0.997856 0
    outer loop
      vertex -35 22 0
      vertex -35.6526 21.9572 3
      vertex -35 22 3
    endloop
  endfacet
  facet normal -0.0654432 0.997856 0
    outer loop
      vertex -35.6526 21.9572 3
      vertex -35 22 0
      vertex -35.6526 21.9572 0
    endloop
  endfacet
  facet normal 0.0654432 0.997856 -0
    outer loop
      vertex 35.6526 21.9572 0
      vertex 35 22 3
      vertex 35.6526 21.9572 3
    endloop
  endfacet
  facet normal 0.0654432 0.997856 0
    outer loop
      vertex 35 22 3
      vertex 35.6526 21.9572 0
      vertex 35 22 0
    endloop
  endfacet
  facet normal 0.321407 0.946941 -0
    outer loop
      vertex 36.9134 21.6194 0
      vertex 36.2941 21.8296 3
      vertex 36.9134 21.6194 3
    endloop
  endfacet
  facet normal 0.321407 0.946941 0
    outer loop
      vertex 36.2941 21.8296 3
      vertex 36.9134 21.6194 0
      vertex 36.2941 21.8296 0
    endloop
  endfacet
  facet normal 0.659424 0.751771 -0
    outer loop
      vertex 38.5355 20.5355 0
      vertex 38.0438 20.9668 3
      vertex 38.5355 20.5355 3
    endloop
  endfacet
  facet normal 0.659424 0.751771 0
    outer loop
      vertex 38.0438 20.9668 3
      vertex 38.5355 20.5355 0
      vertex 38.0438 20.9668 0
    endloop
  endfacet
  facet normal -1 0 0
    outer loop
      vertex -40 -21 0
      vertex -40 17 3
      vertex -40 17 0
    endloop
  endfacet
  facet normal -1 -0 0
    outer loop
      vertex -40 17 3
      vertex -40 -21 0
      vertex -40 -21 3
    endloop
  endfacet
  facet normal 1 -0 0
    outer loop
      vertex 40 -21 3
      vertex 40 17 0
      vertex 40 17 3
    endloop
  endfacet
  facet normal 1 0 0
    outer loop
      vertex 40 17 0
      vertex 40 -21 3
      vertex 40 -21 0
    endloop
  endfacet
  facet normal 0.0654432 -0.997856 0
    outer loop
      vertex 35 -26 0
      vertex 35.6526 -25.9572 3
      vertex 35 -26 3
    endloop
  endfacet
  facet normal 0.0654432 -0.997856 0
    outer loop
      vertex 35.6526 -25.9572 3
      vertex 35 -26 0
      vertex 35.6526 -25.9572 0
    endloop
  endfacet
  facet normal -0.831509 -0.555512 0
    outer loop
      vertex -38.9668 -24.0438 0
      vertex -39.3301 -23.5 3
      vertex -39.3301 -23.5 0
    endloop
  endfacet
  facet normal -0.831509 -0.555512 0
    outer loop
      vertex -39.3301 -23.5 3
      vertex -38.9668 -24.0438 0
      vertex -38.9668 -24.0438 3
    endloop
  endfacet
  facet normal -0.321407 -0.946941 0
    outer loop
      vertex -36.9134 -25.6194 0
      vertex -36.2941 -25.8296 3
      vertex -36.9134 -25.6194 3
    endloop
  endfacet
  facet normal -0.321407 -0.946941 -0
    outer loop
      vertex -36.2941 -25.8296 3
      vertex -36.9134 -25.6194 0
      vertex -36.2941 -25.8296 0
    endloop
  endfacet
  facet normal -0.555512 -0.831509 0
    outer loop
      vertex -38.0438 -24.9668 0
      vertex -37.5 -25.3301 3
      vertex -38.0438 -24.9668 3
    endloop
  endfacet
  facet normal -0.555512 -0.831509 -0
    outer loop
      vertex -37.5 -25.3301 3
      vertex -38.0438 -24.9668 0
      vertex -37.5 -25.3301 0
    endloop
  endfacet
  facet normal 0.195087 0.980786 -0
    outer loop
      vertex 36.2941 21.8296 0
      vertex 35.6526 21.9572 3
      vertex 36.2941 21.8296 3
    endloop
  endfacet
  facet normal 0.195087 0.980786 0
    outer loop
      vertex 35.6526 21.9572 3
      vertex 36.2941 21.8296 0
      vertex 35.6526 21.9572 0
    endloop
  endfacet
  facet normal 0.751771 -0.659424 0
    outer loop
      vertex 38.5355 -24.5355 3
      vertex 38.9668 -24.0438 0
      vertex 38.9668 -24.0438 3
    endloop
  endfacet
  facet normal 0.751771 -0.659424 0
    outer loop
      vertex 38.9668 -24.0438 0
      vertex 38.5355 -24.5355 3
      vertex 38.5355 -24.5355 0
    endloop
  endfacet
  facet normal -0.980786 0.195087 0
    outer loop
      vertex -39.9572 17.6526 0
      vertex -39.8296 18.2941 3
      vertex -39.8296 18.2941 0
    endloop
  endfacet
  facet normal -0.980786 0.195087 0
    outer loop
      vertex -39.8296 18.2941 3
      vertex -39.9572 17.6526 0
      vertex -39.9572 17.6526 3
    endloop
  endfacet
  facet normal 0.442314 0.89686 -0
    outer loop
      vertex 37.5 21.3301 0
      vertex 36.9134 21.6194 3
      vertex 37.5 21.3301 3
    endloop
  endfacet
  facet normal 0.442314 0.89686 0
    outer loop
      vertex 36.9134 21.6194 3
      vertex 37.5 21.3301 0
      vertex 36.9134 21.6194 0
    endloop
  endfacet
  facet normal 0 -1 0
    outer loop
      vertex -35 -26 3
      vertex -5.11423 -26 2.5
      vertex -5.11423 -26 3
    endloop
  endfacet
  facet normal 0 -1 -0
    outer loop
      vertex -5.11423 -26 2.5
      vertex -35 -26 0
      vertex 5.11423 -26 2.5
    endloop
  endfacet
  facet normal 0 -1 0
    outer loop
      vertex -35 -26 0
      vertex -5.11423 -26 2.5
      vertex -35 -26 3
    endloop
  endfacet
  facet normal 0 -1 0
    outer loop
      vertex 5.11423 -26 2.5
      vertex 35 -26 3
      vertex 5.11423 -26 3
    endloop
  endfacet
  facet normal 0 -1 0
    outer loop
      vertex 35 -26 0
      vertex 5.11423 -26 2.5
      vertex -35 -26 0
    endloop
  endfacet
  facet normal 0 -1 0
    outer loop
      vertex 5.11423 -26 2.5
      vertex 35 -26 0
      vertex 35 -26 3
    endloop
  endfacet
  facet normal 0.831509 -0.555512 0
    outer loop
      vertex 38.9668 -24.0438 3
      vertex 39.3301 -23.5 0
      vertex 39.3301 -23.5 3
    endloop
  endfacet
  facet normal 0.831509 -0.555512 0
    outer loop
      vertex 39.3301 -23.5 0
      vertex 38.9668 -24.0438 3
      vertex 38.9668 -24.0438 0
    endloop
  endfacet
  facet normal 0.321407 -0.946941 0
    outer loop
      vertex 36.2941 -25.8296 0
      vertex 36.9134 -25.6194 3
      vertex 36.2941 -25.8296 3
    endloop
  endfacet
  facet normal 0.321407 -0.946941 0
    outer loop
      vertex 36.9134 -25.6194 3
      vertex 36.2941 -25.8296 0
      vertex 36.9134 -25.6194 0
    endloop
  endfacet
  facet normal 0.89686 0.442314 0
    outer loop
      vertex 39.6194 18.9134 3
      vertex 39.3301 19.5 0
      vertex 39.3301 19.5 3
    endloop
  endfacet
  facet normal 0.89686 0.442314 0
    outer loop
      vertex 39.3301 19.5 0
      vertex 39.6194 18.9134 3
      vertex 39.6194 18.9134 0
    endloop
  endfacet
  facet normal 0.659424 -0.751771 0
    outer loop
      vertex 38.0438 -24.9668 0
      vertex 38.5355 -24.5355 3
      vertex 38.0438 -24.9668 3
    endloop
  endfacet
  facet normal 0.659424 -0.751771 0
    outer loop
      vertex 38.5355 -24.5355 3
      vertex 38.0438 -24.9668 0
      vertex 38.5355 -24.5355 0
    endloop
  endfacet
  facet normal -0.195087 -0.980786 0
    outer loop
      vertex -36.2941 -25.8296 0
      vertex -35.6526 -25.9572 3
      vertex -36.2941 -25.8296 3
    endloop
  endfacet
  facet normal -0.195087 -0.980786 -0
    outer loop
      vertex -35.6526 -25.9572 3
      vertex -36.2941 -25.8296 0
      vertex -35.6526 -25.9572 0
    endloop
  endfacet
  facet normal -0.555512 0.831509 0
    outer loop
      vertex -37.5 21.3301 0
      vertex -38.0438 20.9668 3
      vertex -37.5 21.3301 3
    endloop
  endfacet
  facet normal -0.555512 0.831509 0
    outer loop
      vertex -38.0438 20.9668 3
      vertex -37.5 21.3301 0
      vertex -38.0438 20.9668 0
    endloop
  endfacet
  facet normal 0.555512 0.831509 -0
    outer loop
      vertex 38.0438 20.9668 0
      vertex 37.5 21.3301 3
      vertex 38.0438 20.9668 3
    endloop
  endfacet
  facet normal 0.555512 0.831509 0
    outer loop
      vertex 37.5 21.3301 3
      vertex 38.0438 20.9668 0
      vertex 37.5 21.3301 0
    endloop
  endfacet
  facet normal 0 0 -1
    outer loop
      vertex -34.7408 -20.0913 0
      vertex -5.89117 -5.09117 0
      vertex -34.3515 -20.3515 0
    endloop
  endfacet
  facet normal 0 0 -1
    outer loop
      vertex -20.4592 16.5913 0
      vertex -34.0913 16.7408 0
      vertex -34 17.2 0
    endloop
  endfacet
  facet normal -0 0 -1
    outer loop
      vertex -5.89117 -5.09117 0
      vertex -34.7408 -20.0913 0
      vertex -20.4592 16.5913 0
    endloop
  endfacet
  facet normal -0 0 -1
    outer loop
      vertex -20.4592 16.5913 0
      vertex -34.3515 16.3515 0
      vertex -34.0913 16.7408 0
    endloop
  endfacet
  facet normal 0 0 -1
    outer loop
      vertex -34.7408 16.0913 0
      vertex -20.4592 16.5913 0
      vertex -34.7408 -20.0913 0
    endloop
  endfacet
  facet normal 0 0 -1
    outer loop
      vertex -20.4592 16.5913 0
      vertex -34.7408 16.0913 0
      vertex -34.3515 16.3515 0
    endloop
  endfacet
  facet normal 0 0 -1
    outer loop
      vertex -35.2 -20 0
      vertex -34.7408 16.0913 0
      vertex -34.7408 -20.0913 0
    endloop
  endfacet
  facet normal 0 0 -1
    outer loop
      vertex -35.2 -20 0
      vertex -35.2 16 0
      vertex -34.7408 16.0913 0
    endloop
  endfacet
  facet normal 0 0 -1
    outer loop
      vertex -35.6592 -20.0913 0
      vertex -35.2 16 0
      vertex -35.2 -20 0
    endloop
  endfacet
  facet normal 0 0 -1
    outer loop
      vertex -35.6592 -20.0913 0
      vertex -35.6592 16.0913 0
      vertex -35.2 16 0
    endloop
  endfacet
  facet normal 0 0 -1
    outer loop
      vertex -40 -21 0
      vertex -35.6592 -20.0913 0
      vertex -36.0485 -20.3515 0
    endloop
  endfacet
  facet normal -0 0 -1
    outer loop
      vertex -35.6592 -20.0913 0
      vertex -40 -21 0
      vertex -35.6592 16.0913 0
    endloop
  endfacet
  facet normal 0 0 -1
    outer loop
      vertex -40 -21 0
      vertex -36.0485 -20.3515 0
      vertex -36.3087 -20.7408 0
    endloop
  endfacet
  facet normal 0 0 -1
    outer loop
      vertex -40 17 0
      vertex -35.6592 16.0913 0
      vertex -40 -21 0
    endloop
  endfacet
  facet normal 0 0 -1
    outer loop
      vertex -40 -21 0
      vertex -36.3087 -20.7408 0
      vertex -36.4 -21.2 0
    endloop
  endfacet
  facet normal 0 0 -1
    outer loop
      vertex -35.6592 16.0913 0
      vertex -40 17 0
      vertex -36.0485 16.3515 0
    endloop
  endfacet
  facet normal -0 0 -1
    outer loop
      vertex -2.89778 -0.776457 0
      vertex -5.09117 -4.29117 0
      vertex -2.97433 -0.391578 0
    endloop
  endfacet
  facet normal 0 0 -1
    outer loop
      vertex -3 0 0
      vertex -4.39835 4.69117 0
      vertex -4.29117 5.09117 0
    endloop
  endfacet
  facet normal 0 0 -1
    outer loop
      vertex -5.49117 -4.39835 0
      vertex -2.97433 -0.391578 0
      vertex -5.09117 -4.29117 0
    endloop
  endfacet
  facet normal 0 0 -1
    outer loop
      vertex -3 0 0
      vertex -4.69117 4.39835 0
      vertex -4.39835 4.69117 0
    endloop
  endfacet
  facet normal -0 0 -1
    outer loop
      vertex -2.97433 -0.391578 0
      vertex -5.49117 -4.39835 0
      vertex -3 0 0
    endloop
  endfacet
  facet normal 0 0 -1
    outer loop
      vertex -3 0 0
      vertex -5.09117 4.29117 0
      vertex -4.69117 4.39835 0
    endloop
  endfacet
  facet normal 0 0 -1
    outer loop
      vertex -5.49117 4.39835 0
      vertex -3 0 0
      vertex -5.49117 -4.39835 0
    endloop
  endfacet
  facet normal 0 0 -1
    outer loop
      vertex -3 0 0
      vertex -5.49117 4.39835 0
      vertex -5.09117 4.29117 0
    endloop
  endfacet
  facet normal 0 0 -1
    outer loop
      vertex -5.78399 -4.69117 0
      vertex -5.49117 4.39835 0
      vertex -5.49117 -4.39835 0
    endloop
  endfacet
  facet normal 0 0 -1
    outer loop
      vertex -5.78399 -4.69117 0
      vertex -5.78399 4.69117 0
      vertex -5.49117 4.39835 0
    endloop
  endfacet
  facet normal 0 0 -1
    outer loop
      vertex -20 16.5 0
      vertex -5.78399 -4.69117 0
      vertex -5.89117 -5.09117 0
    endloop
  endfacet
  facet normal 0 0 -1
    outer loop
      vertex -5.78399 -4.69117 0
      vertex -20 16.5 0
      vertex -5.78399 4.69117 0
    endloop
  endfacet
  facet normal 0 0 -1
    outer loop
      vertex 5.78399 4.69117 0
      vertex 20 16.5 0
      vertex 5.78399 -4.69117 0
    endloop
  endfacet
  facet normal 0 0 -1
    outer loop
      vertex 20 16.5 0
      vertex 5.78399 4.69117 0
      vertex 5.89117 5.09117 0
    endloop
  endfacet
  facet normal 0 0 -1
    outer loop
      vertex 5.49117 -4.39835 0
      vertex 5.78399 4.69117 0
      vertex 5.78399 -4.69117 0
    endloop
  endfacet
  facet normal 0 0 -1
    outer loop
      vertex 5.49117 -4.39835 0
      vertex 5.49117 4.39835 0
      vertex 5.78399 4.69117 0
    endloop
  endfacet
  facet normal 0 0 -1
    outer loop
      vertex 2.97433 -0.391578 0
      vertex 5.49117 -4.39835 0
      vertex 5.09117 -4.29117 0
    endloop
  endfacet
  facet normal 0 0 -1
    outer loop
      vertex 5.49117 -4.39835 0
      vertex 3 0 0
      vertex 5.49117 4.39835 0
    endloop
  endfacet
  facet normal 0 0 -1
    outer loop
      vertex 2.59808 -1.5 0
      vertex 5.09117 -4.29117 0
      vertex 4.69117 -4.39835 0
    endloop
  endfacet
  facet normal 0 0 -1
    outer loop
      vertex 2.97433 0.391578 0
      vertex 5.49117 4.39835 0
      vertex 3 0 0
    endloop
  endfacet
  facet normal 0 0 -1
    outer loop
      vertex 2.12132 -2.12132 0
      vertex 4.69117 -4.39835 0
      vertex 4.39835 -4.69117 0
    endloop
  endfacet
  facet normal 0 0 -1
    outer loop
      vertex 5.49117 4.39835 0
      vertex 2.97433 0.391578 0
      vertex 5.09117 4.29117 0
    endloop
  endfacet
  facet normal 0 0 -1
    outer loop
      vertex 1.5 -2.59808 0
      vertex 4.39835 -4.69117 0
      vertex 4.29117 -5.09117 0
    endloop
  endfacet
  facet normal 0 0 -1
    outer loop
      vertex 2.89778 0.776457 0
      vertex 5.09117 4.29117 0
      vertex 2.97433 0.391578 0
    endloop
  endfacet
  facet normal 0 0 -1
    outer loop
      vertex 35.6592 -20.0913 0
      vertex 40 -21 0
      vertex 36.0485 -20.3515 0
    endloop
  endfacet
  facet normal -0 0 -1
    outer loop
      vertex 40 17 0
      vertex 36.3087 16.7408 0
      vertex 36.4 17.2 0
    endloop
  endfacet
  facet normal 0 0 -1
    outer loop
      vertex 40 -21 0
      vertex 35.6592 -20.0913 0
      vertex 40 17 0
    endloop
  endfacet
  facet normal 0 0 -1
    outer loop
      vertex 40 17 0
      vertex 36.0485 16.3515 0
      vertex 36.3087 16.7408 0
    endloop
  endfacet
  facet normal 0 0 -1
    outer loop
      vertex 35.6592 16.0913 0
      vertex 40 17 0
      vertex 35.6592 -20.0913 0
    endloop
  endfacet
  facet normal 0 0 -1
    outer loop
      vertex 40 17 0
      vertex 35.6592 16.0913 0
      vertex 36.0485 16.3515 0
    endloop
  endfacet
  facet normal 0 0 -1
    outer loop
      vertex 35.2 -20 0
      vertex 35.6592 16.0913 0
      vertex 35.6592 -20.0913 0
    endloop
  endfacet
  facet normal 0 0 -1
    outer loop
      vertex 35.2 -20 0
      vertex 35.2 16 0
      vertex 35.6592 16.0913 0
    endloop
  endfacet
  facet normal 0 0 -1
    outer loop
      vertex 34.7408 -20.0913 0
      vertex 35.2 16 0
      vertex 35.2 -20 0
    endloop
  endfacet
  facet normal 0 0 -1
    outer loop
      vertex 34.7408 -20.0913 0
      vertex 34.7408 16.0913 0
      vertex 35.2 16 0
    endloop
  endfacet
  facet normal 0 0 -1
    outer loop
      vertex 5.89117 -5.09117 0
      vertex 34.7408 -20.0913 0
      vertex 34.3515 -20.3515 0
    endloop
  endfacet
  facet normal 0 0 -1
    outer loop
      vertex 34.7408 -20.0913 0
      vertex 20.4592 16.5913 0
      vertex 34.7408 16.0913 0
    endloop
  endfacet
  facet normal 0 0 -1
    outer loop
      vertex 5.78399 -5.49117 0
      vertex 34.3515 -20.3515 0
      vertex 34.0913 -20.7408 0
    endloop
  endfacet
  facet normal 0 0 -1
    outer loop
      vertex 34.7408 16.0913 0
      vertex 20.4592 16.5913 0
      vertex 34.3515 16.3515 0
    endloop
  endfacet
  facet normal 0 0 -1
    outer loop
      vertex 5.78399 -5.49117 0
      vertex 34.0913 -20.7408 0
      vertex 34 -21.2 0
    endloop
  endfacet
  facet normal 0 -0 -1
    outer loop
      vertex 20.8485 16.8515 0
      vertex 34.3515 16.3515 0
      vertex 20.4592 16.5913 0
    endloop
  endfacet
  facet normal 0 0 -1
    outer loop
      vertex 36.4 -21.2 0
      vertex 40 -21 0
      vertex 39.9572 -21.6526 0
    endloop
  endfacet
  facet normal 0 0 -1
    outer loop
      vertex 36.3087 -20.7408 0
      vertex 40 -21 0
      vertex 36.4 -21.2 0
    endloop
  endfacet
  facet normal 0 0 -1
    outer loop
      vertex 36.4 -21.2 0
      vertex 39.9572 -21.6526 0
      vertex 39.8296 -22.2941 0
    endloop
  endfacet
  facet normal 0 0 -1
    outer loop
      vertex 36.0485 -20.3515 0
      vertex 40 -21 0
      vertex 36.3087 -20.7408 0
    endloop
  endfacet
  facet normal 0 0 -1
    outer loop
      vertex 36.3087 -21.6592 0
      vertex 39.8296 -22.2941 0
      vertex 39.6194 -22.9134 0
    endloop
  endfacet
  facet normal 0 0 -1
    outer loop
      vertex 40 17 0
      vertex 36.4 17.2 0
      vertex 39.9572 17.6526 0
    endloop
  endfacet
  facet normal 0 0 -1
    outer loop
      vertex 36.3087 -21.6592 0
      vertex 39.6194 -22.9134 0
      vertex 39.3301 -23.5 0
    endloop
  endfacet
  facet normal -0 0 -1
    outer loop
      vertex 39.9572 17.6526 0
      vertex 36.4 17.2 0
      vertex 39.8296 18.2941 0
    endloop
  endfacet
  facet normal 0 0 -1
    outer loop
      vertex 36.3087 -21.6592 0
      vertex 39.3301 -23.5 0
      vertex 38.9668 -24.0438 0
    endloop
  endfacet
  facet normal 0 0 -1
    outer loop
      vertex 36.3087 17.6592 0
      vertex 39.8296 18.2941 0
      vertex 36.4 17.2 0
    endloop
  endfacet
  facet normal 0 0 -1
    outer loop
      vertex 36.0485 -22.0485 0
      vertex 38.9668 -24.0438 0
      vertex 38.5355 -24.5355 0
    endloop
  endfacet
  facet normal -0 0 -1
    outer loop
      vertex 39.8296 18.2941 0
      vertex 36.3087 17.6592 0
      vertex 39.6194 18.9134 0
    endloop
  endfacet
  facet normal 0 0 -1
    outer loop
      vertex 36.0485 -22.0485 0
      vertex 38.5355 -24.5355 0
      vertex 38.0438 -24.9668 0
    endloop
  endfacet
  facet normal -0 0 -1
    outer loop
      vertex 39.6194 18.9134 0
      vertex 36.3087 17.6592 0
      vertex 39.3301 19.5 0
    endloop
  endfacet
  facet normal 0 0 -1
    outer loop
      vertex 35.6592 -22.3087 0
      vertex 38.0438 -24.9668 0
      vertex 37.5 -25.3301 0
    endloop
  endfacet
  facet normal -0 0 -1
    outer loop
      vertex 39.3301 19.5 0
      vertex 36.3087 17.6592 0
      vertex 38.9668 20.0438 0
    endloop
  endfacet
  facet normal 0 0 -1
    outer loop
      vertex 35.6592 -22.3087 0
      vertex 37.5 -25.3301 0
      vertex 36.9134 -25.6194 0
    endloop
  endfacet
  facet normal 0 0 -1
    outer loop
      vertex 36.0485 18.0485 0
      vertex 38.9668 20.0438 0
      vertex 36.3087 17.6592 0
    endloop
  endfacet
  facet normal -0 0 -1
    outer loop
      vertex 38.9668 20.0438 0
      vertex 36.0485 18.0485 0
      vertex 38.5355 20.5355 0
    endloop
  endfacet
  facet normal 0 0 -1
    outer loop
      vertex 39.8296 -22.2941 0
      vertex 36.3087 -21.6592 0
      vertex 36.4 -21.2 0
    endloop
  endfacet
  facet normal 0 0 -1
    outer loop
      vertex 35.6592 -22.3087 0
      vertex 36.9134 -25.6194 0
      vertex 36.2941 -25.8296 0
    endloop
  endfacet
  facet normal 0 0 -1
    outer loop
      vertex 38.9668 -24.0438 0
      vertex 36.0485 -22.0485 0
      vertex 36.3087 -21.6592 0
    endloop
  endfacet
  facet normal 0 0 -1
    outer loop
      vertex 38.0438 -24.9668 0
      vertex 35.6592 -22.3087 0
      vertex 36.0485 -22.0485 0
    endloop
  endfacet
  facet normal 0 0 -1
    outer loop
      vertex 35.2 -22.4 0
      vertex 36.2941 -25.8296 0
      vertex 35.6526 -25.9572 0
    endloop
  endfacet
  facet normal 0 0 -1
    outer loop
      vertex 36.2941 -25.8296 0
      vertex 35.2 -22.4 0
      vertex 35.6592 -22.3087 0
    endloop
  endfacet
  facet normal 0 0 -1
    outer loop
      vertex 35 -26 0
      vertex 35.2 -22.4 0
      vertex 35.6526 -25.9572 0
    endloop
  endfacet
  facet normal 0 0 -1
    outer loop
      vertex 35 -26 0
      vertex 34.7408 -22.3087 0
      vertex 35.2 -22.4 0
    endloop
  endfacet
  facet normal 0 0 -1
    outer loop
      vertex 35 -26 0
      vertex 34.3515 -22.0485 0
      vertex 34.7408 -22.3087 0
    endloop
  endfacet
  facet normal 0 0 -1
    outer loop
      vertex 35 -26 0
      vertex 34.0913 -21.6592 0
      vertex 34.3515 -22.0485 0
    endloop
  endfacet
  facet normal 0 0 -1
    outer loop
      vertex 34.3515 16.3515 0
      vertex 20.8485 16.8515 0
      vertex 34.0913 16.7408 0
    endloop
  endfacet
  facet normal 0 0 -1
    outer loop
      vertex 5.49117 -5.78399 0
      vertex 34 -21.2 0
      vertex 34.0913 -21.6592 0
    endloop
  endfacet
  facet normal 0 0 -1
    outer loop
      vertex 5.49117 -5.78399 0
      vertex 34.0913 -21.6592 0
      vertex 35 -26 0
    endloop
  endfacet
  facet normal 0 0 -1
    outer loop
      vertex 34 17.2 0
      vertex 21.1087 17.2408 0
      vertex 21.2 17.7 0
    endloop
  endfacet
  facet normal 0 0 -1
    outer loop
      vertex 34.0913 16.7408 0
      vertex 21.1087 17.2408 0
      vertex 34 17.2 0
    endloop
  endfacet
  facet normal 0 -0 -1
    outer loop
      vertex 21.1087 17.2408 0
      vertex 34.0913 16.7408 0
      vertex 20.8485 16.8515 0
    endloop
  endfacet
  facet normal 0 0 -1
    outer loop
      vertex 34.7408 -20.0913 0
      vertex 5.89117 -5.09117 0
      vertex 20.4592 16.5913 0
    endloop
  endfacet
  facet normal 0 0 -1
    outer loop
      vertex 20.4592 16.5913 0
      vertex 5.89117 -5.09117 0
      vertex 20 16.5 0
    endloop
  endfacet
  facet normal 0 0 -1
    outer loop
      vertex 5.78399 -4.69117 0
      vertex 20 16.5 0
      vertex 5.89117 -5.09117 0
    endloop
  endfacet
  facet normal -0 0 -1
    outer loop
      vertex 20 16.5 0
      vertex 5.89117 5.09117 0
      vertex 19.5408 16.5913 0
    endloop
  endfacet
  facet normal -0 0 -1
    outer loop
      vertex 19.5408 16.5913 0
      vertex 5.78399 5.49117 0
      vertex 19.1515 16.8515 0
    endloop
  endfacet
  facet normal 0 0 -1
    outer loop
      vertex 5.78399 5.49117 0
      vertex 19.5408 16.5913 0
      vertex 5.89117 5.09117 0
    endloop
  endfacet
  facet normal 0 0 -1
    outer loop
      vertex 34.3515 -20.3515 0
      vertex 5.78399 -5.49117 0
      vertex 5.89117 -5.09117 0
    endloop
  endfacet
  facet normal 0 0 -1
    outer loop
      vertex 34 -21.2 0
      vertex 5.49117 -5.78399 0
      vertex 5.78399 -5.49117 0
    endloop
  endfacet
  facet normal 0 0 -1
    outer loop
      vertex 35 -26 0
      vertex 5.09117 -5.89117 0
      vertex 5.49117 -5.78399 0
    endloop
  endfacet
  facet normal 0 0 -1
    outer loop
      vertex -5.09117 -5.89117 0
      vertex 5.09117 -5.89117 0
      vertex 35 -26 0
    endloop
  endfacet
  facet normal 0 0 -1
    outer loop
      vertex 2.77164 1.14805 0
      vertex 5.09117 4.29117 0
      vertex 2.89778 0.776457 0
    endloop
  endfacet
  facet normal 0 0 -1
    outer loop
      vertex 4.29117 5.09117 0
      vertex 3.96578 15.4779 0
      vertex 4 16 0
    endloop
  endfacet
  facet normal 0 0 -1
    outer loop
      vertex 4.29117 5.09117 0
      vertex 3.8637 14.9647 0
      vertex 3.96578 15.4779 0
    endloop
  endfacet
  facet normal -0 0 -1
    outer loop
      vertex 5.09117 4.29117 0
      vertex 2.59808 1.5 0
      vertex 4.69117 4.39835 0
    endloop
  endfacet
  facet normal 0 0 -1
    outer loop
      vertex 2.38006 1.82628 0
      vertex 4.69117 4.39835 0
      vertex 2.59808 1.5 0
    endloop
  endfacet
  facet normal 0 0 -1
    outer loop
      vertex 4.29117 5.09117 0
      vertex 3.69552 14.4693 0
      vertex 3.8637 14.9647 0
    endloop
  endfacet
  facet normal 0 0 -1
    outer loop
      vertex 2.59808 1.5 0
      vertex 5.09117 4.29117 0
      vertex 2.77164 1.14805 0
    endloop
  endfacet
  facet normal 0 0 -1
    outer loop
      vertex 5.49117 -4.39835 0
      vertex 2.97433 -0.391578 0
      vertex 3 0 0
    endloop
  endfacet
  facet normal 0 0 -1
    outer loop
      vertex 0.776457 -2.89778 0
      vertex 4.29117 -5.09117 0
      vertex 4.39835 -5.49117 0
    endloop
  endfacet
  facet normal 0 0 -1
    outer loop
      vertex 5.09117 -4.29117 0
      vertex 2.89778 -0.776457 0
      vertex 2.97433 -0.391578 0
    endloop
  endfacet
  facet normal 0 0 -1
    outer loop
      vertex 5.09117 -4.29117 0
      vertex 2.77164 -1.14805 0
      vertex 2.89778 -0.776457 0
    endloop
  endfacet
  facet normal 0 0 -1
    outer loop
      vertex 5.09117 -4.29117 0
      vertex 2.59808 -1.5 0
      vertex 2.77164 -1.14805 0
    endloop
  endfacet
  facet normal 0 0 -1
    outer loop
      vertex 4.69117 -4.39835 0
      vertex 2.38006 -1.82628 0
      vertex 2.59808 -1.5 0
    endloop
  endfacet
  facet normal 0 0 -1
    outer loop
      vertex 4.69117 -4.39835 0
      vertex 2.12132 -2.12132 0
      vertex 2.38006 -1.82628 0
    endloop
  endfacet
  facet normal 0 0 -1
    outer loop
      vertex 4.39835 -4.69117 0
      vertex 1.82628 -2.38006 0
      vertex 2.12132 -2.12132 0
    endloop
  endfacet
  facet normal 0 0 -1
    outer loop
      vertex 4.39835 -4.69117 0
      vertex 1.5 -2.59808 0
      vertex 1.82628 -2.38006 0
    endloop
  endfacet
  facet normal 0 0 -1
    outer loop
      vertex -4.39835 -5.49117 0
      vertex 4.39835 -5.49117 0
      vertex 4.69117 -5.78399 0
    endloop
  endfacet
  facet normal 0 0 -1
    outer loop
      vertex 4.29117 -5.09117 0
      vertex 1.14805 -2.77164 0
      vertex 1.5 -2.59808 0
    endloop
  endfacet
  facet normal 0 0 -1
    outer loop
      vertex 4.29117 -5.09117 0
      vertex 0.776457 -2.89778 0
      vertex 1.14805 -2.77164 0
    endloop
  endfacet
  facet normal 0 0 -1
    outer loop
      vertex 4.39835 -5.49117 0
      vertex 0.391578 -2.97433 0
      vertex 0.776457 -2.89778 0
    endloop
  endfacet
  facet normal 0 0 -1
    outer loop
      vertex 5.09117 -5.89117 0
      vertex -5.09117 -5.89117 0
      vertex 4.69117 -5.78399 0
    endloop
  endfacet
  facet normal 0 -0 -1
    outer loop
      vertex -4.39835 -5.49117 0
      vertex 4.69117 -5.78399 0
      vertex -4.69117 -5.78399 0
    endloop
  endfacet
  facet normal 0 0 -1
    outer loop
      vertex 4.39835 -5.49117 0
      vertex -4.39835 -5.49117 0
      vertex 0 -3 0
    endloop
  endfacet
  facet normal 0 0 -1
    outer loop
      vertex 4.39835 -5.49117 0
      vertex 0 -3 0
      vertex 0.391578 -2.97433 0
    endloop
  endfacet
  facet normal -0 0 -1
    outer loop
      vertex 0 -3 0
      vertex -4.39835 -5.49117 0
      vertex -0.391578 -2.97433 0
    endloop
  endfacet
  facet normal 0 -0 -1
    outer loop
      vertex -4.29117 -5.09117 0
      vertex -0.776457 -2.89778 0
      vertex -4.39835 -5.49117 0
    endloop
  endfacet
  facet normal 0 0 -1
    outer loop
      vertex -2.59808 1.5 0
      vertex -3.4641 14 0
      vertex -3.17341 13.565 0
    endloop
  endfacet
  facet normal 0 0 -1
    outer loop
      vertex -2.97433 0.391578 0
      vertex -4.29117 5.09117 0
      vertex -3.4641 14 0
    endloop
  endfacet
  facet normal 0 0 -1
    outer loop
      vertex -4.39835 5.49117 0
      vertex -3.4641 14 0
      vertex -4.29117 5.09117 0
    endloop
  endfacet
  facet normal 0 0 -1
    outer loop
      vertex -4.69117 5.78399 0
      vertex -3.4641 14 0
      vertex -4.39835 5.49117 0
    endloop
  endfacet
  facet normal 0 0 -1
    outer loop
      vertex -5.09117 5.89117 0
      vertex -3.4641 14 0
      vertex -4.69117 5.78399 0
    endloop
  endfacet
  facet normal -0 0 -1
    outer loop
      vertex -2.77164 -1.14805 0
      vertex -5.09117 -4.29117 0
      vertex -2.89778 -0.776457 0
    endloop
  endfacet
  facet normal -0 0 -1
    outer loop
      vertex -2.59808 -1.5 0
      vertex -5.09117 -4.29117 0
      vertex -2.77164 -1.14805 0
    endloop
  endfacet
  facet normal 0 0 -1
    outer loop
      vertex -5.09117 -4.29117 0
      vertex -2.59808 -1.5 0
      vertex -4.69117 -4.39835 0
    endloop
  endfacet
  facet normal -0 0 -1
    outer loop
      vertex -2.38006 -1.82628 0
      vertex -4.69117 -4.39835 0
      vertex -2.59808 -1.5 0
    endloop
  endfacet
  facet normal -0 0 -1
    outer loop
      vertex -2.12132 -2.12132 0
      vertex -4.69117 -4.39835 0
      vertex -2.38006 -1.82628 0
    endloop
  endfacet
  facet normal 0 0 -1
    outer loop
      vertex -4.69117 -4.39835 0
      vertex -2.12132 -2.12132 0
      vertex -4.39835 -4.69117 0
    endloop
  endfacet
  facet normal -0 0 -1
    outer loop
      vertex -1.82628 -2.38006 0
      vertex -4.39835 -4.69117 0
      vertex -2.12132 -2.12132 0
    endloop
  endfacet
  facet normal -0 0 -1
    outer loop
      vertex -1.5 -2.59808 0
      vertex -4.39835 -4.69117 0
      vertex -1.82628 -2.38006 0
    endloop
  endfacet
  facet normal 0 0 -1
    outer loop
      vertex -4.39835 -4.69117 0
      vertex -1.5 -2.59808 0
      vertex -4.29117 -5.09117 0
    endloop
  endfacet
  facet normal -0 0 -1
    outer loop
      vertex -0.776457 -2.89778 0
      vertex -4.29117 -5.09117 0
      vertex -1.14805 -2.77164 0
    endloop
  endfacet
  facet normal -0 0 -1
    outer loop
      vertex -1.14805 -2.77164 0
      vertex -4.29117 -5.09117 0
      vertex -1.5 -2.59808 0
    endloop
  endfacet
  facet normal -0 0 -1
    outer loop
      vertex -0.391578 -2.97433 0
      vertex -4.39835 -5.49117 0
      vertex -0.776457 -2.89778 0
    endloop
  endfacet
  facet normal -0 0 -1
    outer loop
      vertex 4.69117 -5.78399 0
      vertex -5.09117 -5.89117 0
      vertex -4.69117 -5.78399 0
    endloop
  endfacet
  facet normal 0 0 -1
    outer loop
      vertex -35 -26 0
      vertex -5.09117 -5.89117 0
      vertex 35 -26 0
    endloop
  endfacet
  facet normal 0 0 -1
    outer loop
      vertex -5.78399 4.69117 0
      vertex -20 16.5 0
      vertex -5.89117 5.09117 0
    endloop
  endfacet
  facet normal 0 0 -1
    outer loop
      vertex -34.0913 -20.7408 0
      vertex -5.78399 -5.49117 0
      vertex -34 -21.2 0
    endloop
  endfacet
  facet normal 0 0 -1
    outer loop
      vertex -5.89117 5.09117 0
      vertex -18.8913 17.2408 0
      vertex -18.8 17.7 0
    endloop
  endfacet
  facet normal 0 0 -1
    outer loop
      vertex -5.89117 5.09117 0
      vertex -19.1515 16.8515 0
      vertex -18.8913 17.2408 0
    endloop
  endfacet
  facet normal 0 0 -1
    outer loop
      vertex -5.89117 5.09117 0
      vertex -19.5408 16.5913 0
      vertex -19.1515 16.8515 0
    endloop
  endfacet
  facet normal 0 0 -1
    outer loop
      vertex -5.89117 5.09117 0
      vertex -20 16.5 0
      vertex -19.5408 16.5913 0
    endloop
  endfacet
  facet normal 0 0 -1
    outer loop
      vertex -5.89117 -5.09117 0
      vertex -20.4592 16.5913 0
      vertex -20 16.5 0
    endloop
  endfacet
  facet normal 0 0 -1
    outer loop
      vertex -34.3515 -20.3515 0
      vertex -5.78399 -5.49117 0
      vertex -34.0913 -20.7408 0
    endloop
  endfacet
  facet normal 0 0 -1
    outer loop
      vertex -20.8485 16.8515 0
      vertex -34 17.2 0
      vertex -21.1087 17.2408 0
    endloop
  endfacet
  facet normal 0 0 -1
    outer loop
      vertex -20.4592 16.5913 0
      vertex -34 17.2 0
      vertex -20.8485 16.8515 0
    endloop
  endfacet
  facet normal -0 0 -1
    outer loop
      vertex -5.78399 -5.49117 0
      vertex -34.3515 -20.3515 0
      vertex -5.89117 -5.09117 0
    endloop
  endfacet
  facet normal -0 0 -1
    outer loop
      vertex -5.49117 -5.78399 0
      vertex -34 -21.2 0
      vertex -5.78399 -5.49117 0
    endloop
  endfacet
  facet normal -0 0 -1
    outer loop
      vertex -5.09117 -5.89117 0
      vertex -35 -26 0
      vertex -5.49117 -5.78399 0
    endloop
  endfacet
  facet normal 0 0 -1
    outer loop
      vertex -5.49117 -5.78399 0
      vertex -34.0913 -21.6592 0
      vertex -34 -21.2 0
    endloop
  endfacet
  facet normal 0 0 -1
    outer loop
      vertex -5.49117 -5.78399 0
      vertex -35 -26 0
      vertex -34.0913 -21.6592 0
    endloop
  endfacet
  facet normal 0 0 -1
    outer loop
      vertex -34.0913 -21.6592 0
      vertex -35 -26 0
      vertex -34.3515 -22.0485 0
    endloop
  endfacet
  facet normal 0 0 -1
    outer loop
      vertex -34.3515 -22.0485 0
      vertex -35 -26 0
      vertex -34.7408 -22.3087 0
    endloop
  endfacet
  facet normal 0 0 -1
    outer loop
      vertex -35 -26 0
      vertex -35.2 -22.4 0
      vertex -34.7408 -22.3087 0
    endloop
  endfacet
  facet normal 0 0 -1
    outer loop
      vertex -35.6526 -25.9572 0
      vertex -35.2 -22.4 0
      vertex -35 -26 0
    endloop
  endfacet
  facet normal 0 0 -1
    outer loop
      vertex -36.2941 -25.8296 0
      vertex -35.2 -22.4 0
      vertex -35.6526 -25.9572 0
    endloop
  endfacet
  facet normal -0 0 -1
    outer loop
      vertex -35.2 -22.4 0
      vertex -36.2941 -25.8296 0
      vertex -35.6592 -22.3087 0
    endloop
  endfacet
  facet normal 0 0 -1
    outer loop
      vertex -36.9134 -25.6194 0
      vertex -35.6592 -22.3087 0
      vertex -36.2941 -25.8296 0
    endloop
  endfacet
  facet normal 0 0 -1
    outer loop
      vertex -37.5 -25.3301 0
      vertex -35.6592 -22.3087 0
      vertex -36.9134 -25.6194 0
    endloop
  endfacet
  facet normal 0 0 -1
    outer loop
      vertex -38.0438 -24.9668 0
      vertex -35.6592 -22.3087 0
      vertex -37.5 -25.3301 0
    endloop
  endfacet
  facet normal 0 0 -1
    outer loop
      vertex -38.5355 -24.5355 0
      vertex -36.0485 -22.0485 0
      vertex -38.0438 -24.9668 0
    endloop
  endfacet
  facet normal -0 0 -1
    outer loop
      vertex -35.6592 -22.3087 0
      vertex -38.0438 -24.9668 0
      vertex -36.0485 -22.0485 0
    endloop
  endfacet
  facet normal -0 0 -1
    outer loop
      vertex 38.5355 20.5355 0
      vertex 36.0485 18.0485 0
      vertex 38.0438 20.9668 0
    endloop
  endfacet
  facet normal 0 0 -1
    outer loop
      vertex 35.6592 18.3087 0
      vertex 38.0438 20.9668 0
      vertex 36.0485 18.0485 0
    endloop
  endfacet
  facet normal -0 0 -1
    outer loop
      vertex 38.0438 20.9668 0
      vertex 35.6592 18.3087 0
      vertex 37.5 21.3301 0
    endloop
  endfacet
  facet normal -0 0 -1
    outer loop
      vertex 37.5 21.3301 0
      vertex 35.6592 18.3087 0
      vertex 36.9134 21.6194 0
    endloop
  endfacet
  facet normal -0 0 -1
    outer loop
      vertex 36.9134 21.6194 0
      vertex 35.6592 18.3087 0
      vertex 36.2941 21.8296 0
    endloop
  endfacet
  facet normal 0 0 -1
    outer loop
      vertex 35.2 18.4 0
      vertex 36.2941 21.8296 0
      vertex 35.6592 18.3087 0
    endloop
  endfacet
  facet normal -0 0 -1
    outer loop
      vertex 36.2941 21.8296 0
      vertex 35.2 18.4 0
      vertex 35.6526 21.9572 0
    endloop
  endfacet
  facet normal 0 0 -1
    outer loop
      vertex 35.2 18.4 0
      vertex 35 22 0
      vertex 35.6526 21.9572 0
    endloop
  endfacet
  facet normal 0 0 -1
    outer loop
      vertex 34.7408 18.3087 0
      vertex 35 22 0
      vertex 35.2 18.4 0
    endloop
  endfacet
  facet normal 0 0 -1
    outer loop
      vertex 34.3515 18.0485 0
      vertex 35 22 0
      vertex 34.7408 18.3087 0
    endloop
  endfacet
  facet normal 0 0 -1
    outer loop
      vertex 34.0913 17.6592 0
      vertex 35 22 0
      vertex 34.3515 18.0485 0
    endloop
  endfacet
  facet normal 0 0 -1
    outer loop
      vertex 21.2 17.7 0
      vertex 34.0913 17.6592 0
      vertex 34 17.2 0
    endloop
  endfacet
  facet normal 0 0 -1
    outer loop
      vertex 21.1087 18.1592 0
      vertex 34.0913 17.6592 0
      vertex 21.2 17.7 0
    endloop
  endfacet
  facet normal 0 0 -1
    outer loop
      vertex 34.0913 17.6592 0
      vertex 21.1087 18.1592 0
      vertex 35 22 0
    endloop
  endfacet
  facet normal 0 0 -1
    outer loop
      vertex 20.8485 18.5485 0
      vertex 35 22 0
      vertex 21.1087 18.1592 0
    endloop
  endfacet
  facet normal 0 0 -1
    outer loop
      vertex 20.4592 18.8087 0
      vertex 35 22 0
      vertex 20.8485 18.5485 0
    endloop
  endfacet
  facet normal 0 0 -1
    outer loop
      vertex 20 18.9 0
      vertex 35 22 0
      vertex 20.4592 18.8087 0
    endloop
  endfacet
  facet normal 0 0 -1
    outer loop
      vertex 1.03528 19.8637 0
      vertex 20 18.9 0
      vertex 19.5408 18.8087 0
    endloop
  endfacet
  facet normal 0 0 -1
    outer loop
      vertex 4 16 0
      vertex 19.1515 16.8515 0
      vertex 5.78399 5.49117 0
    endloop
  endfacet
  facet normal -0 0 -1
    outer loop
      vertex 19.1515 16.8515 0
      vertex 4 16 0
      vertex 18.8913 17.2408 0
    endloop
  endfacet
  facet normal -0 0 -1
    outer loop
      vertex 18.8913 17.2408 0
      vertex 4 16 0
      vertex 18.8 17.7 0
    endloop
  endfacet
  facet normal 0 0 -1
    outer loop
      vertex 3.96578 16.5221 0
      vertex 18.8 17.7 0
      vertex 4 16 0
    endloop
  endfacet
  facet normal 0 0 -1
    outer loop
      vertex 4 16 0
      vertex 5.78399 5.49117 0
      vertex 5.49117 5.78399 0
    endloop
  endfacet
  facet normal 0 0 -1
    outer loop
      vertex 4 16 0
      vertex 5.49117 5.78399 0
      vertex 5.09117 5.89117 0
    endloop
  endfacet
  facet normal 0 0 -1
    outer loop
      vertex 4 16 0
      vertex 5.09117 5.89117 0
      vertex 4.69117 5.78399 0
    endloop
  endfacet
  facet normal 0 0 -1
    outer loop
      vertex 4 16 0
      vertex 4.39835 5.49117 0
      vertex 4.29117 5.09117 0
    endloop
  endfacet
  facet normal 0 0 -1
    outer loop
      vertex 4 16 0
      vertex 4.69117 5.78399 0
      vertex 4.39835 5.49117 0
    endloop
  endfacet
  facet normal 0 0 -1
    outer loop
      vertex 3.8637 17.0353 0
      vertex 18.8 17.7 0
      vertex 3.96578 16.5221 0
    endloop
  endfacet
  facet normal -0 0 -1
    outer loop
      vertex 18.8 17.7 0
      vertex 3.8637 17.0353 0
      vertex 18.8913 18.1592 0
    endloop
  endfacet
  facet normal 0 0 -1
    outer loop
      vertex 3.69552 17.5307 0
      vertex 18.8913 18.1592 0
      vertex 3.8637 17.0353 0
    endloop
  endfacet
  facet normal 0 0 -1
    outer loop
      vertex 3.4641 18 0
      vertex 18.8913 18.1592 0
      vertex 3.69552 17.5307 0
    endloop
  endfacet
  facet normal 0 0 -1
    outer loop
      vertex 3.17341 18.435 0
      vertex 18.8913 18.1592 0
      vertex 3.4641 18 0
    endloop
  endfacet
  facet normal 0 0 -1
    outer loop
      vertex 18.8913 18.1592 0
      vertex 3.17341 18.435 0
      vertex 19.1515 18.5485 0
    endloop
  endfacet
  facet normal 0 0 -1
    outer loop
      vertex 2.82843 18.8284 0
      vertex 19.1515 18.5485 0
      vertex 3.17341 18.435 0
    endloop
  endfacet
  facet normal 0 0 -1
    outer loop
      vertex 2.43505 19.1734 0
      vertex 19.1515 18.5485 0
      vertex 2.82843 18.8284 0
    endloop
  endfacet
  facet normal 0 0 -1
    outer loop
      vertex 19.1515 18.5485 0
      vertex 2.43505 19.1734 0
      vertex 19.5408 18.8087 0
    endloop
  endfacet
  facet normal 0 0 -1
    outer loop
      vertex 2 19.4641 0
      vertex 19.5408 18.8087 0
      vertex 2.43505 19.1734 0
    endloop
  endfacet
  facet normal 0 0 -1
    outer loop
      vertex 1.53073 19.6955 0
      vertex 19.5408 18.8087 0
      vertex 2 19.4641 0
    endloop
  endfacet
  facet normal 0 0 -1
    outer loop
      vertex 1.03528 19.8637 0
      vertex 19.5408 18.8087 0
      vertex 1.53073 19.6955 0
    endloop
  endfacet
  facet normal 0 0 -1
    outer loop
      vertex 20 18.9 0
      vertex 1.03528 19.8637 0
      vertex 35 22 0
    endloop
  endfacet
  facet normal 0 0 -1
    outer loop
      vertex 0.522104 19.9658 0
      vertex 35 22 0
      vertex 1.03528 19.8637 0
    endloop
  endfacet
  facet normal 0 0 -1
    outer loop
      vertex 0 20 0
      vertex 35 22 0
      vertex 0.522104 19.9658 0
    endloop
  endfacet
  facet normal 0 0 -1
    outer loop
      vertex -5.49117 5.78399 0
      vertex -3.4641 14 0
      vertex -5.09117 5.89117 0
    endloop
  endfacet
  facet normal -0 0 -1
    outer loop
      vertex -3.4641 14 0
      vertex -5.49117 5.78399 0
      vertex -3.69552 14.4693 0
    endloop
  endfacet
  facet normal 0 0 -1
    outer loop
      vertex -5.78399 5.49117 0
      vertex -3.69552 14.4693 0
      vertex -5.49117 5.78399 0
    endloop
  endfacet
  facet normal 0 0 -1
    outer loop
      vertex -18.8 17.7 0
      vertex -3.69552 14.4693 0
      vertex -5.78399 5.49117 0
    endloop
  endfacet
  facet normal 0 0 -1
    outer loop
      vertex -3.69552 14.4693 0
      vertex -18.8 17.7 0
      vertex -3.8637 14.9647 0
    endloop
  endfacet
  facet normal 0 0 -1
    outer loop
      vertex -3.96578 15.4779 0
      vertex -18.8 17.7 0
      vertex -4 16 0
    endloop
  endfacet
  facet normal 0 0 -1
    outer loop
      vertex -3.8637 14.9647 0
      vertex -18.8 17.7 0
      vertex -3.96578 15.4779 0
    endloop
  endfacet
  facet normal 0 0 -1
    outer loop
      vertex -18.8 17.7 0
      vertex -5.78399 5.49117 0
      vertex -5.89117 5.09117 0
    endloop
  endfacet
  facet normal 0 0 -1
    outer loop
      vertex -4 16 0
      vertex -18.8 17.7 0
      vertex -3.96578 16.5221 0
    endloop
  endfacet
  facet normal 0 0 -1
    outer loop
      vertex -18.8 17.7 0
      vertex -3.8637 17.0353 0
      vertex -3.96578 16.5221 0
    endloop
  endfacet
  facet normal 0 0 -1
    outer loop
      vertex -18.8913 18.1592 0
      vertex -3.8637 17.0353 0
      vertex -18.8 17.7 0
    endloop
  endfacet
  facet normal 0 0 -1
    outer loop
      vertex -3.8637 17.0353 0
      vertex -18.8913 18.1592 0
      vertex -3.69552 17.5307 0
    endloop
  endfacet
  facet normal 0 0 -1
    outer loop
      vertex -3.69552 17.5307 0
      vertex -18.8913 18.1592 0
      vertex -3.4641 18 0
    endloop
  endfacet
  facet normal 0 0 -1
    outer loop
      vertex -3.4641 18 0
      vertex -18.8913 18.1592 0
      vertex -3.17341 18.435 0
    endloop
  endfacet
  facet normal 0 0 -1
    outer loop
      vertex -19.1515 18.5485 0
      vertex -3.17341 18.435 0
      vertex -18.8913 18.1592 0
    endloop
  endfacet
  facet normal 0 0 -1
    outer loop
      vertex -3.17341 18.435 0
      vertex -19.1515 18.5485 0
      vertex -2.82843 18.8284 0
    endloop
  endfacet
  facet normal -0 0 -1
    outer loop
      vertex -2.82843 18.8284 0
      vertex -19.1515 18.5485 0
      vertex -2.43505 19.1734 0
    endloop
  endfacet
  facet normal 0 0 -1
    outer loop
      vertex -19.5408 18.8087 0
      vertex -2.43505 19.1734 0
      vertex -19.1515 18.5485 0
    endloop
  endfacet
  facet normal -0 0 -1
    outer loop
      vertex -2.43505 19.1734 0
      vertex -19.5408 18.8087 0
      vertex -2 19.4641 0
    endloop
  endfacet
  facet normal -0 0 -1
    outer loop
      vertex -2 19.4641 0
      vertex -19.5408 18.8087 0
      vertex -1.53073 19.6955 0
    endloop
  endfacet
  facet normal -0 0 -1
    outer loop
      vertex -1.53073 19.6955 0
      vertex -19.5408 18.8087 0
      vertex -1.03528 19.8637 0
    endloop
  endfacet
  facet normal 0 0 -1
    outer loop
      vertex -20 18.9 0
      vertex -1.03528 19.8637 0
      vertex -19.5408 18.8087 0
    endloop
  endfacet
  facet normal -0 0 -1
    outer loop
      vertex -1.03528 19.8637 0
      vertex -20 18.9 0
      vertex -0.522104 19.9658 0
    endloop
  endfacet
  facet normal 0 0 -1
    outer loop
      vertex -35 22 0
      vertex -0.522104 19.9658 0
      vertex -20 18.9 0
    endloop
  endfacet
  facet normal 0 0 -1
    outer loop
      vertex -0.522104 19.9658 0
      vertex -35 22 0
      vertex 0 20 0
    endloop
  endfacet
  facet normal -0 0 -1
    outer loop
      vertex -21.1087 17.2408 0
      vertex -34 17.2 0
      vertex -21.2 17.7 0
    endloop
  endfacet
  facet normal 0 0 -1
    outer loop
      vertex -34.0913 17.6592 0
      vertex -21.2 17.7 0
      vertex -34 17.2 0
    endloop
  endfacet
  facet normal -0 0 -1
    outer loop
      vertex -21.2 17.7 0
      vertex -34.0913 17.6592 0
      vertex -21.1087 18.1592 0
    endloop
  endfacet
  facet normal 0 0 -1
    outer loop
      vertex -35 22 0
      vertex -21.1087 18.1592 0
      vertex -34.0913 17.6592 0
    endloop
  endfacet
  facet normal 0 0 -1
    outer loop
      vertex -21.1087 18.1592 0
      vertex -35 22 0
      vertex -20.8485 18.5485 0
    endloop
  endfacet
  facet normal 0 0 -1
    outer loop
      vertex -20.8485 18.5485 0
      vertex -35 22 0
      vertex -20.4592 18.8087 0
    endloop
  endfacet
  facet normal 0 0 -1
    outer loop
      vertex -35 22 0
      vertex -34.0913 17.6592 0
      vertex -34.3515 18.0485 0
    endloop
  endfacet
  facet normal 0 0 -1
    outer loop
      vertex -35 22 0
      vertex -34.3515 18.0485 0
      vertex -34.7408 18.3087 0
    endloop
  endfacet
  facet normal 0 0 -1
    outer loop
      vertex -20.4592 18.8087 0
      vertex -35 22 0
      vertex -20 18.9 0
    endloop
  endfacet
  facet normal 0 0 -1
    outer loop
      vertex 0 20 0
      vertex -35 22 0
      vertex 35 22 0
    endloop
  endfacet
  facet normal 0 0 -1
    outer loop
      vertex -35.2 18.4 0
      vertex -35 22 0
      vertex -34.7408 18.3087 0
    endloop
  endfacet
  facet normal 0 0 -1
    outer loop
      vertex -35.2 18.4 0
      vertex -35.6526 21.9572 0
      vertex -35 22 0
    endloop
  endfacet
  facet normal 0 0 -1
    outer loop
      vertex -36.2941 21.8296 0
      vertex -35.2 18.4 0
      vertex -35.6592 18.3087 0
    endloop
  endfacet
  facet normal 0 0 -1
    outer loop
      vertex -38.0438 20.9668 0
      vertex -35.6592 18.3087 0
      vertex -36.0485 18.0485 0
    endloop
  endfacet
  facet normal 0 0 -1
    outer loop
      vertex -35.2 18.4 0
      vertex -36.2941 21.8296 0
      vertex -35.6526 21.9572 0
    endloop
  endfacet
  facet normal 0 0 -1
    outer loop
      vertex -38.9668 20.0438 0
      vertex -36.0485 18.0485 0
      vertex -36.3087 17.6592 0
    endloop
  endfacet
  facet normal 0 0 -1
    outer loop
      vertex -39.8296 18.2941 0
      vertex -36.3087 17.6592 0
      vertex -36.4 17.2 0
    endloop
  endfacet
  facet normal 0 0 -1
    outer loop
      vertex -35.6592 18.3087 0
      vertex -36.9134 21.6194 0
      vertex -36.2941 21.8296 0
    endloop
  endfacet
  facet normal 0 0 -1
    outer loop
      vertex -36.0485 16.3515 0
      vertex -40 17 0
      vertex -36.3087 16.7408 0
    endloop
  endfacet
  facet normal 0 0 -1
    outer loop
      vertex -38.9668 -24.0438 0
      vertex -36.0485 -22.0485 0
      vertex -38.5355 -24.5355 0
    endloop
  endfacet
  facet normal 0 0 -1
    outer loop
      vertex -36.3087 16.7408 0
      vertex -40 17 0
      vertex -36.4 17.2 0
    endloop
  endfacet
  facet normal -0 0 -1
    outer loop
      vertex -36.0485 -22.0485 0
      vertex -38.9668 -24.0438 0
      vertex -36.3087 -21.6592 0
    endloop
  endfacet
  facet normal 0 -0 -1
    outer loop
      vertex -39.9572 17.6526 0
      vertex -36.4 17.2 0
      vertex -40 17 0
    endloop
  endfacet
  facet normal 0 0 -1
    outer loop
      vertex -39.3301 -23.5 0
      vertex -36.3087 -21.6592 0
      vertex -38.9668 -24.0438 0
    endloop
  endfacet
  facet normal 0 0 -1
    outer loop
      vertex -35.6592 18.3087 0
      vertex -37.5 21.3301 0
      vertex -36.9134 21.6194 0
    endloop
  endfacet
  facet normal 0 0 -1
    outer loop
      vertex -39.6194 -22.9134 0
      vertex -36.3087 -21.6592 0
      vertex -39.3301 -23.5 0
    endloop
  endfacet
  facet normal 0 0 -1
    outer loop
      vertex -35.6592 18.3087 0
      vertex -38.0438 20.9668 0
      vertex -37.5 21.3301 0
    endloop
  endfacet
  facet normal 0 0 -1
    outer loop
      vertex -39.8296 -22.2941 0
      vertex -36.3087 -21.6592 0
      vertex -39.6194 -22.9134 0
    endloop
  endfacet
  facet normal 0 0 -1
    outer loop
      vertex -36.0485 18.0485 0
      vertex -38.5355 20.5355 0
      vertex -38.0438 20.9668 0
    endloop
  endfacet
  facet normal -0 0 -1
    outer loop
      vertex -36.3087 -21.6592 0
      vertex -39.8296 -22.2941 0
      vertex -36.4 -21.2 0
    endloop
  endfacet
  facet normal 0 0 -1
    outer loop
      vertex -36.0485 18.0485 0
      vertex -38.9668 20.0438 0
      vertex -38.5355 20.5355 0
    endloop
  endfacet
  facet normal 0 0 -1
    outer loop
      vertex -39.9572 -21.6526 0
      vertex -36.4 -21.2 0
      vertex -39.8296 -22.2941 0
    endloop
  endfacet
  facet normal 0 0 -1
    outer loop
      vertex -36.3087 17.6592 0
      vertex -39.3301 19.5 0
      vertex -38.9668 20.0438 0
    endloop
  endfacet
  facet normal -0 0 -1
    outer loop
      vertex -36.4 -21.2 0
      vertex -39.9572 -21.6526 0
      vertex -40 -21 0
    endloop
  endfacet
  facet normal 0 0 -1
    outer loop
      vertex -36.3087 17.6592 0
      vertex -39.6194 18.9134 0
      vertex -39.3301 19.5 0
    endloop
  endfacet
  facet normal 0 0 -1
    outer loop
      vertex -36.3087 17.6592 0
      vertex -39.8296 18.2941 0
      vertex -39.6194 18.9134 0
    endloop
  endfacet
  facet normal 0 0 -1
    outer loop
      vertex -36.4 17.2 0
      vertex -39.9572 17.6526 0
      vertex -39.8296 18.2941 0
    endloop
  endfacet
  facet normal 0 0 -1
    outer loop
      vertex 2.12132 2.12132 0
      vertex 4.69117 4.39835 0
      vertex 2.38006 1.82628 0
    endloop
  endfacet
  facet normal 0 0 -1
    outer loop
      vertex 4.29117 5.09117 0
      vertex 3.4641 14 0
      vertex 3.69552 14.4693 0
    endloop
  endfacet
  facet normal -0 0 -1
    outer loop
      vertex 4.69117 4.39835 0
      vertex 2.12132 2.12132 0
      vertex 4.39835 4.69117 0
    endloop
  endfacet
  facet normal 0 0 -1
    outer loop
      vertex 4.29117 5.09117 0
      vertex 3.17341 13.565 0
      vertex 3.4641 14 0
    endloop
  endfacet
  facet normal 0 0 -1
    outer loop
      vertex 1.82628 2.38006 0
      vertex 4.39835 4.69117 0
      vertex 2.12132 2.12132 0
    endloop
  endfacet
  facet normal 0 0 -1
    outer loop
      vertex 4.29117 5.09117 0
      vertex 2.82843 13.1716 0
      vertex 3.17341 13.565 0
    endloop
  endfacet
  facet normal 0 0 -1
    outer loop
      vertex 1.5 2.59808 0
      vertex 4.39835 4.69117 0
      vertex 1.82628 2.38006 0
    endloop
  endfacet
  facet normal 0 0 -1
    outer loop
      vertex 4.29117 5.09117 0
      vertex 2.43505 12.8266 0
      vertex 2.82843 13.1716 0
    endloop
  endfacet
  facet normal -0 0 -1
    outer loop
      vertex 4.39835 4.69117 0
      vertex 1.5 2.59808 0
      vertex 4.29117 5.09117 0
    endloop
  endfacet
  facet normal 0 0 -1
    outer loop
      vertex 4.29117 5.09117 0
      vertex 2 12.5359 0
      vertex 2.43505 12.8266 0
    endloop
  endfacet
  facet normal 0 0 -1
    outer loop
      vertex 1.14805 2.77164 0
      vertex 4.29117 5.09117 0
      vertex 1.5 2.59808 0
    endloop
  endfacet
  facet normal 0 0 -1
    outer loop
      vertex 4.29117 5.09117 0
      vertex 1.53073 12.3045 0
      vertex 2 12.5359 0
    endloop
  endfacet
  facet normal 0 0 -1
    outer loop
      vertex 0.776457 2.89778 0
      vertex 4.29117 5.09117 0
      vertex 1.14805 2.77164 0
    endloop
  endfacet
  facet normal 0 0 -1
    outer loop
      vertex 4.29117 5.09117 0
      vertex 1.03528 12.1363 0
      vertex 1.53073 12.3045 0
    endloop
  endfacet
  facet normal 0 0 -1
    outer loop
      vertex 0.391578 2.97433 0
      vertex 4.29117 5.09117 0
      vertex 0.776457 2.89778 0
    endloop
  endfacet
  facet normal 0 0 -1
    outer loop
      vertex 4.29117 5.09117 0
      vertex 0.522104 12.0342 0
      vertex 1.03528 12.1363 0
    endloop
  endfacet
  facet normal 0 0 -1
    outer loop
      vertex 0 12 0
      vertex 4.29117 5.09117 0
      vertex 0.391578 2.97433 0
    endloop
  endfacet
  facet normal 0 0 -1
    outer loop
      vertex 0 12 0
      vertex 0.391578 2.97433 0
      vertex 0 3 0
    endloop
  endfacet
  facet normal 0 0 -1
    outer loop
      vertex 4.29117 5.09117 0
      vertex 0 12 0
      vertex 0.522104 12.0342 0
    endloop
  endfacet
  facet normal 0 0 -1
    outer loop
      vertex -0.391578 2.97433 0
      vertex 0 12 0
      vertex 0 3 0
    endloop
  endfacet
  facet normal 0 0 -1
    outer loop
      vertex -0.391578 2.97433 0
      vertex -0.522104 12.0342 0
      vertex 0 12 0
    endloop
  endfacet
  facet normal 0 0 -1
    outer loop
      vertex -0.776457 2.89778 0
      vertex -0.522104 12.0342 0
      vertex -0.391578 2.97433 0
    endloop
  endfacet
  facet normal 0 0 -1
    outer loop
      vertex -0.776457 2.89778 0
      vertex -1.03528 12.1363 0
      vertex -0.522104 12.0342 0
    endloop
  endfacet
  facet normal 0 0 -1
    outer loop
      vertex -1.14805 2.77164 0
      vertex -1.03528 12.1363 0
      vertex -0.776457 2.89778 0
    endloop
  endfacet
  facet normal 0 0 -1
    outer loop
      vertex -1.53073 12.3045 0
      vertex -1.14805 2.77164 0
      vertex -1.5 2.59808 0
    endloop
  endfacet
  facet normal 0 0 -1
    outer loop
      vertex -1.14805 2.77164 0
      vertex -1.53073 12.3045 0
      vertex -1.03528 12.1363 0
    endloop
  endfacet
  facet normal 0 0 -1
    outer loop
      vertex -2 12.5359 0
      vertex -1.5 2.59808 0
      vertex -1.82628 2.38006 0
    endloop
  endfacet
  facet normal 0 0 -1
    outer loop
      vertex -1.5 2.59808 0
      vertex -2 12.5359 0
      vertex -1.53073 12.3045 0
    endloop
  endfacet
  facet normal 0 0 -1
    outer loop
      vertex -2.43505 12.8266 0
      vertex -1.82628 2.38006 0
      vertex -2.12132 2.12132 0
    endloop
  endfacet
  facet normal 0 0 -1
    outer loop
      vertex -2.82843 13.1716 0
      vertex -2.12132 2.12132 0
      vertex -2.38006 1.82628 0
    endloop
  endfacet
  facet normal 0 0 -1
    outer loop
      vertex -1.82628 2.38006 0
      vertex -2.43505 12.8266 0
      vertex -2 12.5359 0
    endloop
  endfacet
  facet normal 0 0 -1
    outer loop
      vertex -3.17341 13.565 0
      vertex -2.38006 1.82628 0
      vertex -2.59808 1.5 0
    endloop
  endfacet
  facet normal 0 0 -1
    outer loop
      vertex -3.4641 14 0
      vertex -2.59808 1.5 0
      vertex -2.77164 1.14805 0
    endloop
  endfacet
  facet normal 0 0 -1
    outer loop
      vertex -2.12132 2.12132 0
      vertex -2.82843 13.1716 0
      vertex -2.43505 12.8266 0
    endloop
  endfacet
  facet normal 0 0 -1
    outer loop
      vertex -3.4641 14 0
      vertex -2.77164 1.14805 0
      vertex -2.89778 0.776457 0
    endloop
  endfacet
  facet normal 0 0 -1
    outer loop
      vertex -3.4641 14 0
      vertex -2.89778 0.776457 0
      vertex -2.97433 0.391578 0
    endloop
  endfacet
  facet normal 0 0 -1
    outer loop
      vertex -4.29117 5.09117 0
      vertex -2.97433 0.391578 0
      vertex -3 0 0
    endloop
  endfacet
  facet normal 0 0 -1
    outer loop
      vertex -2.38006 1.82628 0
      vertex -3.17341 13.565 0
      vertex -2.82843 13.1716 0
    endloop
  endfacet
  facet normal 0.195087 -0.980786 0
    outer loop
      vertex 35.6526 -25.9572 0
      vertex 36.2941 -25.8296 3
      vertex 35.6526 -25.9572 3
    endloop
  endfacet
  facet normal 0.195087 -0.980786 0
    outer loop
      vertex 36.2941 -25.8296 3
      vertex 35.6526 -25.9572 0
      vertex 36.2941 -25.8296 0
    endloop
  endfacet
  facet normal 0.946941 -0.321407 0
    outer loop
      vertex 39.6194 -22.9134 3
      vertex 39.8296 -22.2941 0
      vertex 39.8296 -22.2941 3
    endloop
  endfacet
  facet normal 0.946941 -0.321407 0
    outer loop
      vertex 39.8296 -22.2941 0
      vertex 39.6194 -22.9134 3
      vertex 39.6194 -22.9134 0
    endloop
  endfacet
  facet normal -0.442314 -0.89686 0
    outer loop
      vertex -37.5 -25.3301 0
      vertex -36.9134 -25.6194 3
      vertex -37.5 -25.3301 3
    endloop
  endfacet
  facet normal -0.442314 -0.89686 -0
    outer loop
      vertex -36.9134 -25.6194 3
      vertex -37.5 -25.3301 0
      vertex -36.9134 -25.6194 0
    endloop
  endfacet
  facet normal 0.997856 -0.0654432 0
    outer loop
      vertex 39.9572 -21.6526 3
      vertex 40 -21 0
      vertex 40 -21 3
    endloop
  endfacet
  facet normal 0.997856 -0.0654432 0
    outer loop
      vertex 40 -21 0
      vertex 39.9572 -21.6526 3
      vertex 39.9572 -21.6526 0
    endloop
  endfacet
  facet normal 0.555512 -0.831509 0
    outer loop
      vertex 37.5 -25.3301 0
      vertex 38.0438 -24.9668 3
      vertex 37.5 -25.3301 3
    endloop
  endfacet
  facet normal 0.555512 -0.831509 0
    outer loop
      vertex 38.0438 -24.9668 3
      vertex 37.5 -25.3301 0
      vertex 38.0438 -24.9668 0
    endloop
  endfacet
  facet normal -0.946941 -0.321407 0
    outer loop
      vertex -39.6194 -22.9134 0
      vertex -39.8296 -22.2941 3
      vertex -39.8296 -22.2941 0
    endloop
  endfacet
  facet normal -0.946941 -0.321407 0
    outer loop
      vertex -39.8296 -22.2941 3
      vertex -39.6194 -22.9134 0
      vertex -39.6194 -22.9134 3
    endloop
  endfacet
  facet normal 0.442314 -0.89686 0
    outer loop
      vertex 36.9134 -25.6194 0
      vertex 37.5 -25.3301 3
      vertex 36.9134 -25.6194 3
    endloop
  endfacet
  facet normal 0.442314 -0.89686 0
    outer loop
      vertex 37.5 -25.3301 3
      vertex 36.9134 -25.6194 0
      vertex 37.5 -25.3301 0
    endloop
  endfacet
  facet normal 0.89686 -0.442314 0
    outer loop
      vertex 39.3301 -23.5 3
      vertex 39.6194 -22.9134 0
      vertex 39.6194 -22.9134 3
    endloop
  endfacet
  facet normal 0.89686 -0.442314 0
    outer loop
      vertex 39.6194 -22.9134 0
      vertex 39.3301 -23.5 3
      vertex 39.3301 -23.5 0
    endloop
  endfacet
  facet normal -0.751771 0.659424 0
    outer loop
      vertex -38.9668 20.0438 0
      vertex -38.5355 20.5355 3
      vertex -38.5355 20.5355 0
    endloop
  endfacet
  facet normal -0.751771 0.659424 0
    outer loop
      vertex -38.5355 20.5355 3
      vertex -38.9668 20.0438 0
      vertex -38.9668 20.0438 3
    endloop
  endfacet
  facet normal -0.659424 0.751771 0
    outer loop
      vertex -38.0438 20.9668 0
      vertex -38.5355 20.5355 3
      vertex -38.0438 20.9668 3
    endloop
  endfacet
  facet normal -0.659424 0.751771 0
    outer loop
      vertex -38.5355 20.5355 3
      vertex -38.0438 20.9668 0
      vertex -38.5355 20.5355 0
    endloop
  endfacet
  facet normal 0.997856 0.0654432 0
    outer loop
      vertex 40 17 3
      vertex 39.9572 17.6526 0
      vertex 39.9572 17.6526 3
    endloop
  endfacet
  facet normal 0.997856 0.0654432 0
    outer loop
      vertex 39.9572 17.6526 0
      vertex 40 17 3
      vertex 40 17 0
    endloop
  endfacet
  facet normal 0.980786 -0.195087 0
    outer loop
      vertex 39.8296 -22.2941 3
      vertex 39.9572 -21.6526 0
      vertex 39.9572 -21.6526 3
    endloop
  endfacet
  facet normal 0.980786 -0.195087 0
    outer loop
      vertex 39.9572 -21.6526 0
      vertex 39.8296 -22.2941 3
      vertex 39.8296 -22.2941 0
    endloop
  endfacet
  facet normal -0.751771 -0.659424 0
    outer loop
      vertex -38.5355 -24.5355 0
      vertex -38.9668 -24.0438 3
      vertex -38.9668 -24.0438 0
    endloop
  endfacet
  facet normal -0.751771 -0.659424 0
    outer loop
      vertex -38.9668 -24.0438 3
      vertex -38.5355 -24.5355 0
      vertex -38.5355 -24.5355 3
    endloop
  endfacet
  facet normal -0.946941 0.321407 0
    outer loop
      vertex -39.8296 18.2941 0
      vertex -39.6194 18.9134 3
      vertex -39.6194 18.9134 0
    endloop
  endfacet
  facet normal -0.946941 0.321407 0
    outer loop
      vertex -39.6194 18.9134 3
      vertex -39.8296 18.2941 0
      vertex -39.8296 18.2941 3
    endloop
  endfacet
  facet normal -0.659424 -0.751771 0
    outer loop
      vertex -38.5355 -24.5355 0
      vertex -38.0438 -24.9668 3
      vertex -38.5355 -24.5355 3
    endloop
  endfacet
  facet normal -0.659424 -0.751771 -0
    outer loop
      vertex -38.0438 -24.9668 3
      vertex -38.5355 -24.5355 0
      vertex -38.0438 -24.9668 0
    endloop
  endfacet
  facet normal -0.89686 -0.442314 0
    outer loop
      vertex -39.3301 -23.5 0
      vertex -39.6194 -22.9134 3
      vertex -39.6194 -22.9134 0
    endloop
  endfacet
  facet normal -0.89686 -0.442314 0
    outer loop
      vertex -39.6194 -22.9134 3
      vertex -39.3301 -23.5 0
      vertex -39.3301 -23.5 3
    endloop
  endfacet
  facet normal -0.980786 -0.195087 0
    outer loop
      vertex -39.8296 -22.2941 0
      vertex -39.9572 -21.6526 3
      vertex -39.9572 -21.6526 0
    endloop
  endfacet
  facet normal -0.980786 -0.195087 0
    outer loop
      vertex -39.9572 -21.6526 3
      vertex -39.8296 -22.2941 0
      vertex -39.8296 -22.2941 3
    endloop
  endfacet
  facet normal 0.980786 0.195087 0
    outer loop
      vertex 39.9572 17.6526 3
      vertex 39.8296 18.2941 0
      vertex 39.8296 18.2941 3
    endloop
  endfacet
  facet normal 0.980786 0.195087 0
    outer loop
      vertex 39.8296 18.2941 0
      vertex 39.9572 17.6526 3
      vertex 39.9572 17.6526 0
    endloop
  endfacet
  facet normal 0.831509 0.555512 0
    outer loop
      vertex 39.3301 19.5 3
      vertex 38.9668 20.0438 0
      vertex 38.9668 20.0438 3
    endloop
  endfacet
  facet normal 0.831509 0.555512 0
    outer loop
      vertex 38.9668 20.0438 0
      vertex 39.3301 19.5 3
      vertex 39.3301 19.5 0
    endloop
  endfacet
  facet normal 0.751771 0.659424 0
    outer loop
      vertex 38.9668 20.0438 3
      vertex 38.5355 20.5355 0
      vertex 38.5355 20.5355 3
    endloop
  endfacet
  facet normal 0.751771 0.659424 0
    outer loop
      vertex 38.5355 20.5355 0
      vertex 38.9668 20.0438 3
      vertex 38.9668 20.0438 0
    endloop
  endfacet
  facet normal 0.946941 0.321407 0
    outer loop
      vertex 39.8296 18.2941 3
      vertex 39.6194 18.9134 0
      vertex 39.6194 18.9134 3
    endloop
  endfacet
  facet normal 0.946941 0.321407 0
    outer loop
      vertex 39.6194 18.9134 0
      vertex 39.8296 18.2941 3
      vertex 39.8296 18.2941 0
    endloop
  endfacet
  facet normal 0 0 1
    outer loop
      vertex -35.6592 16.0913 3
      vertex -26.2733 3.45894 3
      vertex -35.2 16 3
    endloop
  endfacet
  facet normal 0 0 1
    outer loop
      vertex -26.4433 -1.73318 3
      vertex -34.0913 -20.7408 3
      vertex -34 -21.2 3
    endloop
  endfacet
  facet normal 0 0 1
    outer loop
      vertex -26.2733 3.45894 3
      vertex -35.6592 16.0913 3
      vertex -26.4433 1.73318 3
    endloop
  endfacet
  facet normal 0 0 1
    outer loop
      vertex -26.4433 -1.73318 3
      vertex -34.3515 -20.3515 3
      vertex -34.0913 -20.7408 3
    endloop
  endfacet
  facet normal 0 0 1
    outer loop
      vertex -40 17 3
      vertex -26.4433 1.73318 3
      vertex -35.6592 16.0913 3
    endloop
  endfacet
  facet normal 0 0 1
    outer loop
      vertex -26.4433 -1.73318 3
      vertex -34.7408 -20.0913 3
      vertex -34.3515 -20.3515 3
    endloop
  endfacet
  facet normal 0 0 1
    outer loop
      vertex -26.4433 1.73318 3
      vertex -40 17 3
      vertex -26.5 0 3
    endloop
  endfacet
  facet normal 0 0 1
    outer loop
      vertex -26.4433 -1.73318 3
      vertex -35.2 -20 3
      vertex -34.7408 -20.0913 3
    endloop
  endfacet
  facet normal 0 0 1
    outer loop
      vertex -26.5 0 3
      vertex -40 17 3
      vertex -26.4433 -1.73318 3
    endloop
  endfacet
  facet normal 0 0 1
    outer loop
      vertex -26.4433 -1.73318 3
      vertex -35.6592 -20.0913 3
      vertex -35.2 -20 3
    endloop
  endfacet
  facet normal 0 0 1
    outer loop
      vertex -40 17 3
      vertex -35.6592 16.0913 3
      vertex -36.0485 16.3515 3
    endloop
  endfacet
  facet normal 0 0 1
    outer loop
      vertex -40 -21 3
      vertex -26.4433 -1.73318 3
      vertex -40 17 3
    endloop
  endfacet
  facet normal 0 0 1
    outer loop
      vertex -40 17 3
      vertex -36.0485 16.3515 3
      vertex -36.3087 16.7408 3
    endloop
  endfacet
  facet normal 0 0 1
    outer loop
      vertex -26.4433 -1.73318 3
      vertex -40 -21 3
      vertex -35.6592 -20.0913 3
    endloop
  endfacet
  facet normal -0 0 1
    outer loop
      vertex -40 17 3
      vertex -36.3087 16.7408 3
      vertex -36.4 17.2 3
    endloop
  endfacet
  facet normal 0 0 1
    outer loop
      vertex -35.6592 -20.0913 3
      vertex -40 -21 3
      vertex -36.0485 -20.3515 3
    endloop
  endfacet
  facet normal 0 0 1
    outer loop
      vertex -18.7383 18.7383 3
      vertex -19.1515 18.5485 3
      vertex -19.0535 18.4019 3
    endloop
  endfacet
  facet normal -0 0 1
    outer loop
      vertex -19.5408 18.8087 3
      vertex -18.7383 18.7383 3
      vertex -17.4727 19.9238 3
    endloop
  endfacet
  facet normal 0 0 1
    outer loop
      vertex -20 18.9 3
      vertex -17.4727 19.9238 3
      vertex -16.1322 21.0239 3
    endloop
  endfacet
  facet normal 0 0 1
    outer loop
      vertex -18.7383 18.7383 3
      vertex -19.5408 18.8087 3
      vertex -19.1515 18.5485 3
    endloop
  endfacet
  facet normal -0 0 1
    outer loop
      vertex -35 22 3
      vertex -16.1322 21.0239 3
      vertex -14.77 22 3
    endloop
  endfacet
  facet normal 0 0 1
    outer loop
      vertex -17.4727 19.9238 3
      vertex -20 18.9 3
      vertex -19.5408 18.8087 3
    endloop
  endfacet
  facet normal 0 0 1
    outer loop
      vertex -16.1322 21.0239 3
      vertex -20.4592 18.8087 3
      vertex -20 18.9 3
    endloop
  endfacet
  facet normal 0 0 1
    outer loop
      vertex -34.0913 17.6592 3
      vertex -21.2 17.7 3
      vertex -21.1087 18.1592 3
    endloop
  endfacet
  facet normal 0 0 1
    outer loop
      vertex -21.2 17.7 3
      vertex -34 17.2 3
      vertex -22.0339 14.7226 3
    endloop
  endfacet
  facet normal 0 0 1
    outer loop
      vertex -22.0339 14.7226 3
      vertex -34 17.2 3
      vertex -22.9497 13.25 3
    endloop
  endfacet
  facet normal -0 0 1
    outer loop
      vertex -34.0913 16.7408 3
      vertex -22.9497 13.25 3
      vertex -34 17.2 3
    endloop
  endfacet
  facet normal -0 0 1
    outer loop
      vertex -35.2 16 3
      vertex -25.597 6.8587 3
      vertex -34.7408 16.0913 3
    endloop
  endfacet
  facet normal 0 0 1
    outer loop
      vertex -25.0936 8.51815 3
      vertex -34.7408 16.0913 3
      vertex -25.597 6.8587 3
    endloop
  endfacet
  facet normal -0 0 1
    outer loop
      vertex -34.7408 16.0913 3
      vertex -25.0936 8.51815 3
      vertex -34.3515 16.3515 3
    endloop
  endfacet
  facet normal 0 0 1
    outer loop
      vertex -24.4828 10.1411 3
      vertex -34.3515 16.3515 3
      vertex -25.0936 8.51815 3
    endloop
  endfacet
  facet normal -0 0 1
    outer loop
      vertex -34.3515 16.3515 3
      vertex -24.4828 10.1411 3
      vertex -34.0913 16.7408 3
    endloop
  endfacet
  facet normal 0 0 1
    outer loop
      vertex -23.7671 11.7206 3
      vertex -34.0913 16.7408 3
      vertex -24.4828 10.1411 3
    endloop
  endfacet
  facet normal 0 0 1
    outer loop
      vertex -22.9497 13.25 3
      vertex -34.0913 16.7408 3
      vertex -23.7671 11.7206 3
    endloop
  endfacet
  facet normal 0 0 1
    outer loop
      vertex -35 22 3
      vertex -21.1087 18.1592 3
      vertex -20.8485 18.5485 3
    endloop
  endfacet
  facet normal 0 0 1
    outer loop
      vertex -35 22 3
      vertex -20.8485 18.5485 3
      vertex -20.4592 18.8087 3
    endloop
  endfacet
  facet normal 0 0 1
    outer loop
      vertex -16.1322 21.0239 3
      vertex -35 22 3
      vertex -20.4592 18.8087 3
    endloop
  endfacet
  facet normal 0 0 1
    outer loop
      vertex -21.2 17.7 3
      vertex -34.0913 17.6592 3
      vertex -34 17.2 3
    endloop
  endfacet
  facet normal 0 0 1
    outer loop
      vertex -21.1087 18.1592 3
      vertex -35 22 3
      vertex -34.0913 17.6592 3
    endloop
  endfacet
  facet normal 0 0 1
    outer loop
      vertex -34.0913 17.6592 3
      vertex -35 22 3
      vertex -34.3515 18.0485 3
    endloop
  endfacet
  facet normal 0 0 1
    outer loop
      vertex -34.3515 18.0485 3
      vertex -35 22 3
      vertex -34.7408 18.3087 3
    endloop
  endfacet
  facet normal 0 0 1
    outer loop
      vertex -35 22 3
      vertex -35.2 18.4 3
      vertex -34.7408 18.3087 3
    endloop
  endfacet
  facet normal -0 0 1
    outer loop
      vertex -35.6526 21.9572 3
      vertex -35.2 18.4 3
      vertex -35 22 3
    endloop
  endfacet
  facet normal -0 0 1
    outer loop
      vertex -36.2941 21.8296 3
      vertex -35.2 18.4 3
      vertex -35.6526 21.9572 3
    endloop
  endfacet
  facet normal 0 0 1
    outer loop
      vertex -35.2 18.4 3
      vertex -36.2941 21.8296 3
      vertex -35.6592 18.3087 3
    endloop
  endfacet
  facet normal -0 0 1
    outer loop
      vertex -36.9134 21.6194 3
      vertex -35.6592 18.3087 3
      vertex -36.2941 21.8296 3
    endloop
  endfacet
  facet normal -0 0 1
    outer loop
      vertex -37.5 21.3301 3
      vertex -35.6592 18.3087 3
      vertex -36.9134 21.6194 3
    endloop
  endfacet
  facet normal -0 0 1
    outer loop
      vertex -38.0438 20.9668 3
      vertex -35.6592 18.3087 3
      vertex -37.5 21.3301 3
    endloop
  endfacet
  facet normal -0 0 1
    outer loop
      vertex -38.5355 20.5355 3
      vertex -36.0485 18.0485 3
      vertex -38.0438 20.9668 3
    endloop
  endfacet
  facet normal 0 0 1
    outer loop
      vertex -35.6592 18.3087 3
      vertex -38.0438 20.9668 3
      vertex -36.0485 18.0485 3
    endloop
  endfacet
  facet normal 0 0 1
    outer loop
      vertex -20.8485 16.8515 3
      vertex -21.0239 16.1322 3
      vertex -20.5805 16.6724 3
    endloop
  endfacet
  facet normal 0 0 1
    outer loop
      vertex -21.1087 17.2408 3
      vertex -21.0239 16.1322 3
      vertex -20.8485 16.8515 3
    endloop
  endfacet
  facet normal 0 0 1
    outer loop
      vertex -22.0339 14.7226 3
      vertex -21.1087 17.2408 3
      vertex -21.2 17.7 3
    endloop
  endfacet
  facet normal 0 0 1
    outer loop
      vertex -21.1087 17.2408 3
      vertex -22.0339 14.7226 3
      vertex -21.0239 16.1322 3
    endloop
  endfacet
  facet normal 0 0 1
    outer loop
      vertex -25.597 6.8587 3
      vertex -35.2 16 3
      vertex -25.9908 5.16989 3
    endloop
  endfacet
  facet normal 0 0 1
    outer loop
      vertex -25.9908 5.16989 3
      vertex -35.2 16 3
      vertex -26.2733 3.45894 3
    endloop
  endfacet
  facet normal 0 0 1
    outer loop
      vertex -26.4433 -1.73318 3
      vertex -34 -21.2 3
      vertex -26.2733 -3.45894 3
    endloop
  endfacet
  facet normal 0 0 1
    outer loop
      vertex -26.2733 -3.45894 3
      vertex -34 -21.2 3
      vertex -25.9908 -5.16989 3
    endloop
  endfacet
  facet normal 0 0 1
    outer loop
      vertex -25.9908 -5.16989 3
      vertex -34 -21.2 3
      vertex -25.597 -6.8587 3
    endloop
  endfacet
  facet normal 0 0 1
    outer loop
      vertex -25.597 -6.8587 3
      vertex -34 -21.2 3
      vertex -25.0936 -8.51815 3
    endloop
  endfacet
  facet normal 0 0 1
    outer loop
      vertex -34 -21.2 3
      vertex -24.4828 -10.1411 3
      vertex -25.0936 -8.51815 3
    endloop
  endfacet
  facet normal 0 0 1
    outer loop
      vertex -34 -21.2 3
      vertex -23.7671 -11.7206 3
      vertex -24.4828 -10.1411 3
    endloop
  endfacet
  facet normal 0 0 1
    outer loop
      vertex -34 -21.2 3
      vertex -22.9497 -13.25 3
      vertex -23.7671 -11.7206 3
    endloop
  endfacet
  facet normal 0 0 1
    outer loop
      vertex -34 -21.2 3
      vertex -22.0339 -14.7226 3
      vertex -22.9497 -13.25 3
    endloop
  endfacet
  facet normal 0 0 1
    outer loop
      vertex -34 -21.2 3
      vertex -21.0239 -16.1322 3
      vertex -22.0339 -14.7226 3
    endloop
  endfacet
  facet normal 0 0 1
    outer loop
      vertex -34 -21.2 3
      vertex -19.9238 -17.4727 3
      vertex -21.0239 -16.1322 3
    endloop
  endfacet
  facet normal 0 0 1
    outer loop
      vertex -34.0913 -21.6592 3
      vertex -19.9238 -17.4727 3
      vertex -34 -21.2 3
    endloop
  endfacet
  facet normal 0 0 1
    outer loop
      vertex -19.9238 -17.4727 3
      vertex -34.0913 -21.6592 3
      vertex -18.7383 -18.7383 3
    endloop
  endfacet
  facet normal 0 0 1
    outer loop
      vertex -35 -26 3
      vertex -18.7383 -18.7383 3
      vertex -34.0913 -21.6592 3
    endloop
  endfacet
  facet normal 0 0 1
    outer loop
      vertex -18.7383 -18.7383 3
      vertex -35 -26 3
      vertex -17.4727 -19.9238 3
    endloop
  endfacet
  facet normal 0 0 1
    outer loop
      vertex -17.4727 -19.9238 3
      vertex -35 -26 3
      vertex -16.1322 -21.0239 3
    endloop
  endfacet
  facet normal 0 0 1
    outer loop
      vertex -16.1322 -21.0239 3
      vertex -35 -26 3
      vertex -14.7226 -22.0339 3
    endloop
  endfacet
  facet normal 0 0 1
    outer loop
      vertex -14.7226 -22.0339 3
      vertex -35 -26 3
      vertex -13.25 -22.9497 3
    endloop
  endfacet
  facet normal 0 0 1
    outer loop
      vertex -13.25 -22.9497 3
      vertex -35 -26 3
      vertex -11.7206 -23.7671 3
    endloop
  endfacet
  facet normal 0 0 1
    outer loop
      vertex -11.7206 -23.7671 3
      vertex -35 -26 3
      vertex -10.1411 -24.4828 3
    endloop
  endfacet
  facet normal 0 0 1
    outer loop
      vertex -10.1411 -24.4828 3
      vertex -35 -26 3
      vertex -8.51815 -25.0936 3
    endloop
  endfacet
  facet normal 0 0 1
    outer loop
      vertex -8.51815 -25.0936 3
      vertex -35 -26 3
      vertex -6.8587 -25.597 3
    endloop
  endfacet
  facet normal 0 0 1
    outer loop
      vertex -6.8587 -25.597 3
      vertex -35 -26 3
      vertex -5.16989 -25.9908 3
    endloop
  endfacet
  facet normal 0 0 1
    outer loop
      vertex -35 -26 3
      vertex -34.0913 -21.6592 3
      vertex -34.3515 -22.0485 3
    endloop
  endfacet
  facet normal 0 0 1
    outer loop
      vertex -35 -26 3
      vertex -34.3515 -22.0485 3
      vertex -34.7408 -22.3087 3
    endloop
  endfacet
  facet normal 0 0 1
    outer loop
      vertex -5.16989 -25.9908 3
      vertex -35 -26 3
      vertex -5.11423 -26 3
    endloop
  endfacet
  facet normal -0 0 1
    outer loop
      vertex -35.2 -22.4 3
      vertex -35 -26 3
      vertex -34.7408 -22.3087 3
    endloop
  endfacet
  facet normal 0 0 1
    outer loop
      vertex -35.2 -22.4 3
      vertex -35.6526 -25.9572 3
      vertex -35 -26 3
    endloop
  endfacet
  facet normal 0 0 1
    outer loop
      vertex -36.2941 -25.8296 3
      vertex -35.2 -22.4 3
      vertex -35.6592 -22.3087 3
    endloop
  endfacet
  facet normal 0 0 1
    outer loop
      vertex -38.0438 -24.9668 3
      vertex -35.6592 -22.3087 3
      vertex -36.0485 -22.0485 3
    endloop
  endfacet
  facet normal 0 0 1
    outer loop
      vertex -35.2 -22.4 3
      vertex -36.2941 -25.8296 3
      vertex -35.6526 -25.9572 3
    endloop
  endfacet
  facet normal 0 0 1
    outer loop
      vertex -38.9668 -24.0438 3
      vertex -36.0485 -22.0485 3
      vertex -36.3087 -21.6592 3
    endloop
  endfacet
  facet normal 0 0 1
    outer loop
      vertex -39.8296 -22.2941 3
      vertex -36.3087 -21.6592 3
      vertex -36.4 -21.2 3
    endloop
  endfacet
  facet normal 0 0 1
    outer loop
      vertex -35.6592 -22.3087 3
      vertex -36.9134 -25.6194 3
      vertex -36.2941 -25.8296 3
    endloop
  endfacet
  facet normal 0 0 1
    outer loop
      vertex -36.0485 -20.3515 3
      vertex -40 -21 3
      vertex -36.3087 -20.7408 3
    endloop
  endfacet
  facet normal -0 0 1
    outer loop
      vertex -38.9668 20.0438 3
      vertex -36.0485 18.0485 3
      vertex -38.5355 20.5355 3
    endloop
  endfacet
  facet normal 0 0 1
    outer loop
      vertex -36.3087 -20.7408 3
      vertex -40 -21 3
      vertex -36.4 -21.2 3
    endloop
  endfacet
  facet normal 0 0 1
    outer loop
      vertex -36.0485 18.0485 3
      vertex -38.9668 20.0438 3
      vertex -36.3087 17.6592 3
    endloop
  endfacet
  facet normal 0 -0 1
    outer loop
      vertex -39.9572 -21.6526 3
      vertex -36.4 -21.2 3
      vertex -40 -21 3
    endloop
  endfacet
  facet normal -0 0 1
    outer loop
      vertex -39.3301 19.5 3
      vertex -36.3087 17.6592 3
      vertex -38.9668 20.0438 3
    endloop
  endfacet
  facet normal 0 0 1
    outer loop
      vertex -35.6592 -22.3087 3
      vertex -37.5 -25.3301 3
      vertex -36.9134 -25.6194 3
    endloop
  endfacet
  facet normal -0 0 1
    outer loop
      vertex -39.6194 18.9134 3
      vertex -36.3087 17.6592 3
      vertex -39.3301 19.5 3
    endloop
  endfacet
  facet normal 0 0 1
    outer loop
      vertex -35.6592 -22.3087 3
      vertex -38.0438 -24.9668 3
      vertex -37.5 -25.3301 3
    endloop
  endfacet
  facet normal -0 0 1
    outer loop
      vertex -39.8296 18.2941 3
      vertex -36.3087 17.6592 3
      vertex -39.6194 18.9134 3
    endloop
  endfacet
  facet normal 0 0 1
    outer loop
      vertex -36.0485 -22.0485 3
      vertex -38.5355 -24.5355 3
      vertex -38.0438 -24.9668 3
    endloop
  endfacet
  facet normal 0 0 1
    outer loop
      vertex -36.3087 17.6592 3
      vertex -39.8296 18.2941 3
      vertex -36.4 17.2 3
    endloop
  endfacet
  facet normal 0 0 1
    outer loop
      vertex -36.0485 -22.0485 3
      vertex -38.9668 -24.0438 3
      vertex -38.5355 -24.5355 3
    endloop
  endfacet
  facet normal -0 0 1
    outer loop
      vertex -39.9572 17.6526 3
      vertex -36.4 17.2 3
      vertex -39.8296 18.2941 3
    endloop
  endfacet
  facet normal 0 0 1
    outer loop
      vertex -36.3087 -21.6592 3
      vertex -39.3301 -23.5 3
      vertex -38.9668 -24.0438 3
    endloop
  endfacet
  facet normal 0 0 1
    outer loop
      vertex -36.4 17.2 3
      vertex -39.9572 17.6526 3
      vertex -40 17 3
    endloop
  endfacet
  facet normal 0 0 1
    outer loop
      vertex -36.3087 -21.6592 3
      vertex -39.6194 -22.9134 3
      vertex -39.3301 -23.5 3
    endloop
  endfacet
  facet normal 0 0 1
    outer loop
      vertex -36.3087 -21.6592 3
      vertex -39.8296 -22.2941 3
      vertex -39.6194 -22.9134 3
    endloop
  endfacet
  facet normal 0 0 1
    outer loop
      vertex -36.4 -21.2 3
      vertex -39.9572 -21.6526 3
      vertex -39.8296 -22.2941 3
    endloop
  endfacet
  facet normal 0 0 1
    outer loop
      vertex 35.6592 16.0913 3
      vertex 40 17 3
      vertex 36.0485 16.3515 3
    endloop
  endfacet
  facet normal 0 0 1
    outer loop
      vertex 40 -21 3
      vertex 36.3087 -20.7408 3
      vertex 36.4 -21.2 3
    endloop
  endfacet
  facet normal 0 0 1
    outer loop
      vertex 40 17 3
      vertex 26.4433 -1.73318 3
      vertex 40 -21 3
    endloop
  endfacet
  facet normal 0 0 1
    outer loop
      vertex 40 -21 3
      vertex 36.0485 -20.3515 3
      vertex 36.3087 -20.7408 3
    endloop
  endfacet
  facet normal 0 0 1
    outer loop
      vertex 26.4433 1.73318 3
      vertex 40 17 3
      vertex 35.6592 16.0913 3
    endloop
  endfacet
  facet normal -0 0 1
    outer loop
      vertex 26.2733 -3.45894 3
      vertex 40 -21 3
      vertex 26.4433 -1.73318 3
    endloop
  endfacet
  facet normal 0 0 1
    outer loop
      vertex 26.2733 3.45894 3
      vertex 35.6592 16.0913 3
      vertex 35.2 16 3
    endloop
  endfacet
  facet normal 0 0 1
    outer loop
      vertex 40 -21 3
      vertex 35.6592 -20.0913 3
      vertex 36.0485 -20.3515 3
    endloop
  endfacet
  facet normal 0 0 1
    outer loop
      vertex 25.597 6.8587 3
      vertex 35.2 16 3
      vertex 34.7408 16.0913 3
    endloop
  endfacet
  facet normal 0 0 1
    outer loop
      vertex 40 -21 3
      vertex 26.2733 -3.45894 3
      vertex 35.6592 -20.0913 3
    endloop
  endfacet
  facet normal 0 0 1
    outer loop
      vertex 25.0936 8.51815 3
      vertex 34.7408 16.0913 3
      vertex 34.3515 16.3515 3
    endloop
  endfacet
  facet normal -0 0 1
    outer loop
      vertex 25.9908 -5.16989 3
      vertex 35.6592 -20.0913 3
      vertex 26.2733 -3.45894 3
    endloop
  endfacet
  facet normal 0 0 1
    outer loop
      vertex 24.4828 10.1411 3
      vertex 34.3515 16.3515 3
      vertex 34.0913 16.7408 3
    endloop
  endfacet
  facet normal 0 0 1
    outer loop
      vertex 35.6592 -20.0913 3
      vertex 25.9908 -5.16989 3
      vertex 35.2 -20 3
    endloop
  endfacet
  facet normal 0 0 1
    outer loop
      vertex 22.9497 13.25 3
      vertex 34.0913 16.7408 3
      vertex 34 17.2 3
    endloop
  endfacet
  facet normal 0 0 1
    outer loop
      vertex 40 17 3
      vertex 26.5 0 3
      vertex 26.4433 -1.73318 3
    endloop
  endfacet
  facet normal -0 0 1
    outer loop
      vertex 36.4 17.2 3
      vertex 40 17 3
      vertex 39.9572 17.6526 3
    endloop
  endfacet
  facet normal 0 0 1
    outer loop
      vertex 36.3087 16.7408 3
      vertex 40 17 3
      vertex 36.4 17.2 3
    endloop
  endfacet
  facet normal 0 0 1
    outer loop
      vertex 36.4 17.2 3
      vertex 39.9572 17.6526 3
      vertex 39.8296 18.2941 3
    endloop
  endfacet
  facet normal 0 0 1
    outer loop
      vertex 36.0485 16.3515 3
      vertex 40 17 3
      vertex 36.3087 16.7408 3
    endloop
  endfacet
  facet normal 0 0 1
    outer loop
      vertex 36.3087 17.6592 3
      vertex 39.8296 18.2941 3
      vertex 39.6194 18.9134 3
    endloop
  endfacet
  facet normal 0 0 1
    outer loop
      vertex 40 -21 3
      vertex 36.4 -21.2 3
      vertex 39.9572 -21.6526 3
    endloop
  endfacet
  facet normal 0 0 1
    outer loop
      vertex 36.3087 17.6592 3
      vertex 39.6194 18.9134 3
      vertex 39.3301 19.5 3
    endloop
  endfacet
  facet normal 0 0 1
    outer loop
      vertex 39.9572 -21.6526 3
      vertex 36.4 -21.2 3
      vertex 39.8296 -22.2941 3
    endloop
  endfacet
  facet normal 0 0 1
    outer loop
      vertex 36.3087 17.6592 3
      vertex 39.3301 19.5 3
      vertex 38.9668 20.0438 3
    endloop
  endfacet
  facet normal -0 0 1
    outer loop
      vertex 36.3087 -21.6592 3
      vertex 39.8296 -22.2941 3
      vertex 36.4 -21.2 3
    endloop
  endfacet
  facet normal 0 0 1
    outer loop
      vertex 36.0485 18.0485 3
      vertex 38.9668 20.0438 3
      vertex 38.5355 20.5355 3
    endloop
  endfacet
  facet normal 0 0 1
    outer loop
      vertex 39.8296 -22.2941 3
      vertex 36.3087 -21.6592 3
      vertex 39.6194 -22.9134 3
    endloop
  endfacet
  facet normal 0 0 1
    outer loop
      vertex 36.0485 18.0485 3
      vertex 38.5355 20.5355 3
      vertex 38.0438 20.9668 3
    endloop
  endfacet
  facet normal 0 0 1
    outer loop
      vertex 39.6194 -22.9134 3
      vertex 36.3087 -21.6592 3
      vertex 39.3301 -23.5 3
    endloop
  endfacet
  facet normal 0 0 1
    outer loop
      vertex 35.6592 18.3087 3
      vertex 38.0438 20.9668 3
      vertex 37.5 21.3301 3
    endloop
  endfacet
  facet normal 0 0 1
    outer loop
      vertex 39.3301 -23.5 3
      vertex 36.3087 -21.6592 3
      vertex 38.9668 -24.0438 3
    endloop
  endfacet
  facet normal 0 0 1
    outer loop
      vertex 35.6592 18.3087 3
      vertex 37.5 21.3301 3
      vertex 36.9134 21.6194 3
    endloop
  endfacet
  facet normal -0 0 1
    outer loop
      vertex 36.0485 -22.0485 3
      vertex 38.9668 -24.0438 3
      vertex 36.3087 -21.6592 3
    endloop
  endfacet
  facet normal 0 0 1
    outer loop
      vertex 38.9668 -24.0438 3
      vertex 36.0485 -22.0485 3
      vertex 38.5355 -24.5355 3
    endloop
  endfacet
  facet normal 0 0 1
    outer loop
      vertex 39.8296 18.2941 3
      vertex 36.3087 17.6592 3
      vertex 36.4 17.2 3
    endloop
  endfacet
  facet normal 0 0 1
    outer loop
      vertex 35.6592 18.3087 3
      vertex 36.9134 21.6194 3
      vertex 36.2941 21.8296 3
    endloop
  endfacet
  facet normal 0 0 1
    outer loop
      vertex 38.9668 20.0438 3
      vertex 36.0485 18.0485 3
      vertex 36.3087 17.6592 3
    endloop
  endfacet
  facet normal 0 0 1
    outer loop
      vertex 38.0438 20.9668 3
      vertex 35.6592 18.3087 3
      vertex 36.0485 18.0485 3
    endloop
  endfacet
  facet normal 0 0 1
    outer loop
      vertex 35.2 18.4 3
      vertex 36.2941 21.8296 3
      vertex 35.6526 21.9572 3
    endloop
  endfacet
  facet normal 0 0 1
    outer loop
      vertex 36.2941 21.8296 3
      vertex 35.2 18.4 3
      vertex 35.6592 18.3087 3
    endloop
  endfacet
  facet normal 0 0 1
    outer loop
      vertex 35 22 3
      vertex 35.2 18.4 3
      vertex 35.6526 21.9572 3
    endloop
  endfacet
  facet normal 0 0 1
    outer loop
      vertex 35 22 3
      vertex 34.7408 18.3087 3
      vertex 35.2 18.4 3
    endloop
  endfacet
  facet normal 0 0 1
    outer loop
      vertex 35 22 3
      vertex 34.3515 18.0485 3
      vertex 34.7408 18.3087 3
    endloop
  endfacet
  facet normal 0 0 1
    outer loop
      vertex 35 22 3
      vertex 34.0913 17.6592 3
      vertex 34.3515 18.0485 3
    endloop
  endfacet
  facet normal -0 0 1
    outer loop
      vertex 25.597 -6.8587 3
      vertex 35.2 -20 3
      vertex 25.9908 -5.16989 3
    endloop
  endfacet
  facet normal 0 0 1
    outer loop
      vertex 21.2 17.7 3
      vertex 34 17.2 3
      vertex 34.0913 17.6592 3
    endloop
  endfacet
  facet normal -0 0 1
    outer loop
      vertex 21.1087 18.1592 3
      vertex 34.0913 17.6592 3
      vertex 35 22 3
    endloop
  endfacet
  facet normal 0 0 1
    outer loop
      vertex 40 17 3
      vertex 26.4433 1.73318 3
      vertex 26.5 0 3
    endloop
  endfacet
  facet normal 0 0 1
    outer loop
      vertex 35.6592 16.0913 3
      vertex 26.2733 3.45894 3
      vertex 26.4433 1.73318 3
    endloop
  endfacet
  facet normal 0 0 1
    outer loop
      vertex 35.2 16 3
      vertex 25.9908 5.16989 3
      vertex 26.2733 3.45894 3
    endloop
  endfacet
  facet normal 0 0 1
    outer loop
      vertex 35.2 16 3
      vertex 25.597 6.8587 3
      vertex 25.9908 5.16989 3
    endloop
  endfacet
  facet normal 0 0 1
    outer loop
      vertex 34.7408 16.0913 3
      vertex 25.0936 8.51815 3
      vertex 25.597 6.8587 3
    endloop
  endfacet
  facet normal 0 0 1
    outer loop
      vertex 34.3515 16.3515 3
      vertex 24.4828 10.1411 3
      vertex 25.0936 8.51815 3
    endloop
  endfacet
  facet normal 0 0 1
    outer loop
      vertex 34.0913 16.7408 3
      vertex 23.7671 11.7206 3
      vertex 24.4828 10.1411 3
    endloop
  endfacet
  facet normal 0 0 1
    outer loop
      vertex 34.0913 16.7408 3
      vertex 22.9497 13.25 3
      vertex 23.7671 11.7206 3
    endloop
  endfacet
  facet normal 0 0 1
    outer loop
      vertex 34 17.2 3
      vertex 22.0339 14.7226 3
      vertex 22.9497 13.25 3
    endloop
  endfacet
  facet normal 0 0 1
    outer loop
      vertex 34 17.2 3
      vertex 21.2 17.7 3
      vertex 22.0339 14.7226 3
    endloop
  endfacet
  facet normal 0 0 1
    outer loop
      vertex 34.0913 17.6592 3
      vertex 21.1087 18.1592 3
      vertex 21.2 17.7 3
    endloop
  endfacet
  facet normal 0 0 1
    outer loop
      vertex 35 22 3
      vertex 20.8485 18.5485 3
      vertex 21.1087 18.1592 3
    endloop
  endfacet
  facet normal 0 0 1
    outer loop
      vertex 35 22 3
      vertex 20.4592 18.8087 3
      vertex 20.8485 18.5485 3
    endloop
  endfacet
  facet normal -0 0 1
    outer loop
      vertex 16.1322 21.0239 3
      vertex 20.4592 18.8087 3
      vertex 35 22 3
    endloop
  endfacet
  facet normal 0 0 1
    outer loop
      vertex 20.4592 18.8087 3
      vertex 16.1322 21.0239 3
      vertex 20 18.9 3
    endloop
  endfacet
  facet normal 0 0 1
    outer loop
      vertex 19.1515 18.5485 3
      vertex 18.7383 18.7383 3
      vertex 19.0535 18.4019 3
    endloop
  endfacet
  facet normal 0 0 1
    outer loop
      vertex 19.5408 18.8087 3
      vertex 18.7383 18.7383 3
      vertex 19.1515 18.5485 3
    endloop
  endfacet
  facet normal -0 -0 1
    outer loop
      vertex 17.4727 19.9238 3
      vertex 20 18.9 3
      vertex 16.1322 21.0239 3
    endloop
  endfacet
  facet normal 0 0 1
    outer loop
      vertex 19.5408 18.8087 3
      vertex 17.4727 19.9238 3
      vertex 18.7383 18.7383 3
    endloop
  endfacet
  facet normal 0 0 1
    outer loop
      vertex 20 18.9 3
      vertex 17.4727 19.9238 3
      vertex 19.5408 18.8087 3
    endloop
  endfacet
  facet normal 0 -0 1
    outer loop
      vertex 16.1322 21.0239 3
      vertex 35 22 3
      vertex 14.77 22 3
    endloop
  endfacet
  facet normal 0 0 1
    outer loop
      vertex 38.5355 -24.5355 3
      vertex 36.0485 -22.0485 3
      vertex 38.0438 -24.9668 3
    endloop
  endfacet
  facet normal -0 0 1
    outer loop
      vertex 35.6592 -22.3087 3
      vertex 38.0438 -24.9668 3
      vertex 36.0485 -22.0485 3
    endloop
  endfacet
  facet normal 0 0 1
    outer loop
      vertex 38.0438 -24.9668 3
      vertex 35.6592 -22.3087 3
      vertex 37.5 -25.3301 3
    endloop
  endfacet
  facet normal 0 0 1
    outer loop
      vertex 37.5 -25.3301 3
      vertex 35.6592 -22.3087 3
      vertex 36.9134 -25.6194 3
    endloop
  endfacet
  facet normal 0 0 1
    outer loop
      vertex 36.9134 -25.6194 3
      vertex 35.6592 -22.3087 3
      vertex 36.2941 -25.8296 3
    endloop
  endfacet
  facet normal -0 0 1
    outer loop
      vertex 35.2 -22.4 3
      vertex 36.2941 -25.8296 3
      vertex 35.6592 -22.3087 3
    endloop
  endfacet
  facet normal 0 0 1
    outer loop
      vertex 36.2941 -25.8296 3
      vertex 35.2 -22.4 3
      vertex 35.6526 -25.9572 3
    endloop
  endfacet
  facet normal 0 0 1
    outer loop
      vertex 35.2 -22.4 3
      vertex 35 -26 3
      vertex 35.6526 -25.9572 3
    endloop
  endfacet
  facet normal 0 0 1
    outer loop
      vertex 34.7408 -22.3087 3
      vertex 35 -26 3
      vertex 35.2 -22.4 3
    endloop
  endfacet
  facet normal 0 0 1
    outer loop
      vertex 34.3515 -22.0485 3
      vertex 35 -26 3
      vertex 34.7408 -22.3087 3
    endloop
  endfacet
  facet normal 0 0 1
    outer loop
      vertex 34.0913 -21.6592 3
      vertex 35 -26 3
      vertex 34.3515 -22.0485 3
    endloop
  endfacet
  facet normal -0 0 1
    outer loop
      vertex 25.0936 -8.51815 3
      vertex 35.2 -20 3
      vertex 25.597 -6.8587 3
    endloop
  endfacet
  facet normal 0 0 1
    outer loop
      vertex 35.2 -20 3
      vertex 25.0936 -8.51815 3
      vertex 34.7408 -20.0913 3
    endloop
  endfacet
  facet normal -0 0 1
    outer loop
      vertex 24.4828 -10.1411 3
      vertex 34.7408 -20.0913 3
      vertex 25.0936 -8.51815 3
    endloop
  endfacet
  facet normal -0 0 1
    outer loop
      vertex 23.7671 -11.7206 3
      vertex 34.7408 -20.0913 3
      vertex 24.4828 -10.1411 3
    endloop
  endfacet
  facet normal 0 0 1
    outer loop
      vertex 34.7408 -20.0913 3
      vertex 23.7671 -11.7206 3
      vertex 34.3515 -20.3515 3
    endloop
  endfacet
  facet normal -0 0 1
    outer loop
      vertex 22.9497 -13.25 3
      vertex 34.3515 -20.3515 3
      vertex 23.7671 -11.7206 3
    endloop
  endfacet
  facet normal 0 0 1
    outer loop
      vertex 34.3515 -20.3515 3
      vertex 22.9497 -13.25 3
      vertex 34.0913 -20.7408 3
    endloop
  endfacet
  facet normal -0 0 1
    outer loop
      vertex 22.0339 -14.7226 3
      vertex 34.0913 -20.7408 3
      vertex 22.9497 -13.25 3
    endloop
  endfacet
  facet normal -0 0 1
    outer loop
      vertex 21.0239 -16.1322 3
      vertex 34.0913 -20.7408 3
      vertex 22.0339 -14.7226 3
    endloop
  endfacet
  facet normal 0 0 1
    outer loop
      vertex 34.0913 -20.7408 3
      vertex 21.0239 -16.1322 3
      vertex 34 -21.2 3
    endloop
  endfacet
  facet normal -0 0 1
    outer loop
      vertex 19.9238 -17.4727 3
      vertex 34 -21.2 3
      vertex 21.0239 -16.1322 3
    endloop
  endfacet
  facet normal 0 0 1
    outer loop
      vertex 34 -21.2 3
      vertex 19.9238 -17.4727 3
      vertex 34.0913 -21.6592 3
    endloop
  endfacet
  facet normal -0 0 1
    outer loop
      vertex 18.7383 -18.7383 3
      vertex 34.0913 -21.6592 3
      vertex 19.9238 -17.4727 3
    endloop
  endfacet
  facet normal 0 0 1
    outer loop
      vertex 34.0913 -21.6592 3
      vertex 18.7383 -18.7383 3
      vertex 35 -26 3
    endloop
  endfacet
  facet normal -0 0 1
    outer loop
      vertex 17.4727 -19.9238 3
      vertex 35 -26 3
      vertex 18.7383 -18.7383 3
    endloop
  endfacet
  facet normal -0 0 1
    outer loop
      vertex 16.1322 -21.0239 3
      vertex 35 -26 3
      vertex 17.4727 -19.9238 3
    endloop
  endfacet
  facet normal -0 0 1
    outer loop
      vertex 14.7226 -22.0339 3
      vertex 35 -26 3
      vertex 16.1322 -21.0239 3
    endloop
  endfacet
  facet normal -0 0 1
    outer loop
      vertex 13.25 -22.9497 3
      vertex 35 -26 3
      vertex 14.7226 -22.0339 3
    endloop
  endfacet
  facet normal -0 0 1
    outer loop
      vertex 11.7206 -23.7671 3
      vertex 35 -26 3
      vertex 13.25 -22.9497 3
    endloop
  endfacet
  facet normal -0 0 1
    outer loop
      vertex 10.1411 -24.4828 3
      vertex 35 -26 3
      vertex 11.7206 -23.7671 3
    endloop
  endfacet
  facet normal -0 0 1
    outer loop
      vertex 8.51815 -25.0936 3
      vertex 35 -26 3
      vertex 10.1411 -24.4828 3
    endloop
  endfacet
  facet normal -0 0 1
    outer loop
      vertex 6.8587 -25.597 3
      vertex 35 -26 3
      vertex 8.51815 -25.0936 3
    endloop
  endfacet
  facet normal -0 0 1
    outer loop
      vertex 5.16989 -25.9908 3
      vertex 35 -26 3
      vertex 6.8587 -25.597 3
    endloop
  endfacet
  facet normal 0 0 1
    outer loop
      vertex 35 -26 3
      vertex 5.16989 -25.9908 3
      vertex 5.11423 -26 3
    endloop
  endfacet
  facet normal -0 0 1
    outer loop
      vertex 21.1087 17.2408 3
      vertex 22.0339 14.7226 3
      vertex 21.2 17.7 3
    endloop
  endfacet
  facet normal 0 0 1
    outer loop
      vertex 21.1087 17.2408 3
      vertex 21.0239 16.1322 3
      vertex 22.0339 14.7226 3
    endloop
  endfacet
  facet normal -0 0 1
    outer loop
      vertex 20.8485 16.8515 3
      vertex 21.0239 16.1322 3
      vertex 21.1087 17.2408 3
    endloop
  endfacet
  facet normal 0 0 1
    outer loop
      vertex 21.0239 16.1322 3
      vertex 20.8485 16.8515 3
      vertex 20.5805 16.6724 3
    endloop
  endfacet
  facet normal 0 0 1
    outer loop
      vertex 24.4475 1.60238 3
      vertex 9.91445 1.30526 3
      vertex 10 0 3
    endloop
  endfacet
  facet normal 0 0 1
    outer loop
      vertex 10.8361 21.9734 3
      vertex 9.65926 2.58819 3
      vertex 9.91445 1.30526 3
    endloop
  endfacet
  facet normal 0 0 1
    outer loop
      vertex 10.8361 21.9734 3
      vertex 9.2388 3.82683 3
      vertex 9.65926 2.58819 3
    endloop
  endfacet
  facet normal 0 0 1
    outer loop
      vertex 10.8361 21.9734 3
      vertex 8.66025 5 3
      vertex 9.2388 3.82683 3
    endloop
  endfacet
  facet normal 0 0 1
    outer loop
      vertex 10.8361 21.9734 3
      vertex 7.93353 6.08761 3
      vertex 8.66025 5 3
    endloop
  endfacet
  facet normal 0 0 1
    outer loop
      vertex 10.8361 21.9734 3
      vertex 7.07107 7.07107 3
      vertex 7.93353 6.08761 3
    endloop
  endfacet
  facet normal 0 0 1
    outer loop
      vertex 10.8361 21.9734 3
      vertex 3.96578 15.4779 3
      vertex 7.07107 7.07107 3
    endloop
  endfacet
  facet normal 0 0 1
    outer loop
      vertex 7.07107 7.07107 3
      vertex 3.96578 15.4779 3
      vertex 6.08761 7.93353 3
    endloop
  endfacet
  facet normal 0 0 1
    outer loop
      vertex 10.8361 21.9734 3
      vertex 4 16 3
      vertex 3.96578 15.4779 3
    endloop
  endfacet
  facet normal 0 0 1
    outer loop
      vertex 10.8361 21.9734 3
      vertex 3.96578 16.5221 3
      vertex 4 16 3
    endloop
  endfacet
  facet normal 0 0 1
    outer loop
      vertex 10.7773 22 3
      vertex 3.8637 17.0353 3
      vertex 3.96578 16.5221 3
    endloop
  endfacet
  facet normal 0 0 1
    outer loop
      vertex 10.7773 22 3
      vertex 3.69552 17.5307 3
      vertex 3.8637 17.0353 3
    endloop
  endfacet
  facet normal 0 0 1
    outer loop
      vertex 10.7773 22 3
      vertex 3.4641 18 3
      vertex 3.69552 17.5307 3
    endloop
  endfacet
  facet normal 0 0 1
    outer loop
      vertex 10.7773 22 3
      vertex 3.17341 18.435 3
      vertex 3.4641 18 3
    endloop
  endfacet
  facet normal 0 0 1
    outer loop
      vertex 10.7773 22 3
      vertex 2.82843 18.8284 3
      vertex 3.17341 18.435 3
    endloop
  endfacet
  facet normal 0 0 1
    outer loop
      vertex 10.7773 22 3
      vertex 2.43505 19.1734 3
      vertex 2.82843 18.8284 3
    endloop
  endfacet
  facet normal 0 0 1
    outer loop
      vertex 10.7773 22 3
      vertex 2 19.4641 3
      vertex 2.43505 19.1734 3
    endloop
  endfacet
  facet normal 0 0 1
    outer loop
      vertex 10.7773 22 3
      vertex 1.53073 19.6955 3
      vertex 2 19.4641 3
    endloop
  endfacet
  facet normal 0 0 1
    outer loop
      vertex 10.7773 22 3
      vertex 1.03528 19.8637 3
      vertex 1.53073 19.6955 3
    endloop
  endfacet
  facet normal 0 0 1
    outer loop
      vertex 10.7773 22 3
      vertex 0.522104 19.9658 3
      vertex 1.03528 19.8637 3
    endloop
  endfacet
  facet normal 0 0 1
    outer loop
      vertex 10.7773 22 3
      vertex 0 20 3
      vertex 0.522104 19.9658 3
    endloop
  endfacet
  facet normal -0 0 1
    outer loop
      vertex -10.7773 22 3
      vertex 0 20 3
      vertex 10.7773 22 3
    endloop
  endfacet
  facet normal 0 0 1
    outer loop
      vertex -12.25 21.2176 3
      vertex -4 16 3
      vertex -3.96578 16.5221 3
    endloop
  endfacet
  facet normal 0 0 1
    outer loop
      vertex -4 16 3
      vertex -6.08761 7.93353 3
      vertex -5 8.66025 3
    endloop
  endfacet
  facet normal 0 0 1
    outer loop
      vertex -10.7773 22 3
      vertex -3.96578 16.5221 3
      vertex -3.8637 17.0353 3
    endloop
  endfacet
  facet normal 0 0 1
    outer loop
      vertex -4 16 3
      vertex -14.9147 19.4372 3
      vertex -6.08761 7.93353 3
    endloop
  endfacet
  facet normal -0 0 1
    outer loop
      vertex -16.154 18.4201 3
      vertex -6.08761 7.93353 3
      vertex -14.9147 19.4372 3
    endloop
  endfacet
  facet normal 0 0 1
    outer loop
      vertex -10.7773 22 3
      vertex -3.8637 17.0353 3
      vertex -3.69552 17.5307 3
    endloop
  endfacet
  facet normal 0 0 1
    outer loop
      vertex -6.08761 7.93353 3
      vertex -16.154 18.4201 3
      vertex -7.07107 7.07107 3
    endloop
  endfacet
  facet normal -0 0 1
    outer loop
      vertex -17.3241 17.3241 3
      vertex -7.07107 7.07107 3
      vertex -16.154 18.4201 3
    endloop
  endfacet
  facet normal -0 0 1
    outer loop
      vertex -18.4201 16.154 3
      vertex -7.07107 7.07107 3
      vertex -17.3241 17.3241 3
    endloop
  endfacet
  facet normal 0 0 1
    outer loop
      vertex -4 16 3
      vertex -13.6115 20.371 3
      vertex -14.9147 19.4372 3
    endloop
  endfacet
  facet normal 0 0 1
    outer loop
      vertex -4 16 3
      vertex -12.25 21.2176 3
      vertex -13.6115 20.371 3
    endloop
  endfacet
  facet normal 0 0 1
    outer loop
      vertex -3.96578 16.5221 3
      vertex -10.7773 22 3
      vertex -10.8361 21.9734 3
    endloop
  endfacet
  facet normal 0 0 1
    outer loop
      vertex -3.4641 18 3
      vertex -10.7773 22 3
      vertex -3.69552 17.5307 3
    endloop
  endfacet
  facet normal 0 0 1
    outer loop
      vertex -3.17341 18.435 3
      vertex -10.7773 22 3
      vertex -3.4641 18 3
    endloop
  endfacet
  facet normal 0 0 1
    outer loop
      vertex -2.82843 18.8284 3
      vertex -10.7773 22 3
      vertex -3.17341 18.435 3
    endloop
  endfacet
  facet normal 0 0 1
    outer loop
      vertex -2.43505 19.1734 3
      vertex -10.7773 22 3
      vertex -2.82843 18.8284 3
    endloop
  endfacet
  facet normal 0 0 1
    outer loop
      vertex -2 19.4641 3
      vertex -10.7773 22 3
      vertex -2.43505 19.1734 3
    endloop
  endfacet
  facet normal 0 0 1
    outer loop
      vertex -1.53073 19.6955 3
      vertex -10.7773 22 3
      vertex -2 19.4641 3
    endloop
  endfacet
  facet normal 0 0 1
    outer loop
      vertex -1.03528 19.8637 3
      vertex -10.7773 22 3
      vertex -1.53073 19.6955 3
    endloop
  endfacet
  facet normal 0 0 1
    outer loop
      vertex -0.522104 19.9658 3
      vertex -10.7773 22 3
      vertex -1.03528 19.8637 3
    endloop
  endfacet
  facet normal 0 0 1
    outer loop
      vertex 0 20 3
      vertex -10.7773 22 3
      vertex -0.522104 19.9658 3
    endloop
  endfacet
  facet normal 0 0 1
    outer loop
      vertex 10 0 3
      vertex 24.5 0 3
      vertex 24.4475 1.60238 3
    endloop
  endfacet
  facet normal 0 0 1
    outer loop
      vertex 9.91445 1.30526 3
      vertex 24.4475 1.60238 3
      vertex 24.2904 3.19789 3
    endloop
  endfacet
  facet normal 0 0 1
    outer loop
      vertex 24.5 0 3
      vertex 10 0 3
      vertex 24.4475 -1.60238 3
    endloop
  endfacet
  facet normal 0 0 1
    outer loop
      vertex 9.91445 1.30526 3
      vertex 24.2904 3.19789 3
      vertex 24.0292 4.77971 3
    endloop
  endfacet
  facet normal -0 0 1
    outer loop
      vertex 9.91445 -1.30526 3
      vertex 24.4475 -1.60238 3
      vertex 10 0 3
    endloop
  endfacet
  facet normal 0 0 1
    outer loop
      vertex 9.91445 1.30526 3
      vertex 24.0292 4.77971 3
      vertex 23.6652 6.34107 3
    endloop
  endfacet
  facet normal 0 0 1
    outer loop
      vertex 24.4475 -1.60238 3
      vertex 9.91445 -1.30526 3
      vertex 24.2904 -3.19789 3
    endloop
  endfacet
  facet normal 0 0 1
    outer loop
      vertex 9.91445 1.30526 3
      vertex 23.6652 6.34107 3
      vertex 23.1998 7.87527 3
    endloop
  endfacet
  facet normal 0 0 1
    outer loop
      vertex 24.2904 -3.19789 3
      vertex 9.91445 -1.30526 3
      vertex 24.0292 -4.77971 3
    endloop
  endfacet
  facet normal 0 0 1
    outer loop
      vertex 9.91445 1.30526 3
      vertex 23.1998 7.87527 3
      vertex 22.635 9.37574 3
    endloop
  endfacet
  facet normal -0 0 1
    outer loop
      vertex 9.65926 -2.58819 3
      vertex 24.0292 -4.77971 3
      vertex 9.91445 -1.30526 3
    endloop
  endfacet
  facet normal 0 0 1
    outer loop
      vertex 9.91445 1.30526 3
      vertex 22.635 9.37574 3
      vertex 21.9734 10.8361 3
    endloop
  endfacet
  facet normal 0 0 1
    outer loop
      vertex 24.0292 -4.77971 3
      vertex 9.65926 -2.58819 3
      vertex 23.6652 -6.34107 3
    endloop
  endfacet
  facet normal 0 0 1
    outer loop
      vertex 9.91445 1.30526 3
      vertex 21.9734 10.8361 3
      vertex 21.2176 12.25 3
    endloop
  endfacet
  facet normal 0 0 1
    outer loop
      vertex 23.6652 -6.34107 3
      vertex 9.65926 -2.58819 3
      vertex 23.1998 -7.87527 3
    endloop
  endfacet
  facet normal 0 0 1
    outer loop
      vertex 9.91445 1.30526 3
      vertex 21.2176 12.25 3
      vertex 20.371 13.6115 3
    endloop
  endfacet
  facet normal -0 0 1
    outer loop
      vertex 9.2388 -3.82683 3
      vertex 23.1998 -7.87527 3
      vertex 9.65926 -2.58819 3
    endloop
  endfacet
  facet normal 0 0 1
    outer loop
      vertex 9.91445 1.30526 3
      vertex 20.371 13.6115 3
      vertex 19.4372 14.9147 3
    endloop
  endfacet
  facet normal 0 0 1
    outer loop
      vertex 23.1998 -7.87527 3
      vertex 9.2388 -3.82683 3
      vertex 22.635 -9.37574 3
    endloop
  endfacet
  facet normal 0 0 1
    outer loop
      vertex 9.91445 1.30526 3
      vertex 19.4372 14.9147 3
      vertex 18.4201 16.154 3
    endloop
  endfacet
  facet normal 0 0 1
    outer loop
      vertex 22.635 -9.37574 3
      vertex 9.2388 -3.82683 3
      vertex 21.9734 -10.8361 3
    endloop
  endfacet
  facet normal 0 0 1
    outer loop
      vertex 9.91445 1.30526 3
      vertex 18.4201 16.154 3
      vertex 17.3241 17.3241 3
    endloop
  endfacet
  facet normal -0 0 1
    outer loop
      vertex 8.66025 -5 3
      vertex 21.9734 -10.8361 3
      vertex 9.2388 -3.82683 3
    endloop
  endfacet
  facet normal 0 0 1
    outer loop
      vertex 9.91445 1.30526 3
      vertex 17.3241 17.3241 3
      vertex 16.154 18.4201 3
    endloop
  endfacet
  facet normal 0 0 1
    outer loop
      vertex 21.9734 -10.8361 3
      vertex 8.66025 -5 3
      vertex 21.2176 -12.25 3
    endloop
  endfacet
  facet normal 0 0 1
    outer loop
      vertex 9.91445 1.30526 3
      vertex 16.154 18.4201 3
      vertex 14.9147 19.4372 3
    endloop
  endfacet
  facet normal 0 0 1
    outer loop
      vertex 21.2176 -12.25 3
      vertex 8.66025 -5 3
      vertex 20.371 -13.6115 3
    endloop
  endfacet
  facet normal 0 0 1
    outer loop
      vertex 9.91445 1.30526 3
      vertex 14.9147 19.4372 3
      vertex 13.6115 20.371 3
    endloop
  endfacet
  facet normal -0 0 1
    outer loop
      vertex 7.93353 -6.08761 3
      vertex 20.371 -13.6115 3
      vertex 8.66025 -5 3
    endloop
  endfacet
  facet normal 0 0 1
    outer loop
      vertex 9.91445 1.30526 3
      vertex 13.6115 20.371 3
      vertex 12.25 21.2176 3
    endloop
  endfacet
  facet normal 0 0 1
    outer loop
      vertex 20.371 -13.6115 3
      vertex 7.93353 -6.08761 3
      vertex 19.4372 -14.9147 3
    endloop
  endfacet
  facet normal 0 0 1
    outer loop
      vertex 9.91445 1.30526 3
      vertex 12.25 21.2176 3
      vertex 10.8361 21.9734 3
    endloop
  endfacet
  facet normal 0 0 1
    outer loop
      vertex 19.4372 -14.9147 3
      vertex 7.93353 -6.08761 3
      vertex 18.4201 -16.154 3
    endloop
  endfacet
  facet normal 0 0 1
    outer loop
      vertex 3.96578 16.5221 3
      vertex 10.8361 21.9734 3
      vertex 10.7773 22 3
    endloop
  endfacet
  facet normal -0 0 1
    outer loop
      vertex 7.07107 -7.07107 3
      vertex 18.4201 -16.154 3
      vertex 7.93353 -6.08761 3
    endloop
  endfacet
  facet normal 0 0 1
    outer loop
      vertex 18.4201 -16.154 3
      vertex 7.07107 -7.07107 3
      vertex 17.3241 -17.3241 3
    endloop
  endfacet
  facet normal 0 0 1
    outer loop
      vertex 17.3241 -17.3241 3
      vertex 7.07107 -7.07107 3
      vertex 16.154 -18.4201 3
    endloop
  endfacet
  facet normal -0 0 1
    outer loop
      vertex 6.08761 -7.93353 3
      vertex 16.154 -18.4201 3
      vertex 7.07107 -7.07107 3
    endloop
  endfacet
  facet normal 0 0 1
    outer loop
      vertex 16.154 -18.4201 3
      vertex 6.08761 -7.93353 3
      vertex 14.9147 -19.4372 3
    endloop
  endfacet
  facet normal 0 0 1
    outer loop
      vertex 14.9147 -19.4372 3
      vertex 6.08761 -7.93353 3
      vertex 13.6115 -20.371 3
    endloop
  endfacet
  facet normal -0 0 1
    outer loop
      vertex 5 -8.66025 3
      vertex 13.6115 -20.371 3
      vertex 6.08761 -7.93353 3
    endloop
  endfacet
  facet normal 0 0 1
    outer loop
      vertex 13.6115 -20.371 3
      vertex 5 -8.66025 3
      vertex 12.25 -21.2176 3
    endloop
  endfacet
  facet normal 0 0 1
    outer loop
      vertex 12.25 -21.2176 3
      vertex 5 -8.66025 3
      vertex 10.8361 -21.9734 3
    endloop
  endfacet
  facet normal -0 0 1
    outer loop
      vertex 3.82683 -9.2388 3
      vertex 10.8361 -21.9734 3
      vertex 5 -8.66025 3
    endloop
  endfacet
  facet normal 0 0 1
    outer loop
      vertex 10.8361 -21.9734 3
      vertex 3.82683 -9.2388 3
      vertex 9.37574 -22.635 3
    endloop
  endfacet
  facet normal 0 0 1
    outer loop
      vertex 9.37574 -22.635 3
      vertex 3.82683 -9.2388 3
      vertex 7.87527 -23.1998 3
    endloop
  endfacet
  facet normal -0 0 1
    outer loop
      vertex 2.58819 -9.65926 3
      vertex 7.87527 -23.1998 3
      vertex 3.82683 -9.2388 3
    endloop
  endfacet
  facet normal 0 0 1
    outer loop
      vertex 7.87527 -23.1998 3
      vertex 2.58819 -9.65926 3
      vertex 6.34107 -23.6652 3
    endloop
  endfacet
  facet normal 0 0 1
    outer loop
      vertex 6.34107 -23.6652 3
      vertex 2.58819 -9.65926 3
      vertex 4.77971 -24.0292 3
    endloop
  endfacet
  facet normal -0 0 1
    outer loop
      vertex 1.30526 -9.91445 3
      vertex 4.77971 -24.0292 3
      vertex 2.58819 -9.65926 3
    endloop
  endfacet
  facet normal 0 0 1
    outer loop
      vertex 4.77971 -24.0292 3
      vertex 1.30526 -9.91445 3
      vertex 3.19789 -24.2904 3
    endloop
  endfacet
  facet normal 0 0 1
    outer loop
      vertex 3.19789 -24.2904 3
      vertex 1.30526 -9.91445 3
      vertex 1.60238 -24.4475 3
    endloop
  endfacet
  facet normal -0 0 1
    outer loop
      vertex 0 -10 3
      vertex 1.60238 -24.4475 3
      vertex 1.30526 -9.91445 3
    endloop
  endfacet
  facet normal 0 0 1
    outer loop
      vertex 0 -10 3
      vertex 0 -24.5 3
      vertex 1.60238 -24.4475 3
    endloop
  endfacet
  facet normal 0 0 1
    outer loop
      vertex -1.60238 -24.4475 3
      vertex 0 -10 3
      vertex -1.30526 -9.91445 3
    endloop
  endfacet
  facet normal 0 0 1
    outer loop
      vertex 0 -10 3
      vertex -1.60238 -24.4475 3
      vertex 0 -24.5 3
    endloop
  endfacet
  facet normal 0 0 1
    outer loop
      vertex -4.77971 -24.0292 3
      vertex -1.30526 -9.91445 3
      vertex -2.58819 -9.65926 3
    endloop
  endfacet
  facet normal 0 0 1
    outer loop
      vertex -1.30526 -9.91445 3
      vertex -3.19789 -24.2904 3
      vertex -1.60238 -24.4475 3
    endloop
  endfacet
  facet normal 0 0 1
    outer loop
      vertex -7.87527 -23.1998 3
      vertex -2.58819 -9.65926 3
      vertex -3.82683 -9.2388 3
    endloop
  endfacet
  facet normal 0 0 1
    outer loop
      vertex -1.30526 -9.91445 3
      vertex -4.77971 -24.0292 3
      vertex -3.19789 -24.2904 3
    endloop
  endfacet
  facet normal 0 0 1
    outer loop
      vertex -10.8361 -21.9734 3
      vertex -3.82683 -9.2388 3
      vertex -5 -8.66025 3
    endloop
  endfacet
  facet normal 0 0 1
    outer loop
      vertex -13.6115 -20.371 3
      vertex -5 -8.66025 3
      vertex -6.08761 -7.93353 3
    endloop
  endfacet
  facet normal 0 0 1
    outer loop
      vertex -2.58819 -9.65926 3
      vertex -6.34107 -23.6652 3
      vertex -4.77971 -24.0292 3
    endloop
  endfacet
  facet normal 0 0 1
    outer loop
      vertex -16.154 -18.4201 3
      vertex -6.08761 -7.93353 3
      vertex -7.07107 -7.07107 3
    endloop
  endfacet
  facet normal 0 0 1
    outer loop
      vertex -2.58819 -9.65926 3
      vertex -7.87527 -23.1998 3
      vertex -6.34107 -23.6652 3
    endloop
  endfacet
  facet normal 0 0 1
    outer loop
      vertex -18.4201 -16.154 3
      vertex -7.07107 -7.07107 3
      vertex -7.93353 -6.08761 3
    endloop
  endfacet
  facet normal 0 0 1
    outer loop
      vertex -20.371 -13.6115 3
      vertex -7.93353 -6.08761 3
      vertex -8.66025 -5 3
    endloop
  endfacet
  facet normal 0 0 1
    outer loop
      vertex -21.9734 -10.8361 3
      vertex -8.66025 -5 3
      vertex -9.2388 -3.82683 3
    endloop
  endfacet
  facet normal 0 0 1
    outer loop
      vertex -3.82683 -9.2388 3
      vertex -9.37574 -22.635 3
      vertex -7.87527 -23.1998 3
    endloop
  endfacet
  facet normal 0 0 1
    outer loop
      vertex -23.1998 -7.87527 3
      vertex -9.2388 -3.82683 3
      vertex -9.65926 -2.58819 3
    endloop
  endfacet
  facet normal 0 0 1
    outer loop
      vertex -24.0292 -4.77971 3
      vertex -9.65926 -2.58819 3
      vertex -9.91445 -1.30526 3
    endloop
  endfacet
  facet normal 0 0 1
    outer loop
      vertex -24.4475 -1.60238 3
      vertex -9.91445 -1.30526 3
      vertex -10 0 3
    endloop
  endfacet
  facet normal 0 0 1
    outer loop
      vertex -7.07107 7.07107 3
      vertex -18.4201 16.154 3
      vertex -7.93353 6.08761 3
    endloop
  endfacet
  facet normal 0 0 1
    outer loop
      vertex -3.96578 16.5221 3
      vertex -10.8361 21.9734 3
      vertex -12.25 21.2176 3
    endloop
  endfacet
  facet normal 0 0 1
    outer loop
      vertex -3.82683 -9.2388 3
      vertex -10.8361 -21.9734 3
      vertex -9.37574 -22.635 3
    endloop
  endfacet
  facet normal -0 0 1
    outer loop
      vertex -19.4372 14.9147 3
      vertex -7.93353 6.08761 3
      vertex -18.4201 16.154 3
    endloop
  endfacet
  facet normal 0 0 1
    outer loop
      vertex -5 -8.66025 3
      vertex -12.25 -21.2176 3
      vertex -10.8361 -21.9734 3
    endloop
  endfacet
  facet normal -0 0 1
    outer loop
      vertex -20.371 13.6115 3
      vertex -7.93353 6.08761 3
      vertex -19.4372 14.9147 3
    endloop
  endfacet
  facet normal 0 0 1
    outer loop
      vertex -5 -8.66025 3
      vertex -13.6115 -20.371 3
      vertex -12.25 -21.2176 3
    endloop
  endfacet
  facet normal 0 0 1
    outer loop
      vertex -7.93353 6.08761 3
      vertex -20.371 13.6115 3
      vertex -8.66025 5 3
    endloop
  endfacet
  facet normal 0 0 1
    outer loop
      vertex -6.08761 -7.93353 3
      vertex -14.9147 -19.4372 3
      vertex -13.6115 -20.371 3
    endloop
  endfacet
  facet normal -0 0 1
    outer loop
      vertex -21.2176 12.25 3
      vertex -8.66025 5 3
      vertex -20.371 13.6115 3
    endloop
  endfacet
  facet normal 0 0 1
    outer loop
      vertex -6.08761 -7.93353 3
      vertex -16.154 -18.4201 3
      vertex -14.9147 -19.4372 3
    endloop
  endfacet
  facet normal -0 0 1
    outer loop
      vertex -21.9734 10.8361 3
      vertex -8.66025 5 3
      vertex -21.2176 12.25 3
    endloop
  endfacet
  facet normal 0 0 1
    outer loop
      vertex -7.07107 -7.07107 3
      vertex -17.3241 -17.3241 3
      vertex -16.154 -18.4201 3
    endloop
  endfacet
  facet normal 0 0 1
    outer loop
      vertex -8.66025 5 3
      vertex -21.9734 10.8361 3
      vertex -9.2388 3.82683 3
    endloop
  endfacet
  facet normal 0 0 1
    outer loop
      vertex -7.07107 -7.07107 3
      vertex -18.4201 -16.154 3
      vertex -17.3241 -17.3241 3
    endloop
  endfacet
  facet normal -0 0 1
    outer loop
      vertex -22.635 9.37574 3
      vertex -9.2388 3.82683 3
      vertex -21.9734 10.8361 3
    endloop
  endfacet
  facet normal 0 0 1
    outer loop
      vertex -7.93353 -6.08761 3
      vertex -19.4372 -14.9147 3
      vertex -18.4201 -16.154 3
    endloop
  endfacet
  facet normal -0 0 1
    outer loop
      vertex -23.1998 7.87527 3
      vertex -9.2388 3.82683 3
      vertex -22.635 9.37574 3
    endloop
  endfacet
  facet normal 0 0 1
    outer loop
      vertex -7.93353 -6.08761 3
      vertex -20.371 -13.6115 3
      vertex -19.4372 -14.9147 3
    endloop
  endfacet
  facet normal 0 0 1
    outer loop
      vertex -9.2388 3.82683 3
      vertex -23.1998 7.87527 3
      vertex -9.65926 2.58819 3
    endloop
  endfacet
  facet normal 0 0 1
    outer loop
      vertex -8.66025 -5 3
      vertex -21.2176 -12.25 3
      vertex -20.371 -13.6115 3
    endloop
  endfacet
  facet normal -0 0 1
    outer loop
      vertex -23.6652 6.34107 3
      vertex -9.65926 2.58819 3
      vertex -23.1998 7.87527 3
    endloop
  endfacet
  facet normal 0 0 1
    outer loop
      vertex -8.66025 -5 3
      vertex -21.9734 -10.8361 3
      vertex -21.2176 -12.25 3
    endloop
  endfacet
  facet normal -0 0 1
    outer loop
      vertex -24.0292 4.77971 3
      vertex -9.65926 2.58819 3
      vertex -23.6652 6.34107 3
    endloop
  endfacet
  facet normal 0 0 1
    outer loop
      vertex -9.2388 -3.82683 3
      vertex -22.635 -9.37574 3
      vertex -21.9734 -10.8361 3
    endloop
  endfacet
  facet normal 0 0 1
    outer loop
      vertex -9.65926 2.58819 3
      vertex -24.0292 4.77971 3
      vertex -9.91445 1.30526 3
    endloop
  endfacet
  facet normal 0 0 1
    outer loop
      vertex -9.2388 -3.82683 3
      vertex -23.1998 -7.87527 3
      vertex -22.635 -9.37574 3
    endloop
  endfacet
  facet normal -0 0 1
    outer loop
      vertex -24.2904 3.19789 3
      vertex -9.91445 1.30526 3
      vertex -24.0292 4.77971 3
    endloop
  endfacet
  facet normal 0 0 1
    outer loop
      vertex -9.65926 -2.58819 3
      vertex -23.6652 -6.34107 3
      vertex -23.1998 -7.87527 3
    endloop
  endfacet
  facet normal -0 0 1
    outer loop
      vertex -24.4475 1.60238 3
      vertex -9.91445 1.30526 3
      vertex -24.2904 3.19789 3
    endloop
  endfacet
  facet normal 0 0 1
    outer loop
      vertex -9.65926 -2.58819 3
      vertex -24.0292 -4.77971 3
      vertex -23.6652 -6.34107 3
    endloop
  endfacet
  facet normal 0 0 1
    outer loop
      vertex -9.91445 1.30526 3
      vertex -24.4475 1.60238 3
      vertex -10 0 3
    endloop
  endfacet
  facet normal 0 0 1
    outer loop
      vertex -9.91445 -1.30526 3
      vertex -24.2904 -3.19789 3
      vertex -24.0292 -4.77971 3
    endloop
  endfacet
  facet normal 0 0 1
    outer loop
      vertex -24.5 0 3
      vertex -10 0 3
      vertex -24.4475 1.60238 3
    endloop
  endfacet
  facet normal 0 0 1
    outer loop
      vertex -9.91445 -1.30526 3
      vertex -24.4475 -1.60238 3
      vertex -24.2904 -3.19789 3
    endloop
  endfacet
  facet normal 0 0 1
    outer loop
      vertex -10 0 3
      vertex -24.5 0 3
      vertex -24.4475 -1.60238 3
    endloop
  endfacet
  facet normal 0 0 1
    outer loop
      vertex 6.08761 7.93353 3
      vertex 3.96578 15.4779 3
      vertex 3.8637 14.9647 3
    endloop
  endfacet
  facet normal -0 0 1
    outer loop
      vertex 3.69552 14.4693 3
      vertex 6.08761 7.93353 3
      vertex 3.8637 14.9647 3
    endloop
  endfacet
  facet normal 0 0 1
    outer loop
      vertex 6.08761 7.93353 3
      vertex 3.69552 14.4693 3
      vertex 5 8.66025 3
    endloop
  endfacet
  facet normal -0 0 1
    outer loop
      vertex 3.4641 14 3
      vertex 5 8.66025 3
      vertex 3.69552 14.4693 3
    endloop
  endfacet
  facet normal -0 0 1
    outer loop
      vertex 3.17341 13.565 3
      vertex 5 8.66025 3
      vertex 3.4641 14 3
    endloop
  endfacet
  facet normal 0 0 1
    outer loop
      vertex 5 8.66025 3
      vertex 3.17341 13.565 3
      vertex 3.82683 9.2388 3
    endloop
  endfacet
  facet normal -0 0 1
    outer loop
      vertex 2.82843 13.1716 3
      vertex 3.82683 9.2388 3
      vertex 3.17341 13.565 3
    endloop
  endfacet
  facet normal -0 0 1
    outer loop
      vertex 2.43505 12.8266 3
      vertex 3.82683 9.2388 3
      vertex 2.82843 13.1716 3
    endloop
  endfacet
  facet normal 0 0 1
    outer loop
      vertex 3.82683 9.2388 3
      vertex 2.43505 12.8266 3
      vertex 2.58819 9.65926 3
    endloop
  endfacet
  facet normal -0 0 1
    outer loop
      vertex 2 12.5359 3
      vertex 2.58819 9.65926 3
      vertex 2.43505 12.8266 3
    endloop
  endfacet
  facet normal -0 0 1
    outer loop
      vertex 1.53073 12.3045 3
      vertex 2.58819 9.65926 3
      vertex 2 12.5359 3
    endloop
  endfacet
  facet normal 0 0 1
    outer loop
      vertex 1.53073 12.3045 3
      vertex 1.30526 9.91445 3
      vertex 2.58819 9.65926 3
    endloop
  endfacet
  facet normal -0 0 1
    outer loop
      vertex 1.03528 12.1363 3
      vertex 1.30526 9.91445 3
      vertex 1.53073 12.3045 3
    endloop
  endfacet
  facet normal -0 0 1
    outer loop
      vertex 0.522104 12.0342 3
      vertex 1.30526 9.91445 3
      vertex 1.03528 12.1363 3
    endloop
  endfacet
  facet normal 0 0 1
    outer loop
      vertex 0 10 3
      vertex 0.522104 12.0342 3
      vertex 0 12 3
    endloop
  endfacet
  facet normal 0 0 1
    outer loop
      vertex 0.522104 12.0342 3
      vertex 0 10 3
      vertex 1.30526 9.91445 3
    endloop
  endfacet
  facet normal 0 0 1
    outer loop
      vertex -0.522104 12.0342 3
      vertex 0 10 3
      vertex 0 12 3
    endloop
  endfacet
  facet normal 0 0 1
    outer loop
      vertex -1.30526 9.91445 3
      vertex -0.522104 12.0342 3
      vertex -1.03528 12.1363 3
    endloop
  endfacet
  facet normal 0 0 1
    outer loop
      vertex -0.522104 12.0342 3
      vertex -1.30526 9.91445 3
      vertex 0 10 3
    endloop
  endfacet
  facet normal 0 0 1
    outer loop
      vertex -1.53073 12.3045 3
      vertex -1.30526 9.91445 3
      vertex -1.03528 12.1363 3
    endloop
  endfacet
  facet normal 0 0 1
    outer loop
      vertex -2.58819 9.65926 3
      vertex -1.53073 12.3045 3
      vertex -2 12.5359 3
    endloop
  endfacet
  facet normal 0 0 1
    outer loop
      vertex -2.58819 9.65926 3
      vertex -2 12.5359 3
      vertex -2.43505 12.8266 3
    endloop
  endfacet
  facet normal 0 0 1
    outer loop
      vertex -1.53073 12.3045 3
      vertex -2.58819 9.65926 3
      vertex -1.30526 9.91445 3
    endloop
  endfacet
  facet normal 0 0 1
    outer loop
      vertex -3.82683 9.2388 3
      vertex -2.43505 12.8266 3
      vertex -2.82843 13.1716 3
    endloop
  endfacet
  facet normal 0 0 1
    outer loop
      vertex -3.82683 9.2388 3
      vertex -2.82843 13.1716 3
      vertex -3.17341 13.565 3
    endloop
  endfacet
  facet normal 0 0 1
    outer loop
      vertex -5 8.66025 3
      vertex -3.17341 13.565 3
      vertex -3.4641 14 3
    endloop
  endfacet
  facet normal 0 0 1
    outer loop
      vertex -5 8.66025 3
      vertex -3.4641 14 3
      vertex -3.69552 14.4693 3
    endloop
  endfacet
  facet normal 0 0 1
    outer loop
      vertex -2.43505 12.8266 3
      vertex -3.82683 9.2388 3
      vertex -2.58819 9.65926 3
    endloop
  endfacet
  facet normal 0 0 1
    outer loop
      vertex -5 8.66025 3
      vertex -3.69552 14.4693 3
      vertex -3.8637 14.9647 3
    endloop
  endfacet
  facet normal 0 0 1
    outer loop
      vertex -5 8.66025 3
      vertex -3.8637 14.9647 3
      vertex -3.96578 15.4779 3
    endloop
  endfacet
  facet normal 0 0 1
    outer loop
      vertex -5 8.66025 3
      vertex -3.96578 15.4779 3
      vertex -4 16 3
    endloop
  endfacet
  facet normal 0 0 1
    outer loop
      vertex -3.17341 13.565 3
      vertex -5 8.66025 3
      vertex -3.82683 9.2388 3
    endloop
  endfacet
  facet normal -0.997856 0.0654432 0
    outer loop
      vertex -40 17 0
      vertex -39.9572 17.6526 3
      vertex -39.9572 17.6526 0
    endloop
  endfacet
  facet normal -0.997856 0.0654432 0
    outer loop
      vertex -39.9572 17.6526 3
      vertex -40 17 0
      vertex -40 17 3
    endloop
  endfacet
  facet normal -0.831509 0.555512 0
    outer loop
      vertex -39.3301 19.5 0
      vertex -38.9668 20.0438 3
      vertex -38.9668 20.0438 0
    endloop
  endfacet
  facet normal -0.831509 0.555512 0
    outer loop
      vertex -38.9668 20.0438 3
      vertex -39.3301 19.5 0
      vertex -39.3301 19.5 3
    endloop
  endfacet
  facet normal -0.89686 0.442314 0
    outer loop
      vertex -39.6194 18.9134 0
      vertex -39.3301 19.5 3
      vertex -39.3301 19.5 0
    endloop
  endfacet
  facet normal -0.89686 0.442314 0
    outer loop
      vertex -39.3301 19.5 3
      vertex -39.6194 18.9134 0
      vertex -39.6194 18.9134 3
    endloop
  endfacet
  facet normal -0.442314 0.89686 0
    outer loop
      vertex -36.9134 21.6194 0
      vertex -37.5 21.3301 3
      vertex -36.9134 21.6194 3
    endloop
  endfacet
  facet normal -0.442314 0.89686 0
    outer loop
      vertex -37.5 21.3301 3
      vertex -36.9134 21.6194 0
      vertex -37.5 21.3301 0
    endloop
  endfacet
  facet normal -1 0 0
    outer loop
      vertex -2.5 26.3677 5
      vertex -2.5 30 9
      vertex -2.5 30 5
    endloop
  endfacet
  facet normal -1 -0 0
    outer loop
      vertex -2.5 30 9
      vertex -2.5 26.3677 5
      vertex -2.5 26.3677 9
    endloop
  endfacet
  facet normal 0 0 -1
    outer loop
      vertex 1.73318 26.4433 5
      vertex 2.5 30 5
      vertex 2.5 26.3677 5
    endloop
  endfacet
  facet normal 0 0 -1
    outer loop
      vertex 0 26.5 5
      vertex 2.5 30 5
      vertex 1.73318 26.4433 5
    endloop
  endfacet
  facet normal 0 0 -1
    outer loop
      vertex -2.5 30 5
      vertex 0 26.5 5
      vertex -1.73318 26.4433 5
    endloop
  endfacet
  facet normal 0 0 -1
    outer loop
      vertex -2.5 30 5
      vertex -1.73318 26.4433 5
      vertex -2.5 26.3677 5
    endloop
  endfacet
  facet normal 0 0 -1
    outer loop
      vertex 0 26.5 5
      vertex -2.5 30 5
      vertex 2.5 30 5
    endloop
  endfacet
  facet normal 0 0 1
    outer loop
      vertex 2.5 30 9
      vertex 1.73318 26.4433 9
      vertex 2.5 26.3677 9
    endloop
  endfacet
  facet normal 0 0 1
    outer loop
      vertex 2.5 30 9
      vertex 0 26.5 9
      vertex 1.73318 26.4433 9
    endloop
  endfacet
  facet normal -0 0 1
    outer loop
      vertex -2.5 30 9
      vertex 0 26.5 9
      vertex 2.5 30 9
    endloop
  endfacet
  facet normal 0 0 1
    outer loop
      vertex 0 26.5 9
      vertex -2.5 30 9
      vertex -1.73318 26.4433 9
    endloop
  endfacet
  facet normal 0 0 1
    outer loop
      vertex -1.73318 26.4433 9
      vertex -2.5 30 9
      vertex -2.5 26.3677 9
    endloop
  endfacet
  facet normal 1 -0 0
    outer loop
      vertex 2.5 26.3677 9
      vertex 2.5 30 5
      vertex 2.5 30 9
    endloop
  endfacet
  facet normal 1 0 0
    outer loop
      vertex 2.5 30 5
      vertex 2.5 26.3677 9
      vertex 2.5 26.3677 5
    endloop
  endfacet
  facet normal 0 1 -0
    outer loop
      vertex 2.5 30 5
      vertex -2.5 30 9
      vertex 2.5 30 9
    endloop
  endfacet
  facet normal 0 1 0
    outer loop
      vertex -2.5 30 9
      vertex 2.5 30 5
      vertex -2.5 30 5
    endloop
  endfacet
  facet normal -0.980785 -0.19509 0
    outer loop
      vertex -9.65926 -2.58819 3
      vertex -9.91445 -1.30526 5
      vertex -9.91445 -1.30526 3
    endloop
  endfacet
  facet normal -0.980785 -0.19509 0
    outer loop
      vertex -9.91445 -1.30526 5
      vertex -9.65926 -2.58819 3
      vertex -9.65926 -2.58819 5
    endloop
  endfacet
  facet normal -0.997859 -0.0654022 0
    outer loop
      vertex -9.91445 -1.30526 3
      vertex -10 0 5
      vertex -10 0 3
    endloop
  endfacet
  facet normal -0.997859 -0.0654022 0
    outer loop
      vertex -10 0 5
      vertex -9.91445 -1.30526 3
      vertex -9.91445 -1.30526 5
    endloop
  endfacet
  facet normal -0.946931 -0.321438 0
    outer loop
      vertex -9.2388 -3.82683 3
      vertex -9.65926 -2.58819 5
      vertex -9.65926 -2.58819 3
    endloop
  endfacet
  facet normal -0.946931 -0.321438 0
    outer loop
      vertex -9.65926 -2.58819 5
      vertex -9.2388 -3.82683 3
      vertex -9.2388 -3.82683 5
    endloop
  endfacet
  facet normal 0.997859 -0.0654022 0
    outer loop
      vertex 9.91445 -1.30526 5
      vertex 10 0 3
      vertex 10 0 5
    endloop
  endfacet
  facet normal 0.997859 -0.0654022 0
    outer loop
      vertex 10 0 3
      vertex 9.91445 -1.30526 5
      vertex 9.91445 -1.30526 3
    endloop
  endfacet
  facet normal -0.321438 -0.946931 0
    outer loop
      vertex -3.82683 -9.2388 3
      vertex -2.58819 -9.65926 5
      vertex -3.82683 -9.2388 5
    endloop
  endfacet
  facet normal -0.321438 -0.946931 -0
    outer loop
      vertex -2.58819 -9.65926 5
      vertex -3.82683 -9.2388 3
      vertex -2.58819 -9.65926 3
    endloop
  endfacet
  facet normal -0.19509 -0.980785 0
    outer loop
      vertex -2.58819 -9.65926 3
      vertex -1.30526 -9.91445 5
      vertex -2.58819 -9.65926 5
    endloop
  endfacet
  facet normal -0.19509 -0.980785 -0
    outer loop
      vertex -1.30526 -9.91445 5
      vertex -2.58819 -9.65926 3
      vertex -1.30526 -9.91445 3
    endloop
  endfacet
  facet normal -0.896871 -0.442293 0
    outer loop
      vertex -8.66025 -5 3
      vertex -9.2388 -3.82683 5
      vertex -9.2388 -3.82683 3
    endloop
  endfacet
  facet normal -0.896871 -0.442293 0
    outer loop
      vertex -9.2388 -3.82683 5
      vertex -8.66025 -5 3
      vertex -8.66025 -5 5
    endloop
  endfacet
  facet normal -0.19509 0.980785 0
    outer loop
      vertex -1.30526 9.91445 3
      vertex -2.58819 9.65926 5
      vertex -1.30526 9.91445 5
    endloop
  endfacet
  facet normal -0.19509 0.980785 0
    outer loop
      vertex -2.58819 9.65926 5
      vertex -1.30526 9.91445 3
      vertex -2.58819 9.65926 3
    endloop
  endfacet
  facet normal -0.0654022 0.997859 0
    outer loop
      vertex 0 10 3
      vertex -1.30526 9.91445 5
      vertex 0 10 5
    endloop
  endfacet
  facet normal -0.0654022 0.997859 0
    outer loop
      vertex -1.30526 9.91445 5
      vertex 0 10 3
      vertex -1.30526 9.91445 3
    endloop
  endfacet
  facet normal 0.555571 -0.831469 0
    outer loop
      vertex 5 -8.66025 3
      vertex 6.08761 -7.93353 5
      vertex 5 -8.66025 5
    endloop
  endfacet
  facet normal 0.555571 -0.831469 0
    outer loop
      vertex 6.08761 -7.93353 5
      vertex 5 -8.66025 3
      vertex 6.08761 -7.93353 3
    endloop
  endfacet
  facet normal -0.659341 -0.751844 0
    outer loop
      vertex -7.07107 -7.07107 3
      vertex -6.08761 -7.93353 5
      vertex -7.07107 -7.07107 5
    endloop
  endfacet
  facet normal -0.659341 -0.751844 -0
    outer loop
      vertex -6.08761 -7.93353 5
      vertex -7.07107 -7.07107 3
      vertex -6.08761 -7.93353 3
    endloop
  endfacet
  facet normal -0.896871 0.442293 0
    outer loop
      vertex -9.2388 3.82683 3
      vertex -8.66025 5 5
      vertex -8.66025 5 3
    endloop
  endfacet
  facet normal -0.896871 0.442293 0
    outer loop
      vertex -8.66025 5 5
      vertex -9.2388 3.82683 3
      vertex -9.2388 3.82683 5
    endloop
  endfacet
  facet normal 0.896871 -0.442293 0
    outer loop
      vertex 8.66025 -5 5
      vertex 9.2388 -3.82683 3
      vertex 9.2388 -3.82683 5
    endloop
  endfacet
  facet normal 0.896871 -0.442293 0
    outer loop
      vertex 9.2388 -3.82683 3
      vertex 8.66025 -5 5
      vertex 8.66025 -5 3
    endloop
  endfacet
  facet normal -0.659341 0.751844 0
    outer loop
      vertex -6.08761 7.93353 3
      vertex -7.07107 7.07107 5
      vertex -6.08761 7.93353 5
    endloop
  endfacet
  facet normal -0.659341 0.751844 0
    outer loop
      vertex -7.07107 7.07107 5
      vertex -6.08761 7.93353 3
      vertex -7.07107 7.07107 3
    endloop
  endfacet
  facet normal -0.751844 0.659341 0
    outer loop
      vertex -7.93353 6.08761 3
      vertex -7.07107 7.07107 5
      vertex -7.07107 7.07107 3
    endloop
  endfacet
  facet normal -0.751844 0.659341 0
    outer loop
      vertex -7.07107 7.07107 5
      vertex -7.93353 6.08761 3
      vertex -7.93353 6.08761 5
    endloop
  endfacet
  facet normal -0.321438 0.946931 0
    outer loop
      vertex -2.58819 9.65926 3
      vertex -3.82683 9.2388 5
      vertex -2.58819 9.65926 5
    endloop
  endfacet
  facet normal -0.321438 0.946931 0
    outer loop
      vertex -3.82683 9.2388 5
      vertex -2.58819 9.65926 3
      vertex -3.82683 9.2388 3
    endloop
  endfacet
  facet normal 0.997859 0.0654022 0
    outer loop
      vertex 10 0 5
      vertex 9.91445 1.30526 3
      vertex 9.91445 1.30526 5
    endloop
  endfacet
  facet normal 0.997859 0.0654022 0
    outer loop
      vertex 9.91445 1.30526 3
      vertex 10 0 5
      vertex 10 0 3
    endloop
  endfacet
  facet normal 0.659341 -0.751844 0
    outer loop
      vertex 6.08761 -7.93353 3
      vertex 7.07107 -7.07107 5
      vertex 6.08761 -7.93353 5
    endloop
  endfacet
  facet normal 0.659341 -0.751844 0
    outer loop
      vertex 7.07107 -7.07107 5
      vertex 6.08761 -7.93353 3
      vertex 7.07107 -7.07107 3
    endloop
  endfacet
  facet normal 0.321438 -0.946931 0
    outer loop
      vertex 2.58819 -9.65926 3
      vertex 3.82683 -9.2388 5
      vertex 2.58819 -9.65926 5
    endloop
  endfacet
  facet normal 0.321438 -0.946931 0
    outer loop
      vertex 3.82683 -9.2388 5
      vertex 2.58819 -9.65926 3
      vertex 3.82683 -9.2388 3
    endloop
  endfacet
  facet normal 0.831469 0.555571 0
    outer loop
      vertex 8.66025 5 5
      vertex 7.93353 6.08761 3
      vertex 7.93353 6.08761 5
    endloop
  endfacet
  facet normal 0.831469 0.555571 0
    outer loop
      vertex 7.93353 6.08761 3
      vertex 8.66025 5 5
      vertex 8.66025 5 3
    endloop
  endfacet
  facet normal -0.751844 -0.659341 0
    outer loop
      vertex -7.07107 -7.07107 3
      vertex -7.93353 -6.08761 5
      vertex -7.93353 -6.08761 3
    endloop
  endfacet
  facet normal -0.751844 -0.659341 0
    outer loop
      vertex -7.93353 -6.08761 5
      vertex -7.07107 -7.07107 3
      vertex -7.07107 -7.07107 5
    endloop
  endfacet
  facet normal 0.321438 0.946931 -0
    outer loop
      vertex 3.82683 9.2388 3
      vertex 2.58819 9.65926 5
      vertex 3.82683 9.2388 5
    endloop
  endfacet
  facet normal 0.321438 0.946931 0
    outer loop
      vertex 2.58819 9.65926 5
      vertex 3.82683 9.2388 3
      vertex 2.58819 9.65926 3
    endloop
  endfacet
  facet normal -0.442293 0.896871 0
    outer loop
      vertex -3.82683 9.2388 3
      vertex -5 8.66025 5
      vertex -3.82683 9.2388 5
    endloop
  endfacet
  facet normal -0.442293 0.896871 0
    outer loop
      vertex -5 8.66025 5
      vertex -3.82683 9.2388 3
      vertex -5 8.66025 3
    endloop
  endfacet
  facet normal 0.442293 -0.896871 0
    outer loop
      vertex 3.82683 -9.2388 3
      vertex 5 -8.66025 5
      vertex 3.82683 -9.2388 5
    endloop
  endfacet
  facet normal 0.442293 -0.896871 0
    outer loop
      vertex 5 -8.66025 5
      vertex 3.82683 -9.2388 3
      vertex 5 -8.66025 3
    endloop
  endfacet
  facet normal -0.980785 0.19509 0
    outer loop
      vertex -9.91445 1.30526 3
      vertex -9.65926 2.58819 5
      vertex -9.65926 2.58819 3
    endloop
  endfacet
  facet normal -0.980785 0.19509 0
    outer loop
      vertex -9.65926 2.58819 5
      vertex -9.91445 1.30526 3
      vertex -9.91445 1.30526 5
    endloop
  endfacet
  facet normal 0.946931 0.321438 0
    outer loop
      vertex 9.65926 2.58819 5
      vertex 9.2388 3.82683 3
      vertex 9.2388 3.82683 5
    endloop
  endfacet
  facet normal 0.946931 0.321438 0
    outer loop
      vertex 9.2388 3.82683 3
      vertex 9.65926 2.58819 5
      vertex 9.65926 2.58819 3
    endloop
  endfacet
  facet normal -0.946931 0.321438 0
    outer loop
      vertex -9.65926 2.58819 3
      vertex -9.2388 3.82683 5
      vertex -9.2388 3.82683 3
    endloop
  endfacet
  facet normal -0.946931 0.321438 0
    outer loop
      vertex -9.2388 3.82683 5
      vertex -9.65926 2.58819 3
      vertex -9.65926 2.58819 5
    endloop
  endfacet
  facet normal -0.555571 -0.831469 0
    outer loop
      vertex -6.08761 -7.93353 3
      vertex -5 -8.66025 5
      vertex -6.08761 -7.93353 5
    endloop
  endfacet
  facet normal -0.555571 -0.831469 -0
    outer loop
      vertex -5 -8.66025 5
      vertex -6.08761 -7.93353 3
      vertex -5 -8.66025 3
    endloop
  endfacet
  facet normal -0.442293 -0.896871 0
    outer loop
      vertex -5 -8.66025 3
      vertex -3.82683 -9.2388 5
      vertex -5 -8.66025 5
    endloop
  endfacet
  facet normal -0.442293 -0.896871 -0
    outer loop
      vertex -3.82683 -9.2388 5
      vertex -5 -8.66025 3
      vertex -3.82683 -9.2388 3
    endloop
  endfacet
  facet normal 0.19509 -0.980785 0
    outer loop
      vertex 1.30526 -9.91445 3
      vertex 2.58819 -9.65926 5
      vertex 1.30526 -9.91445 5
    endloop
  endfacet
  facet normal 0.19509 -0.980785 0
    outer loop
      vertex 2.58819 -9.65926 5
      vertex 1.30526 -9.91445 3
      vertex 2.58819 -9.65926 3
    endloop
  endfacet
  facet normal 0.442293 0.896871 -0
    outer loop
      vertex 5 8.66025 3
      vertex 3.82683 9.2388 5
      vertex 5 8.66025 5
    endloop
  endfacet
  facet normal 0.442293 0.896871 0
    outer loop
      vertex 3.82683 9.2388 5
      vertex 5 8.66025 3
      vertex 3.82683 9.2388 3
    endloop
  endfacet
  facet normal 0.0654022 -0.997859 0
    outer loop
      vertex 0 -10 3
      vertex 1.30526 -9.91445 5
      vertex 0 -10 5
    endloop
  endfacet
  facet normal 0.0654022 -0.997859 0
    outer loop
      vertex 1.30526 -9.91445 5
      vertex 0 -10 3
      vertex 1.30526 -9.91445 3
    endloop
  endfacet
  facet normal 0.751844 -0.659341 0
    outer loop
      vertex 7.07107 -7.07107 5
      vertex 7.93353 -6.08761 3
      vertex 7.93353 -6.08761 5
    endloop
  endfacet
  facet normal 0.751844 -0.659341 0
    outer loop
      vertex 7.93353 -6.08761 3
      vertex 7.07107 -7.07107 5
      vertex 7.07107 -7.07107 3
    endloop
  endfacet
  facet normal -0.997859 0.0654022 0
    outer loop
      vertex -10 0 3
      vertex -9.91445 1.30526 5
      vertex -9.91445 1.30526 3
    endloop
  endfacet
  facet normal -0.997859 0.0654022 0
    outer loop
      vertex -9.91445 1.30526 5
      vertex -10 0 3
      vertex -10 0 5
    endloop
  endfacet
  facet normal 0.946931 -0.321438 0
    outer loop
      vertex 9.2388 -3.82683 5
      vertex 9.65926 -2.58819 3
      vertex 9.65926 -2.58819 5
    endloop
  endfacet
  facet normal 0.946931 -0.321438 0
    outer loop
      vertex 9.65926 -2.58819 3
      vertex 9.2388 -3.82683 5
      vertex 9.2388 -3.82683 3
    endloop
  endfacet
  facet normal 0.659341 0.751844 -0
    outer loop
      vertex 7.07107 7.07107 3
      vertex 6.08761 7.93353 5
      vertex 7.07107 7.07107 5
    endloop
  endfacet
  facet normal 0.659341 0.751844 0
    outer loop
      vertex 6.08761 7.93353 5
      vertex 7.07107 7.07107 3
      vertex 6.08761 7.93353 3
    endloop
  endfacet
  facet normal 0 0 1
    outer loop
      vertex 2.97433 0.391578 5
      vertex 9.91445 1.30526 5
      vertex 5.49117 4.39835 5
    endloop
  endfacet
  facet normal 0 0 1
    outer loop
      vertex 10 0 5
      vertex 5.78399 -4.69117 5
      vertex 5.89117 -5.09117 5
    endloop
  endfacet
  facet normal 0 0 1
    outer loop
      vertex 9.91445 1.30526 5
      vertex 2.97433 0.391578 5
      vertex 10 0 5
    endloop
  endfacet
  facet normal 0 0 1
    outer loop
      vertex 10 0 5
      vertex 5.49117 -4.39835 5
      vertex 5.78399 -4.69117 5
    endloop
  endfacet
  facet normal 0 0 1
    outer loop
      vertex 2.97433 0.391578 5
      vertex 5.49117 4.39835 5
      vertex 5.09117 4.29117 5
    endloop
  endfacet
  facet normal 0 0 1
    outer loop
      vertex 2.97433 -0.391578 5
      vertex 10 0 5
      vertex 3 0 5
    endloop
  endfacet
  facet normal 0 0 1
    outer loop
      vertex 2.59808 1.5 5
      vertex 5.09117 4.29117 5
      vertex 4.69117 4.39835 5
    endloop
  endfacet
  facet normal 0 0 1
    outer loop
      vertex 10 0 5
      vertex 2.97433 -0.391578 5
      vertex 5.49117 -4.39835 5
    endloop
  endfacet
  facet normal 0 0 1
    outer loop
      vertex 2.12132 2.12132 5
      vertex 4.69117 4.39835 5
      vertex 4.39835 4.69117 5
    endloop
  endfacet
  facet normal 0 0 1
    outer loop
      vertex 5.49117 -4.39835 5
      vertex 2.97433 -0.391578 5
      vertex 5.09117 -4.29117 5
    endloop
  endfacet
  facet normal 0 0 1
    outer loop
      vertex 1.5 2.59808 5
      vertex 4.39835 4.69117 5
      vertex 4.29117 5.09117 5
    endloop
  endfacet
  facet normal -0 0 1
    outer loop
      vertex 2.89778 -0.776457 5
      vertex 5.09117 -4.29117 5
      vertex 2.97433 -0.391578 5
    endloop
  endfacet
  facet normal 0 0 1
    outer loop
      vertex 9.2388 3.82683 5
      vertex 5.49117 4.39835 5
      vertex 9.65926 2.58819 5
    endloop
  endfacet
  facet normal -0 0 1
    outer loop
      vertex 5.49117 4.39835 5
      vertex 9.2388 3.82683 5
      vertex 5.78399 4.69117 5
    endloop
  endfacet
  facet normal 0 0 1
    outer loop
      vertex 9.65926 2.58819 5
      vertex 5.49117 4.39835 5
      vertex 9.91445 1.30526 5
    endloop
  endfacet
  facet normal 0 0 1
    outer loop
      vertex 8.66025 5 5
      vertex 5.78399 4.69117 5
      vertex 9.2388 3.82683 5
    endloop
  endfacet
  facet normal 0 0 1
    outer loop
      vertex 10 0 5
      vertex 5.89117 -5.09117 5
      vertex 9.91445 -1.30526 5
    endloop
  endfacet
  facet normal 0 0 1
    outer loop
      vertex 5.78399 4.69117 5
      vertex 8.66025 5 5
      vertex 5.89117 5.09117 5
    endloop
  endfacet
  facet normal 0 0 1
    outer loop
      vertex 9.91445 -1.30526 5
      vertex 5.89117 -5.09117 5
      vertex 9.65926 -2.58819 5
    endloop
  endfacet
  facet normal -0 0 1
    outer loop
      vertex 5.89117 5.09117 5
      vertex 8.66025 5 5
      vertex 7.93353 6.08761 5
    endloop
  endfacet
  facet normal 0 0 1
    outer loop
      vertex 9.65926 -2.58819 5
      vertex 5.89117 -5.09117 5
      vertex 9.2388 -3.82683 5
    endloop
  endfacet
  facet normal 0 0 1
    outer loop
      vertex 5.78399 5.49117 5
      vertex 7.93353 6.08761 5
      vertex 7.07107 7.07107 5
    endloop
  endfacet
  facet normal 0 0 1
    outer loop
      vertex 9.2388 -3.82683 5
      vertex 5.89117 -5.09117 5
      vertex 8.66025 -5 5
    endloop
  endfacet
  facet normal 0 0 1
    outer loop
      vertex 5.49117 5.78399 5
      vertex 7.07107 7.07107 5
      vertex 6.08761 7.93353 5
    endloop
  endfacet
  facet normal 0 0 1
    outer loop
      vertex 8.66025 -5 5
      vertex 5.89117 -5.09117 5
      vertex 7.93353 -6.08761 5
    endloop
  endfacet
  facet normal -0 0 1
    outer loop
      vertex 5.78399 -5.49117 5
      vertex 7.93353 -6.08761 5
      vertex 5.89117 -5.09117 5
    endloop
  endfacet
  facet normal 0 0 1
    outer loop
      vertex 7.93353 6.08761 5
      vertex 5.78399 5.49117 5
      vertex 5.89117 5.09117 5
    endloop
  endfacet
  facet normal 0 0 1
    outer loop
      vertex 7.07107 7.07107 5
      vertex 5.49117 5.78399 5
      vertex 5.78399 5.49117 5
    endloop
  endfacet
  facet normal 0 0 1
    outer loop
      vertex 6.08761 7.93353 5
      vertex 5.09117 5.89117 5
      vertex 5.49117 5.78399 5
    endloop
  endfacet
  facet normal 0 0 1
    outer loop
      vertex 5 8.66025 5
      vertex 5.09117 5.89117 5
      vertex 6.08761 7.93353 5
    endloop
  endfacet
  facet normal 0 0 1
    outer loop
      vertex 5 8.66025 5
      vertex 4.69117 5.78399 5
      vertex 5.09117 5.89117 5
    endloop
  endfacet
  facet normal 0 0 1
    outer loop
      vertex 3.82683 9.2388 5
      vertex 4.69117 5.78399 5
      vertex 5 8.66025 5
    endloop
  endfacet
  facet normal 0 0 1
    outer loop
      vertex 4.69117 5.78399 5
      vertex 3.82683 9.2388 5
      vertex 4.39835 5.49117 5
    endloop
  endfacet
  facet normal 0 0 1
    outer loop
      vertex 1.30526 9.91445 5
      vertex 4.39835 5.49117 5
      vertex 2.58819 9.65926 5
    endloop
  endfacet
  facet normal 0 0 1
    outer loop
      vertex 2.58819 9.65926 5
      vertex 4.39835 5.49117 5
      vertex 3.82683 9.2388 5
    endloop
  endfacet
  facet normal 0 0 1
    outer loop
      vertex 7.93353 -6.08761 5
      vertex 5.78399 -5.49117 5
      vertex 7.07107 -7.07107 5
    endloop
  endfacet
  facet normal -0 0 1
    outer loop
      vertex 5.49117 -5.78399 5
      vertex 7.07107 -7.07107 5
      vertex 5.78399 -5.49117 5
    endloop
  endfacet
  facet normal 0 0 1
    outer loop
      vertex 7.07107 -7.07107 5
      vertex 5.49117 -5.78399 5
      vertex 6.08761 -7.93353 5
    endloop
  endfacet
  facet normal -0 0 1
    outer loop
      vertex 5.09117 -5.89117 5
      vertex 6.08761 -7.93353 5
      vertex 5.49117 -5.78399 5
    endloop
  endfacet
  facet normal 0 0 1
    outer loop
      vertex 5.09117 -5.89117 5
      vertex 5 -8.66025 5
      vertex 6.08761 -7.93353 5
    endloop
  endfacet
  facet normal 0 0 1
    outer loop
      vertex 4.69117 -5.78399 5
      vertex 5 -8.66025 5
      vertex 5.09117 -5.89117 5
    endloop
  endfacet
  facet normal 0 0 1
    outer loop
      vertex 3.82683 -9.2388 5
      vertex 4.69117 -5.78399 5
      vertex 4.39835 -5.49117 5
    endloop
  endfacet
  facet normal 0 0 1
    outer loop
      vertex 0.391578 -2.97433 5
      vertex 4.39835 -5.49117 5
      vertex 4.29117 -5.09117 5
    endloop
  endfacet
  facet normal 0 0 1
    outer loop
      vertex 4.69117 -5.78399 5
      vertex 3.82683 -9.2388 5
      vertex 5 -8.66025 5
    endloop
  endfacet
  facet normal 0 0 1
    outer loop
      vertex 10 0 5
      vertex 2.97433 0.391578 5
      vertex 3 0 5
    endloop
  endfacet
  facet normal -0 0 1
    outer loop
      vertex 2.59808 -1.5 5
      vertex 5.09117 -4.29117 5
      vertex 2.77164 -1.14805 5
    endloop
  endfacet
  facet normal -0 0 1
    outer loop
      vertex 2.77164 -1.14805 5
      vertex 5.09117 -4.29117 5
      vertex 2.89778 -0.776457 5
    endloop
  endfacet
  facet normal 0 0 1
    outer loop
      vertex 5.09117 4.29117 5
      vertex 2.89778 0.776457 5
      vertex 2.97433 0.391578 5
    endloop
  endfacet
  facet normal 0 0 1
    outer loop
      vertex 5.09117 4.29117 5
      vertex 2.77164 1.14805 5
      vertex 2.89778 0.776457 5
    endloop
  endfacet
  facet normal 0 0 1
    outer loop
      vertex 5.09117 4.29117 5
      vertex 2.59808 1.5 5
      vertex 2.77164 1.14805 5
    endloop
  endfacet
  facet normal 0 0 1
    outer loop
      vertex 0.391578 2.97433 5
      vertex 4.39835 5.49117 5
      vertex 1.30526 9.91445 5
    endloop
  endfacet
  facet normal 0 0 1
    outer loop
      vertex 4.69117 4.39835 5
      vertex 2.38006 1.82628 5
      vertex 2.59808 1.5 5
    endloop
  endfacet
  facet normal 0 0 1
    outer loop
      vertex 4.69117 4.39835 5
      vertex 2.12132 2.12132 5
      vertex 2.38006 1.82628 5
    endloop
  endfacet
  facet normal 0 0 1
    outer loop
      vertex 4.39835 4.69117 5
      vertex 1.82628 2.38006 5
      vertex 2.12132 2.12132 5
    endloop
  endfacet
  facet normal 0 0 1
    outer loop
      vertex 4.39835 4.69117 5
      vertex 1.5 2.59808 5
      vertex 1.82628 2.38006 5
    endloop
  endfacet
  facet normal 0 0 1
    outer loop
      vertex 4.39835 5.49117 5
      vertex 0.391578 2.97433 5
      vertex 4.29117 5.09117 5
    endloop
  endfacet
  facet normal 0 0 1
    outer loop
      vertex 4.29117 5.09117 5
      vertex 1.14805 2.77164 5
      vertex 1.5 2.59808 5
    endloop
  endfacet
  facet normal 0 0 1
    outer loop
      vertex 4.29117 5.09117 5
      vertex 0.776457 2.89778 5
      vertex 1.14805 2.77164 5
    endloop
  endfacet
  facet normal 0 0 1
    outer loop
      vertex 4.29117 5.09117 5
      vertex 0.391578 2.97433 5
      vertex 0.776457 2.89778 5
    endloop
  endfacet
  facet normal 0 0 1
    outer loop
      vertex 0 10 5
      vertex 0.391578 2.97433 5
      vertex 1.30526 9.91445 5
    endloop
  endfacet
  facet normal 0 0 1
    outer loop
      vertex 0 10 5
      vertex 0 3 5
      vertex 0.391578 2.97433 5
    endloop
  endfacet
  facet normal 0 0 1
    outer loop
      vertex 0 10 5
      vertex -0.391578 2.97433 5
      vertex 0 3 5
    endloop
  endfacet
  facet normal -0 0 1
    outer loop
      vertex -1.30526 9.91445 5
      vertex -0.391578 2.97433 5
      vertex 0 10 5
    endloop
  endfacet
  facet normal -0 0 1
    outer loop
      vertex -4.39835 5.49117 5
      vertex -0.391578 2.97433 5
      vertex -1.30526 9.91445 5
    endloop
  endfacet
  facet normal 0 0 1
    outer loop
      vertex -0.391578 2.97433 5
      vertex -4.39835 5.49117 5
      vertex -0.776457 2.89778 5
    endloop
  endfacet
  facet normal -0 -0 1
    outer loop
      vertex -4.29117 5.09117 5
      vertex -0.776457 2.89778 5
      vertex -4.39835 5.49117 5
    endloop
  endfacet
  facet normal 0 0 1
    outer loop
      vertex -1.14805 2.77164 5
      vertex -4.29117 5.09117 5
      vertex -1.5 2.59808 5
    endloop
  endfacet
  facet normal -0 0 1
    outer loop
      vertex -4.39835 4.69117 5
      vertex -1.5 2.59808 5
      vertex -4.29117 5.09117 5
    endloop
  endfacet
  facet normal 0 0 1
    outer loop
      vertex -1.5 2.59808 5
      vertex -4.39835 4.69117 5
      vertex -1.82628 2.38006 5
    endloop
  endfacet
  facet normal 0 0 1
    outer loop
      vertex -4.39835 5.49117 5
      vertex -1.30526 9.91445 5
      vertex -2.58819 9.65926 5
    endloop
  endfacet
  facet normal 0 0 1
    outer loop
      vertex -1.82628 2.38006 5
      vertex -4.39835 4.69117 5
      vertex -2.12132 2.12132 5
    endloop
  endfacet
  facet normal -0 0 1
    outer loop
      vertex -4.69117 4.39835 5
      vertex -2.12132 2.12132 5
      vertex -4.39835 4.69117 5
    endloop
  endfacet
  facet normal 0 0 1
    outer loop
      vertex -2.12132 2.12132 5
      vertex -4.69117 4.39835 5
      vertex -2.38006 1.82628 5
    endloop
  endfacet
  facet normal 0 0 1
    outer loop
      vertex -2.38006 1.82628 5
      vertex -4.69117 4.39835 5
      vertex -2.59808 1.5 5
    endloop
  endfacet
  facet normal -0 0 1
    outer loop
      vertex -5.09117 4.29117 5
      vertex -2.59808 1.5 5
      vertex -4.69117 4.39835 5
    endloop
  endfacet
  facet normal 0 0 1
    outer loop
      vertex -4.39835 5.49117 5
      vertex -2.58819 9.65926 5
      vertex -3.82683 9.2388 5
    endloop
  endfacet
  facet normal 0 0 1
    outer loop
      vertex 5.09117 -4.29117 5
      vertex 2.59808 -1.5 5
      vertex 4.69117 -4.39835 5
    endloop
  endfacet
  facet normal -0 0 1
    outer loop
      vertex 2.38006 -1.82628 5
      vertex 4.69117 -4.39835 5
      vertex 2.59808 -1.5 5
    endloop
  endfacet
  facet normal -0 0 1
    outer loop
      vertex 2.12132 -2.12132 5
      vertex 4.69117 -4.39835 5
      vertex 2.38006 -1.82628 5
    endloop
  endfacet
  facet normal 0 0 1
    outer loop
      vertex 4.69117 -4.39835 5
      vertex 2.12132 -2.12132 5
      vertex 4.39835 -4.69117 5
    endloop
  endfacet
  facet normal -0 0 1
    outer loop
      vertex 1.82628 -2.38006 5
      vertex 4.39835 -4.69117 5
      vertex 2.12132 -2.12132 5
    endloop
  endfacet
  facet normal -0 0 1
    outer loop
      vertex 1.5 -2.59808 5
      vertex 4.39835 -4.69117 5
      vertex 1.82628 -2.38006 5
    endloop
  endfacet
  facet normal 0 0 1
    outer loop
      vertex 4.39835 -4.69117 5
      vertex 1.5 -2.59808 5
      vertex 4.29117 -5.09117 5
    endloop
  endfacet
  facet normal -0 0 1
    outer loop
      vertex 1.14805 -2.77164 5
      vertex 4.29117 -5.09117 5
      vertex 1.5 -2.59808 5
    endloop
  endfacet
  facet normal -0 0 1
    outer loop
      vertex 0.776457 -2.89778 5
      vertex 4.29117 -5.09117 5
      vertex 1.14805 -2.77164 5
    endloop
  endfacet
  facet normal 0 0 1
    outer loop
      vertex 4.39835 -5.49117 5
      vertex 2.58819 -9.65926 5
      vertex 3.82683 -9.2388 5
    endloop
  endfacet
  facet normal -0 0 1
    outer loop
      vertex 0.391578 -2.97433 5
      vertex 4.29117 -5.09117 5
      vertex 0.776457 -2.89778 5
    endloop
  endfacet
  facet normal 0 0 1
    outer loop
      vertex 4.39835 -5.49117 5
      vertex 1.30526 -9.91445 5
      vertex 2.58819 -9.65926 5
    endloop
  endfacet
  facet normal 0 0 1
    outer loop
      vertex 4.39835 -5.49117 5
      vertex 0.391578 -2.97433 5
      vertex 1.30526 -9.91445 5
    endloop
  endfacet
  facet normal -0 0 1
    outer loop
      vertex 0 -3 5
      vertex 1.30526 -9.91445 5
      vertex 0.391578 -2.97433 5
    endloop
  endfacet
  facet normal 0 0 1
    outer loop
      vertex 0 -3 5
      vertex 0 -10 5
      vertex 1.30526 -9.91445 5
    endloop
  endfacet
  facet normal 0 0 1
    outer loop
      vertex -0.391578 -2.97433 5
      vertex 0 -10 5
      vertex 0 -3 5
    endloop
  endfacet
  facet normal 0 0 1
    outer loop
      vertex -4.39835 -5.49117 5
      vertex -0.391578 -2.97433 5
      vertex -0.776457 -2.89778 5
    endloop
  endfacet
  facet normal 0 0 1
    outer loop
      vertex -4.29117 -5.09117 5
      vertex -0.776457 -2.89778 5
      vertex -1.14805 -2.77164 5
    endloop
  endfacet
  facet normal 0 0 1
    outer loop
      vertex -0.391578 -2.97433 5
      vertex -1.30526 -9.91445 5
      vertex 0 -10 5
    endloop
  endfacet
  facet normal 0 0 1
    outer loop
      vertex -4.29117 -5.09117 5
      vertex -1.14805 -2.77164 5
      vertex -1.5 -2.59808 5
    endloop
  endfacet
  facet normal 0 0 1
    outer loop
      vertex -4.39835 -4.69117 5
      vertex -1.5 -2.59808 5
      vertex -1.82628 -2.38006 5
    endloop
  endfacet
  facet normal 0 0 1
    outer loop
      vertex -4.39835 -4.69117 5
      vertex -1.82628 -2.38006 5
      vertex -2.12132 -2.12132 5
    endloop
  endfacet
  facet normal 0 0 1
    outer loop
      vertex -4.69117 -4.39835 5
      vertex -2.12132 -2.12132 5
      vertex -2.38006 -1.82628 5
    endloop
  endfacet
  facet normal 0 0 1
    outer loop
      vertex -0.776457 -2.89778 5
      vertex -4.29117 -5.09117 5
      vertex -4.39835 -5.49117 5
    endloop
  endfacet
  facet normal 0 0 1
    outer loop
      vertex -4.69117 -4.39835 5
      vertex -2.38006 -1.82628 5
      vertex -2.59808 -1.5 5
    endloop
  endfacet
  facet normal 0 0 1
    outer loop
      vertex -5.09117 -4.29117 5
      vertex -2.59808 -1.5 5
      vertex -2.77164 -1.14805 5
    endloop
  endfacet
  facet normal 0 0 1
    outer loop
      vertex -5.09117 -4.29117 5
      vertex -2.77164 -1.14805 5
      vertex -2.89778 -0.776457 5
    endloop
  endfacet
  facet normal 0 0 1
    outer loop
      vertex -5.09117 -4.29117 5
      vertex -2.89778 -0.776457 5
      vertex -2.97433 -0.391578 5
    endloop
  endfacet
  facet normal 0 0 1
    outer loop
      vertex -5.49117 -4.39835 5
      vertex -2.97433 -0.391578 5
      vertex -3 0 5
    endloop
  endfacet
  facet normal 0 0 1
    outer loop
      vertex -2.59808 1.5 5
      vertex -5.09117 4.29117 5
      vertex -2.77164 1.14805 5
    endloop
  endfacet
  facet normal 0 0 1
    outer loop
      vertex -2.77164 1.14805 5
      vertex -5.09117 4.29117 5
      vertex -2.89778 0.776457 5
    endloop
  endfacet
  facet normal 0 0 1
    outer loop
      vertex -0.391578 -2.97433 5
      vertex -4.39835 -5.49117 5
      vertex -1.30526 -9.91445 5
    endloop
  endfacet
  facet normal 0 0 1
    outer loop
      vertex -0.776457 2.89778 5
      vertex -4.29117 5.09117 5
      vertex -1.14805 2.77164 5
    endloop
  endfacet
  facet normal 0 0 1
    outer loop
      vertex -3.82683 9.2388 5
      vertex -4.69117 5.78399 5
      vertex -4.39835 5.49117 5
    endloop
  endfacet
  facet normal -0 0 1
    outer loop
      vertex -5 8.66025 5
      vertex -4.69117 5.78399 5
      vertex -3.82683 9.2388 5
    endloop
  endfacet
  facet normal 0 0 1
    outer loop
      vertex -5 8.66025 5
      vertex -5.09117 5.89117 5
      vertex -4.69117 5.78399 5
    endloop
  endfacet
  facet normal -0 0 1
    outer loop
      vertex -6.08761 7.93353 5
      vertex -5.09117 5.89117 5
      vertex -5 8.66025 5
    endloop
  endfacet
  facet normal 0 0 1
    outer loop
      vertex -5.09117 5.89117 5
      vertex -6.08761 7.93353 5
      vertex -5.49117 5.78399 5
    endloop
  endfacet
  facet normal -0 0 1
    outer loop
      vertex -7.07107 7.07107 5
      vertex -5.49117 5.78399 5
      vertex -6.08761 7.93353 5
    endloop
  endfacet
  facet normal -0 0 1
    outer loop
      vertex -7.93353 6.08761 5
      vertex -5.78399 5.49117 5
      vertex -7.07107 7.07107 5
    endloop
  endfacet
  facet normal 0 0 1
    outer loop
      vertex -5.49117 5.78399 5
      vertex -7.07107 7.07107 5
      vertex -5.78399 5.49117 5
    endloop
  endfacet
  facet normal 0 0 1
    outer loop
      vertex -2.89778 0.776457 5
      vertex -5.09117 4.29117 5
      vertex -2.97433 0.391578 5
    endloop
  endfacet
  facet normal 0 0 1
    outer loop
      vertex -1.5 -2.59808 5
      vertex -4.39835 -4.69117 5
      vertex -4.29117 -5.09117 5
    endloop
  endfacet
  facet normal 0 0 1
    outer loop
      vertex -5.49117 4.39835 5
      vertex -2.97433 0.391578 5
      vertex -5.09117 4.29117 5
    endloop
  endfacet
  facet normal 0 0 1
    outer loop
      vertex -2.12132 -2.12132 5
      vertex -4.69117 -4.39835 5
      vertex -4.39835 -4.69117 5
    endloop
  endfacet
  facet normal 0 0 1
    outer loop
      vertex -2.97433 0.391578 5
      vertex -5.49117 4.39835 5
      vertex -3 0 5
    endloop
  endfacet
  facet normal 0 0 1
    outer loop
      vertex -2.59808 -1.5 5
      vertex -5.09117 -4.29117 5
      vertex -4.69117 -4.39835 5
    endloop
  endfacet
  facet normal 0 0 1
    outer loop
      vertex -5.49117 -4.39835 5
      vertex -3 0 5
      vertex -5.49117 4.39835 5
    endloop
  endfacet
  facet normal 0 0 1
    outer loop
      vertex -2.97433 -0.391578 5
      vertex -5.49117 -4.39835 5
      vertex -5.09117 -4.29117 5
    endloop
  endfacet
  facet normal 0 0 1
    outer loop
      vertex -5.78399 4.69117 5
      vertex -5.49117 -4.39835 5
      vertex -5.49117 4.39835 5
    endloop
  endfacet
  facet normal 0 0 1
    outer loop
      vertex -5.78399 4.69117 5
      vertex -5.78399 -4.69117 5
      vertex -5.49117 -4.39835 5
    endloop
  endfacet
  facet normal 0 0 1
    outer loop
      vertex -5.89117 5.09117 5
      vertex -5.78399 -4.69117 5
      vertex -5.78399 4.69117 5
    endloop
  endfacet
  facet normal 0 0 1
    outer loop
      vertex -5.78399 -4.69117 5
      vertex -5.89117 5.09117 5
      vertex -5.89117 -5.09117 5
    endloop
  endfacet
  facet normal 0 0 1
    outer loop
      vertex -1.30526 -9.91445 5
      vertex -4.39835 -5.49117 5
      vertex -2.58819 -9.65926 5
    endloop
  endfacet
  facet normal 0 0 1
    outer loop
      vertex -2.58819 -9.65926 5
      vertex -4.39835 -5.49117 5
      vertex -3.82683 -9.2388 5
    endloop
  endfacet
  facet normal -0 0 1
    outer loop
      vertex -4.69117 -5.78399 5
      vertex -3.82683 -9.2388 5
      vertex -4.39835 -5.49117 5
    endloop
  endfacet
  facet normal 0 0 1
    outer loop
      vertex -4.69117 -5.78399 5
      vertex -5 -8.66025 5
      vertex -3.82683 -9.2388 5
    endloop
  endfacet
  facet normal -0 0 1
    outer loop
      vertex -5.09117 -5.89117 5
      vertex -5 -8.66025 5
      vertex -4.69117 -5.78399 5
    endloop
  endfacet
  facet normal 0 0 1
    outer loop
      vertex -6.08761 -7.93353 5
      vertex -5.09117 -5.89117 5
      vertex -5.49117 -5.78399 5
    endloop
  endfacet
  facet normal 0 0 1
    outer loop
      vertex -7.07107 -7.07107 5
      vertex -5.49117 -5.78399 5
      vertex -5.78399 -5.49117 5
    endloop
  endfacet
  facet normal 0 0 1
    outer loop
      vertex -7.93353 -6.08761 5
      vertex -5.78399 -5.49117 5
      vertex -5.89117 -5.09117 5
    endloop
  endfacet
  facet normal 0 0 1
    outer loop
      vertex -5.09117 -5.89117 5
      vertex -6.08761 -7.93353 5
      vertex -5 -8.66025 5
    endloop
  endfacet
  facet normal 0 0 1
    outer loop
      vertex -5.78399 5.49117 5
      vertex -7.93353 6.08761 5
      vertex -5.89117 5.09117 5
    endloop
  endfacet
  facet normal 0 0 1
    outer loop
      vertex -8.66025 5 5
      vertex -5.89117 5.09117 5
      vertex -7.93353 6.08761 5
    endloop
  endfacet
  facet normal 0 0 1
    outer loop
      vertex -5.49117 -5.78399 5
      vertex -7.07107 -7.07107 5
      vertex -6.08761 -7.93353 5
    endloop
  endfacet
  facet normal 0 0 1
    outer loop
      vertex -9.2388 3.82683 5
      vertex -5.89117 5.09117 5
      vertex -8.66025 5 5
    endloop
  endfacet
  facet normal 0 0 1
    outer loop
      vertex -5.78399 -5.49117 5
      vertex -7.93353 -6.08761 5
      vertex -7.07107 -7.07107 5
    endloop
  endfacet
  facet normal 0 0 1
    outer loop
      vertex -9.65926 2.58819 5
      vertex -5.89117 5.09117 5
      vertex -9.2388 3.82683 5
    endloop
  endfacet
  facet normal 0 0 1
    outer loop
      vertex -5.89117 -5.09117 5
      vertex -8.66025 -5 5
      vertex -7.93353 -6.08761 5
    endloop
  endfacet
  facet normal 0 0 1
    outer loop
      vertex -9.91445 1.30526 5
      vertex -5.89117 5.09117 5
      vertex -9.65926 2.58819 5
    endloop
  endfacet
  facet normal 0 0 1
    outer loop
      vertex -5.89117 -5.09117 5
      vertex -9.2388 -3.82683 5
      vertex -8.66025 -5 5
    endloop
  endfacet
  facet normal 0 0 1
    outer loop
      vertex -10 0 5
      vertex -5.89117 5.09117 5
      vertex -9.91445 1.30526 5
    endloop
  endfacet
  facet normal 0 0 1
    outer loop
      vertex -5.89117 -5.09117 5
      vertex -9.65926 -2.58819 5
      vertex -9.2388 -3.82683 5
    endloop
  endfacet
  facet normal 0 0 1
    outer loop
      vertex -5.89117 5.09117 5
      vertex -10 0 5
      vertex -5.89117 -5.09117 5
    endloop
  endfacet
  facet normal 0 0 1
    outer loop
      vertex -5.89117 -5.09117 5
      vertex -9.91445 -1.30526 5
      vertex -9.65926 -2.58819 5
    endloop
  endfacet
  facet normal 0 0 1
    outer loop
      vertex -5.89117 -5.09117 5
      vertex -10 0 5
      vertex -9.91445 -1.30526 5
    endloop
  endfacet
  facet normal -0.0654022 -0.997859 0
    outer loop
      vertex -1.30526 -9.91445 3
      vertex 0 -10 5
      vertex -1.30526 -9.91445 5
    endloop
  endfacet
  facet normal -0.0654022 -0.997859 -0
    outer loop
      vertex 0 -10 5
      vertex -1.30526 -9.91445 3
      vertex 0 -10 3
    endloop
  endfacet
  facet normal -0.831469 -0.555571 0
    outer loop
      vertex -7.93353 -6.08761 3
      vertex -8.66025 -5 5
      vertex -8.66025 -5 3
    endloop
  endfacet
  facet normal -0.831469 -0.555571 0
    outer loop
      vertex -8.66025 -5 5
      vertex -7.93353 -6.08761 3
      vertex -7.93353 -6.08761 5
    endloop
  endfacet
  facet normal 0.896871 0.442293 0
    outer loop
      vertex 9.2388 3.82683 5
      vertex 8.66025 5 3
      vertex 8.66025 5 5
    endloop
  endfacet
  facet normal 0.896871 0.442293 0
    outer loop
      vertex 8.66025 5 3
      vertex 9.2388 3.82683 5
      vertex 9.2388 3.82683 3
    endloop
  endfacet
  facet normal -0.831469 0.555571 0
    outer loop
      vertex -8.66025 5 3
      vertex -7.93353 6.08761 5
      vertex -7.93353 6.08761 3
    endloop
  endfacet
  facet normal -0.831469 0.555571 0
    outer loop
      vertex -7.93353 6.08761 5
      vertex -8.66025 5 3
      vertex -8.66025 5 5
    endloop
  endfacet
  facet normal 0.0654022 0.997859 -0
    outer loop
      vertex 1.30526 9.91445 3
      vertex 0 10 5
      vertex 1.30526 9.91445 5
    endloop
  endfacet
  facet normal 0.0654022 0.997859 0
    outer loop
      vertex 0 10 5
      vertex 1.30526 9.91445 3
      vertex 0 10 3
    endloop
  endfacet
  facet normal 0.980785 -0.19509 0
    outer loop
      vertex 9.65926 -2.58819 5
      vertex 9.91445 -1.30526 3
      vertex 9.91445 -1.30526 5
    endloop
  endfacet
  facet normal 0.980785 -0.19509 0
    outer loop
      vertex 9.91445 -1.30526 3
      vertex 9.65926 -2.58819 5
      vertex 9.65926 -2.58819 3
    endloop
  endfacet
  facet normal 0.555571 0.831469 -0
    outer loop
      vertex 6.08761 7.93353 3
      vertex 5 8.66025 5
      vertex 6.08761 7.93353 5
    endloop
  endfacet
  facet normal 0.555571 0.831469 0
    outer loop
      vertex 5 8.66025 5
      vertex 6.08761 7.93353 3
      vertex 5 8.66025 3
    endloop
  endfacet
  facet normal 0.19509 0.980785 -0
    outer loop
      vertex 2.58819 9.65926 3
      vertex 1.30526 9.91445 5
      vertex 2.58819 9.65926 5
    endloop
  endfacet
  facet normal 0.19509 0.980785 0
    outer loop
      vertex 1.30526 9.91445 5
      vertex 2.58819 9.65926 3
      vertex 1.30526 9.91445 3
    endloop
  endfacet
  facet normal 0.980785 0.19509 0
    outer loop
      vertex 9.91445 1.30526 5
      vertex 9.65926 2.58819 3
      vertex 9.65926 2.58819 5
    endloop
  endfacet
  facet normal 0.980785 0.19509 0
    outer loop
      vertex 9.65926 2.58819 3
      vertex 9.91445 1.30526 5
      vertex 9.91445 1.30526 3
    endloop
  endfacet
  facet normal 0.751844 0.659341 0
    outer loop
      vertex 7.93353 6.08761 5
      vertex 7.07107 7.07107 3
      vertex 7.07107 7.07107 5
    endloop
  endfacet
  facet normal 0.751844 0.659341 0
    outer loop
      vertex 7.07107 7.07107 3
      vertex 7.93353 6.08761 5
      vertex 7.93353 6.08761 3
    endloop
  endfacet
  facet normal -0.555571 0.831469 0
    outer loop
      vertex -5 8.66025 3
      vertex -6.08761 7.93353 5
      vertex -5 8.66025 5
    endloop
  endfacet
  facet normal -0.555571 0.831469 0
    outer loop
      vertex -6.08761 7.93353 5
      vertex -5 8.66025 3
      vertex -6.08761 7.93353 3
    endloop
  endfacet
  facet normal 0.831469 -0.555571 0
    outer loop
      vertex 7.93353 -6.08761 5
      vertex 8.66025 -5 3
      vertex 8.66025 -5 5
    endloop
  endfacet
  facet normal 0.831469 -0.555571 0
    outer loop
      vertex 8.66025 -5 3
      vertex 7.93353 -6.08761 5
      vertex 7.93353 -6.08761 3
    endloop
  endfacet
  facet normal -0.965926 -0.25882 0
    outer loop
      vertex -4.29117 -5.09117 0
      vertex -4.39835 -4.69117 5
      vertex -4.39835 -4.69117 0
    endloop
  endfacet
  facet normal -0.965926 -0.25882 0
    outer loop
      vertex -4.39835 -4.69117 5
      vertex -4.29117 -5.09117 0
      vertex -4.29117 -5.09117 5
    endloop
  endfacet
  facet normal 0.707107 0.707107 0
    outer loop
      vertex -5.49117 -5.78399 5
      vertex -5.78399 -5.49117 0
      vertex -5.78399 -5.49117 5
    endloop
  endfacet
  facet normal 0.707107 0.707107 0
    outer loop
      vertex -5.78399 -5.49117 0
      vertex -5.49117 -5.78399 5
      vertex -5.49117 -5.78399 0
    endloop
  endfacet
  facet normal 0.965926 0.25882 0
    outer loop
      vertex -5.78399 -5.49117 5
      vertex -5.89117 -5.09117 0
      vertex -5.89117 -5.09117 5
    endloop
  endfacet
  facet normal 0.965926 0.25882 0
    outer loop
      vertex -5.89117 -5.09117 0
      vertex -5.78399 -5.49117 5
      vertex -5.78399 -5.49117 0
    endloop
  endfacet
  facet normal 0.25882 0.965926 -0
    outer loop
      vertex -5.09117 -5.89117 0
      vertex -5.49117 -5.78399 5
      vertex -5.09117 -5.89117 5
    endloop
  endfacet
  facet normal 0.25882 0.965926 0
    outer loop
      vertex -5.49117 -5.78399 5
      vertex -5.09117 -5.89117 0
      vertex -5.49117 -5.78399 0
    endloop
  endfacet
  facet normal 0.25882 -0.965926 0
    outer loop
      vertex -5.49117 -4.39835 0
      vertex -5.09117 -4.29117 5
      vertex -5.49117 -4.39835 5
    endloop
  endfacet
  facet normal 0.25882 -0.965926 0
    outer loop
      vertex -5.09117 -4.29117 5
      vertex -5.49117 -4.39835 0
      vertex -5.09117 -4.29117 0
    endloop
  endfacet
  facet normal 0.965926 -0.25882 0
    outer loop
      vertex -5.89117 -5.09117 5
      vertex -5.78399 -4.69117 0
      vertex -5.78399 -4.69117 5
    endloop
  endfacet
  facet normal 0.965926 -0.25882 0
    outer loop
      vertex -5.78399 -4.69117 0
      vertex -5.89117 -5.09117 5
      vertex -5.89117 -5.09117 0
    endloop
  endfacet
  facet normal -0.707107 0.707107 0
    outer loop
      vertex -4.69117 -5.78399 0
      vertex -4.39835 -5.49117 5
      vertex -4.39835 -5.49117 0
    endloop
  endfacet
  facet normal -0.707107 0.707107 0
    outer loop
      vertex -4.39835 -5.49117 5
      vertex -4.69117 -5.78399 0
      vertex -4.69117 -5.78399 5
    endloop
  endfacet
  facet normal -0.25882 0.965926 0
    outer loop
      vertex -4.69117 -5.78399 0
      vertex -5.09117 -5.89117 5
      vertex -4.69117 -5.78399 5
    endloop
  endfacet
  facet normal -0.25882 0.965926 0
    outer loop
      vertex -5.09117 -5.89117 5
      vertex -4.69117 -5.78399 0
      vertex -5.09117 -5.89117 0
    endloop
  endfacet
  facet normal -0.965926 0.25882 0
    outer loop
      vertex -4.39835 -5.49117 0
      vertex -4.29117 -5.09117 5
      vertex -4.29117 -5.09117 0
    endloop
  endfacet
  facet normal -0.965926 0.25882 0
    outer loop
      vertex -4.29117 -5.09117 5
      vertex -4.39835 -5.49117 0
      vertex -4.39835 -5.49117 5
    endloop
  endfacet
  facet normal 0.707107 -0.707107 0
    outer loop
      vertex -5.78399 -4.69117 5
      vertex -5.49117 -4.39835 0
      vertex -5.49117 -4.39835 5
    endloop
  endfacet
  facet normal 0.707107 -0.707107 0
    outer loop
      vertex -5.49117 -4.39835 0
      vertex -5.78399 -4.69117 5
      vertex -5.78399 -4.69117 0
    endloop
  endfacet
  facet normal -0.707107 -0.707107 0
    outer loop
      vertex -4.39835 -4.69117 0
      vertex -4.69117 -4.39835 5
      vertex -4.69117 -4.39835 0
    endloop
  endfacet
  facet normal -0.707107 -0.707107 0
    outer loop
      vertex -4.69117 -4.39835 5
      vertex -4.39835 -4.69117 0
      vertex -4.39835 -4.69117 5
    endloop
  endfacet
  facet normal -0.25882 -0.965926 0
    outer loop
      vertex -5.09117 -4.29117 0
      vertex -4.69117 -4.39835 5
      vertex -5.09117 -4.29117 5
    endloop
  endfacet
  facet normal -0.25882 -0.965926 -0
    outer loop
      vertex -4.69117 -4.39835 5
      vertex -5.09117 -4.29117 0
      vertex -4.69117 -4.39835 0
    endloop
  endfacet
  facet normal -0.965926 -0.25882 0
    outer loop
      vertex 5.89117 -5.09117 0
      vertex 5.78399 -4.69117 5
      vertex 5.78399 -4.69117 0
    endloop
  endfacet
  facet normal -0.965926 -0.25882 0
    outer loop
      vertex 5.78399 -4.69117 5
      vertex 5.89117 -5.09117 0
      vertex 5.89117 -5.09117 5
    endloop
  endfacet
  facet normal 0.707107 0.707107 0
    outer loop
      vertex 4.69117 -5.78399 5
      vertex 4.39835 -5.49117 0
      vertex 4.39835 -5.49117 5
    endloop
  endfacet
  facet normal 0.707107 0.707107 0
    outer loop
      vertex 4.39835 -5.49117 0
      vertex 4.69117 -5.78399 5
      vertex 4.69117 -5.78399 0
    endloop
  endfacet
  facet normal 0.965926 0.25882 0
    outer loop
      vertex 4.39835 -5.49117 5
      vertex 4.29117 -5.09117 0
      vertex 4.29117 -5.09117 5
    endloop
  endfacet
  facet normal 0.965926 0.25882 0
    outer loop
      vertex 4.29117 -5.09117 0
      vertex 4.39835 -5.49117 5
      vertex 4.39835 -5.49117 0
    endloop
  endfacet
  facet normal 0.25882 0.965926 -0
    outer loop
      vertex 5.09117 -5.89117 0
      vertex 4.69117 -5.78399 5
      vertex 5.09117 -5.89117 5
    endloop
  endfacet
  facet normal 0.25882 0.965926 0
    outer loop
      vertex 4.69117 -5.78399 5
      vertex 5.09117 -5.89117 0
      vertex 4.69117 -5.78399 0
    endloop
  endfacet
  facet normal 0.25882 -0.965926 0
    outer loop
      vertex 4.69117 -4.39835 0
      vertex 5.09117 -4.29117 5
      vertex 4.69117 -4.39835 5
    endloop
  endfacet
  facet normal 0.25882 -0.965926 0
    outer loop
      vertex 5.09117 -4.29117 5
      vertex 4.69117 -4.39835 0
      vertex 5.09117 -4.29117 0
    endloop
  endfacet
  facet normal 0.965926 -0.25882 0
    outer loop
      vertex 4.29117 -5.09117 5
      vertex 4.39835 -4.69117 0
      vertex 4.39835 -4.69117 5
    endloop
  endfacet
  facet normal 0.965926 -0.25882 0
    outer loop
      vertex 4.39835 -4.69117 0
      vertex 4.29117 -5.09117 5
      vertex 4.29117 -5.09117 0
    endloop
  endfacet
  facet normal -0.707107 0.707107 0
    outer loop
      vertex 5.49117 -5.78399 0
      vertex 5.78399 -5.49117 5
      vertex 5.78399 -5.49117 0
    endloop
  endfacet
  facet normal -0.707107 0.707107 0
    outer loop
      vertex 5.78399 -5.49117 5
      vertex 5.49117 -5.78399 0
      vertex 5.49117 -5.78399 5
    endloop
  endfacet
  facet normal -0.25882 0.965926 0
    outer loop
      vertex 5.49117 -5.78399 0
      vertex 5.09117 -5.89117 5
      vertex 5.49117 -5.78399 5
    endloop
  endfacet
  facet normal -0.25882 0.965926 0
    outer loop
      vertex 5.09117 -5.89117 5
      vertex 5.49117 -5.78399 0
      vertex 5.09117 -5.89117 0
    endloop
  endfacet
  facet normal -0.965926 0.25882 0
    outer loop
      vertex 5.78399 -5.49117 0
      vertex 5.89117 -5.09117 5
      vertex 5.89117 -5.09117 0
    endloop
  endfacet
  facet normal -0.965926 0.25882 0
    outer loop
      vertex 5.89117 -5.09117 5
      vertex 5.78399 -5.49117 0
      vertex 5.78399 -5.49117 5
    endloop
  endfacet
  facet normal 0.707107 -0.707107 0
    outer loop
      vertex 4.39835 -4.69117 5
      vertex 4.69117 -4.39835 0
      vertex 4.69117 -4.39835 5
    endloop
  endfacet
  facet normal 0.707107 -0.707107 0
    outer loop
      vertex 4.69117 -4.39835 0
      vertex 4.39835 -4.69117 5
      vertex 4.39835 -4.69117 0
    endloop
  endfacet
  facet normal -0.707107 -0.707107 0
    outer loop
      vertex 5.78399 -4.69117 0
      vertex 5.49117 -4.39835 5
      vertex 5.49117 -4.39835 0
    endloop
  endfacet
  facet normal -0.707107 -0.707107 0
    outer loop
      vertex 5.49117 -4.39835 5
      vertex 5.78399 -4.69117 0
      vertex 5.78399 -4.69117 5
    endloop
  endfacet
  facet normal -0.25882 -0.965926 0
    outer loop
      vertex 5.09117 -4.29117 0
      vertex 5.49117 -4.39835 5
      vertex 5.09117 -4.29117 5
    endloop
  endfacet
  facet normal -0.25882 -0.965926 -0
    outer loop
      vertex 5.49117 -4.39835 5
      vertex 5.09117 -4.29117 0
      vertex 5.49117 -4.39835 0
    endloop
  endfacet
  facet normal -0.965926 -0.25882 0
    outer loop
      vertex 5.89117 5.09117 0
      vertex 5.78399 5.49117 5
      vertex 5.78399 5.49117 0
    endloop
  endfacet
  facet normal -0.965926 -0.25882 0
    outer loop
      vertex 5.78399 5.49117 5
      vertex 5.89117 5.09117 0
      vertex 5.89117 5.09117 5
    endloop
  endfacet
  facet normal 0.707107 0.707107 0
    outer loop
      vertex 4.69117 4.39835 5
      vertex 4.39835 4.69117 0
      vertex 4.39835 4.69117 5
    endloop
  endfacet
  facet normal 0.707107 0.707107 0
    outer loop
      vertex 4.39835 4.69117 0
      vertex 4.69117 4.39835 5
      vertex 4.69117 4.39835 0
    endloop
  endfacet
  facet normal 0.965926 0.25882 0
    outer loop
      vertex 4.39835 4.69117 5
      vertex 4.29117 5.09117 0
      vertex 4.29117 5.09117 5
    endloop
  endfacet
  facet normal 0.965926 0.25882 0
    outer loop
      vertex 4.29117 5.09117 0
      vertex 4.39835 4.69117 5
      vertex 4.39835 4.69117 0
    endloop
  endfacet
  facet normal 0.25882 0.965926 -0
    outer loop
      vertex 5.09117 4.29117 0
      vertex 4.69117 4.39835 5
      vertex 5.09117 4.29117 5
    endloop
  endfacet
  facet normal 0.25882 0.965926 0
    outer loop
      vertex 4.69117 4.39835 5
      vertex 5.09117 4.29117 0
      vertex 4.69117 4.39835 0
    endloop
  endfacet
  facet normal 0.25882 -0.965926 0
    outer loop
      vertex 4.69117 5.78399 0
      vertex 5.09117 5.89117 5
      vertex 4.69117 5.78399 5
    endloop
  endfacet
  facet normal 0.25882 -0.965926 0
    outer loop
      vertex 5.09117 5.89117 5
      vertex 4.69117 5.78399 0
      vertex 5.09117 5.89117 0
    endloop
  endfacet
  facet normal 0.965926 -0.25882 0
    outer loop
      vertex 4.29117 5.09117 5
      vertex 4.39835 5.49117 0
      vertex 4.39835 5.49117 5
    endloop
  endfacet
  facet normal 0.965926 -0.25882 0
    outer loop
      vertex 4.39835 5.49117 0
      vertex 4.29117 5.09117 5
      vertex 4.29117 5.09117 0
    endloop
  endfacet
  facet normal -0.707107 0.707107 0
    outer loop
      vertex 5.49117 4.39835 0
      vertex 5.78399 4.69117 5
      vertex 5.78399 4.69117 0
    endloop
  endfacet
  facet normal -0.707107 0.707107 0
    outer loop
      vertex 5.78399 4.69117 5
      vertex 5.49117 4.39835 0
      vertex 5.49117 4.39835 5
    endloop
  endfacet
  facet normal -0.25882 0.965926 0
    outer loop
      vertex 5.49117 4.39835 0
      vertex 5.09117 4.29117 5
      vertex 5.49117 4.39835 5
    endloop
  endfacet
  facet normal -0.25882 0.965926 0
    outer loop
      vertex 5.09117 4.29117 5
      vertex 5.49117 4.39835 0
      vertex 5.09117 4.29117 0
    endloop
  endfacet
  facet normal -0.965926 0.25882 0
    outer loop
      vertex 5.78399 4.69117 0
      vertex 5.89117 5.09117 5
      vertex 5.89117 5.09117 0
    endloop
  endfacet
  facet normal -0.965926 0.25882 0
    outer loop
      vertex 5.89117 5.09117 5
      vertex 5.78399 4.69117 0
      vertex 5.78399 4.69117 5
    endloop
  endfacet
  facet normal 0.707107 -0.707107 0
    outer loop
      vertex 4.39835 5.49117 5
      vertex 4.69117 5.78399 0
      vertex 4.69117 5.78399 5
    endloop
  endfacet
  facet normal 0.707107 -0.707107 0
    outer loop
      vertex 4.69117 5.78399 0
      vertex 4.39835 5.49117 5
      vertex 4.39835 5.49117 0
    endloop
  endfacet
  facet normal -0.707107 -0.707107 0
    outer loop
      vertex 5.78399 5.49117 0
      vertex 5.49117 5.78399 5
      vertex 5.49117 5.78399 0
    endloop
  endfacet
  facet normal -0.707107 -0.707107 0
    outer loop
      vertex 5.49117 5.78399 5
      vertex 5.78399 5.49117 0
      vertex 5.78399 5.49117 5
    endloop
  endfacet
  facet normal -0.25882 -0.965926 0
    outer loop
      vertex 5.09117 5.89117 0
      vertex 5.49117 5.78399 5
      vertex 5.09117 5.89117 5
    endloop
  endfacet
  facet normal -0.25882 -0.965926 -0
    outer loop
      vertex 5.49117 5.78399 5
      vertex 5.09117 5.89117 0
      vertex 5.49117 5.78399 0
    endloop
  endfacet
  facet normal -0.965926 -0.25882 0
    outer loop
      vertex -4.29117 5.09117 0
      vertex -4.39835 5.49117 5
      vertex -4.39835 5.49117 0
    endloop
  endfacet
  facet normal -0.965926 -0.25882 0
    outer loop
      vertex -4.39835 5.49117 5
      vertex -4.29117 5.09117 0
      vertex -4.29117 5.09117 5
    endloop
  endfacet
  facet normal 0.707107 0.707107 0
    outer loop
      vertex -5.49117 4.39835 5
      vertex -5.78399 4.69117 0
      vertex -5.78399 4.69117 5
    endloop
  endfacet
  facet normal 0.707107 0.707107 0
    outer loop
      vertex -5.78399 4.69117 0
      vertex -5.49117 4.39835 5
      vertex -5.49117 4.39835 0
    endloop
  endfacet
  facet normal 0.965926 0.25882 0
    outer loop
      vertex -5.78399 4.69117 5
      vertex -5.89117 5.09117 0
      vertex -5.89117 5.09117 5
    endloop
  endfacet
  facet normal 0.965926 0.25882 0
    outer loop
      vertex -5.89117 5.09117 0
      vertex -5.78399 4.69117 5
      vertex -5.78399 4.69117 0
    endloop
  endfacet
  facet normal 0.25882 0.965926 -0
    outer loop
      vertex -5.09117 4.29117 0
      vertex -5.49117 4.39835 5
      vertex -5.09117 4.29117 5
    endloop
  endfacet
  facet normal 0.25882 0.965926 0
    outer loop
      vertex -5.49117 4.39835 5
      vertex -5.09117 4.29117 0
      vertex -5.49117 4.39835 0
    endloop
  endfacet
  facet normal 0.25882 -0.965926 0
    outer loop
      vertex -5.49117 5.78399 0
      vertex -5.09117 5.89117 5
      vertex -5.49117 5.78399 5
    endloop
  endfacet
  facet normal 0.25882 -0.965926 0
    outer loop
      vertex -5.09117 5.89117 5
      vertex -5.49117 5.78399 0
      vertex -5.09117 5.89117 0
    endloop
  endfacet
  facet normal 0.965926 -0.25882 0
    outer loop
      vertex -5.89117 5.09117 5
      vertex -5.78399 5.49117 0
      vertex -5.78399 5.49117 5
    endloop
  endfacet
  facet normal 0.965926 -0.25882 0
    outer loop
      vertex -5.78399 5.49117 0
      vertex -5.89117 5.09117 5
      vertex -5.89117 5.09117 0
    endloop
  endfacet
  facet normal -0.707107 0.707107 0
    outer loop
      vertex -4.69117 4.39835 0
      vertex -4.39835 4.69117 5
      vertex -4.39835 4.69117 0
    endloop
  endfacet
  facet normal -0.707107 0.707107 0
    outer loop
      vertex -4.39835 4.69117 5
      vertex -4.69117 4.39835 0
      vertex -4.69117 4.39835 5
    endloop
  endfacet
  facet normal -0.25882 0.965926 0
    outer loop
      vertex -4.69117 4.39835 0
      vertex -5.09117 4.29117 5
      vertex -4.69117 4.39835 5
    endloop
  endfacet
  facet normal -0.25882 0.965926 0
    outer loop
      vertex -5.09117 4.29117 5
      vertex -4.69117 4.39835 0
      vertex -5.09117 4.29117 0
    endloop
  endfacet
  facet normal -0.965926 0.25882 0
    outer loop
      vertex -4.39835 4.69117 0
      vertex -4.29117 5.09117 5
      vertex -4.29117 5.09117 0
    endloop
  endfacet
  facet normal -0.965926 0.25882 0
    outer loop
      vertex -4.29117 5.09117 5
      vertex -4.39835 4.69117 0
      vertex -4.39835 4.69117 5
    endloop
  endfacet
  facet normal 0.707107 -0.707107 0
    outer loop
      vertex -5.78399 5.49117 5
      vertex -5.49117 5.78399 0
      vertex -5.49117 5.78399 5
    endloop
  endfacet
  facet normal 0.707107 -0.707107 0
    outer loop
      vertex -5.49117 5.78399 0
      vertex -5.78399 5.49117 5
      vertex -5.78399 5.49117 0
    endloop
  endfacet
  facet normal -0.707107 -0.707107 0
    outer loop
      vertex -4.39835 5.49117 0
      vertex -4.69117 5.78399 5
      vertex -4.69117 5.78399 0
    endloop
  endfacet
  facet normal -0.707107 -0.707107 0
    outer loop
      vertex -4.69117 5.78399 5
      vertex -4.39835 5.49117 0
      vertex -4.39835 5.49117 5
    endloop
  endfacet
  facet normal -0.25882 -0.965926 0
    outer loop
      vertex -5.09117 5.89117 0
      vertex -4.69117 5.78399 5
      vertex -5.09117 5.89117 5
    endloop
  endfacet
  facet normal -0.25882 -0.965926 -0
    outer loop
      vertex -4.69117 5.78399 5
      vertex -5.09117 5.89117 0
      vertex -4.69117 5.78399 0
    endloop
  endfacet
  facet normal -0.195007 -0.980802 0
    outer loop
      vertex -35.2 18.4 0
      vertex -34.7408 18.3087 3
      vertex -35.2 18.4 3
    endloop
  endfacet
  facet normal -0.195007 -0.980802 -0
    outer loop
      vertex -34.7408 18.3087 3
      vertex -35.2 18.4 0
      vertex -34.7408 18.3087 0
    endloop
  endfacet
  facet normal 0.831393 -0.555685 0
    outer loop
      vertex -36.3087 17.6592 3
      vertex -36.0485 18.0485 0
      vertex -36.0485 18.0485 3
    endloop
  endfacet
  facet normal 0.831393 -0.555685 0
    outer loop
      vertex -36.0485 18.0485 0
      vertex -36.3087 17.6592 3
      vertex -36.3087 17.6592 0
    endloop
  endfacet
  facet normal 0.831393 0.555685 0
    outer loop
      vertex -36.0485 16.3515 3
      vertex -36.3087 16.7408 0
      vertex -36.3087 16.7408 3
    endloop
  endfacet
  facet normal 0.831393 0.555685 0
    outer loop
      vertex -36.3087 16.7408 0
      vertex -36.0485 16.3515 3
      vertex -36.0485 16.3515 0
    endloop
  endfacet
  facet normal 0.980802 0.195007 0
    outer loop
      vertex -36.3087 16.7408 3
      vertex -36.4 17.2 0
      vertex -36.4 17.2 3
    endloop
  endfacet
  facet normal 0.980802 0.195007 0
    outer loop
      vertex -36.4 17.2 0
      vertex -36.3087 16.7408 3
      vertex -36.3087 16.7408 0
    endloop
  endfacet
  facet normal 0.555685 0.831393 -0
    outer loop
      vertex -35.6592 16.0913 0
      vertex -36.0485 16.3515 3
      vertex -35.6592 16.0913 3
    endloop
  endfacet
  facet normal 0.555685 0.831393 0
    outer loop
      vertex -36.0485 16.3515 3
      vertex -35.6592 16.0913 0
      vertex -36.0485 16.3515 0
    endloop
  endfacet
  facet normal 0.195007 0.980802 -0
    outer loop
      vertex -35.2 16 0
      vertex -35.6592 16.0913 3
      vertex -35.2 16 3
    endloop
  endfacet
  facet normal 0.195007 0.980802 0
    outer loop
      vertex -35.6592 16.0913 3
      vertex -35.2 16 0
      vertex -35.6592 16.0913 0
    endloop
  endfacet
  facet normal -0.980802 -0.195007 0
    outer loop
      vertex -34 17.2 0
      vertex -34.0913 17.6592 3
      vertex -34.0913 17.6592 0
    endloop
  endfacet
  facet normal -0.980802 -0.195007 0
    outer loop
      vertex -34.0913 17.6592 3
      vertex -34 17.2 0
      vertex -34 17.2 3
    endloop
  endfacet
  facet normal 0.555685 -0.831393 0
    outer loop
      vertex -36.0485 18.0485 0
      vertex -35.6592 18.3087 3
      vertex -36.0485 18.0485 3
    endloop
  endfacet
  facet normal 0.555685 -0.831393 0
    outer loop
      vertex -35.6592 18.3087 3
      vertex -36.0485 18.0485 0
      vertex -35.6592 18.3087 0
    endloop
  endfacet
  facet normal -0.831393 0.555685 0
    outer loop
      vertex -34.3515 16.3515 0
      vertex -34.0913 16.7408 3
      vertex -34.0913 16.7408 0
    endloop
  endfacet
  facet normal -0.831393 0.555685 0
    outer loop
      vertex -34.0913 16.7408 3
      vertex -34.3515 16.3515 0
      vertex -34.3515 16.3515 3
    endloop
  endfacet
  facet normal 0.195007 -0.980802 0
    outer loop
      vertex -35.6592 18.3087 0
      vertex -35.2 18.4 3
      vertex -35.6592 18.3087 3
    endloop
  endfacet
  facet normal 0.195007 -0.980802 0
    outer loop
      vertex -35.2 18.4 3
      vertex -35.6592 18.3087 0
      vertex -35.2 18.4 0
    endloop
  endfacet
  facet normal -0.195007 0.980802 0
    outer loop
      vertex -34.7408 16.0913 0
      vertex -35.2 16 3
      vertex -34.7408 16.0913 3
    endloop
  endfacet
  facet normal -0.195007 0.980802 0
    outer loop
      vertex -35.2 16 3
      vertex -34.7408 16.0913 0
      vertex -35.2 16 0
    endloop
  endfacet
  facet normal -0.555685 0.831393 0
    outer loop
      vertex -34.3515 16.3515 0
      vertex -34.7408 16.0913 3
      vertex -34.3515 16.3515 3
    endloop
  endfacet
  facet normal -0.555685 0.831393 0
    outer loop
      vertex -34.7408 16.0913 3
      vertex -34.3515 16.3515 0
      vertex -34.7408 16.0913 0
    endloop
  endfacet
  facet normal 0.980802 -0.195007 0
    outer loop
      vertex -36.4 17.2 3
      vertex -36.3087 17.6592 0
      vertex -36.3087 17.6592 3
    endloop
  endfacet
  facet normal 0.980802 -0.195007 0
    outer loop
      vertex -36.3087 17.6592 0
      vertex -36.4 17.2 3
      vertex -36.4 17.2 0
    endloop
  endfacet
  facet normal -0.980802 0.195007 0
    outer loop
      vertex -34.0913 16.7408 0
      vertex -34 17.2 3
      vertex -34 17.2 0
    endloop
  endfacet
  facet normal -0.980802 0.195007 0
    outer loop
      vertex -34 17.2 3
      vertex -34.0913 16.7408 0
      vertex -34.0913 16.7408 3
    endloop
  endfacet
  facet normal -0.831393 -0.555685 0
    outer loop
      vertex -34.0913 17.6592 0
      vertex -34.3515 18.0485 3
      vertex -34.3515 18.0485 0
    endloop
  endfacet
  facet normal -0.831393 -0.555685 0
    outer loop
      vertex -34.3515 18.0485 3
      vertex -34.0913 17.6592 0
      vertex -34.0913 17.6592 3
    endloop
  endfacet
  facet normal -0.555685 -0.831393 0
    outer loop
      vertex -34.7408 18.3087 0
      vertex -34.3515 18.0485 3
      vertex -34.7408 18.3087 3
    endloop
  endfacet
  facet normal -0.555685 -0.831393 -0
    outer loop
      vertex -34.3515 18.0485 3
      vertex -34.7408 18.3087 0
      vertex -34.3515 18.0485 0
    endloop
  endfacet
  facet normal -0.980802 0.195007 0
    outer loop
      vertex 36.3087 16.7408 0
      vertex 36.4 17.2 3
      vertex 36.4 17.2 0
    endloop
  endfacet
  facet normal -0.980802 0.195007 0
    outer loop
      vertex 36.4 17.2 3
      vertex 36.3087 16.7408 0
      vertex 36.3087 16.7408 3
    endloop
  endfacet
  facet normal 0.831393 0.555685 0
    outer loop
      vertex 34.3515 16.3515 3
      vertex 34.0913 16.7408 0
      vertex 34.0913 16.7408 3
    endloop
  endfacet
  facet normal 0.831393 0.555685 0
    outer loop
      vertex 34.0913 16.7408 0
      vertex 34.3515 16.3515 3
      vertex 34.3515 16.3515 0
    endloop
  endfacet
  facet normal 0.980802 0.195007 0
    outer loop
      vertex 34.0913 16.7408 3
      vertex 34 17.2 0
      vertex 34 17.2 3
    endloop
  endfacet
  facet normal 0.980802 0.195007 0
    outer loop
      vertex 34 17.2 0
      vertex 34.0913 16.7408 3
      vertex 34.0913 16.7408 0
    endloop
  endfacet
  facet normal 0.555685 0.831393 -0
    outer loop
      vertex 34.7408 16.0913 0
      vertex 34.3515 16.3515 3
      vertex 34.7408 16.0913 3
    endloop
  endfacet
  facet normal 0.555685 0.831393 0
    outer loop
      vertex 34.3515 16.3515 3
      vertex 34.7408 16.0913 0
      vertex 34.3515 16.3515 0
    endloop
  endfacet
  facet normal 0.195007 -0.980802 0
    outer loop
      vertex 34.7408 18.3087 0
      vertex 35.2 18.4 3
      vertex 34.7408 18.3087 3
    endloop
  endfacet
  facet normal 0.195007 -0.980802 0
    outer loop
      vertex 35.2 18.4 3
      vertex 34.7408 18.3087 0
      vertex 35.2 18.4 0
    endloop
  endfacet
  facet normal -0.195007 0.980802 0
    outer loop
      vertex 35.6592 16.0913 0
      vertex 35.2 16 3
      vertex 35.6592 16.0913 3
    endloop
  endfacet
  facet normal -0.195007 0.980802 0
    outer loop
      vertex 35.2 16 3
      vertex 35.6592 16.0913 0
      vertex 35.2 16 0
    endloop
  endfacet
  facet normal -0.555685 0.831393 0
    outer loop
      vertex 36.0485 16.3515 0
      vertex 35.6592 16.0913 3
      vertex 36.0485 16.3515 3
    endloop
  endfacet
  facet normal -0.555685 0.831393 0
    outer loop
      vertex 35.6592 16.0913 3
      vertex 36.0485 16.3515 0
      vertex 35.6592 16.0913 0
    endloop
  endfacet
  facet normal -0.831393 0.555685 0
    outer loop
      vertex 36.0485 16.3515 0
      vertex 36.3087 16.7408 3
      vertex 36.3087 16.7408 0
    endloop
  endfacet
  facet normal -0.831393 0.555685 0
    outer loop
      vertex 36.3087 16.7408 3
      vertex 36.0485 16.3515 0
      vertex 36.0485 16.3515 3
    endloop
  endfacet
  facet normal -0.195007 -0.980802 0
    outer loop
      vertex 35.2 18.4 0
      vertex 35.6592 18.3087 3
      vertex 35.2 18.4 3
    endloop
  endfacet
  facet normal -0.195007 -0.980802 -0
    outer loop
      vertex 35.6592 18.3087 3
      vertex 35.2 18.4 0
      vertex 35.6592 18.3087 0
    endloop
  endfacet
  facet normal 0.195007 0.980802 -0
    outer loop
      vertex 35.2 16 0
      vertex 34.7408 16.0913 3
      vertex 35.2 16 3
    endloop
  endfacet
  facet normal 0.195007 0.980802 0
    outer loop
      vertex 34.7408 16.0913 3
      vertex 35.2 16 0
      vertex 34.7408 16.0913 0
    endloop
  endfacet
  facet normal -0.831393 -0.555685 0
    outer loop
      vertex 36.3087 17.6592 0
      vertex 36.0485 18.0485 3
      vertex 36.0485 18.0485 0
    endloop
  endfacet
  facet normal -0.831393 -0.555685 0
    outer loop
      vertex 36.0485 18.0485 3
      vertex 36.3087 17.6592 0
      vertex 36.3087 17.6592 3
    endloop
  endfacet
  facet normal 0.980802 -0.195007 0
    outer loop
      vertex 34 17.2 3
      vertex 34.0913 17.6592 0
      vertex 34.0913 17.6592 3
    endloop
  endfacet
  facet normal 0.980802 -0.195007 0
    outer loop
      vertex 34.0913 17.6592 0
      vertex 34 17.2 3
      vertex 34 17.2 0
    endloop
  endfacet
  facet normal 0.555685 -0.831393 0
    outer loop
      vertex 34.3515 18.0485 0
      vertex 34.7408 18.3087 3
      vertex 34.3515 18.0485 3
    endloop
  endfacet
  facet normal 0.555685 -0.831393 0
    outer loop
      vertex 34.7408 18.3087 3
      vertex 34.3515 18.0485 0
      vertex 34.7408 18.3087 0
    endloop
  endfacet
  facet normal 0.831393 -0.555685 0
    outer loop
      vertex 34.0913 17.6592 3
      vertex 34.3515 18.0485 0
      vertex 34.3515 18.0485 3
    endloop
  endfacet
  facet normal 0.831393 -0.555685 0
    outer loop
      vertex 34.3515 18.0485 0
      vertex 34.0913 17.6592 3
      vertex 34.0913 17.6592 0
    endloop
  endfacet
  facet normal -0.980802 -0.195007 0
    outer loop
      vertex 36.4 17.2 0
      vertex 36.3087 17.6592 3
      vertex 36.3087 17.6592 0
    endloop
  endfacet
  facet normal -0.980802 -0.195007 0
    outer loop
      vertex 36.3087 17.6592 3
      vertex 36.4 17.2 0
      vertex 36.4 17.2 3
    endloop
  endfacet
  facet normal -0.555685 -0.831393 0
    outer loop
      vertex 35.6592 18.3087 0
      vertex 36.0485 18.0485 3
      vertex 35.6592 18.3087 3
    endloop
  endfacet
  facet normal -0.555685 -0.831393 -0
    outer loop
      vertex 36.0485 18.0485 3
      vertex 35.6592 18.3087 0
      vertex 36.0485 18.0485 0
    endloop
  endfacet
  facet normal 0.831393 0.555685 0
    outer loop
      vertex -36.0485 -22.0485 3
      vertex -36.3087 -21.6592 0
      vertex -36.3087 -21.6592 3
    endloop
  endfacet
  facet normal 0.831393 0.555685 0
    outer loop
      vertex -36.3087 -21.6592 0
      vertex -36.0485 -22.0485 3
      vertex -36.0485 -22.0485 0
    endloop
  endfacet
  facet normal 0.980802 0.195007 0
    outer loop
      vertex -36.3087 -21.6592 3
      vertex -36.4 -21.2 0
      vertex -36.4 -21.2 3
    endloop
  endfacet
  facet normal 0.980802 0.195007 0
    outer loop
      vertex -36.4 -21.2 0
      vertex -36.3087 -21.6592 3
      vertex -36.3087 -21.6592 0
    endloop
  endfacet
  facet normal 0.555685 0.831393 -0
    outer loop
      vertex -35.6592 -22.3087 0
      vertex -36.0485 -22.0485 3
      vertex -35.6592 -22.3087 3
    endloop
  endfacet
  facet normal 0.555685 0.831393 0
    outer loop
      vertex -36.0485 -22.0485 3
      vertex -35.6592 -22.3087 0
      vertex -36.0485 -22.0485 0
    endloop
  endfacet
  facet normal 0.831393 -0.555685 0
    outer loop
      vertex -36.3087 -20.7408 3
      vertex -36.0485 -20.3515 0
      vertex -36.0485 -20.3515 3
    endloop
  endfacet
  facet normal 0.831393 -0.555685 0
    outer loop
      vertex -36.0485 -20.3515 0
      vertex -36.3087 -20.7408 3
      vertex -36.3087 -20.7408 0
    endloop
  endfacet
  facet normal -0.195007 0.980802 0
    outer loop
      vertex -34.7408 -22.3087 0
      vertex -35.2 -22.4 3
      vertex -34.7408 -22.3087 3
    endloop
  endfacet
  facet normal -0.195007 0.980802 0
    outer loop
      vertex -35.2 -22.4 3
      vertex -34.7408 -22.3087 0
      vertex -35.2 -22.4 0
    endloop
  endfacet
  facet normal -0.831393 0.555685 0
    outer loop
      vertex -34.3515 -22.0485 0
      vertex -34.0913 -21.6592 3
      vertex -34.0913 -21.6592 0
    endloop
  endfacet
  facet normal -0.831393 0.555685 0
    outer loop
      vertex -34.0913 -21.6592 3
      vertex -34.3515 -22.0485 0
      vertex -34.3515 -22.0485 3
    endloop
  endfacet
  facet normal -0.980802 0.195007 0
    outer loop
      vertex -34.0913 -21.6592 0
      vertex -34 -21.2 3
      vertex -34 -21.2 0
    endloop
  endfacet
  facet normal -0.980802 0.195007 0
    outer loop
      vertex -34 -21.2 3
      vertex -34.0913 -21.6592 0
      vertex -34.0913 -21.6592 3
    endloop
  endfacet
  facet normal 0.195007 -0.980802 0
    outer loop
      vertex -35.6592 -20.0913 0
      vertex -35.2 -20 3
      vertex -35.6592 -20.0913 3
    endloop
  endfacet
  facet normal 0.195007 -0.980802 0
    outer loop
      vertex -35.2 -20 3
      vertex -35.6592 -20.0913 0
      vertex -35.2 -20 0
    endloop
  endfacet
  facet normal -0.195007 -0.980802 0
    outer loop
      vertex -35.2 -20 0
      vertex -34.7408 -20.0913 3
      vertex -35.2 -20 3
    endloop
  endfacet
  facet normal -0.195007 -0.980802 -0
    outer loop
      vertex -34.7408 -20.0913 3
      vertex -35.2 -20 0
      vertex -34.7408 -20.0913 0
    endloop
  endfacet
  facet normal -0.980802 -0.195007 0
    outer loop
      vertex -34 -21.2 0
      vertex -34.0913 -20.7408 3
      vertex -34.0913 -20.7408 0
    endloop
  endfacet
  facet normal -0.980802 -0.195007 0
    outer loop
      vertex -34.0913 -20.7408 3
      vertex -34 -21.2 0
      vertex -34 -21.2 3
    endloop
  endfacet
  facet normal 0.195007 0.980802 -0
    outer loop
      vertex -35.2 -22.4 0
      vertex -35.6592 -22.3087 3
      vertex -35.2 -22.4 3
    endloop
  endfacet
  facet normal 0.195007 0.980802 0
    outer loop
      vertex -35.6592 -22.3087 3
      vertex -35.2 -22.4 0
      vertex -35.6592 -22.3087 0
    endloop
  endfacet
  facet normal 0.980802 -0.195007 0
    outer loop
      vertex -36.4 -21.2 3
      vertex -36.3087 -20.7408 0
      vertex -36.3087 -20.7408 3
    endloop
  endfacet
  facet normal 0.980802 -0.195007 0
    outer loop
      vertex -36.3087 -20.7408 0
      vertex -36.4 -21.2 3
      vertex -36.4 -21.2 0
    endloop
  endfacet
  facet normal 0.555685 -0.831393 0
    outer loop
      vertex -36.0485 -20.3515 0
      vertex -35.6592 -20.0913 3
      vertex -36.0485 -20.3515 3
    endloop
  endfacet
  facet normal 0.555685 -0.831393 0
    outer loop
      vertex -35.6592 -20.0913 3
      vertex -36.0485 -20.3515 0
      vertex -35.6592 -20.0913 0
    endloop
  endfacet
  facet normal -0.831393 -0.555685 0
    outer loop
      vertex -34.0913 -20.7408 0
      vertex -34.3515 -20.3515 3
      vertex -34.3515 -20.3515 0
    endloop
  endfacet
  facet normal -0.831393 -0.555685 0
    outer loop
      vertex -34.3515 -20.3515 3
      vertex -34.0913 -20.7408 0
      vertex -34.0913 -20.7408 3
    endloop
  endfacet
  facet normal -0.555685 0.831393 0
    outer loop
      vertex -34.3515 -22.0485 0
      vertex -34.7408 -22.3087 3
      vertex -34.3515 -22.0485 3
    endloop
  endfacet
  facet normal -0.555685 0.831393 0
    outer loop
      vertex -34.7408 -22.3087 3
      vertex -34.3515 -22.0485 0
      vertex -34.7408 -22.3087 0
    endloop
  endfacet
  facet normal -0.555685 -0.831393 0
    outer loop
      vertex -34.7408 -20.0913 0
      vertex -34.3515 -20.3515 3
      vertex -34.7408 -20.0913 3
    endloop
  endfacet
  facet normal -0.555685 -0.831393 -0
    outer loop
      vertex -34.3515 -20.3515 3
      vertex -34.7408 -20.0913 0
      vertex -34.3515 -20.3515 0
    endloop
  endfacet
  facet normal -0.980802 0.195007 0
    outer loop
      vertex 36.3087 -21.6592 0
      vertex 36.4 -21.2 3
      vertex 36.4 -21.2 0
    endloop
  endfacet
  facet normal -0.980802 0.195007 0
    outer loop
      vertex 36.4 -21.2 3
      vertex 36.3087 -21.6592 0
      vertex 36.3087 -21.6592 3
    endloop
  endfacet
  facet normal 0.831393 0.555685 0
    outer loop
      vertex 34.3515 -22.0485 3
      vertex 34.0913 -21.6592 0
      vertex 34.0913 -21.6592 3
    endloop
  endfacet
  facet normal 0.831393 0.555685 0
    outer loop
      vertex 34.0913 -21.6592 0
      vertex 34.3515 -22.0485 3
      vertex 34.3515 -22.0485 0
    endloop
  endfacet
  facet normal 0.980802 0.195007 0
    outer loop
      vertex 34.0913 -21.6592 3
      vertex 34 -21.2 0
      vertex 34 -21.2 3
    endloop
  endfacet
  facet normal 0.980802 0.195007 0
    outer loop
      vertex 34 -21.2 0
      vertex 34.0913 -21.6592 3
      vertex 34.0913 -21.6592 0
    endloop
  endfacet
  facet normal -0.195007 -0.980802 0
    outer loop
      vertex 35.2 -20 0
      vertex 35.6592 -20.0913 3
      vertex 35.2 -20 3
    endloop
  endfacet
  facet normal -0.195007 -0.980802 -0
    outer loop
      vertex 35.6592 -20.0913 3
      vertex 35.2 -20 0
      vertex 35.6592 -20.0913 0
    endloop
  endfacet
  facet normal 0.555685 -0.831393 0
    outer loop
      vertex 34.3515 -20.3515 0
      vertex 34.7408 -20.0913 3
      vertex 34.3515 -20.3515 3
    endloop
  endfacet
  facet normal 0.555685 -0.831393 0
    outer loop
      vertex 34.7408 -20.0913 3
      vertex 34.3515 -20.3515 0
      vertex 34.7408 -20.0913 0
    endloop
  endfacet
  facet normal -0.555685 0.831393 0
    outer loop
      vertex 36.0485 -22.0485 0
      vertex 35.6592 -22.3087 3
      vertex 36.0485 -22.0485 3
    endloop
  endfacet
  facet normal -0.555685 0.831393 0
    outer loop
      vertex 35.6592 -22.3087 3
      vertex 36.0485 -22.0485 0
      vertex 35.6592 -22.3087 0
    endloop
  endfacet
  facet normal 0.980802 -0.195007 0
    outer loop
      vertex 34 -21.2 3
      vertex 34.0913 -20.7408 0
      vertex 34.0913 -20.7408 3
    endloop
  endfacet
  facet normal 0.980802 -0.195007 0
    outer loop
      vertex 34.0913 -20.7408 0
      vertex 34 -21.2 3
      vertex 34 -21.2 0
    endloop
  endfacet
  facet normal 0.195007 -0.980802 0
    outer loop
      vertex 34.7408 -20.0913 0
      vertex 35.2 -20 3
      vertex 34.7408 -20.0913 3
    endloop
  endfacet
  facet normal 0.195007 -0.980802 0
    outer loop
      vertex 35.2 -20 3
      vertex 34.7408 -20.0913 0
      vertex 35.2 -20 0
    endloop
  endfacet
  facet normal 0.831393 -0.555685 0
    outer loop
      vertex 34.0913 -20.7408 3
      vertex 34.3515 -20.3515 0
      vertex 34.3515 -20.3515 3
    endloop
  endfacet
  facet normal 0.831393 -0.555685 0
    outer loop
      vertex 34.3515 -20.3515 0
      vertex 34.0913 -20.7408 3
      vertex 34.0913 -20.7408 0
    endloop
  endfacet
  facet normal 0.195007 0.980802 -0
    outer loop
      vertex 35.2 -22.4 0
      vertex 34.7408 -22.3087 3
      vertex 35.2 -22.4 3
    endloop
  endfacet
  facet normal 0.195007 0.980802 0
    outer loop
      vertex 34.7408 -22.3087 3
      vertex 35.2 -22.4 0
      vertex 34.7408 -22.3087 0
    endloop
  endfacet
  facet normal -0.195007 0.980802 0
    outer loop
      vertex 35.6592 -22.3087 0
      vertex 35.2 -22.4 3
      vertex 35.6592 -22.3087 3
    endloop
  endfacet
  facet normal -0.195007 0.980802 0
    outer loop
      vertex 35.2 -22.4 3
      vertex 35.6592 -22.3087 0
      vertex 35.2 -22.4 0
    endloop
  endfacet
  facet normal -0.831393 0.555685 0
    outer loop
      vertex 36.0485 -22.0485 0
      vertex 36.3087 -21.6592 3
      vertex 36.3087 -21.6592 0
    endloop
  endfacet
  facet normal -0.831393 0.555685 0
    outer loop
      vertex 36.3087 -21.6592 3
      vertex 36.0485 -22.0485 0
      vertex 36.0485 -22.0485 3
    endloop
  endfacet
  facet normal 0.555685 0.831393 -0
    outer loop
      vertex 34.7408 -22.3087 0
      vertex 34.3515 -22.0485 3
      vertex 34.7408 -22.3087 3
    endloop
  endfacet
  facet normal 0.555685 0.831393 0
    outer loop
      vertex 34.3515 -22.0485 3
      vertex 34.7408 -22.3087 0
      vertex 34.3515 -22.0485 0
    endloop
  endfacet
  facet normal -0.831393 -0.555685 0
    outer loop
      vertex 36.3087 -20.7408 0
      vertex 36.0485 -20.3515 3
      vertex 36.0485 -20.3515 0
    endloop
  endfacet
  facet normal -0.831393 -0.555685 0
    outer loop
      vertex 36.0485 -20.3515 3
      vertex 36.3087 -20.7408 0
      vertex 36.3087 -20.7408 3
    endloop
  endfacet
  facet normal -0.980802 -0.195007 0
    outer loop
      vertex 36.4 -21.2 0
      vertex 36.3087 -20.7408 3
      vertex 36.3087 -20.7408 0
    endloop
  endfacet
  facet normal -0.980802 -0.195007 0
    outer loop
      vertex 36.3087 -20.7408 3
      vertex 36.4 -21.2 0
      vertex 36.4 -21.2 3
    endloop
  endfacet
  facet normal -0.555685 -0.831393 0
    outer loop
      vertex 35.6592 -20.0913 0
      vertex 36.0485 -20.3515 3
      vertex 35.6592 -20.0913 3
    endloop
  endfacet
  facet normal -0.555685 -0.831393 -0
    outer loop
      vertex 36.0485 -20.3515 3
      vertex 35.6592 -20.0913 0
      vertex 36.0485 -20.3515 0
    endloop
  endfacet
  facet normal -0.831393 0.555685 0
    outer loop
      vertex -19.1515 16.8515 0
      vertex -18.8913 17.2408 4
      vertex -18.8913 17.2408 0
    endloop
  endfacet
  facet normal -0.831393 0.555685 0
    outer loop
      vertex -18.8913 17.2408 4
      vertex -19.1515 16.8515 0
      vertex -19.1515 16.8515 4
    endloop
  endfacet
  facet normal 0.831393 0.555685 0
    outer loop
      vertex -20.8485 16.8515 3
      vertex -21.1087 17.2408 0
      vertex -21.1087 17.2408 3
    endloop
  endfacet
  facet normal 0.831393 0.555685 0
    outer loop
      vertex -21.1087 17.2408 0
      vertex -20.8485 16.8515 3
      vertex -20.8485 16.8515 0
    endloop
  endfacet
  facet normal 0.980802 0.195007 0
    outer loop
      vertex -21.1087 17.2408 3
      vertex -21.2 17.7 0
      vertex -21.2 17.7 3
    endloop
  endfacet
  facet normal 0.980802 0.195007 0
    outer loop
      vertex -21.2 17.7 0
      vertex -21.1087 17.2408 3
      vertex -21.1087 17.2408 0
    endloop
  endfacet
  facet normal 0.555807 0.831312 0
    outer loop
      vertex -20.4592 16.5913 4
      vertex -20.5805 16.6724 3
      vertex -20.5805 16.6724 4
    endloop
  endfacet
  facet normal 0.555807 0.831312 -0
    outer loop
      vertex -20.4592 16.5913 0
      vertex -20.5805 16.6724 3
      vertex -20.4592 16.5913 4
    endloop
  endfacet
  facet normal 0.555685 0.831393 -7.09734e-06
    outer loop
      vertex -20.8485 16.8515 0
      vertex -20.5805 16.6724 3
      vertex -20.4592 16.5913 0
    endloop
  endfacet
  facet normal 0.555631 0.831429 0
    outer loop
      vertex -20.5805 16.6724 3
      vertex -20.8485 16.8515 0
      vertex -20.8485 16.8515 3
    endloop
  endfacet
  facet normal 0.831393 -0.555685 0
    outer loop
      vertex -21.1087 18.1592 3
      vertex -20.8485 18.5485 0
      vertex -20.8485 18.5485 3
    endloop
  endfacet
  facet normal 0.831393 -0.555685 0
    outer loop
      vertex -20.8485 18.5485 0
      vertex -21.1087 18.1592 3
      vertex -21.1087 18.1592 0
    endloop
  endfacet
  facet normal 0.195007 -0.980802 0
    outer loop
      vertex -20.4592 18.8087 0
      vertex -20 18.9 3
      vertex -20.4592 18.8087 3
    endloop
  endfacet
  facet normal 0.195007 -0.980802 0
    outer loop
      vertex -20 18.9 3
      vertex -20.4592 18.8087 0
      vertex -20 18.9 0
    endloop
  endfacet
  facet normal 0.195007 0.980802 -0
    outer loop
      vertex -20 16.5 0
      vertex -20.4592 16.5913 4
      vertex -20 16.5 4
    endloop
  endfacet
  facet normal 0.195007 0.980802 0
    outer loop
      vertex -20.4592 16.5913 4
      vertex -20 16.5 0
      vertex -20.4592 16.5913 0
    endloop
  endfacet
  facet normal 0.980802 -0.195007 0
    outer loop
      vertex -21.2 17.7 3
      vertex -21.1087 18.1592 0
      vertex -21.1087 18.1592 3
    endloop
  endfacet
  facet normal 0.980802 -0.195007 0
    outer loop
      vertex -21.1087 18.1592 0
      vertex -21.2 17.7 3
      vertex -21.2 17.7 0
    endloop
  endfacet
  facet normal -0.555685 0.831393 0
    outer loop
      vertex -19.1515 16.8515 0
      vertex -19.5408 16.5913 4
      vertex -19.1515 16.8515 4
    endloop
  endfacet
  facet normal -0.555685 0.831393 0
    outer loop
      vertex -19.5408 16.5913 4
      vertex -19.1515 16.8515 0
      vertex -19.5408 16.5913 0
    endloop
  endfacet
  facet normal -0.831352 -0.555747 0
    outer loop
      vertex -19.1515 18.5485 0
      vertex -19.0535 18.4019 3
      vertex -19.1515 18.5485 3
    endloop
  endfacet
  facet normal -0.831393 -0.555685 4.32817e-06
    outer loop
      vertex -18.8913 18.1592 0
      vertex -19.0535 18.4019 3
      vertex -19.1515 18.5485 0
    endloop
  endfacet
  facet normal -0.831417 -0.555648 -0
    outer loop
      vertex -18.8913 18.1592 4
      vertex -19.0535 18.4019 3
      vertex -18.8913 18.1592 0
    endloop
  endfacet
  facet normal -0.831417 -0.555648 0
    outer loop
      vertex -19.0535 18.4019 3
      vertex -18.8913 18.1592 4
      vertex -19.0535 18.4019 4
    endloop
  endfacet
  facet normal -0.195007 -0.980802 0
    outer loop
      vertex -20 18.9 0
      vertex -19.5408 18.8087 3
      vertex -20 18.9 3
    endloop
  endfacet
  facet normal -0.195007 -0.980802 -0
    outer loop
      vertex -19.5408 18.8087 3
      vertex -20 18.9 0
      vertex -19.5408 18.8087 0
    endloop
  endfacet
  facet normal -0.980802 0.195007 0
    outer loop
      vertex -18.8913 17.2408 0
      vertex -18.8 17.7 4
      vertex -18.8 17.7 0
    endloop
  endfacet
  facet normal -0.980802 0.195007 0
    outer loop
      vertex -18.8 17.7 4
      vertex -18.8913 17.2408 0
      vertex -18.8913 17.2408 4
    endloop
  endfacet
  facet normal 0.555685 -0.831393 0
    outer loop
      vertex -20.8485 18.5485 0
      vertex -20.4592 18.8087 3
      vertex -20.8485 18.5485 3
    endloop
  endfacet
  facet normal 0.555685 -0.831393 0
    outer loop
      vertex -20.4592 18.8087 3
      vertex -20.8485 18.5485 0
      vertex -20.4592 18.8087 0
    endloop
  endfacet
  facet normal 0 0 -1
    outer loop
      vertex -19.9238 17.4727 4
      vertex -18.8 17.7 4
      vertex -18.8913 17.2408 4
    endloop
  endfacet
  facet normal -0 0 -1
    outer loop
      vertex -18.8 17.7 4
      vertex -19.9238 17.4727 4
      vertex -18.8913 18.1592 4
    endloop
  endfacet
  facet normal 0 0 -1
    outer loop
      vertex -19.9238 17.4727 4
      vertex -18.8913 17.2408 4
      vertex -19.1515 16.8515 4
    endloop
  endfacet
  facet normal 0 0 -1
    outer loop
      vertex -19.9238 17.4727 4
      vertex -19.1515 16.8515 4
      vertex -19.5408 16.5913 4
    endloop
  endfacet
  facet normal -0 0 -1
    outer loop
      vertex -18.8913 18.1592 4
      vertex -19.9238 17.4727 4
      vertex -19.0535 18.4019 4
    endloop
  endfacet
  facet normal 0 0 -1
    outer loop
      vertex -20 16.5 4
      vertex -19.9238 17.4727 4
      vertex -19.5408 16.5913 4
    endloop
  endfacet
  facet normal 0 0 -1
    outer loop
      vertex -20.4592 16.5913 4
      vertex -19.9238 17.4727 4
      vertex -20 16.5 4
    endloop
  endfacet
  facet normal 0 0 -1
    outer loop
      vertex -19.9238 17.4727 4
      vertex -20.4592 16.5913 4
      vertex -20.5805 16.6724 4
    endloop
  endfacet
  facet normal -0.195007 0.980802 0
    outer loop
      vertex -19.5408 16.5913 0
      vertex -20 16.5 4
      vertex -19.5408 16.5913 4
    endloop
  endfacet
  facet normal -0.195007 0.980802 0
    outer loop
      vertex -20 16.5 4
      vertex -19.5408 16.5913 0
      vertex -20 16.5 0
    endloop
  endfacet
  facet normal -0.980802 -0.195007 0
    outer loop
      vertex -18.8 17.7 0
      vertex -18.8913 18.1592 4
      vertex -18.8913 18.1592 0
    endloop
  endfacet
  facet normal -0.980802 -0.195007 0
    outer loop
      vertex -18.8913 18.1592 4
      vertex -18.8 17.7 0
      vertex -18.8 17.7 4
    endloop
  endfacet
  facet normal -0.555685 -0.831393 0
    outer loop
      vertex -19.5408 18.8087 0
      vertex -19.1515 18.5485 3
      vertex -19.5408 18.8087 3
    endloop
  endfacet
  facet normal -0.555685 -0.831393 -0
    outer loop
      vertex -19.1515 18.5485 3
      vertex -19.5408 18.8087 0
      vertex -19.1515 18.5485 0
    endloop
  endfacet
  facet normal 0.831393 0.555685 0
    outer loop
      vertex 19.1515 16.8515 4
      vertex 18.8913 17.2408 0
      vertex 18.8913 17.2408 4
    endloop
  endfacet
  facet normal 0.831393 0.555685 0
    outer loop
      vertex 18.8913 17.2408 0
      vertex 19.1515 16.8515 4
      vertex 19.1515 16.8515 0
    endloop
  endfacet
  facet normal 0.980802 0.195007 0
    outer loop
      vertex 18.8913 17.2408 4
      vertex 18.8 17.7 0
      vertex 18.8 17.7 4
    endloop
  endfacet
  facet normal 0.980802 0.195007 0
    outer loop
      vertex 18.8 17.7 0
      vertex 18.8913 17.2408 4
      vertex 18.8913 17.2408 0
    endloop
  endfacet
  facet normal 0.555685 0.831393 -0
    outer loop
      vertex 19.5408 16.5913 0
      vertex 19.1515 16.8515 4
      vertex 19.5408 16.5913 4
    endloop
  endfacet
  facet normal 0.555685 0.831393 0
    outer loop
      vertex 19.1515 16.8515 4
      vertex 19.5408 16.5913 0
      vertex 19.1515 16.8515 0
    endloop
  endfacet
  facet normal 0.195007 -0.980802 0
    outer loop
      vertex 19.5408 18.8087 0
      vertex 20 18.9 3
      vertex 19.5408 18.8087 3
    endloop
  endfacet
  facet normal 0.195007 -0.980802 0
    outer loop
      vertex 20 18.9 3
      vertex 19.5408 18.8087 0
      vertex 20 18.9 0
    endloop
  endfacet
  facet normal -0.195007 0.980802 0
    outer loop
      vertex 20.4592 16.5913 0
      vertex 20 16.5 4
      vertex 20.4592 16.5913 4
    endloop
  endfacet
  facet normal -0.195007 0.980802 0
    outer loop
      vertex 20 16.5 4
      vertex 20.4592 16.5913 0
      vertex 20 16.5 0
    endloop
  endfacet
  facet normal -0.831393 0.555685 0
    outer loop
      vertex 20.8485 16.8515 0
      vertex 21.1087 17.2408 3
      vertex 21.1087 17.2408 0
    endloop
  endfacet
  facet normal -0.831393 0.555685 0
    outer loop
      vertex 21.1087 17.2408 3
      vertex 20.8485 16.8515 0
      vertex 20.8485 16.8515 3
    endloop
  endfacet
  facet normal -0.555631 0.831429 0
    outer loop
      vertex 20.8485 16.8515 3
      vertex 20.8485 16.8515 0
      vertex 20.5805 16.6724 3
    endloop
  endfacet
  facet normal -0.555807 0.831312 0
    outer loop
      vertex 20.5805 16.6724 3
      vertex 20.4592 16.5913 4
      vertex 20.5805 16.6724 4
    endloop
  endfacet
  facet normal -0.555685 0.831393 -7.09734e-06
    outer loop
      vertex 20.4592 16.5913 0
      vertex 20.5805 16.6724 3
      vertex 20.8485 16.8515 0
    endloop
  endfacet
  facet normal -0.555807 0.831312 0
    outer loop
      vertex 20.5805 16.6724 3
      vertex 20.4592 16.5913 0
      vertex 20.4592 16.5913 4
    endloop
  endfacet
  facet normal -0.195007 -0.980802 0
    outer loop
      vertex 20 18.9 0
      vertex 20.4592 18.8087 3
      vertex 20 18.9 3
    endloop
  endfacet
  facet normal -0.195007 -0.980802 -0
    outer loop
      vertex 20.4592 18.8087 3
      vertex 20 18.9 0
      vertex 20.4592 18.8087 0
    endloop
  endfacet
  facet normal 0.831417 -0.555648 0
    outer loop
      vertex 19.0535 18.4019 4
      vertex 18.8913 18.1592 4
      vertex 19.0535 18.4019 3
    endloop
  endfacet
  facet normal 0.831352 -0.555747 0
    outer loop
      vertex 19.0535 18.4019 3
      vertex 19.1515 18.5485 0
      vertex 19.1515 18.5485 3
    endloop
  endfacet
  facet normal 0.831417 -0.555648 0
    outer loop
      vertex 18.8913 18.1592 0
      vertex 19.0535 18.4019 3
      vertex 18.8913 18.1592 4
    endloop
  endfacet
  facet normal 0.831393 -0.555685 4.32817e-06
    outer loop
      vertex 19.0535 18.4019 3
      vertex 18.8913 18.1592 0
      vertex 19.1515 18.5485 0
    endloop
  endfacet
  facet normal 0.980802 -0.195007 0
    outer loop
      vertex 18.8 17.7 4
      vertex 18.8913 18.1592 0
      vertex 18.8913 18.1592 4
    endloop
  endfacet
  facet normal 0.980802 -0.195007 0
    outer loop
      vertex 18.8913 18.1592 0
      vertex 18.8 17.7 4
      vertex 18.8 17.7 0
    endloop
  endfacet
  facet normal 0.195007 0.980802 -0
    outer loop
      vertex 20 16.5 0
      vertex 19.5408 16.5913 4
      vertex 20 16.5 4
    endloop
  endfacet
  facet normal 0.195007 0.980802 0
    outer loop
      vertex 19.5408 16.5913 4
      vertex 20 16.5 0
      vertex 19.5408 16.5913 0
    endloop
  endfacet
  facet normal 0.555685 -0.831393 0
    outer loop
      vertex 19.1515 18.5485 0
      vertex 19.5408 18.8087 3
      vertex 19.1515 18.5485 3
    endloop
  endfacet
  facet normal 0.555685 -0.831393 0
    outer loop
      vertex 19.5408 18.8087 3
      vertex 19.1515 18.5485 0
      vertex 19.5408 18.8087 0
    endloop
  endfacet
  facet normal -0.980802 0.195007 0
    outer loop
      vertex 21.1087 17.2408 0
      vertex 21.2 17.7 3
      vertex 21.2 17.7 0
    endloop
  endfacet
  facet normal -0.980802 0.195007 0
    outer loop
      vertex 21.2 17.7 3
      vertex 21.1087 17.2408 0
      vertex 21.1087 17.2408 3
    endloop
  endfacet
  facet normal -0.831393 -0.555685 0
    outer loop
      vertex 21.1087 18.1592 0
      vertex 20.8485 18.5485 3
      vertex 20.8485 18.5485 0
    endloop
  endfacet
  facet normal -0.831393 -0.555685 0
    outer loop
      vertex 20.8485 18.5485 3
      vertex 21.1087 18.1592 0
      vertex 21.1087 18.1592 3
    endloop
  endfacet
  facet normal 0 0 -1
    outer loop
      vertex 19.9238 17.4727 4
      vertex 20.4592 16.5913 4
      vertex 20 16.5 4
    endloop
  endfacet
  facet normal 0 0 -1
    outer loop
      vertex 20.4592 16.5913 4
      vertex 19.9238 17.4727 4
      vertex 20.5805 16.6724 4
    endloop
  endfacet
  facet normal 0 0 -1
    outer loop
      vertex 19.5408 16.5913 4
      vertex 19.9238 17.4727 4
      vertex 20 16.5 4
    endloop
  endfacet
  facet normal 0 0 -1
    outer loop
      vertex 19.1515 16.8515 4
      vertex 19.9238 17.4727 4
      vertex 19.5408 16.5913 4
    endloop
  endfacet
  facet normal 0 0 -1
    outer loop
      vertex 18.8913 17.2408 4
      vertex 19.9238 17.4727 4
      vertex 19.1515 16.8515 4
    endloop
  endfacet
  facet normal 0 0 -1
    outer loop
      vertex 18.8 17.7 4
      vertex 19.9238 17.4727 4
      vertex 18.8913 17.2408 4
    endloop
  endfacet
  facet normal 0 -0 -1
    outer loop
      vertex 18.8913 18.1592 4
      vertex 19.9238 17.4727 4
      vertex 18.8 17.7 4
    endloop
  endfacet
  facet normal 0 0 -1
    outer loop
      vertex 19.9238 17.4727 4
      vertex 18.8913 18.1592 4
      vertex 19.0535 18.4019 4
    endloop
  endfacet
  facet normal -0.980802 -0.195007 0
    outer loop
      vertex 21.2 17.7 0
      vertex 21.1087 18.1592 3
      vertex 21.1087 18.1592 0
    endloop
  endfacet
  facet normal -0.980802 -0.195007 0
    outer loop
      vertex 21.1087 18.1592 3
      vertex 21.2 17.7 0
      vertex 21.2 17.7 3
    endloop
  endfacet
  facet normal -0.555685 -0.831393 0
    outer loop
      vertex 20.4592 18.8087 0
      vertex 20.8485 18.5485 3
      vertex 20.4592 18.8087 3
    endloop
  endfacet
  facet normal -0.555685 -0.831393 -0
    outer loop
      vertex 20.8485 18.5485 3
      vertex 20.4592 18.8087 0
      vertex 20.8485 18.5485 0
    endloop
  endfacet
  facet normal 0.980789 0.195073 0
    outer loop
      vertex -2.89778 -0.776457 5
      vertex -2.97433 -0.391578 0
      vertex -2.97433 -0.391578 5
    endloop
  endfacet
  facet normal 0.980789 0.195073 0
    outer loop
      vertex -2.97433 -0.391578 0
      vertex -2.89778 -0.776457 5
      vertex -2.89778 -0.776457 0
    endloop
  endfacet
  facet normal 0.997858 0.0654149 0
    outer loop
      vertex -2.97433 -0.391578 5
      vertex -3 0 0
      vertex -3 0 5
    endloop
  endfacet
  facet normal 0.997858 0.0654149 0
    outer loop
      vertex -3 0 0
      vertex -2.97433 -0.391578 5
      vertex -2.97433 -0.391578 0
    endloop
  endfacet
  facet normal 0.980789 -0.195073 0
    outer loop
      vertex -2.97433 0.391578 5
      vertex -2.89778 0.776457 0
      vertex -2.89778 0.776457 5
    endloop
  endfacet
  facet normal 0.980789 -0.195073 0
    outer loop
      vertex -2.89778 0.776457 0
      vertex -2.97433 0.391578 5
      vertex -2.97433 0.391578 0
    endloop
  endfacet
  facet normal 0.831462 0.555582 0
    outer loop
      vertex -2.38006 -1.82628 5
      vertex -2.59808 -1.5 0
      vertex -2.59808 -1.5 5
    endloop
  endfacet
  facet normal 0.831462 0.555582 0
    outer loop
      vertex -2.59808 -1.5 0
      vertex -2.38006 -1.82628 5
      vertex -2.38006 -1.82628 0
    endloop
  endfacet
  facet normal 0.555582 0.831462 -0
    outer loop
      vertex -1.5 -2.59808 0
      vertex -1.82628 -2.38006 5
      vertex -1.5 -2.59808 5
    endloop
  endfacet
  facet normal 0.555582 0.831462 0
    outer loop
      vertex -1.82628 -2.38006 5
      vertex -1.5 -2.59808 0
      vertex -1.82628 -2.38006 0
    endloop
  endfacet
  facet normal 0.896875 -0.442283 0
    outer loop
      vertex -2.77164 1.14805 5
      vertex -2.59808 1.5 0
      vertex -2.59808 1.5 5
    endloop
  endfacet
  facet normal 0.896875 -0.442283 0
    outer loop
      vertex -2.59808 1.5 0
      vertex -2.77164 1.14805 5
      vertex -2.77164 1.14805 0
    endloop
  endfacet
  facet normal 0.997858 -0.0654149 0
    outer loop
      vertex -3 0 5
      vertex -2.97433 0.391578 0
      vertex -2.97433 0.391578 5
    endloop
  endfacet
  facet normal 0.997858 -0.0654149 0
    outer loop
      vertex -2.97433 0.391578 0
      vertex -3 0 5
      vertex -3 0 0
    endloop
  endfacet
  facet normal 0.321442 0.946929 -0
    outer loop
      vertex -0.776457 -2.89778 0
      vertex -1.14805 -2.77164 5
      vertex -0.776457 -2.89778 5
    endloop
  endfacet
  facet normal 0.321442 0.946929 0
    outer loop
      vertex -1.14805 -2.77164 5
      vertex -0.776457 -2.89778 0
      vertex -1.14805 -2.77164 0
    endloop
  endfacet
  facet normal -0.896875 0.442283 0
    outer loop
      vertex 2.59808 -1.5 0
      vertex 2.77164 -1.14805 5
      vertex 2.77164 -1.14805 0
    endloop
  endfacet
  facet normal -0.896875 0.442283 0
    outer loop
      vertex 2.77164 -1.14805 5
      vertex 2.59808 -1.5 0
      vertex 2.59808 -1.5 5
    endloop
  endfacet
  facet normal -0.659341 0.751844 0
    outer loop
      vertex 2.12132 -2.12132 0
      vertex 1.82628 -2.38006 5
      vertex 2.12132 -2.12132 5
    endloop
  endfacet
  facet normal -0.659341 0.751844 0
    outer loop
      vertex 1.82628 -2.38006 5
      vertex 2.12132 -2.12132 0
      vertex 1.82628 -2.38006 0
    endloop
  endfacet
  facet normal 0.321442 -0.946929 0
    outer loop
      vertex -1.14805 2.77164 0
      vertex -0.776457 2.89778 5
      vertex -1.14805 2.77164 5
    endloop
  endfacet
  facet normal 0.321442 -0.946929 0
    outer loop
      vertex -0.776457 2.89778 5
      vertex -1.14805 2.77164 0
      vertex -0.776457 2.89778 0
    endloop
  endfacet
  facet normal -0.997858 -0.0654149 0
    outer loop
      vertex 3 0 0
      vertex 2.97433 0.391578 5
      vertex 2.97433 0.391578 0
    endloop
  endfacet
  facet normal -0.997858 -0.0654149 0
    outer loop
      vertex 2.97433 0.391578 5
      vertex 3 0 0
      vertex 3 0 5
    endloop
  endfacet
  facet normal -0.659341 -0.751844 0
    outer loop
      vertex 1.82628 2.38006 0
      vertex 2.12132 2.12132 5
      vertex 1.82628 2.38006 5
    endloop
  endfacet
  facet normal -0.659341 -0.751844 -0
    outer loop
      vertex 2.12132 2.12132 5
      vertex 1.82628 2.38006 0
      vertex 2.12132 2.12132 0
    endloop
  endfacet
  facet normal -0.321442 0.946929 0
    outer loop
      vertex 1.14805 -2.77164 0
      vertex 0.776457 -2.89778 5
      vertex 1.14805 -2.77164 5
    endloop
  endfacet
  facet normal -0.321442 0.946929 0
    outer loop
      vertex 0.776457 -2.89778 5
      vertex 1.14805 -2.77164 0
      vertex 0.776457 -2.89778 0
    endloop
  endfacet
  facet normal -0.831462 -0.555582 0
    outer loop
      vertex 2.59808 1.5 0
      vertex 2.38006 1.82628 5
      vertex 2.38006 1.82628 0
    endloop
  endfacet
  facet normal -0.831462 -0.555582 0
    outer loop
      vertex 2.38006 1.82628 5
      vertex 2.59808 1.5 0
      vertex 2.59808 1.5 5
    endloop
  endfacet
  facet normal -0.555582 0.831462 0
    outer loop
      vertex 1.82628 -2.38006 0
      vertex 1.5 -2.59808 5
      vertex 1.82628 -2.38006 5
    endloop
  endfacet
  facet normal -0.555582 0.831462 0
    outer loop
      vertex 1.5 -2.59808 5
      vertex 1.82628 -2.38006 0
      vertex 1.5 -2.59808 0
    endloop
  endfacet
  facet normal 0.195073 0.980789 -0
    outer loop
      vertex -0.391578 -2.97433 0
      vertex -0.776457 -2.89778 5
      vertex -0.391578 -2.97433 5
    endloop
  endfacet
  facet normal 0.195073 0.980789 0
    outer loop
      vertex -0.776457 -2.89778 5
      vertex -0.391578 -2.97433 0
      vertex -0.776457 -2.89778 0
    endloop
  endfacet
  facet normal -0.442283 0.896875 0
    outer loop
      vertex 1.5 -2.59808 0
      vertex 1.14805 -2.77164 5
      vertex 1.5 -2.59808 5
    endloop
  endfacet
  facet normal -0.442283 0.896875 0
    outer loop
      vertex 1.14805 -2.77164 5
      vertex 1.5 -2.59808 0
      vertex 1.14805 -2.77164 0
    endloop
  endfacet
  facet normal 0.0654149 -0.997858 0
    outer loop
      vertex -0.391578 2.97433 0
      vertex 0 3 5
      vertex -0.391578 2.97433 5
    endloop
  endfacet
  facet normal 0.0654149 -0.997858 0
    outer loop
      vertex 0 3 5
      vertex -0.391578 2.97433 0
      vertex 0 3 0
    endloop
  endfacet
  facet normal 0.659341 -0.751844 0
    outer loop
      vertex -2.12132 2.12132 0
      vertex -1.82628 2.38006 5
      vertex -2.12132 2.12132 5
    endloop
  endfacet
  facet normal 0.659341 -0.751844 0
    outer loop
      vertex -1.82628 2.38006 5
      vertex -2.12132 2.12132 0
      vertex -1.82628 2.38006 0
    endloop
  endfacet
  facet normal -0.946929 -0.321442 0
    outer loop
      vertex 2.89778 0.776457 0
      vertex 2.77164 1.14805 5
      vertex 2.77164 1.14805 0
    endloop
  endfacet
  facet normal -0.946929 -0.321442 0
    outer loop
      vertex 2.77164 1.14805 5
      vertex 2.89778 0.776457 0
      vertex 2.89778 0.776457 5
    endloop
  endfacet
  facet normal 0.946929 -0.321442 0
    outer loop
      vertex -2.89778 0.776457 5
      vertex -2.77164 1.14805 0
      vertex -2.77164 1.14805 5
    endloop
  endfacet
  facet normal 0.946929 -0.321442 0
    outer loop
      vertex -2.77164 1.14805 0
      vertex -2.89778 0.776457 5
      vertex -2.89778 0.776457 0
    endloop
  endfacet
  facet normal 0.442283 0.896875 -0
    outer loop
      vertex -1.14805 -2.77164 0
      vertex -1.5 -2.59808 5
      vertex -1.14805 -2.77164 5
    endloop
  endfacet
  facet normal 0.442283 0.896875 0
    outer loop
      vertex -1.5 -2.59808 5
      vertex -1.14805 -2.77164 0
      vertex -1.5 -2.59808 0
    endloop
  endfacet
  facet normal -0.195073 0.980789 0
    outer loop
      vertex 0.776457 -2.89778 0
      vertex 0.391578 -2.97433 5
      vertex 0.776457 -2.89778 5
    endloop
  endfacet
  facet normal -0.195073 0.980789 0
    outer loop
      vertex 0.391578 -2.97433 5
      vertex 0.776457 -2.89778 0
      vertex 0.391578 -2.97433 0
    endloop
  endfacet
  facet normal 0.751844 0.659341 0
    outer loop
      vertex -2.12132 -2.12132 5
      vertex -2.38006 -1.82628 0
      vertex -2.38006 -1.82628 5
    endloop
  endfacet
  facet normal 0.751844 0.659341 0
    outer loop
      vertex -2.38006 -1.82628 0
      vertex -2.12132 -2.12132 5
      vertex -2.12132 -2.12132 0
    endloop
  endfacet
  facet normal 0.751844 -0.659341 0
    outer loop
      vertex -2.38006 1.82628 5
      vertex -2.12132 2.12132 0
      vertex -2.12132 2.12132 5
    endloop
  endfacet
  facet normal 0.751844 -0.659341 0
    outer loop
      vertex -2.12132 2.12132 0
      vertex -2.38006 1.82628 5
      vertex -2.38006 1.82628 0
    endloop
  endfacet
  facet normal -0.442283 -0.896875 0
    outer loop
      vertex 1.14805 2.77164 0
      vertex 1.5 2.59808 5
      vertex 1.14805 2.77164 5
    endloop
  endfacet
  facet normal -0.442283 -0.896875 -0
    outer loop
      vertex 1.5 2.59808 5
      vertex 1.14805 2.77164 0
      vertex 1.5 2.59808 0
    endloop
  endfacet
  facet normal -0.946929 0.321442 0
    outer loop
      vertex 2.77164 -1.14805 0
      vertex 2.89778 -0.776457 5
      vertex 2.89778 -0.776457 0
    endloop
  endfacet
  facet normal -0.946929 0.321442 0
    outer loop
      vertex 2.89778 -0.776457 5
      vertex 2.77164 -1.14805 0
      vertex 2.77164 -1.14805 5
    endloop
  endfacet
  facet normal 0.195073 -0.980789 0
    outer loop
      vertex -0.776457 2.89778 0
      vertex -0.391578 2.97433 5
      vertex -0.776457 2.89778 5
    endloop
  endfacet
  facet normal 0.195073 -0.980789 0
    outer loop
      vertex -0.391578 2.97433 5
      vertex -0.776457 2.89778 0
      vertex -0.391578 2.97433 0
    endloop
  endfacet
  facet normal 0.442283 -0.896875 0
    outer loop
      vertex -1.5 2.59808 0
      vertex -1.14805 2.77164 5
      vertex -1.5 2.59808 5
    endloop
  endfacet
  facet normal 0.442283 -0.896875 0
    outer loop
      vertex -1.14805 2.77164 5
      vertex -1.5 2.59808 0
      vertex -1.14805 2.77164 0
    endloop
  endfacet
  facet normal -0.751844 0.659341 0
    outer loop
      vertex 2.12132 -2.12132 0
      vertex 2.38006 -1.82628 5
      vertex 2.38006 -1.82628 0
    endloop
  endfacet
  facet normal -0.751844 0.659341 0
    outer loop
      vertex 2.38006 -1.82628 5
      vertex 2.12132 -2.12132 0
      vertex 2.12132 -2.12132 5
    endloop
  endfacet
  facet normal 0.659341 0.751844 -0
    outer loop
      vertex -1.82628 -2.38006 0
      vertex -2.12132 -2.12132 5
      vertex -1.82628 -2.38006 5
    endloop
  endfacet
  facet normal 0.659341 0.751844 0
    outer loop
      vertex -2.12132 -2.12132 5
      vertex -1.82628 -2.38006 0
      vertex -2.12132 -2.12132 0
    endloop
  endfacet
  facet normal -0.896875 -0.442283 0
    outer loop
      vertex 2.77164 1.14805 0
      vertex 2.59808 1.5 5
      vertex 2.59808 1.5 0
    endloop
  endfacet
  facet normal -0.896875 -0.442283 0
    outer loop
      vertex 2.59808 1.5 5
      vertex 2.77164 1.14805 0
      vertex 2.77164 1.14805 5
    endloop
  endfacet
  facet normal -0.997858 0.0654149 0
    outer loop
      vertex 2.97433 -0.391578 0
      vertex 3 0 5
      vertex 3 0 0
    endloop
  endfacet
  facet normal -0.997858 0.0654149 0
    outer loop
      vertex 3 0 5
      vertex 2.97433 -0.391578 0
      vertex 2.97433 -0.391578 5
    endloop
  endfacet
  facet normal 0.831462 -0.555582 0
    outer loop
      vertex -2.59808 1.5 5
      vertex -2.38006 1.82628 0
      vertex -2.38006 1.82628 5
    endloop
  endfacet
  facet normal 0.831462 -0.555582 0
    outer loop
      vertex -2.38006 1.82628 0
      vertex -2.59808 1.5 5
      vertex -2.59808 1.5 0
    endloop
  endfacet
  facet normal 0.896875 0.442283 0
    outer loop
      vertex -2.59808 -1.5 5
      vertex -2.77164 -1.14805 0
      vertex -2.77164 -1.14805 5
    endloop
  endfacet
  facet normal 0.896875 0.442283 0
    outer loop
      vertex -2.77164 -1.14805 0
      vertex -2.59808 -1.5 5
      vertex -2.59808 -1.5 0
    endloop
  endfacet
  facet normal -0.0654149 -0.997858 0
    outer loop
      vertex 0 3 0
      vertex 0.391578 2.97433 5
      vertex 0 3 5
    endloop
  endfacet
  facet normal -0.0654149 -0.997858 -0
    outer loop
      vertex 0.391578 2.97433 5
      vertex 0 3 0
      vertex 0.391578 2.97433 0
    endloop
  endfacet
  facet normal 0.0654149 0.997858 -0
    outer loop
      vertex 0 -3 0
      vertex -0.391578 -2.97433 5
      vertex 0 -3 5
    endloop
  endfacet
  facet normal 0.0654149 0.997858 0
    outer loop
      vertex -0.391578 -2.97433 5
      vertex 0 -3 0
      vertex -0.391578 -2.97433 0
    endloop
  endfacet
  facet normal -0.555582 -0.831462 0
    outer loop
      vertex 1.5 2.59808 0
      vertex 1.82628 2.38006 5
      vertex 1.5 2.59808 5
    endloop
  endfacet
  facet normal -0.555582 -0.831462 -0
    outer loop
      vertex 1.82628 2.38006 5
      vertex 1.5 2.59808 0
      vertex 1.82628 2.38006 0
    endloop
  endfacet
  facet normal 0.555582 -0.831462 0
    outer loop
      vertex -1.82628 2.38006 0
      vertex -1.5 2.59808 5
      vertex -1.82628 2.38006 5
    endloop
  endfacet
  facet normal 0.555582 -0.831462 0
    outer loop
      vertex -1.5 2.59808 5
      vertex -1.82628 2.38006 0
      vertex -1.5 2.59808 0
    endloop
  endfacet
  facet normal 0.946929 0.321442 0
    outer loop
      vertex -2.77164 -1.14805 5
      vertex -2.89778 -0.776457 0
      vertex -2.89778 -0.776457 5
    endloop
  endfacet
  facet normal 0.946929 0.321442 0
    outer loop
      vertex -2.89778 -0.776457 0
      vertex -2.77164 -1.14805 5
      vertex -2.77164 -1.14805 0
    endloop
  endfacet
  facet normal -0.980789 0.195073 0
    outer loop
      vertex 2.89778 -0.776457 0
      vertex 2.97433 -0.391578 5
      vertex 2.97433 -0.391578 0
    endloop
  endfacet
  facet normal -0.980789 0.195073 0
    outer loop
      vertex 2.97433 -0.391578 5
      vertex 2.89778 -0.776457 0
      vertex 2.89778 -0.776457 5
    endloop
  endfacet
  facet normal -0.0654149 0.997858 0
    outer loop
      vertex 0.391578 -2.97433 0
      vertex 0 -3 5
      vertex 0.391578 -2.97433 5
    endloop
  endfacet
  facet normal -0.0654149 0.997858 0
    outer loop
      vertex 0 -3 5
      vertex 0.391578 -2.97433 0
      vertex 0 -3 0
    endloop
  endfacet
  facet normal -0.321442 -0.946929 0
    outer loop
      vertex 0.776457 2.89778 0
      vertex 1.14805 2.77164 5
      vertex 0.776457 2.89778 5
    endloop
  endfacet
  facet normal -0.321442 -0.946929 -0
    outer loop
      vertex 1.14805 2.77164 5
      vertex 0.776457 2.89778 0
      vertex 1.14805 2.77164 0
    endloop
  endfacet
  facet normal -0.980789 -0.195073 0
    outer loop
      vertex 2.97433 0.391578 0
      vertex 2.89778 0.776457 5
      vertex 2.89778 0.776457 0
    endloop
  endfacet
  facet normal -0.980789 -0.195073 0
    outer loop
      vertex 2.89778 0.776457 5
      vertex 2.97433 0.391578 0
      vertex 2.97433 0.391578 5
    endloop
  endfacet
  facet normal -0.751844 -0.659341 0
    outer loop
      vertex 2.38006 1.82628 0
      vertex 2.12132 2.12132 5
      vertex 2.12132 2.12132 0
    endloop
  endfacet
  facet normal -0.751844 -0.659341 0
    outer loop
      vertex 2.12132 2.12132 5
      vertex 2.38006 1.82628 0
      vertex 2.38006 1.82628 5
    endloop
  endfacet
  facet normal -0.195073 -0.980789 0
    outer loop
      vertex 0.391578 2.97433 0
      vertex 0.776457 2.89778 5
      vertex 0.391578 2.97433 5
    endloop
  endfacet
  facet normal -0.195073 -0.980789 -0
    outer loop
      vertex 0.776457 2.89778 5
      vertex 0.391578 2.97433 0
      vertex 0.776457 2.89778 0
    endloop
  endfacet
  facet normal -0.831462 0.555582 0
    outer loop
      vertex 2.38006 -1.82628 0
      vertex 2.59808 -1.5 5
      vertex 2.59808 -1.5 0
    endloop
  endfacet
  facet normal -0.831462 0.555582 0
    outer loop
      vertex 2.59808 -1.5 5
      vertex 2.38006 -1.82628 0
      vertex 2.38006 -1.82628 5
    endloop
  endfacet
  facet normal 0.751861 -0.659321 0
    outer loop
      vertex -3.17341 18.435 3
      vertex -2.82843 18.8284 0
      vertex -2.82843 18.8284 3
    endloop
  endfacet
  facet normal 0.751861 -0.659321 0
    outer loop
      vertex -2.82843 18.8284 0
      vertex -3.17341 18.435 3
      vertex -3.17341 18.435 0
    endloop
  endfacet
  facet normal 0.980786 0.195087 0
    outer loop
      vertex -3.8637 14.9647 3
      vertex -3.96578 15.4779 0
      vertex -3.96578 15.4779 3
    endloop
  endfacet
  facet normal 0.980786 0.195087 0
    outer loop
      vertex -3.96578 15.4779 0
      vertex -3.8637 14.9647 3
      vertex -3.8637 14.9647 0
    endloop
  endfacet
  facet normal 0.997859 0.0654027 0
    outer loop
      vertex -3.96578 15.4779 3
      vertex -4 16 0
      vertex -4 16 3
    endloop
  endfacet
  facet normal 0.997859 0.0654027 0
    outer loop
      vertex -4 16 0
      vertex -3.96578 15.4779 3
      vertex -3.96578 15.4779 0
    endloop
  endfacet
  facet normal 0.946922 0.321464 0
    outer loop
      vertex -3.69552 14.4693 3
      vertex -3.8637 14.9647 0
      vertex -3.8637 14.9647 3
    endloop
  endfacet
  facet normal 0.946922 0.321464 0
    outer loop
      vertex -3.8637 14.9647 0
      vertex -3.69552 14.4693 3
      vertex -3.69552 14.4693 0
    endloop
  endfacet
  facet normal 0.321469 0.94692 -0
    outer loop
      vertex -1.03528 12.1363 0
      vertex -1.53073 12.3045 3
      vertex -1.03528 12.1363 3
    endloop
  endfacet
  facet normal 0.321469 0.94692 0
    outer loop
      vertex -1.53073 12.3045 3
      vertex -1.03528 12.1363 0
      vertex -1.53073 12.3045 0
    endloop
  endfacet
  facet normal 0.0653641 0.997861 -0
    outer loop
      vertex 0 12 0
      vertex -0.522104 12.0342 3
      vertex 0 12 3
    endloop
  endfacet
  facet normal 0.0653641 0.997861 0
    outer loop
      vertex -0.522104 12.0342 3
      vertex 0 12 0
      vertex -0.522104 12.0342 0
    endloop
  endfacet
  facet normal -0.997859 -0.0654027 0
    outer loop
      vertex 4 16 0
      vertex 3.96578 16.5221 3
      vertex 3.96578 16.5221 0
    endloop
  endfacet
  facet normal -0.997859 -0.0654027 0
    outer loop
      vertex 3.96578 16.5221 3
      vertex 4 16 0
      vertex 4 16 3
    endloop
  endfacet
  facet normal 0.195133 0.980777 -0
    outer loop
      vertex -0.522104 12.0342 0
      vertex -1.03528 12.1363 3
      vertex -0.522104 12.0342 3
    endloop
  endfacet
  facet normal 0.195133 0.980777 0
    outer loop
      vertex -1.03528 12.1363 3
      vertex -0.522104 12.0342 0
      vertex -1.03528 12.1363 0
    endloop
  endfacet
  facet normal 0.896883 0.442268 0
    outer loop
      vertex -3.4641 14 3
      vertex -3.69552 14.4693 0
      vertex -3.69552 14.4693 3
    endloop
  endfacet
  facet normal 0.896883 0.442268 0
    outer loop
      vertex -3.69552 14.4693 0
      vertex -3.4641 14 3
      vertex -3.4641 14 0
    endloop
  endfacet
  facet normal 0.831441 0.555613 0
    outer loop
      vertex -3.17341 13.565 3
      vertex -3.4641 14 0
      vertex -3.4641 14 3
    endloop
  endfacet
  facet normal 0.831441 0.555613 0
    outer loop
      vertex -3.4641 14 0
      vertex -3.17341 13.565 3
      vertex -3.17341 13.565 0
    endloop
  endfacet
  facet normal -0.555582 0.831462 0
    outer loop
      vertex 2.43505 12.8266 0
      vertex 2 12.5359 3
      vertex 2.43505 12.8266 3
    endloop
  endfacet
  facet normal -0.555582 0.831462 0
    outer loop
      vertex 2 12.5359 3
      vertex 2.43505 12.8266 0
      vertex 2 12.5359 0
    endloop
  endfacet
  facet normal 0.0653641 -0.997861 0
    outer loop
      vertex -0.522104 19.9658 0
      vertex 0 20 3
      vertex -0.522104 19.9658 3
    endloop
  endfacet
  facet normal 0.0653641 -0.997861 0
    outer loop
      vertex 0 20 3
      vertex -0.522104 19.9658 0
      vertex 0 20 0
    endloop
  endfacet
  facet normal -0.321469 -0.94692 0
    outer loop
      vertex 1.03528 19.8637 0
      vertex 1.53073 19.6955 3
      vertex 1.03528 19.8637 3
    endloop
  endfacet
  facet normal -0.321469 -0.94692 -0
    outer loop
      vertex 1.53073 19.6955 3
      vertex 1.03528 19.8637 0
      vertex 1.53073 19.6955 0
    endloop
  endfacet
  facet normal 0.555582 0.831462 -0
    outer loop
      vertex -2 12.5359 0
      vertex -2.43505 12.8266 3
      vertex -2 12.5359 3
    endloop
  endfacet
  facet normal 0.555582 0.831462 0
    outer loop
      vertex -2.43505 12.8266 3
      vertex -2 12.5359 0
      vertex -2.43505 12.8266 0
    endloop
  endfacet
  facet normal 0.659362 0.751826 -0
    outer loop
      vertex -2.43505 12.8266 0
      vertex -2.82843 13.1716 3
      vertex -2.43505 12.8266 3
    endloop
  endfacet
  facet normal 0.659362 0.751826 0
    outer loop
      vertex -2.82843 13.1716 3
      vertex -2.43505 12.8266 0
      vertex -2.82843 13.1716 0
    endloop
  endfacet
  facet normal 0.751861 0.659321 0
    outer loop
      vertex -2.82843 13.1716 3
      vertex -3.17341 13.565 0
      vertex -3.17341 13.565 3
    endloop
  endfacet
  facet normal 0.751861 0.659321 0
    outer loop
      vertex -3.17341 13.565 0
      vertex -2.82843 13.1716 3
      vertex -2.82843 13.1716 0
    endloop
  endfacet
  facet normal -0.659362 -0.751826 0
    outer loop
      vertex 2.43505 19.1734 0
      vertex 2.82843 18.8284 3
      vertex 2.43505 19.1734 3
    endloop
  endfacet
  facet normal -0.659362 -0.751826 -0
    outer loop
      vertex 2.82843 18.8284 3
      vertex 2.43505 19.1734 0
      vertex 2.82843 18.8284 0
    endloop
  endfacet
  facet normal 0.195133 -0.980777 0
    outer loop
      vertex -1.03528 19.8637 0
      vertex -0.522104 19.9658 3
      vertex -1.03528 19.8637 3
    endloop
  endfacet
  facet normal 0.195133 -0.980777 0
    outer loop
      vertex -0.522104 19.9658 3
      vertex -1.03528 19.8637 0
      vertex -0.522104 19.9658 0
    endloop
  endfacet
  facet normal -0.195133 -0.980777 0
    outer loop
      vertex 0.522104 19.9658 0
      vertex 1.03528 19.8637 3
      vertex 0.522104 19.9658 3
    endloop
  endfacet
  facet normal -0.195133 -0.980777 -0
    outer loop
      vertex 1.03528 19.8637 3
      vertex 0.522104 19.9658 0
      vertex 1.03528 19.8637 0
    endloop
  endfacet
  facet normal -0.980786 0.195087 0
    outer loop
      vertex 3.8637 14.9647 0
      vertex 3.96578 15.4779 3
      vertex 3.96578 15.4779 0
    endloop
  endfacet
  facet normal -0.980786 0.195087 0
    outer loop
      vertex 3.96578 15.4779 3
      vertex 3.8637 14.9647 0
      vertex 3.8637 14.9647 3
    endloop
  endfacet
  facet normal 0.44226 -0.896887 0
    outer loop
      vertex -2 19.4641 0
      vertex -1.53073 19.6955 3
      vertex -2 19.4641 3
    endloop
  endfacet
  facet normal 0.44226 -0.896887 0
    outer loop
      vertex -1.53073 19.6955 3
      vertex -2 19.4641 0
      vertex -1.53073 19.6955 0
    endloop
  endfacet
  facet normal -0.946922 0.321464 0
    outer loop
      vertex 3.69552 14.4693 0
      vertex 3.8637 14.9647 3
      vertex 3.8637 14.9647 0
    endloop
  endfacet
  facet normal -0.946922 0.321464 0
    outer loop
      vertex 3.8637 14.9647 3
      vertex 3.69552 14.4693 0
      vertex 3.69552 14.4693 3
    endloop
  endfacet
  facet normal -0.751861 -0.659321 0
    outer loop
      vertex 3.17341 18.435 0
      vertex 2.82843 18.8284 3
      vertex 2.82843 18.8284 0
    endloop
  endfacet
  facet normal -0.751861 -0.659321 0
    outer loop
      vertex 2.82843 18.8284 3
      vertex 3.17341 18.435 0
      vertex 3.17341 18.435 3
    endloop
  endfacet
  facet normal -0.946922 -0.321464 0
    outer loop
      vertex 3.8637 17.0353 0
      vertex 3.69552 17.5307 3
      vertex 3.69552 17.5307 0
    endloop
  endfacet
  facet normal -0.946922 -0.321464 0
    outer loop
      vertex 3.69552 17.5307 3
      vertex 3.8637 17.0353 0
      vertex 3.8637 17.0353 3
    endloop
  endfacet
  facet normal -0.321469 0.94692 0
    outer loop
      vertex 1.53073 12.3045 0
      vertex 1.03528 12.1363 3
      vertex 1.53073 12.3045 3
    endloop
  endfacet
  facet normal -0.321469 0.94692 0
    outer loop
      vertex 1.03528 12.1363 3
      vertex 1.53073 12.3045 0
      vertex 1.03528 12.1363 0
    endloop
  endfacet
  facet normal 0.831441 -0.555613 0
    outer loop
      vertex -3.4641 18 3
      vertex -3.17341 18.435 0
      vertex -3.17341 18.435 3
    endloop
  endfacet
  facet normal 0.831441 -0.555613 0
    outer loop
      vertex -3.17341 18.435 0
      vertex -3.4641 18 3
      vertex -3.4641 18 0
    endloop
  endfacet
  facet normal 0.44226 0.896887 -0
    outer loop
      vertex -1.53073 12.3045 0
      vertex -2 12.5359 3
      vertex -1.53073 12.3045 3
    endloop
  endfacet
  facet normal 0.44226 0.896887 0
    outer loop
      vertex -2 12.5359 3
      vertex -1.53073 12.3045 0
      vertex -2 12.5359 0
    endloop
  endfacet
  facet normal -0.659362 0.751826 0
    outer loop
      vertex 2.82843 13.1716 0
      vertex 2.43505 12.8266 3
      vertex 2.82843 13.1716 3
    endloop
  endfacet
  facet normal -0.659362 0.751826 0
    outer loop
      vertex 2.43505 12.8266 3
      vertex 2.82843 13.1716 0
      vertex 2.43505 12.8266 0
    endloop
  endfacet
  facet normal -0.980786 -0.195087 0
    outer loop
      vertex 3.96578 16.5221 0
      vertex 3.8637 17.0353 3
      vertex 3.8637 17.0353 0
    endloop
  endfacet
  facet normal -0.980786 -0.195087 0
    outer loop
      vertex 3.8637 17.0353 3
      vertex 3.96578 16.5221 0
      vertex 3.96578 16.5221 3
    endloop
  endfacet
  facet normal 0.997859 -0.0654027 0
    outer loop
      vertex -4 16 3
      vertex -3.96578 16.5221 0
      vertex -3.96578 16.5221 3
    endloop
  endfacet
  facet normal 0.997859 -0.0654027 0
    outer loop
      vertex -3.96578 16.5221 0
      vertex -4 16 3
      vertex -4 16 0
    endloop
  endfacet
  facet normal -0.44226 0.896887 0
    outer loop
      vertex 2 12.5359 0
      vertex 1.53073 12.3045 3
      vertex 2 12.5359 3
    endloop
  endfacet
  facet normal -0.44226 0.896887 0
    outer loop
      vertex 1.53073 12.3045 3
      vertex 2 12.5359 0
      vertex 1.53073 12.3045 0
    endloop
  endfacet
  facet normal -0.555582 -0.831462 0
    outer loop
      vertex 2 19.4641 0
      vertex 2.43505 19.1734 3
      vertex 2 19.4641 3
    endloop
  endfacet
  facet normal -0.555582 -0.831462 -0
    outer loop
      vertex 2.43505 19.1734 3
      vertex 2 19.4641 0
      vertex 2.43505 19.1734 0
    endloop
  endfacet
  facet normal -0.0653641 0.997861 0
    outer loop
      vertex 0.522104 12.0342 0
      vertex 0 12 3
      vertex 0.522104 12.0342 3
    endloop
  endfacet
  facet normal -0.0653641 0.997861 0
    outer loop
      vertex 0 12 3
      vertex 0.522104 12.0342 0
      vertex 0 12 0
    endloop
  endfacet
  facet normal -0.195133 0.980777 0
    outer loop
      vertex 1.03528 12.1363 0
      vertex 0.522104 12.0342 3
      vertex 1.03528 12.1363 3
    endloop
  endfacet
  facet normal -0.195133 0.980777 0
    outer loop
      vertex 0.522104 12.0342 3
      vertex 1.03528 12.1363 0
      vertex 0.522104 12.0342 0
    endloop
  endfacet
  facet normal 0.555582 -0.831462 0
    outer loop
      vertex -2.43505 19.1734 0
      vertex -2 19.4641 3
      vertex -2.43505 19.1734 3
    endloop
  endfacet
  facet normal 0.555582 -0.831462 0
    outer loop
      vertex -2 19.4641 3
      vertex -2.43505 19.1734 0
      vertex -2 19.4641 0
    endloop
  endfacet
  facet normal 0.946922 -0.321464 0
    outer loop
      vertex -3.8637 17.0353 3
      vertex -3.69552 17.5307 0
      vertex -3.69552 17.5307 3
    endloop
  endfacet
  facet normal 0.946922 -0.321464 0
    outer loop
      vertex -3.69552 17.5307 0
      vertex -3.8637 17.0353 3
      vertex -3.8637 17.0353 0
    endloop
  endfacet
  facet normal 0.896883 -0.442268 0
    outer loop
      vertex -3.69552 17.5307 3
      vertex -3.4641 18 0
      vertex -3.4641 18 3
    endloop
  endfacet
  facet normal 0.896883 -0.442268 0
    outer loop
      vertex -3.4641 18 0
      vertex -3.69552 17.5307 3
      vertex -3.69552 17.5307 0
    endloop
  endfacet
  facet normal 0.980786 -0.195087 0
    outer loop
      vertex -3.96578 16.5221 3
      vertex -3.8637 17.0353 0
      vertex -3.8637 17.0353 3
    endloop
  endfacet
  facet normal 0.980786 -0.195087 0
    outer loop
      vertex -3.8637 17.0353 0
      vertex -3.96578 16.5221 3
      vertex -3.96578 16.5221 0
    endloop
  endfacet
  facet normal -0.0653641 -0.997861 0
    outer loop
      vertex 0 20 0
      vertex 0.522104 19.9658 3
      vertex 0 20 3
    endloop
  endfacet
  facet normal -0.0653641 -0.997861 -0
    outer loop
      vertex 0.522104 19.9658 3
      vertex 0 20 0
      vertex 0.522104 19.9658 0
    endloop
  endfacet
  facet normal -0.896883 -0.442268 0
    outer loop
      vertex 3.69552 17.5307 0
      vertex 3.4641 18 3
      vertex 3.4641 18 0
    endloop
  endfacet
  facet normal -0.896883 -0.442268 0
    outer loop
      vertex 3.4641 18 3
      vertex 3.69552 17.5307 0
      vertex 3.69552 17.5307 3
    endloop
  endfacet
  facet normal -0.751861 0.659321 0
    outer loop
      vertex 2.82843 13.1716 0
      vertex 3.17341 13.565 3
      vertex 3.17341 13.565 0
    endloop
  endfacet
  facet normal -0.751861 0.659321 0
    outer loop
      vertex 3.17341 13.565 3
      vertex 2.82843 13.1716 0
      vertex 2.82843 13.1716 3
    endloop
  endfacet
  facet normal -0.997859 0.0654027 0
    outer loop
      vertex 3.96578 15.4779 0
      vertex 4 16 3
      vertex 4 16 0
    endloop
  endfacet
  facet normal -0.997859 0.0654027 0
    outer loop
      vertex 4 16 3
      vertex 3.96578 15.4779 0
      vertex 3.96578 15.4779 3
    endloop
  endfacet
  facet normal -0.44226 -0.896887 0
    outer loop
      vertex 1.53073 19.6955 0
      vertex 2 19.4641 3
      vertex 1.53073 19.6955 3
    endloop
  endfacet
  facet normal -0.44226 -0.896887 -0
    outer loop
      vertex 2 19.4641 3
      vertex 1.53073 19.6955 0
      vertex 2 19.4641 0
    endloop
  endfacet
  facet normal 0.321469 -0.94692 0
    outer loop
      vertex -1.53073 19.6955 0
      vertex -1.03528 19.8637 3
      vertex -1.53073 19.6955 3
    endloop
  endfacet
  facet normal 0.321469 -0.94692 0
    outer loop
      vertex -1.03528 19.8637 3
      vertex -1.53073 19.6955 0
      vertex -1.03528 19.8637 0
    endloop
  endfacet
  facet normal -0.896883 0.442268 0
    outer loop
      vertex 3.4641 14 0
      vertex 3.69552 14.4693 3
      vertex 3.69552 14.4693 0
    endloop
  endfacet
  facet normal -0.896883 0.442268 0
    outer loop
      vertex 3.69552 14.4693 3
      vertex 3.4641 14 0
      vertex 3.4641 14 3
    endloop
  endfacet
  facet normal 0.659362 -0.751826 0
    outer loop
      vertex -2.82843 18.8284 0
      vertex -2.43505 19.1734 3
      vertex -2.82843 18.8284 3
    endloop
  endfacet
  facet normal 0.659362 -0.751826 0
    outer loop
      vertex -2.43505 19.1734 3
      vertex -2.82843 18.8284 0
      vertex -2.43505 19.1734 0
    endloop
  endfacet
  facet normal -0.831441 -0.555613 0
    outer loop
      vertex 3.4641 18 0
      vertex 3.17341 18.435 3
      vertex 3.17341 18.435 0
    endloop
  endfacet
  facet normal -0.831441 -0.555613 0
    outer loop
      vertex 3.17341 18.435 3
      vertex 3.4641 18 0
      vertex 3.4641 18 3
    endloop
  endfacet
  facet normal -0.831441 0.555613 0
    outer loop
      vertex 3.17341 13.565 0
      vertex 3.4641 14 3
      vertex 3.4641 14 0
    endloop
  endfacet
  facet normal -0.831441 0.555613 0
    outer loop
      vertex 3.4641 14 3
      vertex 3.17341 13.565 0
      vertex 3.17341 13.565 3
    endloop
  endfacet
endsolid OpenSCAD_Model
