solid OpenSCAD_Model
  facet normal 0 0 1
    outer loop
      vertex 2.2 0 31
      vertex 17.2254 0 31
      vertex 17.1723 1.35149 31
    endloop
  endfacet
  facet normal 0 0 1
    outer loop
      vertex 2.18118 0.287157 31
      vertex 17.1723 1.35149 31
      vertex 17.0134 2.69465 31
    endloop
  endfacet
  facet normal 0 0 1
    outer loop
      vertex 17.2254 0 31
      vertex 2.2 0 31
      vertex 17.1723 -1.35149 31
    endloop
  endfacet
  facet normal 0 0 1
    outer loop
      vertex 2.18118 0.287157 31
      vertex 17.0134 2.69465 31
      vertex 16.7495 4.0212 31
    endloop
  endfacet
  facet normal -0 0 1
    outer loop
      vertex 2.18118 -0.287157 31
      vertex 17.1723 -1.35149 31
      vertex 2.2 0 31
    endloop
  endfacet
  facet normal 0 0 1
    outer loop
      vertex 2.12504 0.569402 31
      vertex 16.7495 4.0212 31
      vertex 16.3824 5.32295 31
    endloop
  endfacet
  facet normal 0 0 1
    outer loop
      vertex 17.1723 -1.35149 31
      vertex 2.18118 -0.287157 31
      vertex 17.0134 -2.69465 31
    endloop
  endfacet
  facet normal 0 0 1
    outer loop
      vertex 2.03253 0.841903 31
      vertex 16.3824 5.32295 31
      vertex 15.9142 6.59188 31
    endloop
  endfacet
  facet normal 0 0 1
    outer loop
      vertex 17.0134 -2.69465 31
      vertex 2.18118 -0.287157 31
      vertex 16.7495 -4.0212 31
    endloop
  endfacet
  facet normal 0 0 1
    outer loop
      vertex 2.03253 0.841903 31
      vertex 15.9142 6.59188 31
      vertex 15.348 7.82018 31
    endloop
  endfacet
  facet normal -0 0 1
    outer loop
      vertex 2.12504 -0.569402 31
      vertex 16.7495 -4.0212 31
      vertex 2.18118 -0.287157 31
    endloop
  endfacet
  facet normal 0 0 1
    outer loop
      vertex 1.90526 1.1 31
      vertex 15.348 7.82018 31
      vertex 14.6871 9.00026 31
    endloop
  endfacet
  facet normal 0 0 1
    outer loop
      vertex 16.7495 -4.0212 31
      vertex 2.12504 -0.569402 31
      vertex 16.3824 -5.32295 31
    endloop
  endfacet
  facet normal 0 0 1
    outer loop
      vertex 1.90526 1.1 31
      vertex 14.6871 9.00026 31
      vertex 13.9357 10.1249 31
    endloop
  endfacet
  facet normal -0 0 1
    outer loop
      vertex 2.03253 -0.841903 31
      vertex 16.3824 -5.32295 31
      vertex 2.12504 -0.569402 31
    endloop
  endfacet
  facet normal 0 0 1
    outer loop
      vertex 1.74538 1.33927 31
      vertex 13.9357 10.1249 31
      vertex 13.0983 11.187 31
    endloop
  endfacet
  facet normal 0 0 1
    outer loop
      vertex 16.3824 -5.32295 31
      vertex 2.03253 -0.841903 31
      vertex 15.9142 -6.59188 31
    endloop
  endfacet
  facet normal 0 0 1
    outer loop
      vertex 1.55563 1.55563 31
      vertex 13.0983 11.187 31
      vertex 12.1802 12.1802 31
    endloop
  endfacet
  facet normal 0 0 1
    outer loop
      vertex 15.9142 -6.59188 31
      vertex 2.03253 -0.841903 31
      vertex 15.348 -7.82018 31
    endloop
  endfacet
  facet normal 0 0 1
    outer loop
      vertex 1.55563 1.55563 31
      vertex 12.1802 12.1802 31
      vertex 11.187 13.0983 31
    endloop
  endfacet
  facet normal -0 0 1
    outer loop
      vertex 1.90526 -1.1 31
      vertex 15.348 -7.82018 31
      vertex 2.03253 -0.841903 31
    endloop
  endfacet
  facet normal 0 0 1
    outer loop
      vertex 1.33927 1.74538 31
      vertex 11.187 13.0983 31
      vertex 10.1249 13.9357 31
    endloop
  endfacet
  facet normal 0 0 1
    outer loop
      vertex 15.348 -7.82018 31
      vertex 1.90526 -1.1 31
      vertex 14.6871 -9.00026 31
    endloop
  endfacet
  facet normal 0 0 1
    outer loop
      vertex 1.33927 1.74538 31
      vertex 10.1249 13.9357 31
      vertex 9.00026 14.6871 31
    endloop
  endfacet
  facet normal 0 0 1
    outer loop
      vertex 14.6871 -9.00026 31
      vertex 1.90526 -1.1 31
      vertex 13.9357 -10.1249 31
    endloop
  endfacet
  facet normal 0 0 1
    outer loop
      vertex 1.1 1.90526 31
      vertex 9.00026 14.6871 31
      vertex 7.82018 15.348 31
    endloop
  endfacet
  facet normal -0 0 1
    outer loop
      vertex 1.74538 -1.33927 31
      vertex 13.9357 -10.1249 31
      vertex 1.90526 -1.1 31
    endloop
  endfacet
  facet normal 0 0 1
    outer loop
      vertex 0.841903 2.03253 31
      vertex 7.82018 15.348 31
      vertex 6.59188 15.9142 31
    endloop
  endfacet
  facet normal 0 0 1
    outer loop
      vertex 13.9357 -10.1249 31
      vertex 1.74538 -1.33927 31
      vertex 13.0983 -11.187 31
    endloop
  endfacet
  facet normal 0 0 1
    outer loop
      vertex 0.841903 2.03253 31
      vertex 6.59188 15.9142 31
      vertex 5.32295 16.3824 31
    endloop
  endfacet
  facet normal -0 0 1
    outer loop
      vertex 1.55563 -1.55563 31
      vertex 13.0983 -11.187 31
      vertex 1.74538 -1.33927 31
    endloop
  endfacet
  facet normal 0 0 1
    outer loop
      vertex 0.569402 2.12504 31
      vertex 5.32295 16.3824 31
      vertex 4.0212 16.7495 31
    endloop
  endfacet
  facet normal 0 0 1
    outer loop
      vertex 13.0983 -11.187 31
      vertex 1.55563 -1.55563 31
      vertex 12.1802 -12.1802 31
    endloop
  endfacet
  facet normal 0 0 1
    outer loop
      vertex 0.569402 2.12504 31
      vertex 4.0212 16.7495 31
      vertex 2.69465 17.0134 31
    endloop
  endfacet
  facet normal 0 0 1
    outer loop
      vertex 12.1802 -12.1802 31
      vertex 1.55563 -1.55563 31
      vertex 11.187 -13.0983 31
    endloop
  endfacet
  facet normal -0 0 1
    outer loop
      vertex 1.33927 -1.74538 31
      vertex 11.187 -13.0983 31
      vertex 1.55563 -1.55563 31
    endloop
  endfacet
  facet normal 0 0 1
    outer loop
      vertex 17.1723 1.35149 31
      vertex 2.18118 0.287157 31
      vertex 2.2 0 31
    endloop
  endfacet
  facet normal 0 0 1
    outer loop
      vertex 16.7495 4.0212 31
      vertex 2.12504 0.569402 31
      vertex 2.18118 0.287157 31
    endloop
  endfacet
  facet normal 0 0 1
    outer loop
      vertex 16.3824 5.32295 31
      vertex 2.03253 0.841903 31
      vertex 2.12504 0.569402 31
    endloop
  endfacet
  facet normal 0 0 1
    outer loop
      vertex 15.348 7.82018 31
      vertex 1.90526 1.1 31
      vertex 2.03253 0.841903 31
    endloop
  endfacet
  facet normal 0 0 1
    outer loop
      vertex 13.9357 10.1249 31
      vertex 1.74538 1.33927 31
      vertex 1.90526 1.1 31
    endloop
  endfacet
  facet normal 0 0 1
    outer loop
      vertex 13.0983 11.187 31
      vertex 1.55563 1.55563 31
      vertex 1.74538 1.33927 31
    endloop
  endfacet
  facet normal 0 0 1
    outer loop
      vertex 0.287157 2.18118 31
      vertex 2.69465 17.0134 31
      vertex 1.35149 17.1723 31
    endloop
  endfacet
  facet normal 0 0 1
    outer loop
      vertex 11.187 13.0983 31
      vertex 1.33927 1.74538 31
      vertex 1.55563 1.55563 31
    endloop
  endfacet
  facet normal 0 0 1
    outer loop
      vertex 9.00026 14.6871 31
      vertex 1.1 1.90526 31
      vertex 1.33927 1.74538 31
    endloop
  endfacet
  facet normal 0 0 1
    outer loop
      vertex 7.82018 15.348 31
      vertex 0.841903 2.03253 31
      vertex 1.1 1.90526 31
    endloop
  endfacet
  facet normal 0 0 1
    outer loop
      vertex 5.32295 16.3824 31
      vertex 0.569402 2.12504 31
      vertex 0.841903 2.03253 31
    endloop
  endfacet
  facet normal 0 0 1
    outer loop
      vertex 2.69465 17.0134 31
      vertex 0.287157 2.18118 31
      vertex 0.569402 2.12504 31
    endloop
  endfacet
  facet normal 0 0 1
    outer loop
      vertex 0 2.2 31
      vertex 1.35149 17.1723 31
      vertex 0 17.2254 31
    endloop
  endfacet
  facet normal 0 0 1
    outer loop
      vertex 1.35149 17.1723 31
      vertex 0 2.2 31
      vertex 0.287157 2.18118 31
    endloop
  endfacet
  facet normal -0 0 1
    outer loop
      vertex -1.35149 17.1723 31
      vertex 0 2.2 31
      vertex 0 17.2254 31
    endloop
  endfacet
  facet normal 0 0 1
    outer loop
      vertex 0 2.2 31
      vertex -1.35149 17.1723 31
      vertex -0.287157 2.18118 31
    endloop
  endfacet
  facet normal -0 0 1
    outer loop
      vertex -2.69465 17.0134 31
      vertex -0.287157 2.18118 31
      vertex -1.35149 17.1723 31
    endloop
  endfacet
  facet normal 0 0 1
    outer loop
      vertex -0.287157 2.18118 31
      vertex -2.69465 17.0134 31
      vertex -0.569402 2.12504 31
    endloop
  endfacet
  facet normal -0 0 1
    outer loop
      vertex -4.0212 16.7495 31
      vertex -0.569402 2.12504 31
      vertex -2.69465 17.0134 31
    endloop
  endfacet
  facet normal -0 0 1
    outer loop
      vertex -5.32295 16.3824 31
      vertex -0.569402 2.12504 31
      vertex -4.0212 16.7495 31
    endloop
  endfacet
  facet normal 0 0 1
    outer loop
      vertex -0.569402 2.12504 31
      vertex -5.32295 16.3824 31
      vertex -0.841903 2.03253 31
    endloop
  endfacet
  facet normal -0 0 1
    outer loop
      vertex -6.59188 15.9142 31
      vertex -0.841903 2.03253 31
      vertex -5.32295 16.3824 31
    endloop
  endfacet
  facet normal -0 0 1
    outer loop
      vertex -7.82018 15.348 31
      vertex -0.841903 2.03253 31
      vertex -6.59188 15.9142 31
    endloop
  endfacet
  facet normal 0 0 1
    outer loop
      vertex -0.841903 2.03253 31
      vertex -7.82018 15.348 31
      vertex -1.1 1.90526 31
    endloop
  endfacet
  facet normal -0 0 1
    outer loop
      vertex -9.00026 14.6871 31
      vertex -1.1 1.90526 31
      vertex -7.82018 15.348 31
    endloop
  endfacet
  facet normal 0 0 1
    outer loop
      vertex -1.1 1.90526 31
      vertex -9.00026 14.6871 31
      vertex -1.33927 1.74538 31
    endloop
  endfacet
  facet normal -0 0 1
    outer loop
      vertex -10.1249 13.9357 31
      vertex -1.33927 1.74538 31
      vertex -9.00026 14.6871 31
    endloop
  endfacet
  facet normal -0 0 1
    outer loop
      vertex -11.187 13.0983 31
      vertex -1.33927 1.74538 31
      vertex -10.1249 13.9357 31
    endloop
  endfacet
  facet normal 0 0 1
    outer loop
      vertex 11.187 -13.0983 31
      vertex 1.33927 -1.74538 31
      vertex 10.1249 -13.9357 31
    endloop
  endfacet
  facet normal 0 0 1
    outer loop
      vertex 10.1249 -13.9357 31
      vertex 1.33927 -1.74538 31
      vertex 9.00026 -14.6871 31
    endloop
  endfacet
  facet normal -0 0 1
    outer loop
      vertex 1.1 -1.90526 31
      vertex 9.00026 -14.6871 31
      vertex 1.33927 -1.74538 31
    endloop
  endfacet
  facet normal 0 0 1
    outer loop
      vertex 9.00026 -14.6871 31
      vertex 1.1 -1.90526 31
      vertex 7.82018 -15.348 31
    endloop
  endfacet
  facet normal -0 0 1
    outer loop
      vertex 0.841903 -2.03253 31
      vertex 7.82018 -15.348 31
      vertex 1.1 -1.90526 31
    endloop
  endfacet
  facet normal 0 0 1
    outer loop
      vertex 7.82018 -15.348 31
      vertex 0.841903 -2.03253 31
      vertex 6.59188 -15.9142 31
    endloop
  endfacet
  facet normal 0 0 1
    outer loop
      vertex 6.59188 -15.9142 31
      vertex 0.841903 -2.03253 31
      vertex 5.32295 -16.3824 31
    endloop
  endfacet
  facet normal -0 0 1
    outer loop
      vertex 0.569402 -2.12504 31
      vertex 5.32295 -16.3824 31
      vertex 0.841903 -2.03253 31
    endloop
  endfacet
  facet normal 0 0 1
    outer loop
      vertex 5.32295 -16.3824 31
      vertex 0.569402 -2.12504 31
      vertex 4.0212 -16.7495 31
    endloop
  endfacet
  facet normal 0 0 1
    outer loop
      vertex 4.0212 -16.7495 31
      vertex 0.569402 -2.12504 31
      vertex 2.69465 -17.0134 31
    endloop
  endfacet
  facet normal -0 0 1
    outer loop
      vertex 0.287157 -2.18118 31
      vertex 2.69465 -17.0134 31
      vertex 0.569402 -2.12504 31
    endloop
  endfacet
  facet normal 0 0 1
    outer loop
      vertex 2.69465 -17.0134 31
      vertex 0.287157 -2.18118 31
      vertex 1.35149 -17.1723 31
    endloop
  endfacet
  facet normal -0 0 1
    outer loop
      vertex 0 -2.2 31
      vertex 1.35149 -17.1723 31
      vertex 0.287157 -2.18118 31
    endloop
  endfacet
  facet normal 0 0 1
    outer loop
      vertex 0 -2.2 31
      vertex 0 -17.2254 31
      vertex 1.35149 -17.1723 31
    endloop
  endfacet
  facet normal 0 0 1
    outer loop
      vertex -1.35149 -17.1723 31
      vertex 0 -2.2 31
      vertex -0.287157 -2.18118 31
    endloop
  endfacet
  facet normal 0 0 1
    outer loop
      vertex -2.69465 -17.0134 31
      vertex -0.287157 -2.18118 31
      vertex -0.569402 -2.12504 31
    endloop
  endfacet
  facet normal 0 0 1
    outer loop
      vertex -5.32295 -16.3824 31
      vertex -0.569402 -2.12504 31
      vertex -0.841903 -2.03253 31
    endloop
  endfacet
  facet normal 0 0 1
    outer loop
      vertex -7.82018 -15.348 31
      vertex -0.841903 -2.03253 31
      vertex -1.1 -1.90526 31
    endloop
  endfacet
  facet normal 0 0 1
    outer loop
      vertex -9.00026 -14.6871 31
      vertex -1.1 -1.90526 31
      vertex -1.33927 -1.74538 31
    endloop
  endfacet
  facet normal 0 0 1
    outer loop
      vertex 0 -2.2 31
      vertex -1.35149 -17.1723 31
      vertex 0 -17.2254 31
    endloop
  endfacet
  facet normal 0 0 1
    outer loop
      vertex -11.187 -13.0983 31
      vertex -1.33927 -1.74538 31
      vertex -1.55563 -1.55563 31
    endloop
  endfacet
  facet normal 0 0 1
    outer loop
      vertex -13.0983 -11.187 31
      vertex -1.55563 -1.55563 31
      vertex -1.74538 -1.33927 31
    endloop
  endfacet
  facet normal 0 0 1
    outer loop
      vertex -13.9357 -10.1249 31
      vertex -1.74538 -1.33927 31
      vertex -1.90526 -1.1 31
    endloop
  endfacet
  facet normal 0 0 1
    outer loop
      vertex -15.348 -7.82018 31
      vertex -1.90526 -1.1 31
      vertex -2.03253 -0.841903 31
    endloop
  endfacet
  facet normal 0 0 1
    outer loop
      vertex -16.3824 -5.32295 31
      vertex -2.03253 -0.841903 31
      vertex -2.12504 -0.569402 31
    endloop
  endfacet
  facet normal 0 0 1
    outer loop
      vertex -16.7495 -4.0212 31
      vertex -2.12504 -0.569402 31
      vertex -2.18118 -0.287157 31
    endloop
  endfacet
  facet normal 0 0 1
    outer loop
      vertex -17.1723 -1.35149 31
      vertex -2.18118 -0.287157 31
      vertex -2.2 0 31
    endloop
  endfacet
  facet normal 0 0 1
    outer loop
      vertex -0.287157 -2.18118 31
      vertex -2.69465 -17.0134 31
      vertex -1.35149 -17.1723 31
    endloop
  endfacet
  facet normal 0 0 1
    outer loop
      vertex -1.33927 1.74538 31
      vertex -11.187 13.0983 31
      vertex -1.55563 1.55563 31
    endloop
  endfacet
  facet normal -0 0 1
    outer loop
      vertex -12.1802 12.1802 31
      vertex -1.55563 1.55563 31
      vertex -11.187 13.0983 31
    endloop
  endfacet
  facet normal 0 0 1
    outer loop
      vertex -0.569402 -2.12504 31
      vertex -4.0212 -16.7495 31
      vertex -2.69465 -17.0134 31
    endloop
  endfacet
  facet normal -0 0 1
    outer loop
      vertex -13.0983 11.187 31
      vertex -1.55563 1.55563 31
      vertex -12.1802 12.1802 31
    endloop
  endfacet
  facet normal 0 0 1
    outer loop
      vertex -0.569402 -2.12504 31
      vertex -5.32295 -16.3824 31
      vertex -4.0212 -16.7495 31
    endloop
  endfacet
  facet normal 0 0 1
    outer loop
      vertex -1.55563 1.55563 31
      vertex -13.0983 11.187 31
      vertex -1.74538 1.33927 31
    endloop
  endfacet
  facet normal 0 0 1
    outer loop
      vertex -0.841903 -2.03253 31
      vertex -6.59188 -15.9142 31
      vertex -5.32295 -16.3824 31
    endloop
  endfacet
  facet normal -0 0 1
    outer loop
      vertex -13.9357 10.1249 31
      vertex -1.74538 1.33927 31
      vertex -13.0983 11.187 31
    endloop
  endfacet
  facet normal 0 0 1
    outer loop
      vertex -0.841903 -2.03253 31
      vertex -7.82018 -15.348 31
      vertex -6.59188 -15.9142 31
    endloop
  endfacet
  facet normal 0 0 1
    outer loop
      vertex -1.74538 1.33927 31
      vertex -13.9357 10.1249 31
      vertex -1.90526 1.1 31
    endloop
  endfacet
  facet normal 0 0 1
    outer loop
      vertex -1.1 -1.90526 31
      vertex -9.00026 -14.6871 31
      vertex -7.82018 -15.348 31
    endloop
  endfacet
  facet normal -0 0 1
    outer loop
      vertex -14.6871 9.00026 31
      vertex -1.90526 1.1 31
      vertex -13.9357 10.1249 31
    endloop
  endfacet
  facet normal 0 0 1
    outer loop
      vertex -1.33927 -1.74538 31
      vertex -10.1249 -13.9357 31
      vertex -9.00026 -14.6871 31
    endloop
  endfacet
  facet normal -0 0 1
    outer loop
      vertex -15.348 7.82018 31
      vertex -1.90526 1.1 31
      vertex -14.6871 9.00026 31
    endloop
  endfacet
  facet normal 0 0 1
    outer loop
      vertex -1.33927 -1.74538 31
      vertex -11.187 -13.0983 31
      vertex -10.1249 -13.9357 31
    endloop
  endfacet
  facet normal 0 0 1
    outer loop
      vertex -1.90526 1.1 31
      vertex -15.348 7.82018 31
      vertex -2.03253 0.841903 31
    endloop
  endfacet
  facet normal 0 0 1
    outer loop
      vertex -1.55563 -1.55563 31
      vertex -12.1802 -12.1802 31
      vertex -11.187 -13.0983 31
    endloop
  endfacet
  facet normal -0 0 1
    outer loop
      vertex -15.9142 6.59188 31
      vertex -2.03253 0.841903 31
      vertex -15.348 7.82018 31
    endloop
  endfacet
  facet normal 0 0 1
    outer loop
      vertex -1.55563 -1.55563 31
      vertex -13.0983 -11.187 31
      vertex -12.1802 -12.1802 31
    endloop
  endfacet
  facet normal -0 0 1
    outer loop
      vertex -16.3824 5.32295 31
      vertex -2.03253 0.841903 31
      vertex -15.9142 6.59188 31
    endloop
  endfacet
  facet normal 0 0 1
    outer loop
      vertex -1.74538 -1.33927 31
      vertex -13.9357 -10.1249 31
      vertex -13.0983 -11.187 31
    endloop
  endfacet
  facet normal 0 0 1
    outer loop
      vertex -2.03253 0.841903 31
      vertex -16.3824 5.32295 31
      vertex -2.12504 0.569402 31
    endloop
  endfacet
  facet normal 0 0 1
    outer loop
      vertex -1.90526 -1.1 31
      vertex -14.6871 -9.00026 31
      vertex -13.9357 -10.1249 31
    endloop
  endfacet
  facet normal -0 0 1
    outer loop
      vertex -16.7495 4.0212 31
      vertex -2.12504 0.569402 31
      vertex -16.3824 5.32295 31
    endloop
  endfacet
  facet normal 0 0 1
    outer loop
      vertex -1.90526 -1.1 31
      vertex -15.348 -7.82018 31
      vertex -14.6871 -9.00026 31
    endloop
  endfacet
  facet normal 0 0 1
    outer loop
      vertex -2.12504 0.569402 31
      vertex -16.7495 4.0212 31
      vertex -2.18118 0.287157 31
    endloop
  endfacet
  facet normal 0 0 1
    outer loop
      vertex -2.03253 -0.841903 31
      vertex -15.9142 -6.59188 31
      vertex -15.348 -7.82018 31
    endloop
  endfacet
  facet normal -0 0 1
    outer loop
      vertex -17.0134 2.69465 31
      vertex -2.18118 0.287157 31
      vertex -16.7495 4.0212 31
    endloop
  endfacet
  facet normal 0 0 1
    outer loop
      vertex -2.03253 -0.841903 31
      vertex -16.3824 -5.32295 31
      vertex -15.9142 -6.59188 31
    endloop
  endfacet
  facet normal -0 0 1
    outer loop
      vertex -17.1723 1.35149 31
      vertex -2.18118 0.287157 31
      vertex -17.0134 2.69465 31
    endloop
  endfacet
  facet normal 0 0 1
    outer loop
      vertex -2.12504 -0.569402 31
      vertex -16.7495 -4.0212 31
      vertex -16.3824 -5.32295 31
    endloop
  endfacet
  facet normal 0 0 1
    outer loop
      vertex -2.18118 0.287157 31
      vertex -17.1723 1.35149 31
      vertex -2.2 0 31
    endloop
  endfacet
  facet normal 0 0 1
    outer loop
      vertex -2.18118 -0.287157 31
      vertex -17.0134 -2.69465 31
      vertex -16.7495 -4.0212 31
    endloop
  endfacet
  facet normal 0 0 1
    outer loop
      vertex -17.2254 0 31
      vertex -2.2 0 31
      vertex -17.1723 1.35149 31
    endloop
  endfacet
  facet normal 0 0 1
    outer loop
      vertex -2.18118 -0.287157 31
      vertex -17.1723 -1.35149 31
      vertex -17.0134 -2.69465 31
    endloop
  endfacet
  facet normal 0 0 1
    outer loop
      vertex -2.2 0 31
      vertex -17.2254 0 31
      vertex -17.1723 -1.35149 31
    endloop
  endfacet
  facet normal 0.309017 0.951057 -0
    outer loop
      vertex -4.73053 2.7988 20.5
      vertex -15.536 6.30971 27
      vertex -4.73053 2.7988 27
    endloop
  endfacet
  facet normal 0.309017 0.951057 0
    outer loop
      vertex -15.536 6.30971 27
      vertex -4.73053 2.7988 20.5
      vertex -15.536 6.30971 20.5
    endloop
  endfacet
  facet normal 0.309017 0.951057 -0
    outer loop
      vertex -4.73053 2.7988 5
      vertex -15.536 6.30971 11.5
      vertex -4.73053 2.7988 11.5
    endloop
  endfacet
  facet normal 0.309017 0.951057 0
    outer loop
      vertex -15.536 6.30971 11.5
      vertex -4.73053 2.7988 5
      vertex -15.536 6.30971 5
    endloop
  endfacet
  facet normal 0 0 -1
    outer loop
      vertex 5.5 0 1
      vertex 17.2254 0 1
      vertex 17.1723 -1.35149 1
    endloop
  endfacet
  facet normal 0 0 -1
    outer loop
      vertex 5.45295 -0.717894 1
      vertex 17.1723 -1.35149 1
      vertex 17.0134 -2.69465 1
    endloop
  endfacet
  facet normal 0 0 -1
    outer loop
      vertex 17.2254 0 1
      vertex 5.5 0 1
      vertex 17.1723 1.35149 1
    endloop
  endfacet
  facet normal 0 0 -1
    outer loop
      vertex 5.45295 -0.717894 1
      vertex 17.0134 -2.69465 1
      vertex 16.7495 -4.0212 1
    endloop
  endfacet
  facet normal 0 0 -1
    outer loop
      vertex 5.45295 0.717894 1
      vertex 17.1723 1.35149 1
      vertex 5.5 0 1
    endloop
  endfacet
  facet normal 0 0 -1
    outer loop
      vertex 5.31259 -1.4235 1
      vertex 16.7495 -4.0212 1
      vertex 16.3824 -5.32295 1
    endloop
  endfacet
  facet normal -0 0 -1
    outer loop
      vertex 17.1723 1.35149 1
      vertex 5.45295 0.717894 1
      vertex 17.0134 2.69465 1
    endloop
  endfacet
  facet normal 0 0 -1
    outer loop
      vertex 5.08134 -2.10476 1
      vertex 16.3824 -5.32295 1
      vertex 15.9142 -6.59188 1
    endloop
  endfacet
  facet normal -0 0 -1
    outer loop
      vertex 17.0134 2.69465 1
      vertex 5.45295 0.717894 1
      vertex 16.7495 4.0212 1
    endloop
  endfacet
  facet normal 0 0 -1
    outer loop
      vertex 5.08134 -2.10476 1
      vertex 15.9142 -6.59188 1
      vertex 15.348 -7.82018 1
    endloop
  endfacet
  facet normal 0 0 -1
    outer loop
      vertex 5.31259 1.4235 1
      vertex 16.7495 4.0212 1
      vertex 5.45295 0.717894 1
    endloop
  endfacet
  facet normal 0 0 -1
    outer loop
      vertex 4.76314 -2.75 1
      vertex 15.348 -7.82018 1
      vertex 14.6871 -9.00026 1
    endloop
  endfacet
  facet normal -0 0 -1
    outer loop
      vertex 16.7495 4.0212 1
      vertex 5.31259 1.4235 1
      vertex 16.3824 5.32295 1
    endloop
  endfacet
  facet normal 0 0 -1
    outer loop
      vertex 4.76314 -2.75 1
      vertex 14.6871 -9.00026 1
      vertex 13.9357 -10.1249 1
    endloop
  endfacet
  facet normal 0 0 -1
    outer loop
      vertex 5.08134 2.10476 1
      vertex 16.3824 5.32295 1
      vertex 5.31259 1.4235 1
    endloop
  endfacet
  facet normal 0 0 -1
    outer loop
      vertex 4.36344 -3.34819 1
      vertex 13.9357 -10.1249 1
      vertex 13.0983 -11.187 1
    endloop
  endfacet
  facet normal -0 0 -1
    outer loop
      vertex 16.3824 5.32295 1
      vertex 5.08134 2.10476 1
      vertex 15.9142 6.59188 1
    endloop
  endfacet
  facet normal 0 0 -1
    outer loop
      vertex 3.88909 -3.88909 1
      vertex 13.0983 -11.187 1
      vertex 12.1802 -12.1802 1
    endloop
  endfacet
  facet normal -0 0 -1
    outer loop
      vertex 15.9142 6.59188 1
      vertex 5.08134 2.10476 1
      vertex 15.348 7.82018 1
    endloop
  endfacet
  facet normal 0 0 -1
    outer loop
      vertex 3.88909 -3.88909 1
      vertex 12.1802 -12.1802 1
      vertex 11.187 -13.0983 1
    endloop
  endfacet
  facet normal 0 0 -1
    outer loop
      vertex 4.76314 2.75 1
      vertex 15.348 7.82018 1
      vertex 5.08134 2.10476 1
    endloop
  endfacet
  facet normal 0 0 -1
    outer loop
      vertex 3.34819 -4.36344 1
      vertex 11.187 -13.0983 1
      vertex 10.1249 -13.9357 1
    endloop
  endfacet
  facet normal -0 0 -1
    outer loop
      vertex 15.348 7.82018 1
      vertex 4.76314 2.75 1
      vertex 14.6871 9.00026 1
    endloop
  endfacet
  facet normal 0 0 -1
    outer loop
      vertex 3.34819 -4.36344 1
      vertex 10.1249 -13.9357 1
      vertex 9.00026 -14.6871 1
    endloop
  endfacet
  facet normal -0 0 -1
    outer loop
      vertex 14.6871 9.00026 1
      vertex 4.76314 2.75 1
      vertex 13.9357 10.1249 1
    endloop
  endfacet
  facet normal 0 0 -1
    outer loop
      vertex 2.75 -4.76314 1
      vertex 9.00026 -14.6871 1
      vertex 7.82018 -15.348 1
    endloop
  endfacet
  facet normal 0 0 -1
    outer loop
      vertex 4.36344 3.34819 1
      vertex 13.9357 10.1249 1
      vertex 4.76314 2.75 1
    endloop
  endfacet
  facet normal 0 0 -1
    outer loop
      vertex 2.10476 -5.08134 1
      vertex 7.82018 -15.348 1
      vertex 6.59188 -15.9142 1
    endloop
  endfacet
  facet normal -0 0 -1
    outer loop
      vertex 13.9357 10.1249 1
      vertex 4.36344 3.34819 1
      vertex 13.0983 11.187 1
    endloop
  endfacet
  facet normal 0 0 -1
    outer loop
      vertex 3.88909 3.88909 1
      vertex 13.0983 11.187 1
      vertex 4.36344 3.34819 1
    endloop
  endfacet
  facet normal 0 0 -1
    outer loop
      vertex 17.1723 -1.35149 1
      vertex 5.45295 -0.717894 1
      vertex 5.5 0 1
    endloop
  endfacet
  facet normal 0 0 -1
    outer loop
      vertex 2.10476 -5.08134 1
      vertex 6.59188 -15.9142 1
      vertex 5.32295 -16.3824 1
    endloop
  endfacet
  facet normal 0 0 -1
    outer loop
      vertex 16.7495 -4.0212 1
      vertex 5.31259 -1.4235 1
      vertex 5.45295 -0.717894 1
    endloop
  endfacet
  facet normal 0 0 -1
    outer loop
      vertex 16.3824 -5.32295 1
      vertex 5.08134 -2.10476 1
      vertex 5.31259 -1.4235 1
    endloop
  endfacet
  facet normal 0 0 -1
    outer loop
      vertex 15.348 -7.82018 1
      vertex 4.76314 -2.75 1
      vertex 5.08134 -2.10476 1
    endloop
  endfacet
  facet normal 0 0 -1
    outer loop
      vertex 13.9357 -10.1249 1
      vertex 4.36344 -3.34819 1
      vertex 4.76314 -2.75 1
    endloop
  endfacet
  facet normal 0 0 -1
    outer loop
      vertex 1.4235 -5.31259 1
      vertex 5.32295 -16.3824 1
      vertex 4.0212 -16.7495 1
    endloop
  endfacet
  facet normal 0 0 -1
    outer loop
      vertex 13.0983 -11.187 1
      vertex 3.88909 -3.88909 1
      vertex 4.36344 -3.34819 1
    endloop
  endfacet
  facet normal 0 0 -1
    outer loop
      vertex 11.187 -13.0983 1
      vertex 3.34819 -4.36344 1
      vertex 3.88909 -3.88909 1
    endloop
  endfacet
  facet normal 0 0 -1
    outer loop
      vertex 9.00026 -14.6871 1
      vertex 2.75 -4.76314 1
      vertex 3.34819 -4.36344 1
    endloop
  endfacet
  facet normal 0 0 -1
    outer loop
      vertex 1.4235 -5.31259 1
      vertex 4.0212 -16.7495 1
      vertex 2.69465 -17.0134 1
    endloop
  endfacet
  facet normal 0 0 -1
    outer loop
      vertex 7.82018 -15.348 1
      vertex 2.10476 -5.08134 1
      vertex 2.75 -4.76314 1
    endloop
  endfacet
  facet normal 0 0 -1
    outer loop
      vertex 5.32295 -16.3824 1
      vertex 1.4235 -5.31259 1
      vertex 2.10476 -5.08134 1
    endloop
  endfacet
  facet normal 0 0 -1
    outer loop
      vertex 0.717894 -5.45295 1
      vertex 2.69465 -17.0134 1
      vertex 1.35149 -17.1723 1
    endloop
  endfacet
  facet normal 0 0 -1
    outer loop
      vertex 2.69465 -17.0134 1
      vertex 0.717894 -5.45295 1
      vertex 1.4235 -5.31259 1
    endloop
  endfacet
  facet normal 0 0 -1
    outer loop
      vertex 0 -5.5 1
      vertex 1.35149 -17.1723 1
      vertex 0 -17.2254 1
    endloop
  endfacet
  facet normal 0 0 -1
    outer loop
      vertex 1.35149 -17.1723 1
      vertex 0 -5.5 1
      vertex 0.717894 -5.45295 1
    endloop
  endfacet
  facet normal 0 0 -1
    outer loop
      vertex -1.35149 -17.1723 1
      vertex 0 -5.5 1
      vertex 0 -17.2254 1
    endloop
  endfacet
  facet normal -0 0 -1
    outer loop
      vertex 0 -5.5 1
      vertex -1.35149 -17.1723 1
      vertex -0.717894 -5.45295 1
    endloop
  endfacet
  facet normal 0 0 -1
    outer loop
      vertex -2.69465 -17.0134 1
      vertex -0.717894 -5.45295 1
      vertex -1.35149 -17.1723 1
    endloop
  endfacet
  facet normal -0 0 -1
    outer loop
      vertex -0.717894 -5.45295 1
      vertex -2.69465 -17.0134 1
      vertex -1.4235 -5.31259 1
    endloop
  endfacet
  facet normal 0 0 -1
    outer loop
      vertex -4.0212 -16.7495 1
      vertex -1.4235 -5.31259 1
      vertex -2.69465 -17.0134 1
    endloop
  endfacet
  facet normal 0 0 -1
    outer loop
      vertex -5.32295 -16.3824 1
      vertex -1.4235 -5.31259 1
      vertex -4.0212 -16.7495 1
    endloop
  endfacet
  facet normal -0 0 -1
    outer loop
      vertex -1.4235 -5.31259 1
      vertex -5.32295 -16.3824 1
      vertex -2.10476 -5.08134 1
    endloop
  endfacet
  facet normal 0 0 -1
    outer loop
      vertex -6.59188 -15.9142 1
      vertex -2.10476 -5.08134 1
      vertex -5.32295 -16.3824 1
    endloop
  endfacet
  facet normal 0 0 -1
    outer loop
      vertex -7.82018 -15.348 1
      vertex -2.10476 -5.08134 1
      vertex -6.59188 -15.9142 1
    endloop
  endfacet
  facet normal -0 0 -1
    outer loop
      vertex -2.10476 -5.08134 1
      vertex -7.82018 -15.348 1
      vertex -2.75 -4.76314 1
    endloop
  endfacet
  facet normal 0 0 -1
    outer loop
      vertex -9.00026 -14.6871 1
      vertex -2.75 -4.76314 1
      vertex -7.82018 -15.348 1
    endloop
  endfacet
  facet normal -0 0 -1
    outer loop
      vertex -2.75 -4.76314 1
      vertex -9.00026 -14.6871 1
      vertex -3.34819 -4.36344 1
    endloop
  endfacet
  facet normal 0 0 -1
    outer loop
      vertex -10.1249 -13.9357 1
      vertex -3.34819 -4.36344 1
      vertex -9.00026 -14.6871 1
    endloop
  endfacet
  facet normal 0 0 -1
    outer loop
      vertex -11.187 -13.0983 1
      vertex -3.34819 -4.36344 1
      vertex -10.1249 -13.9357 1
    endloop
  endfacet
  facet normal -0 0 -1
    outer loop
      vertex -3.34819 -4.36344 1
      vertex -11.187 -13.0983 1
      vertex -3.88909 -3.88909 1
    endloop
  endfacet
  facet normal 0 0 -1
    outer loop
      vertex -12.1802 -12.1802 1
      vertex -3.88909 -3.88909 1
      vertex -11.187 -13.0983 1
    endloop
  endfacet
  facet normal 0 0 -1
    outer loop
      vertex -13.0983 -11.187 1
      vertex -3.88909 -3.88909 1
      vertex -12.1802 -12.1802 1
    endloop
  endfacet
  facet normal -0 0 -1
    outer loop
      vertex 13.0983 11.187 1
      vertex 3.88909 3.88909 1
      vertex 12.1802 12.1802 1
    endloop
  endfacet
  facet normal -0 0 -1
    outer loop
      vertex 12.1802 12.1802 1
      vertex 3.88909 3.88909 1
      vertex 11.187 13.0983 1
    endloop
  endfacet
  facet normal 0 0 -1
    outer loop
      vertex 3.34819 4.36344 1
      vertex 11.187 13.0983 1
      vertex 3.88909 3.88909 1
    endloop
  endfacet
  facet normal -0 0 -1
    outer loop
      vertex 11.187 13.0983 1
      vertex 3.34819 4.36344 1
      vertex 10.1249 13.9357 1
    endloop
  endfacet
  facet normal -0 0 -1
    outer loop
      vertex 10.1249 13.9357 1
      vertex 3.34819 4.36344 1
      vertex 9.00026 14.6871 1
    endloop
  endfacet
  facet normal 0 0 -1
    outer loop
      vertex 2.75 4.76314 1
      vertex 9.00026 14.6871 1
      vertex 3.34819 4.36344 1
    endloop
  endfacet
  facet normal -0 0 -1
    outer loop
      vertex 9.00026 14.6871 1
      vertex 2.75 4.76314 1
      vertex 7.82018 15.348 1
    endloop
  endfacet
  facet normal 0 0 -1
    outer loop
      vertex 2.10476 5.08134 1
      vertex 7.82018 15.348 1
      vertex 2.75 4.76314 1
    endloop
  endfacet
  facet normal -0 0 -1
    outer loop
      vertex 7.82018 15.348 1
      vertex 2.10476 5.08134 1
      vertex 6.59188 15.9142 1
    endloop
  endfacet
  facet normal -0 0 -1
    outer loop
      vertex 6.59188 15.9142 1
      vertex 2.10476 5.08134 1
      vertex 5.32295 16.3824 1
    endloop
  endfacet
  facet normal 0 0 -1
    outer loop
      vertex 1.4235 5.31259 1
      vertex 5.32295 16.3824 1
      vertex 2.10476 5.08134 1
    endloop
  endfacet
  facet normal -0 0 -1
    outer loop
      vertex 5.32295 16.3824 1
      vertex 1.4235 5.31259 1
      vertex 4.0212 16.7495 1
    endloop
  endfacet
  facet normal -0 0 -1
    outer loop
      vertex 4.0212 16.7495 1
      vertex 1.4235 5.31259 1
      vertex 2.69465 17.0134 1
    endloop
  endfacet
  facet normal 0 0 -1
    outer loop
      vertex 0.717894 5.45295 1
      vertex 2.69465 17.0134 1
      vertex 1.4235 5.31259 1
    endloop
  endfacet
  facet normal -0 0 -1
    outer loop
      vertex 2.69465 17.0134 1
      vertex 0.717894 5.45295 1
      vertex 1.35149 17.1723 1
    endloop
  endfacet
  facet normal 0 0 -1
    outer loop
      vertex 0 5.5 1
      vertex 1.35149 17.1723 1
      vertex 0.717894 5.45295 1
    endloop
  endfacet
  facet normal 0 0 -1
    outer loop
      vertex 0 5.5 1
      vertex 0 17.2254 1
      vertex 1.35149 17.1723 1
    endloop
  endfacet
  facet normal 0 0 -1
    outer loop
      vertex -1.35149 17.1723 1
      vertex 0 5.5 1
      vertex -0.717894 5.45295 1
    endloop
  endfacet
  facet normal 0 0 -1
    outer loop
      vertex 0 5.5 1
      vertex -1.35149 17.1723 1
      vertex 0 17.2254 1
    endloop
  endfacet
  facet normal 0 0 -1
    outer loop
      vertex -2.69465 17.0134 1
      vertex -0.717894 5.45295 1
      vertex -1.4235 5.31259 1
    endloop
  endfacet
  facet normal 0 0 -1
    outer loop
      vertex -5.32295 16.3824 1
      vertex -1.4235 5.31259 1
      vertex -2.10476 5.08134 1
    endloop
  endfacet
  facet normal 0 0 -1
    outer loop
      vertex -0.717894 5.45295 1
      vertex -2.69465 17.0134 1
      vertex -1.35149 17.1723 1
    endloop
  endfacet
  facet normal 0 0 -1
    outer loop
      vertex -7.82018 15.348 1
      vertex -2.10476 5.08134 1
      vertex -2.75 4.76314 1
    endloop
  endfacet
  facet normal 0 0 -1
    outer loop
      vertex -9.00026 14.6871 1
      vertex -2.75 4.76314 1
      vertex -3.34819 4.36344 1
    endloop
  endfacet
  facet normal 0 0 -1
    outer loop
      vertex -11.187 13.0983 1
      vertex -3.34819 4.36344 1
      vertex -3.88909 3.88909 1
    endloop
  endfacet
  facet normal 0 0 -1
    outer loop
      vertex -1.4235 5.31259 1
      vertex -4.0212 16.7495 1
      vertex -2.69465 17.0134 1
    endloop
  endfacet
  facet normal 0 0 -1
    outer loop
      vertex -13.0983 11.187 1
      vertex -3.88909 3.88909 1
      vertex -4.36344 3.34819 1
    endloop
  endfacet
  facet normal 0 0 -1
    outer loop
      vertex -13.9357 10.1249 1
      vertex -4.36344 3.34819 1
      vertex -4.76314 2.75 1
    endloop
  endfacet
  facet normal 0 0 -1
    outer loop
      vertex -15.348 7.82018 1
      vertex -4.76314 2.75 1
      vertex -5.08134 2.10476 1
    endloop
  endfacet
  facet normal 0 0 -1
    outer loop
      vertex -16.3824 5.32295 1
      vertex -5.08134 2.10476 1
      vertex -5.31259 1.4235 1
    endloop
  endfacet
  facet normal 0 0 -1
    outer loop
      vertex -1.4235 5.31259 1
      vertex -5.32295 16.3824 1
      vertex -4.0212 16.7495 1
    endloop
  endfacet
  facet normal 0 0 -1
    outer loop
      vertex -16.7495 4.0212 1
      vertex -5.31259 1.4235 1
      vertex -5.45295 0.717894 1
    endloop
  endfacet
  facet normal 0 0 -1
    outer loop
      vertex -17.1723 1.35149 1
      vertex -5.45295 0.717894 1
      vertex -5.5 0 1
    endloop
  endfacet
  facet normal -0 0 -1
    outer loop
      vertex -3.88909 -3.88909 1
      vertex -13.0983 -11.187 1
      vertex -4.36344 -3.34819 1
    endloop
  endfacet
  facet normal 0 0 -1
    outer loop
      vertex -2.10476 5.08134 1
      vertex -6.59188 15.9142 1
      vertex -5.32295 16.3824 1
    endloop
  endfacet
  facet normal 0 0 -1
    outer loop
      vertex -13.9357 -10.1249 1
      vertex -4.36344 -3.34819 1
      vertex -13.0983 -11.187 1
    endloop
  endfacet
  facet normal 0 0 -1
    outer loop
      vertex -2.10476 5.08134 1
      vertex -7.82018 15.348 1
      vertex -6.59188 15.9142 1
    endloop
  endfacet
  facet normal -0 0 -1
    outer loop
      vertex -4.36344 -3.34819 1
      vertex -13.9357 -10.1249 1
      vertex -4.76314 -2.75 1
    endloop
  endfacet
  facet normal 0 0 -1
    outer loop
      vertex -2.75 4.76314 1
      vertex -9.00026 14.6871 1
      vertex -7.82018 15.348 1
    endloop
  endfacet
  facet normal 0 0 -1
    outer loop
      vertex -14.6871 -9.00026 1
      vertex -4.76314 -2.75 1
      vertex -13.9357 -10.1249 1
    endloop
  endfacet
  facet normal 0 0 -1
    outer loop
      vertex -3.34819 4.36344 1
      vertex -10.1249 13.9357 1
      vertex -9.00026 14.6871 1
    endloop
  endfacet
  facet normal 0 0 -1
    outer loop
      vertex -15.348 -7.82018 1
      vertex -4.76314 -2.75 1
      vertex -14.6871 -9.00026 1
    endloop
  endfacet
  facet normal 0 0 -1
    outer loop
      vertex -3.34819 4.36344 1
      vertex -11.187 13.0983 1
      vertex -10.1249 13.9357 1
    endloop
  endfacet
  facet normal -0 0 -1
    outer loop
      vertex -4.76314 -2.75 1
      vertex -15.348 -7.82018 1
      vertex -5.08134 -2.10476 1
    endloop
  endfacet
  facet normal 0 0 -1
    outer loop
      vertex -3.88909 3.88909 1
      vertex -12.1802 12.1802 1
      vertex -11.187 13.0983 1
    endloop
  endfacet
  facet normal 0 0 -1
    outer loop
      vertex -15.9142 -6.59188 1
      vertex -5.08134 -2.10476 1
      vertex -15.348 -7.82018 1
    endloop
  endfacet
  facet normal 0 0 -1
    outer loop
      vertex -3.88909 3.88909 1
      vertex -13.0983 11.187 1
      vertex -12.1802 12.1802 1
    endloop
  endfacet
  facet normal 0 0 -1
    outer loop
      vertex -16.3824 -5.32295 1
      vertex -5.08134 -2.10476 1
      vertex -15.9142 -6.59188 1
    endloop
  endfacet
  facet normal 0 0 -1
    outer loop
      vertex -4.36344 3.34819 1
      vertex -13.9357 10.1249 1
      vertex -13.0983 11.187 1
    endloop
  endfacet
  facet normal -0 0 -1
    outer loop
      vertex -5.08134 -2.10476 1
      vertex -16.3824 -5.32295 1
      vertex -5.31259 -1.4235 1
    endloop
  endfacet
  facet normal 0 0 -1
    outer loop
      vertex -4.76314 2.75 1
      vertex -14.6871 9.00026 1
      vertex -13.9357 10.1249 1
    endloop
  endfacet
  facet normal 0 0 -1
    outer loop
      vertex -16.7495 -4.0212 1
      vertex -5.31259 -1.4235 1
      vertex -16.3824 -5.32295 1
    endloop
  endfacet
  facet normal 0 0 -1
    outer loop
      vertex -4.76314 2.75 1
      vertex -15.348 7.82018 1
      vertex -14.6871 9.00026 1
    endloop
  endfacet
  facet normal -0 0 -1
    outer loop
      vertex -5.31259 -1.4235 1
      vertex -16.7495 -4.0212 1
      vertex -5.45295 -0.717894 1
    endloop
  endfacet
  facet normal 0 0 -1
    outer loop
      vertex -5.08134 2.10476 1
      vertex -15.9142 6.59188 1
      vertex -15.348 7.82018 1
    endloop
  endfacet
  facet normal 0 0 -1
    outer loop
      vertex -17.0134 -2.69465 1
      vertex -5.45295 -0.717894 1
      vertex -16.7495 -4.0212 1
    endloop
  endfacet
  facet normal 0 0 -1
    outer loop
      vertex -5.08134 2.10476 1
      vertex -16.3824 5.32295 1
      vertex -15.9142 6.59188 1
    endloop
  endfacet
  facet normal 0 0 -1
    outer loop
      vertex -17.1723 -1.35149 1
      vertex -5.45295 -0.717894 1
      vertex -17.0134 -2.69465 1
    endloop
  endfacet
  facet normal 0 0 -1
    outer loop
      vertex -5.31259 1.4235 1
      vertex -16.7495 4.0212 1
      vertex -16.3824 5.32295 1
    endloop
  endfacet
  facet normal -0 0 -1
    outer loop
      vertex -5.45295 -0.717894 1
      vertex -17.1723 -1.35149 1
      vertex -5.5 0 1
    endloop
  endfacet
  facet normal 0 0 -1
    outer loop
      vertex -5.45295 0.717894 1
      vertex -17.0134 2.69465 1
      vertex -16.7495 4.0212 1
    endloop
  endfacet
  facet normal 0 0 -1
    outer loop
      vertex -17.2254 0 1
      vertex -5.5 0 1
      vertex -17.1723 -1.35149 1
    endloop
  endfacet
  facet normal 0 0 -1
    outer loop
      vertex -5.45295 0.717894 1
      vertex -17.1723 1.35149 1
      vertex -17.0134 2.69465 1
    endloop
  endfacet
  facet normal 0 0 -1
    outer loop
      vertex -5.5 0 1
      vertex -17.2254 0 1
      vertex -17.1723 1.35149 1
    endloop
  endfacet
  facet normal -0.309018 -0.951056 0
    outer loop
      vertex -16.2776 4.02717 20.5
      vertex -5.46629 0.51435 27
      vertex -16.2776 4.02717 27
    endloop
  endfacet
  facet normal -0.309018 -0.951056 -0
    outer loop
      vertex -5.46629 0.51435 27
      vertex -16.2776 4.02717 20.5
      vertex -5.46629 0.51435 20.5
    endloop
  endfacet
  facet normal -0.309018 -0.951056 0
    outer loop
      vertex -16.2776 4.02717 5
      vertex -5.46629 0.51435 11.5
      vertex -16.2776 4.02717 11.5
    endloop
  endfacet
  facet normal -0.309018 -0.951056 -0
    outer loop
      vertex -5.46629 0.51435 11.5
      vertex -16.2776 4.02717 5
      vertex -5.46629 0.51435 5
    endloop
  endfacet
  facet normal -0.951062 0.309001 0
    outer loop
      vertex -16.2776 4.02717 20.5
      vertex -15.536 6.30971 27
      vertex -15.536 6.30971 20.5
    endloop
  endfacet
  facet normal -0.951062 0.309001 0
    outer loop
      vertex -15.536 6.30971 27
      vertex -16.2776 4.02717 20.5
      vertex -16.2776 4.02717 27
    endloop
  endfacet
  facet normal -0.951062 0.309001 0
    outer loop
      vertex -16.2776 4.02717 5
      vertex -15.536 6.30971 11.5
      vertex -15.536 6.30971 5
    endloop
  endfacet
  facet normal -0.951062 0.309001 0
    outer loop
      vertex -15.536 6.30971 11.5
      vertex -16.2776 4.02717 5
      vertex -16.2776 4.02717 11.5
    endloop
  endfacet
  facet normal 1 -0 0
    outer loop
      vertex 1.2 5.35705 27
      vertex 1.2 16.7254 20.5
      vertex 1.2 16.7254 27
    endloop
  endfacet
  facet normal 1 0 0
    outer loop
      vertex 1.2 16.7254 20.5
      vertex 1.2 5.35705 27
      vertex 1.2 5.35705 20.5
    endloop
  endfacet
  facet normal 1 -0 0
    outer loop
      vertex 1.2 5.35705 11.5
      vertex 1.2 16.7254 5
      vertex 1.2 16.7254 11.5
    endloop
  endfacet
  facet normal 1 0 0
    outer loop
      vertex 1.2 16.7254 5
      vertex 1.2 5.35705 11.5
      vertex 1.2 5.35705 5
    endloop
  endfacet
  facet normal -1 0 0
    outer loop
      vertex -1.2 5.35705 20.5
      vertex -1.2 16.7254 27
      vertex -1.2 16.7254 20.5
    endloop
  endfacet
  facet normal -1 -0 0
    outer loop
      vertex -1.2 16.7254 27
      vertex -1.2 5.35705 20.5
      vertex -1.2 5.35705 27
    endloop
  endfacet
  facet normal -1 0 0
    outer loop
      vertex -1.2 5.35705 5
      vertex -1.2 16.7254 11.5
      vertex -1.2 16.7254 5
    endloop
  endfacet
  facet normal -1 -0 0
    outer loop
      vertex -1.2 16.7254 11.5
      vertex -1.2 5.35705 5
      vertex -1.2 5.35705 11.5
    endloop
  endfacet
  facet normal 0 1 -0
    outer loop
      vertex 1.2 16.7254 20.5
      vertex -1.2 16.7254 27
      vertex 1.2 16.7254 27
    endloop
  endfacet
  facet normal 0 1 0
    outer loop
      vertex -1.2 16.7254 27
      vertex 1.2 16.7254 20.5
      vertex -1.2 16.7254 20.5
    endloop
  endfacet
  facet normal 0 1 -0
    outer loop
      vertex 1.2 16.7254 5
      vertex -1.2 16.7254 11.5
      vertex 1.2 16.7254 11.5
    endloop
  endfacet
  facet normal 0 1 0
    outer loop
      vertex -1.2 16.7254 11.5
      vertex 1.2 16.7254 5
      vertex -1.2 16.7254 5
    endloop
  endfacet
  facet normal 0.309018 -0.951056 0
    outer loop
      vertex 5.46629 0.51435 20.5
      vertex 16.2776 4.02717 27
      vertex 5.46629 0.51435 27
    endloop
  endfacet
  facet normal 0.309018 -0.951056 0
    outer loop
      vertex 16.2776 4.02717 27
      vertex 5.46629 0.51435 20.5
      vertex 16.2776 4.02717 20.5
    endloop
  endfacet
  facet normal 0.309018 -0.951056 0
    outer loop
      vertex 5.46629 0.51435 5
      vertex 16.2776 4.02717 11.5
      vertex 5.46629 0.51435 11.5
    endloop
  endfacet
  facet normal 0.309018 -0.951056 0
    outer loop
      vertex 16.2776 4.02717 11.5
      vertex 5.46629 0.51435 5
      vertex 16.2776 4.02717 5
    endloop
  endfacet
  facet normal -0.309017 0.951057 0
    outer loop
      vertex 15.536 6.30971 20.5
      vertex 4.73053 2.7988 27
      vertex 15.536 6.30971 27
    endloop
  endfacet
  facet normal -0.309017 0.951057 0
    outer loop
      vertex 4.73053 2.7988 27
      vertex 15.536 6.30971 20.5
      vertex 4.73053 2.7988 20.5
    endloop
  endfacet
  facet normal -0.309017 0.951057 0
    outer loop
      vertex 15.536 6.30971 5
      vertex 4.73053 2.7988 11.5
      vertex 15.536 6.30971 11.5
    endloop
  endfacet
  facet normal -0.309017 0.951057 0
    outer loop
      vertex 4.73053 2.7988 11.5
      vertex 15.536 6.30971 5
      vertex 4.73053 2.7988 5
    endloop
  endfacet
  facet normal 0.951062 0.309001 0
    outer loop
      vertex 16.2776 4.02717 27
      vertex 15.536 6.30971 20.5
      vertex 15.536 6.30971 27
    endloop
  endfacet
  facet normal 0.951062 0.309001 0
    outer loop
      vertex 15.536 6.30971 20.5
      vertex 16.2776 4.02717 27
      vertex 16.2776 4.02717 20.5
    endloop
  endfacet
  facet normal 0.951062 0.309001 0
    outer loop
      vertex 16.2776 4.02717 11.5
      vertex 15.536 6.30971 5
      vertex 15.536 6.30971 11.5
    endloop
  endfacet
  facet normal 0.951062 0.309001 0
    outer loop
      vertex 15.536 6.30971 5
      vertex 16.2776 4.02717 11.5
      vertex 16.2776 4.02717 5
    endloop
  endfacet
  facet normal 0.587786 -0.809017 0
    outer loop
      vertex 8.86014 -14.2365 20.5
      vertex 10.8018 -12.8258 27
      vertex 8.86014 -14.2365 27
    endloop
  endfacet
  facet normal 0.587786 -0.809017 0
    outer loop
      vertex 10.8018 -12.8258 27
      vertex 8.86014 -14.2365 20.5
      vertex 10.8018 -12.8258 20.5
    endloop
  endfacet
  facet normal 0.587786 -0.809017 0
    outer loop
      vertex 8.86014 -14.2365 5
      vertex 10.8018 -12.8258 11.5
      vertex 8.86014 -14.2365 11.5
    endloop
  endfacet
  facet normal 0.587786 -0.809017 0
    outer loop
      vertex 10.8018 -12.8258 11.5
      vertex 8.86014 -14.2365 5
      vertex 10.8018 -12.8258 5
    endloop
  endfacet
  facet normal -0.809017 -0.587785 0
    outer loop
      vertex 8.86014 -14.2365 20.5
      vertex 2.18115 -5.04366 27
      vertex 2.18115 -5.04366 20.5
    endloop
  endfacet
  facet normal -0.809017 -0.587785 0
    outer loop
      vertex 2.18115 -5.04366 27
      vertex 8.86014 -14.2365 20.5
      vertex 8.86014 -14.2365 27
    endloop
  endfacet
  facet normal -0.809017 -0.587785 0
    outer loop
      vertex 8.86014 -14.2365 5
      vertex 2.18115 -5.04366 11.5
      vertex 2.18115 -5.04366 5
    endloop
  endfacet
  facet normal -0.809017 -0.587785 0
    outer loop
      vertex 2.18115 -5.04366 11.5
      vertex 8.86014 -14.2365 5
      vertex 8.86014 -14.2365 11.5
    endloop
  endfacet
  facet normal 0.809016 0.587787 0
    outer loop
      vertex 10.8018 -12.8258 27
      vertex 4.11867 -3.6273 20.5
      vertex 4.11867 -3.6273 27
    endloop
  endfacet
  facet normal 0.809016 0.587787 0
    outer loop
      vertex 4.11867 -3.6273 20.5
      vertex 10.8018 -12.8258 27
      vertex 10.8018 -12.8258 20.5
    endloop
  endfacet
  facet normal 0.809016 0.587787 0
    outer loop
      vertex 10.8018 -12.8258 11.5
      vertex 4.11867 -3.6273 5
      vertex 4.11867 -3.6273 11.5
    endloop
  endfacet
  facet normal 0.809016 0.587787 0
    outer loop
      vertex 4.11867 -3.6273 5
      vertex 10.8018 -12.8258 11.5
      vertex 10.8018 -12.8258 5
    endloop
  endfacet
  facet normal -0.587786 -0.809017 0
    outer loop
      vertex -10.8018 -12.8258 20.5
      vertex -8.86014 -14.2365 27
      vertex -10.8018 -12.8258 27
    endloop
  endfacet
  facet normal -0.587786 -0.809017 -0
    outer loop
      vertex -8.86014 -14.2365 27
      vertex -10.8018 -12.8258 20.5
      vertex -8.86014 -14.2365 20.5
    endloop
  endfacet
  facet normal -0.587786 -0.809017 0
    outer loop
      vertex -10.8018 -12.8258 5
      vertex -8.86014 -14.2365 11.5
      vertex -10.8018 -12.8258 11.5
    endloop
  endfacet
  facet normal -0.587786 -0.809017 -0
    outer loop
      vertex -8.86014 -14.2365 11.5
      vertex -10.8018 -12.8258 5
      vertex -8.86014 -14.2365 5
    endloop
  endfacet
  facet normal -0.809016 0.587787 0
    outer loop
      vertex -10.8018 -12.8258 20.5
      vertex -4.11867 -3.6273 27
      vertex -4.11867 -3.6273 20.5
    endloop
  endfacet
  facet normal -0.809016 0.587787 0
    outer loop
      vertex -4.11867 -3.6273 27
      vertex -10.8018 -12.8258 20.5
      vertex -10.8018 -12.8258 27
    endloop
  endfacet
  facet normal -0.809016 0.587787 0
    outer loop
      vertex -10.8018 -12.8258 5
      vertex -4.11867 -3.6273 11.5
      vertex -4.11867 -3.6273 5
    endloop
  endfacet
  facet normal -0.809016 0.587787 0
    outer loop
      vertex -4.11867 -3.6273 11.5
      vertex -10.8018 -12.8258 5
      vertex -10.8018 -12.8258 11.5
    endloop
  endfacet
  facet normal 0.809017 -0.587785 0
    outer loop
      vertex -8.86014 -14.2365 27
      vertex -2.18115 -5.04366 20.5
      vertex -2.18115 -5.04366 27
    endloop
  endfacet
  facet normal 0.809017 -0.587785 0
    outer loop
      vertex -2.18115 -5.04366 20.5
      vertex -8.86014 -14.2365 27
      vertex -8.86014 -14.2365 20.5
    endloop
  endfacet
  facet normal 0.809017 -0.587785 0
    outer loop
      vertex -8.86014 -14.2365 11.5
      vertex -2.18115 -5.04366 5
      vertex -2.18115 -5.04366 11.5
    endloop
  endfacet
  facet normal 0.809017 -0.587785 0
    outer loop
      vertex -2.18115 -5.04366 5
      vertex -8.86014 -14.2365 11.5
      vertex -8.86014 -14.2365 5
    endloop
  endfacet
  facet normal 0.107268 0.99423 -0
    outer loop
      vertex -15.5035 7.48272 12
      vertex -20.957 8.0711 20
      vertex -15.5035 7.48272 20
    endloop
  endfacet
  facet normal 0.107268 0.99423 0
    outer loop
      vertex -20.957 8.0711 20
      vertex -15.5035 7.48272 12
      vertex -20.957 8.0711 12
    endloop
  endfacet
  facet normal 0 0 1
    outer loop
      vertex -20.957 8.0711 20
      vertex -15.9142 6.59188 20
      vertex -15.5035 7.48272 20
    endloop
  endfacet
  facet normal 0 0 1
    outer loop
      vertex -20.957 8.0711 20
      vertex -16.3824 5.32295 20
      vertex -15.9142 6.59188 20
    endloop
  endfacet
  facet normal -0 0 1
    outer loop
      vertex -21.6987 5.78857 20
      vertex -16.3824 5.32295 20
      vertex -20.957 8.0711 20
    endloop
  endfacet
  facet normal 0 0 1
    outer loop
      vertex -16.3824 5.32295 20
      vertex -21.6987 5.78857 20
      vertex -16.7495 4.0212 20
    endloop
  endfacet
  facet normal 0 0 1
    outer loop
      vertex -16.7495 4.0212 20
      vertex -21.6987 5.78857 20
      vertex -16.9409 3.0591 20
    endloop
  endfacet
  facet normal -0.951049 0.30904 0
    outer loop
      vertex -21.6987 5.78857 12
      vertex -20.957 8.0711 20
      vertex -20.957 8.0711 12
    endloop
  endfacet
  facet normal -0.951049 0.30904 0
    outer loop
      vertex -20.957 8.0711 20
      vertex -21.6987 5.78857 12
      vertex -21.6987 5.78857 20
    endloop
  endfacet
  facet normal 0 0 -1
    outer loop
      vertex -15.9142 6.59188 12
      vertex -20.957 8.0711 12
      vertex -15.5035 7.48272 12
    endloop
  endfacet
  facet normal 0 0 -1
    outer loop
      vertex -16.3824 5.32295 12
      vertex -20.957 8.0711 12
      vertex -15.9142 6.59188 12
    endloop
  endfacet
  facet normal 0 0 -1
    outer loop
      vertex -21.6987 5.78857 12
      vertex -16.3824 5.32295 12
      vertex -16.7495 4.0212 12
    endloop
  endfacet
  facet normal 0 0 -1
    outer loop
      vertex -21.6987 5.78857 12
      vertex -16.7495 4.0212 12
      vertex -16.9409 3.0591 12
    endloop
  endfacet
  facet normal 0 0 -1
    outer loop
      vertex -16.3824 5.32295 12
      vertex -21.6987 5.78857 12
      vertex -20.957 8.0711 12
    endloop
  endfacet
  facet normal -0.497613 -0.867399 0
    outer loop
      vertex -21.6987 5.78857 12
      vertex -16.9409 3.0591 20
      vertex -21.6987 5.78857 20
    endloop
  endfacet
  facet normal -0.497613 -0.867399 -0
    outer loop
      vertex -16.9409 3.0591 20
      vertex -21.6987 5.78857 12
      vertex -16.9409 3.0591 12
    endloop
  endfacet
  facet normal 0.671178 0.741296 -0
    outer loop
      vertex -8.14439 15.1664 12
      vertex -12.2105 18.8479 20
      vertex -8.14439 15.1664 20
    endloop
  endfacet
  facet normal 0.671178 0.741296 0
    outer loop
      vertex -12.2105 18.8479 20
      vertex -8.14439 15.1664 12
      vertex -12.2105 18.8479 12
    endloop
  endfacet
  facet normal 0 0 1
    outer loop
      vertex -12.2105 18.8479 20
      vertex -9.00026 14.6871 20
      vertex -8.14439 15.1664 20
    endloop
  endfacet
  facet normal 0 0 1
    outer loop
      vertex -12.2105 18.8479 20
      vertex -10.1249 13.9357 20
      vertex -9.00026 14.6871 20
    endloop
  endfacet
  facet normal -0 0 1
    outer loop
      vertex -14.1521 17.4372 20
      vertex -10.1249 13.9357 20
      vertex -12.2105 18.8479 20
    endloop
  endfacet
  facet normal 0 0 1
    outer loop
      vertex -10.1249 13.9357 20
      vertex -14.1521 17.4372 20
      vertex -11.187 13.0983 20
    endloop
  endfacet
  facet normal 0 0 1
    outer loop
      vertex -11.187 13.0983 20
      vertex -14.1521 17.4372 20
      vertex -11.9073 12.4325 20
    endloop
  endfacet
  facet normal -0.587798 0.809008 0
    outer loop
      vertex -12.2105 18.8479 12
      vertex -14.1521 17.4372 20
      vertex -12.2105 18.8479 20
    endloop
  endfacet
  facet normal -0.587798 0.809008 0
    outer loop
      vertex -14.1521 17.4372 20
      vertex -12.2105 18.8479 12
      vertex -14.1521 17.4372 12
    endloop
  endfacet
  facet normal -0.91242 -0.409255 0
    outer loop
      vertex -11.9073 12.4325 12
      vertex -14.1521 17.4372 20
      vertex -14.1521 17.4372 12
    endloop
  endfacet
  facet normal -0.91242 -0.409255 0
    outer loop
      vertex -14.1521 17.4372 20
      vertex -11.9073 12.4325 12
      vertex -11.9073 12.4325 20
    endloop
  endfacet
  facet normal 0 0 -1
    outer loop
      vertex -9.00026 14.6871 12
      vertex -12.2105 18.8479 12
      vertex -8.14439 15.1664 12
    endloop
  endfacet
  facet normal 0 0 -1
    outer loop
      vertex -10.1249 13.9357 12
      vertex -12.2105 18.8479 12
      vertex -9.00026 14.6871 12
    endloop
  endfacet
  facet normal 0 0 -1
    outer loop
      vertex -14.1521 17.4372 12
      vertex -10.1249 13.9357 12
      vertex -11.187 13.0983 12
    endloop
  endfacet
  facet normal 0 0 -1
    outer loop
      vertex -14.1521 17.4372 12
      vertex -11.187 13.0983 12
      vertex -11.9073 12.4325 12
    endloop
  endfacet
  facet normal 0 0 -1
    outer loop
      vertex -10.1249 13.9357 12
      vertex -14.1521 17.4372 12
      vertex -12.2105 18.8479 12
    endloop
  endfacet
  facet normal -0.978717 0.205214 0
    outer loop
      vertex -2.32563 17.057 12
      vertex -1.2 22.4254 20
      vertex -1.2 22.4254 12
    endloop
  endfacet
  facet normal -0.978717 0.205214 0
    outer loop
      vertex -1.2 22.4254 20
      vertex -2.32563 17.057 12
      vertex -2.32563 17.057 20
    endloop
  endfacet
  facet normal 0.978717 0.205214 0
    outer loop
      vertex 2.32563 17.057 20
      vertex 1.2 22.4254 12
      vertex 1.2 22.4254 20
    endloop
  endfacet
  facet normal 0.978717 0.205214 0
    outer loop
      vertex 1.2 22.4254 12
      vertex 2.32563 17.057 20
      vertex 2.32563 17.057 12
    endloop
  endfacet
  facet normal 0 0 1
    outer loop
      vertex 1.2 22.4254 20
      vertex 1.35149 17.1723 20
      vertex 2.32563 17.057 20
    endloop
  endfacet
  facet normal 0 0 1
    outer loop
      vertex 1.2 22.4254 20
      vertex 0 17.2254 20
      vertex 1.35149 17.1723 20
    endloop
  endfacet
  facet normal -0 0 1
    outer loop
      vertex -1.2 22.4254 20
      vertex 0 17.2254 20
      vertex 1.2 22.4254 20
    endloop
  endfacet
  facet normal 0 0 1
    outer loop
      vertex -1.2 22.4254 20
      vertex -1.35149 17.1723 20
      vertex 0 17.2254 20
    endloop
  endfacet
  facet normal 0 -0 1
    outer loop
      vertex -1.35149 17.1723 20
      vertex -1.2 22.4254 20
      vertex -2.32563 17.057 20
    endloop
  endfacet
  facet normal 0 1 -0
    outer loop
      vertex 1.2 22.4254 12
      vertex -1.2 22.4254 20
      vertex 1.2 22.4254 20
    endloop
  endfacet
  facet normal 0 1 0
    outer loop
      vertex -1.2 22.4254 20
      vertex 1.2 22.4254 12
      vertex -1.2 22.4254 12
    endloop
  endfacet
  facet normal 0 0 -1
    outer loop
      vertex 1.35149 17.1723 12
      vertex 1.2 22.4254 12
      vertex 2.32563 17.057 12
    endloop
  endfacet
  facet normal 0 0 -1
    outer loop
      vertex 0 17.2254 12
      vertex 1.2 22.4254 12
      vertex 1.35149 17.1723 12
    endloop
  endfacet
  facet normal 0 0 -1
    outer loop
      vertex 0 17.2254 12
      vertex -1.2 22.4254 12
      vertex 1.2 22.4254 12
    endloop
  endfacet
  facet normal 0 0 -1
    outer loop
      vertex -1.35149 17.1723 12
      vertex -1.2 22.4254 12
      vertex 0 17.2254 12
    endloop
  endfacet
  facet normal 0 0 -1
    outer loop
      vertex -1.2 22.4254 12
      vertex -1.35149 17.1723 12
      vertex -2.32563 17.057 12
    endloop
  endfacet
  facet normal -0.671178 0.741296 0
    outer loop
      vertex 12.2105 18.8479 12
      vertex 8.14439 15.1664 20
      vertex 12.2105 18.8479 20
    endloop
  endfacet
  facet normal -0.671178 0.741296 0
    outer loop
      vertex 8.14439 15.1664 20
      vertex 12.2105 18.8479 12
      vertex 8.14439 15.1664 12
    endloop
  endfacet
  facet normal 0.91242 -0.409255 0
    outer loop
      vertex 11.9073 12.4325 20
      vertex 14.1521 17.4372 12
      vertex 14.1521 17.4372 20
    endloop
  endfacet
  facet normal 0.91242 -0.409255 0
    outer loop
      vertex 14.1521 17.4372 12
      vertex 11.9073 12.4325 20
      vertex 11.9073 12.4325 12
    endloop
  endfacet
  facet normal 0.587798 0.809008 -0
    outer loop
      vertex 14.1521 17.4372 12
      vertex 12.2105 18.8479 20
      vertex 14.1521 17.4372 20
    endloop
  endfacet
  facet normal 0.587798 0.809008 0
    outer loop
      vertex 12.2105 18.8479 20
      vertex 14.1521 17.4372 12
      vertex 12.2105 18.8479 12
    endloop
  endfacet
  facet normal 0 0 1
    outer loop
      vertex 10.1249 13.9357 20
      vertex 14.1521 17.4372 20
      vertex 12.2105 18.8479 20
    endloop
  endfacet
  facet normal 0 0 1
    outer loop
      vertex 14.1521 17.4372 20
      vertex 11.187 13.0983 20
      vertex 11.9073 12.4325 20
    endloop
  endfacet
  facet normal 0 0 1
    outer loop
      vertex 14.1521 17.4372 20
      vertex 10.1249 13.9357 20
      vertex 11.187 13.0983 20
    endloop
  endfacet
  facet normal 0 0 1
    outer loop
      vertex 12.2105 18.8479 20
      vertex 9.00026 14.6871 20
      vertex 10.1249 13.9357 20
    endloop
  endfacet
  facet normal 0 -0 1
    outer loop
      vertex 9.00026 14.6871 20
      vertex 12.2105 18.8479 20
      vertex 8.14439 15.1664 20
    endloop
  endfacet
  facet normal 0 0 -1
    outer loop
      vertex 11.187 13.0983 12
      vertex 14.1521 17.4372 12
      vertex 11.9073 12.4325 12
    endloop
  endfacet
  facet normal 0 0 -1
    outer loop
      vertex 10.1249 13.9357 12
      vertex 14.1521 17.4372 12
      vertex 11.187 13.0983 12
    endloop
  endfacet
  facet normal -0 0 -1
    outer loop
      vertex 14.1521 17.4372 12
      vertex 10.1249 13.9357 12
      vertex 12.2105 18.8479 12
    endloop
  endfacet
  facet normal 0 0 -1
    outer loop
      vertex 9.00026 14.6871 12
      vertex 12.2105 18.8479 12
      vertex 10.1249 13.9357 12
    endloop
  endfacet
  facet normal 0 0 -1
    outer loop
      vertex 12.2105 18.8479 12
      vertex 9.00026 14.6871 12
      vertex 8.14439 15.1664 12
    endloop
  endfacet
  facet normal 0.497613 -0.867399 0
    outer loop
      vertex 16.9409 3.0591 12
      vertex 21.6987 5.78857 20
      vertex 16.9409 3.0591 20
    endloop
  endfacet
  facet normal 0.497613 -0.867399 0
    outer loop
      vertex 21.6987 5.78857 20
      vertex 16.9409 3.0591 12
      vertex 21.6987 5.78857 12
    endloop
  endfacet
  facet normal -0.107268 0.99423 0
    outer loop
      vertex 20.957 8.0711 12
      vertex 15.5035 7.48272 20
      vertex 20.957 8.0711 20
    endloop
  endfacet
  facet normal -0.107268 0.99423 0
    outer loop
      vertex 15.5035 7.48272 20
      vertex 20.957 8.0711 12
      vertex 15.5035 7.48272 12
    endloop
  endfacet
  facet normal 0 0 1
    outer loop
      vertex 16.3824 5.32295 20
      vertex 21.6987 5.78857 20
      vertex 20.957 8.0711 20
    endloop
  endfacet
  facet normal 0 0 1
    outer loop
      vertex 21.6987 5.78857 20
      vertex 16.7495 4.0212 20
      vertex 16.9409 3.0591 20
    endloop
  endfacet
  facet normal 0 0 1
    outer loop
      vertex 21.6987 5.78857 20
      vertex 16.3824 5.32295 20
      vertex 16.7495 4.0212 20
    endloop
  endfacet
  facet normal 0 0 1
    outer loop
      vertex 20.957 8.0711 20
      vertex 15.9142 6.59188 20
      vertex 16.3824 5.32295 20
    endloop
  endfacet
  facet normal 0 -0 1
    outer loop
      vertex 15.9142 6.59188 20
      vertex 20.957 8.0711 20
      vertex 15.5035 7.48272 20
    endloop
  endfacet
  facet normal 0.951049 0.30904 0
    outer loop
      vertex 21.6987 5.78857 20
      vertex 20.957 8.0711 12
      vertex 20.957 8.0711 20
    endloop
  endfacet
  facet normal 0.951049 0.30904 0
    outer loop
      vertex 20.957 8.0711 12
      vertex 21.6987 5.78857 20
      vertex 21.6987 5.78857 12
    endloop
  endfacet
  facet normal 0 0 -1
    outer loop
      vertex 16.7495 4.0212 12
      vertex 21.6987 5.78857 12
      vertex 16.9409 3.0591 12
    endloop
  endfacet
  facet normal 0 0 -1
    outer loop
      vertex 16.3824 5.32295 12
      vertex 21.6987 5.78857 12
      vertex 16.7495 4.0212 12
    endloop
  endfacet
  facet normal -0 0 -1
    outer loop
      vertex 21.6987 5.78857 12
      vertex 16.3824 5.32295 12
      vertex 20.957 8.0711 12
    endloop
  endfacet
  facet normal 0 0 -1
    outer loop
      vertex 15.9142 6.59188 12
      vertex 20.957 8.0711 12
      vertex 16.3824 5.32295 12
    endloop
  endfacet
  facet normal 0 0 -1
    outer loop
      vertex 20.957 8.0711 12
      vertex 15.9142 6.59188 12
      vertex 15.5035 7.48272 12
    endloop
  endfacet
  facet normal 0.497613 0.867399 -0
    outer loop
      vertex 21.6987 -5.78857 12
      vertex 16.9409 -3.0591 20
      vertex 21.6987 -5.78857 20
    endloop
  endfacet
  facet normal 0.497613 0.867399 0
    outer loop
      vertex 16.9409 -3.0591 20
      vertex 21.6987 -5.78857 12
      vertex 16.9409 -3.0591 12
    endloop
  endfacet
  facet normal -0.107268 -0.99423 0
    outer loop
      vertex 15.5035 -7.48272 12
      vertex 20.957 -8.0711 20
      vertex 15.5035 -7.48272 20
    endloop
  endfacet
  facet normal -0.107268 -0.99423 -0
    outer loop
      vertex 20.957 -8.0711 20
      vertex 15.5035 -7.48272 12
      vertex 20.957 -8.0711 12
    endloop
  endfacet
  facet normal 0 0 -1
    outer loop
      vertex 16.3824 -5.32295 12
      vertex 21.6987 -5.78857 12
      vertex 20.957 -8.0711 12
    endloop
  endfacet
  facet normal 0 0 -1
    outer loop
      vertex 21.6987 -5.78857 12
      vertex 16.7495 -4.0212 12
      vertex 16.9409 -3.0591 12
    endloop
  endfacet
  facet normal 0 0 -1
    outer loop
      vertex 21.6987 -5.78857 12
      vertex 16.3824 -5.32295 12
      vertex 16.7495 -4.0212 12
    endloop
  endfacet
  facet normal 0 0 -1
    outer loop
      vertex 20.957 -8.0711 12
      vertex 15.9142 -6.59188 12
      vertex 16.3824 -5.32295 12
    endloop
  endfacet
  facet normal 0 -0 -1
    outer loop
      vertex 15.9142 -6.59188 12
      vertex 20.957 -8.0711 12
      vertex 15.5035 -7.48272 12
    endloop
  endfacet
  facet normal 0.951049 -0.30904 0
    outer loop
      vertex 20.957 -8.0711 20
      vertex 21.6987 -5.78857 12
      vertex 21.6987 -5.78857 20
    endloop
  endfacet
  facet normal 0.951049 -0.30904 0
    outer loop
      vertex 21.6987 -5.78857 12
      vertex 20.957 -8.0711 20
      vertex 20.957 -8.0711 12
    endloop
  endfacet
  facet normal -0 0 1
    outer loop
      vertex 16.7495 -4.0212 20
      vertex 21.6987 -5.78857 20
      vertex 16.9409 -3.0591 20
    endloop
  endfacet
  facet normal -0 0 1
    outer loop
      vertex 16.3824 -5.32295 20
      vertex 21.6987 -5.78857 20
      vertex 16.7495 -4.0212 20
    endloop
  endfacet
  facet normal 0 0 1
    outer loop
      vertex 21.6987 -5.78857 20
      vertex 16.3824 -5.32295 20
      vertex 20.957 -8.0711 20
    endloop
  endfacet
  facet normal -0 0 1
    outer loop
      vertex 15.9142 -6.59188 20
      vertex 20.957 -8.0711 20
      vertex 16.3824 -5.32295 20
    endloop
  endfacet
  facet normal 0 0 1
    outer loop
      vertex 20.957 -8.0711 20
      vertex 15.9142 -6.59188 20
      vertex 15.5035 -7.48272 20
    endloop
  endfacet
  facet normal -0.671178 -0.741296 0
    outer loop
      vertex 8.14439 -15.1664 12
      vertex 12.2105 -18.8479 20
      vertex 8.14439 -15.1664 20
    endloop
  endfacet
  facet normal -0.671178 -0.741296 -0
    outer loop
      vertex 12.2105 -18.8479 20
      vertex 8.14439 -15.1664 12
      vertex 12.2105 -18.8479 12
    endloop
  endfacet
  facet normal 0.91242 0.409255 0
    outer loop
      vertex 14.1521 -17.4372 20
      vertex 11.9073 -12.4325 12
      vertex 11.9073 -12.4325 20
    endloop
  endfacet
  facet normal 0.91242 0.409255 0
    outer loop
      vertex 11.9073 -12.4325 12
      vertex 14.1521 -17.4372 20
      vertex 14.1521 -17.4372 12
    endloop
  endfacet
  facet normal -0 0 1
    outer loop
      vertex 11.187 -13.0983 20
      vertex 14.1521 -17.4372 20
      vertex 11.9073 -12.4325 20
    endloop
  endfacet
  facet normal -0 0 1
    outer loop
      vertex 10.1249 -13.9357 20
      vertex 14.1521 -17.4372 20
      vertex 11.187 -13.0983 20
    endloop
  endfacet
  facet normal 0 0 1
    outer loop
      vertex 14.1521 -17.4372 20
      vertex 10.1249 -13.9357 20
      vertex 12.2105 -18.8479 20
    endloop
  endfacet
  facet normal -0 0 1
    outer loop
      vertex 9.00026 -14.6871 20
      vertex 12.2105 -18.8479 20
      vertex 10.1249 -13.9357 20
    endloop
  endfacet
  facet normal 0 0 1
    outer loop
      vertex 12.2105 -18.8479 20
      vertex 9.00026 -14.6871 20
      vertex 8.14439 -15.1664 20
    endloop
  endfacet
  facet normal 0.587798 -0.809008 0
    outer loop
      vertex 12.2105 -18.8479 12
      vertex 14.1521 -17.4372 20
      vertex 12.2105 -18.8479 20
    endloop
  endfacet
  facet normal 0.587798 -0.809008 0
    outer loop
      vertex 14.1521 -17.4372 20
      vertex 12.2105 -18.8479 12
      vertex 14.1521 -17.4372 12
    endloop
  endfacet
  facet normal 0 0 -1
    outer loop
      vertex 10.1249 -13.9357 12
      vertex 14.1521 -17.4372 12
      vertex 12.2105 -18.8479 12
    endloop
  endfacet
  facet normal 0 0 -1
    outer loop
      vertex 14.1521 -17.4372 12
      vertex 11.187 -13.0983 12
      vertex 11.9073 -12.4325 12
    endloop
  endfacet
  facet normal 0 0 -1
    outer loop
      vertex 14.1521 -17.4372 12
      vertex 10.1249 -13.9357 12
      vertex 11.187 -13.0983 12
    endloop
  endfacet
  facet normal 0 0 -1
    outer loop
      vertex 12.2105 -18.8479 12
      vertex 9.00026 -14.6871 12
      vertex 10.1249 -13.9357 12
    endloop
  endfacet
  facet normal 0 -0 -1
    outer loop
      vertex 9.00026 -14.6871 12
      vertex 12.2105 -18.8479 12
      vertex 8.14439 -15.1664 12
    endloop
  endfacet
  facet normal -0.978717 -0.205214 0
    outer loop
      vertex -1.2 -22.4254 12
      vertex -2.32563 -17.057 20
      vertex -2.32563 -17.057 12
    endloop
  endfacet
  facet normal -0.978717 -0.205214 0
    outer loop
      vertex -2.32563 -17.057 20
      vertex -1.2 -22.4254 12
      vertex -1.2 -22.4254 20
    endloop
  endfacet
  facet normal 0 0 -1
    outer loop
      vertex 1.2 -22.4254 12
      vertex 1.35149 -17.1723 12
      vertex 2.32563 -17.057 12
    endloop
  endfacet
  facet normal 0 0 -1
    outer loop
      vertex 1.2 -22.4254 12
      vertex 0 -17.2254 12
      vertex 1.35149 -17.1723 12
    endloop
  endfacet
  facet normal 0 0 -1
    outer loop
      vertex -1.2 -22.4254 12
      vertex 0 -17.2254 12
      vertex 1.2 -22.4254 12
    endloop
  endfacet
  facet normal 0 0 -1
    outer loop
      vertex -1.2 -22.4254 12
      vertex -1.35149 -17.1723 12
      vertex 0 -17.2254 12
    endloop
  endfacet
  facet normal -0 -0 -1
    outer loop
      vertex -1.35149 -17.1723 12
      vertex -1.2 -22.4254 12
      vertex -2.32563 -17.057 12
    endloop
  endfacet
  facet normal -0 0 1
    outer loop
      vertex 1.35149 -17.1723 20
      vertex 1.2 -22.4254 20
      vertex 2.32563 -17.057 20
    endloop
  endfacet
  facet normal -0 0 1
    outer loop
      vertex 0 -17.2254 20
      vertex 1.2 -22.4254 20
      vertex 1.35149 -17.1723 20
    endloop
  endfacet
  facet normal 0 0 1
    outer loop
      vertex 0 -17.2254 20
      vertex -1.2 -22.4254 20
      vertex 1.2 -22.4254 20
    endloop
  endfacet
  facet normal 0 0 1
    outer loop
      vertex -1.35149 -17.1723 20
      vertex -1.2 -22.4254 20
      vertex 0 -17.2254 20
    endloop
  endfacet
  facet normal 0 0 1
    outer loop
      vertex -1.2 -22.4254 20
      vertex -1.35149 -17.1723 20
      vertex -2.32563 -17.057 20
    endloop
  endfacet
  facet normal 0 -1 0
    outer loop
      vertex -1.2 -22.4254 12
      vertex 1.2 -22.4254 20
      vertex -1.2 -22.4254 20
    endloop
  endfacet
  facet normal 0 -1 -0
    outer loop
      vertex 1.2 -22.4254 20
      vertex -1.2 -22.4254 12
      vertex 1.2 -22.4254 12
    endloop
  endfacet
  facet normal 0.978717 -0.205214 0
    outer loop
      vertex 1.2 -22.4254 20
      vertex 2.32563 -17.057 12
      vertex 2.32563 -17.057 20
    endloop
  endfacet
  facet normal 0.978717 -0.205214 0
    outer loop
      vertex 2.32563 -17.057 12
      vertex 1.2 -22.4254 20
      vertex 1.2 -22.4254 12
    endloop
  endfacet
  facet normal -0.91242 0.409255 0
    outer loop
      vertex -14.1521 -17.4372 12
      vertex -11.9073 -12.4325 20
      vertex -11.9073 -12.4325 12
    endloop
  endfacet
  facet normal -0.91242 0.409255 0
    outer loop
      vertex -11.9073 -12.4325 20
      vertex -14.1521 -17.4372 12
      vertex -14.1521 -17.4372 20
    endloop
  endfacet
  facet normal 0 0 -1
    outer loop
      vertex -12.2105 -18.8479 12
      vertex -9.00026 -14.6871 12
      vertex -8.14439 -15.1664 12
    endloop
  endfacet
  facet normal 0 0 -1
    outer loop
      vertex -12.2105 -18.8479 12
      vertex -10.1249 -13.9357 12
      vertex -9.00026 -14.6871 12
    endloop
  endfacet
  facet normal 0 0 -1
    outer loop
      vertex -14.1521 -17.4372 12
      vertex -10.1249 -13.9357 12
      vertex -12.2105 -18.8479 12
    endloop
  endfacet
  facet normal -0 0 -1
    outer loop
      vertex -10.1249 -13.9357 12
      vertex -14.1521 -17.4372 12
      vertex -11.187 -13.0983 12
    endloop
  endfacet
  facet normal -0 0 -1
    outer loop
      vertex -11.187 -13.0983 12
      vertex -14.1521 -17.4372 12
      vertex -11.9073 -12.4325 12
    endloop
  endfacet
  facet normal 0 0 1
    outer loop
      vertex -9.00026 -14.6871 20
      vertex -12.2105 -18.8479 20
      vertex -8.14439 -15.1664 20
    endloop
  endfacet
  facet normal 0 0 1
    outer loop
      vertex -10.1249 -13.9357 20
      vertex -12.2105 -18.8479 20
      vertex -9.00026 -14.6871 20
    endloop
  endfacet
  facet normal 0 0 1
    outer loop
      vertex -14.1521 -17.4372 20
      vertex -10.1249 -13.9357 20
      vertex -11.187 -13.0983 20
    endloop
  endfacet
  facet normal 0 0 1
    outer loop
      vertex -14.1521 -17.4372 20
      vertex -11.187 -13.0983 20
      vertex -11.9073 -12.4325 20
    endloop
  endfacet
  facet normal 0 0 1
    outer loop
      vertex -10.1249 -13.9357 20
      vertex -14.1521 -17.4372 20
      vertex -12.2105 -18.8479 20
    endloop
  endfacet
  facet normal -0.587798 -0.809008 0
    outer loop
      vertex -14.1521 -17.4372 12
      vertex -12.2105 -18.8479 20
      vertex -14.1521 -17.4372 20
    endloop
  endfacet
  facet normal -0.587798 -0.809008 -0
    outer loop
      vertex -12.2105 -18.8479 20
      vertex -14.1521 -17.4372 12
      vertex -12.2105 -18.8479 12
    endloop
  endfacet
  facet normal 0.671178 -0.741296 0
    outer loop
      vertex -12.2105 -18.8479 12
      vertex -8.14439 -15.1664 20
      vertex -12.2105 -18.8479 20
    endloop
  endfacet
  facet normal 0.671178 -0.741296 0
    outer loop
      vertex -8.14439 -15.1664 20
      vertex -12.2105 -18.8479 12
      vertex -8.14439 -15.1664 12
    endloop
  endfacet
  facet normal -0.497613 0.867399 0
    outer loop
      vertex -16.9409 -3.0591 12
      vertex -21.6987 -5.78857 20
      vertex -16.9409 -3.0591 20
    endloop
  endfacet
  facet normal -0.497613 0.867399 0
    outer loop
      vertex -21.6987 -5.78857 20
      vertex -16.9409 -3.0591 12
      vertex -21.6987 -5.78857 12
    endloop
  endfacet
  facet normal 0 0 1
    outer loop
      vertex -15.9142 -6.59188 20
      vertex -20.957 -8.0711 20
      vertex -15.5035 -7.48272 20
    endloop
  endfacet
  facet normal 0 0 1
    outer loop
      vertex -16.3824 -5.32295 20
      vertex -20.957 -8.0711 20
      vertex -15.9142 -6.59188 20
    endloop
  endfacet
  facet normal 0 0 1
    outer loop
      vertex -21.6987 -5.78857 20
      vertex -16.3824 -5.32295 20
      vertex -16.7495 -4.0212 20
    endloop
  endfacet
  facet normal 0 0 1
    outer loop
      vertex -21.6987 -5.78857 20
      vertex -16.7495 -4.0212 20
      vertex -16.9409 -3.0591 20
    endloop
  endfacet
  facet normal 0 0 1
    outer loop
      vertex -16.3824 -5.32295 20
      vertex -21.6987 -5.78857 20
      vertex -20.957 -8.0711 20
    endloop
  endfacet
  facet normal -0.951049 -0.30904 0
    outer loop
      vertex -20.957 -8.0711 12
      vertex -21.6987 -5.78857 20
      vertex -21.6987 -5.78857 12
    endloop
  endfacet
  facet normal -0.951049 -0.30904 0
    outer loop
      vertex -21.6987 -5.78857 20
      vertex -20.957 -8.0711 12
      vertex -20.957 -8.0711 20
    endloop
  endfacet
  facet normal 0.107268 -0.99423 0
    outer loop
      vertex -20.957 -8.0711 12
      vertex -15.5035 -7.48272 20
      vertex -20.957 -8.0711 20
    endloop
  endfacet
  facet normal 0.107268 -0.99423 0
    outer loop
      vertex -15.5035 -7.48272 20
      vertex -20.957 -8.0711 12
      vertex -15.5035 -7.48272 12
    endloop
  endfacet
  facet normal 0 0 -1
    outer loop
      vertex -20.957 -8.0711 12
      vertex -15.9142 -6.59188 12
      vertex -15.5035 -7.48272 12
    endloop
  endfacet
  facet normal 0 0 -1
    outer loop
      vertex -20.957 -8.0711 12
      vertex -16.3824 -5.32295 12
      vertex -15.9142 -6.59188 12
    endloop
  endfacet
  facet normal 0 0 -1
    outer loop
      vertex -21.6987 -5.78857 12
      vertex -16.3824 -5.32295 12
      vertex -20.957 -8.0711 12
    endloop
  endfacet
  facet normal -0 0 -1
    outer loop
      vertex -16.3824 -5.32295 12
      vertex -21.6987 -5.78857 12
      vertex -16.7495 -4.0212 12
    endloop
  endfacet
  facet normal -0 0 -1
    outer loop
      vertex -16.7495 -4.0212 12
      vertex -21.6987 -5.78857 12
      vertex -16.9409 -3.0591 12
    endloop
  endfacet
  facet normal -0.0653986 -0.997859 0
    outer loop
      vertex -0.717894 -5.45295 0
      vertex 0 -5.5 1
      vertex -0.717894 -5.45295 1
    endloop
  endfacet
  facet normal -0.0653986 -0.997859 -0
    outer loop
      vertex 0 -5.5 1
      vertex -0.717894 -5.45295 0
      vertex 0 -5.5 0
    endloop
  endfacet
  facet normal -0.0653986 -0.997859 0
    outer loop
      vertex -0.717894 -5.45295 20.5
      vertex 0 -5.5 27
      vertex -0.717894 -5.45295 27
    endloop
  endfacet
  facet normal -0.0653986 -0.997859 -0
    outer loop
      vertex 0 -5.5 27
      vertex -0.717894 -5.45295 20.5
      vertex 0 -5.5 20.5
    endloop
  endfacet
  facet normal -0.0653986 -0.997859 0
    outer loop
      vertex -0.717894 -5.45295 5
      vertex 0 -5.5 11.5
      vertex -0.717894 -5.45295 11.5
    endloop
  endfacet
  facet normal -0.0653986 -0.997859 -0
    outer loop
      vertex 0 -5.5 11.5
      vertex -0.717894 -5.45295 5
      vertex 0 -5.5 5
    endloop
  endfacet
  facet normal -0.980784 0.195099 0
    outer loop
      vertex -5.45295 0.717894 0
      vertex -5.31259 1.4235 1
      vertex -5.31259 1.4235 0
    endloop
  endfacet
  facet normal -0.980784 0.195099 0
    outer loop
      vertex -5.31259 1.4235 1
      vertex -5.45295 0.717894 0
      vertex -5.45295 0.717894 1
    endloop
  endfacet
  facet normal -0.997859 0.0653986 0
    outer loop
      vertex -5.5 0 0
      vertex -5.45295 0.717894 1
      vertex -5.45295 0.717894 0
    endloop
  endfacet
  facet normal -0.997859 0.0653986 0
    outer loop
      vertex -5.45295 0.717894 1
      vertex -5.5 0 0
      vertex -5.5 0 1
    endloop
  endfacet
  facet normal -0.997859 0.0653987 0
    outer loop
      vertex -5.5 0 20.5
      vertex -5.46629 0.51435 27
      vertex -5.46629 0.51435 20.5
    endloop
  endfacet
  facet normal -0.997859 0.0653987 0
    outer loop
      vertex -5.46629 0.51435 27
      vertex -5.5 0 20.5
      vertex -5.5 0 27
    endloop
  endfacet
  facet normal -0.997859 0.0653987 0
    outer loop
      vertex -5.5 0 5
      vertex -5.46629 0.51435 11.5
      vertex -5.46629 0.51435 5
    endloop
  endfacet
  facet normal -0.997859 0.0653987 0
    outer loop
      vertex -5.46629 0.51435 11.5
      vertex -5.5 0 5
      vertex -5.5 0 11.5
    endloop
  endfacet
  facet normal -0.946933 0.321431 0
    outer loop
      vertex -5.31259 1.4235 0
      vertex -5.08134 2.10476 1
      vertex -5.08134 2.10476 0
    endloop
  endfacet
  facet normal -0.946933 0.321431 0
    outer loop
      vertex -5.08134 2.10476 1
      vertex -5.31259 1.4235 0
      vertex -5.31259 1.4235 1
    endloop
  endfacet
  facet normal -0.831468 -0.555572 0
    outer loop
      vertex -4.36344 -3.34819 0
      vertex -4.76314 -2.75 1
      vertex -4.76314 -2.75 0
    endloop
  endfacet
  facet normal -0.831468 -0.555572 0
    outer loop
      vertex -4.76314 -2.75 1
      vertex -4.36344 -3.34819 0
      vertex -4.36344 -3.34819 1
    endloop
  endfacet
  facet normal -0.831468 -0.555572 0
    outer loop
      vertex -4.36344 -3.34819 20.5
      vertex -4.76314 -2.75 27
      vertex -4.76314 -2.75 20.5
    endloop
  endfacet
  facet normal -0.831468 -0.555572 0
    outer loop
      vertex -4.76314 -2.75 27
      vertex -4.36344 -3.34819 20.5
      vertex -4.36344 -3.34819 27
    endloop
  endfacet
  facet normal -0.831468 -0.555572 0
    outer loop
      vertex -4.36344 -3.34819 5
      vertex -4.76314 -2.75 11.5
      vertex -4.76314 -2.75 5
    endloop
  endfacet
  facet normal -0.831468 -0.555572 0
    outer loop
      vertex -4.76314 -2.75 11.5
      vertex -4.36344 -3.34819 5
      vertex -4.36344 -3.34819 11.5
    endloop
  endfacet
  facet normal 0.442292 -0.896871 0
    outer loop
      vertex 2.10476 -5.08134 0
      vertex 2.75 -4.76314 1
      vertex 2.10476 -5.08134 1
    endloop
  endfacet
  facet normal 0.442292 -0.896871 0
    outer loop
      vertex 2.75 -4.76314 1
      vertex 2.10476 -5.08134 0
      vertex 2.75 -4.76314 0
    endloop
  endfacet
  facet normal 0.44237 -0.896833 0
    outer loop
      vertex 2.10476 -5.08134 20.5
      vertex 2.18115 -5.04366 27
      vertex 2.10476 -5.08134 27
    endloop
  endfacet
  facet normal 0.44237 -0.896833 0
    outer loop
      vertex 2.18115 -5.04366 27
      vertex 2.10476 -5.08134 20.5
      vertex 2.18115 -5.04366 20.5
    endloop
  endfacet
  facet normal 0.44237 -0.896833 0
    outer loop
      vertex 2.10476 -5.08134 5
      vertex 2.18115 -5.04366 11.5
      vertex 2.10476 -5.08134 11.5
    endloop
  endfacet
  facet normal 0.44237 -0.896833 0
    outer loop
      vertex 2.18115 -5.04366 11.5
      vertex 2.10476 -5.08134 5
      vertex 2.18115 -5.04366 5
    endloop
  endfacet
  facet normal -0.896871 0.442292 0
    outer loop
      vertex -5.08134 2.10476 0
      vertex -4.76314 2.75 1
      vertex -4.76314 2.75 0
    endloop
  endfacet
  facet normal -0.896871 0.442292 0
    outer loop
      vertex -4.76314 2.75 1
      vertex -5.08134 2.10476 0
      vertex -5.08134 2.10476 1
    endloop
  endfacet
  facet normal -0.321431 0.946933 0
    outer loop
      vertex -1.4235 5.31259 0
      vertex -2.10476 5.08134 1
      vertex -1.4235 5.31259 1
    endloop
  endfacet
  facet normal -0.321431 0.946933 0
    outer loop
      vertex -2.10476 5.08134 1
      vertex -1.4235 5.31259 0
      vertex -2.10476 5.08134 0
    endloop
  endfacet
  facet normal -0.321431 0.946933 0
    outer loop
      vertex -1.4235 5.31259 20.5
      vertex -2.10476 5.08134 27
      vertex -1.4235 5.31259 27
    endloop
  endfacet
  facet normal -0.321431 0.946933 0
    outer loop
      vertex -2.10476 5.08134 27
      vertex -1.4235 5.31259 20.5
      vertex -2.10476 5.08134 20.5
    endloop
  endfacet
  facet normal -0.321431 0.946933 0
    outer loop
      vertex -1.4235 5.31259 5
      vertex -2.10476 5.08134 11.5
      vertex -1.4235 5.31259 11.5
    endloop
  endfacet
  facet normal -0.321431 0.946933 0
    outer loop
      vertex -2.10476 5.08134 11.5
      vertex -1.4235 5.31259 5
      vertex -2.10476 5.08134 5
    endloop
  endfacet
  facet normal -0.659341 0.751844 0
    outer loop
      vertex -3.34819 4.36344 0
      vertex -3.88909 3.88909 1
      vertex -3.34819 4.36344 1
    endloop
  endfacet
  facet normal -0.659341 0.751844 0
    outer loop
      vertex -3.88909 3.88909 1
      vertex -3.34819 4.36344 0
      vertex -3.88909 3.88909 0
    endloop
  endfacet
  facet normal -0.659341 0.751844 0
    outer loop
      vertex -3.34819 4.36344 20.5
      vertex -3.88909 3.88909 27
      vertex -3.34819 4.36344 27
    endloop
  endfacet
  facet normal -0.659341 0.751844 0
    outer loop
      vertex -3.88909 3.88909 27
      vertex -3.34819 4.36344 20.5
      vertex -3.88909 3.88909 20.5
    endloop
  endfacet
  facet normal -0.659341 0.751844 0
    outer loop
      vertex -3.34819 4.36344 5
      vertex -3.88909 3.88909 11.5
      vertex -3.34819 4.36344 11.5
    endloop
  endfacet
  facet normal -0.659341 0.751844 0
    outer loop
      vertex -3.88909 3.88909 11.5
      vertex -3.34819 4.36344 5
      vertex -3.88909 3.88909 5
    endloop
  endfacet
  facet normal -0.896871 -0.442292 0
    outer loop
      vertex -4.76314 -2.75 0
      vertex -5.08134 -2.10476 1
      vertex -5.08134 -2.10476 0
    endloop
  endfacet
  facet normal -0.896871 -0.442292 0
    outer loop
      vertex -5.08134 -2.10476 1
      vertex -4.76314 -2.75 0
      vertex -4.76314 -2.75 1
    endloop
  endfacet
  facet normal -0.896871 -0.442292 0
    outer loop
      vertex -4.76314 -2.75 20.5
      vertex -5.08134 -2.10476 27
      vertex -5.08134 -2.10476 20.5
    endloop
  endfacet
  facet normal -0.896871 -0.442292 0
    outer loop
      vertex -5.08134 -2.10476 27
      vertex -4.76314 -2.75 20.5
      vertex -4.76314 -2.75 27
    endloop
  endfacet
  facet normal -0.896871 -0.442292 0
    outer loop
      vertex -4.76314 -2.75 5
      vertex -5.08134 -2.10476 11.5
      vertex -5.08134 -2.10476 5
    endloop
  endfacet
  facet normal -0.896871 -0.442292 0
    outer loop
      vertex -5.08134 -2.10476 11.5
      vertex -4.76314 -2.75 5
      vertex -4.76314 -2.75 11.5
    endloop
  endfacet
  facet normal -0.442292 -0.896871 0
    outer loop
      vertex -2.75 -4.76314 0
      vertex -2.10476 -5.08134 1
      vertex -2.75 -4.76314 1
    endloop
  endfacet
  facet normal -0.442292 -0.896871 -0
    outer loop
      vertex -2.10476 -5.08134 1
      vertex -2.75 -4.76314 0
      vertex -2.10476 -5.08134 0
    endloop
  endfacet
  facet normal -0.44237 -0.896833 0
    outer loop
      vertex -2.18115 -5.04366 20.5
      vertex -2.10476 -5.08134 27
      vertex -2.18115 -5.04366 27
    endloop
  endfacet
  facet normal -0.44237 -0.896833 -0
    outer loop
      vertex -2.10476 -5.08134 27
      vertex -2.18115 -5.04366 20.5
      vertex -2.10476 -5.08134 20.5
    endloop
  endfacet
  facet normal -0.44237 -0.896833 0
    outer loop
      vertex -2.18115 -5.04366 5
      vertex -2.10476 -5.08134 11.5
      vertex -2.18115 -5.04366 11.5
    endloop
  endfacet
  facet normal -0.44237 -0.896833 -0
    outer loop
      vertex -2.10476 -5.08134 11.5
      vertex -2.18115 -5.04366 5
      vertex -2.10476 -5.08134 5
    endloop
  endfacet
  facet normal 0.659341 0.751844 -0
    outer loop
      vertex 3.88909 3.88909 0
      vertex 3.34819 4.36344 1
      vertex 3.88909 3.88909 1
    endloop
  endfacet
  facet normal 0.659341 0.751844 0
    outer loop
      vertex 3.34819 4.36344 1
      vertex 3.88909 3.88909 0
      vertex 3.34819 4.36344 0
    endloop
  endfacet
  facet normal 0.659341 0.751844 -0
    outer loop
      vertex 3.88909 3.88909 20.5
      vertex 3.34819 4.36344 27
      vertex 3.88909 3.88909 27
    endloop
  endfacet
  facet normal 0.659341 0.751844 0
    outer loop
      vertex 3.34819 4.36344 27
      vertex 3.88909 3.88909 20.5
      vertex 3.34819 4.36344 20.5
    endloop
  endfacet
  facet normal 0.659341 0.751844 -0
    outer loop
      vertex 3.88909 3.88909 5
      vertex 3.34819 4.36344 11.5
      vertex 3.88909 3.88909 11.5
    endloop
  endfacet
  facet normal 0.659341 0.751844 0
    outer loop
      vertex 3.34819 4.36344 11.5
      vertex 3.88909 3.88909 5
      vertex 3.34819 4.36344 5
    endloop
  endfacet
  facet normal 0.980784 0.195099 0
    outer loop
      vertex 5.45295 0.717894 1
      vertex 5.31259 1.4235 0
      vertex 5.31259 1.4235 1
    endloop
  endfacet
  facet normal 0.980784 0.195099 0
    outer loop
      vertex 5.31259 1.4235 0
      vertex 5.45295 0.717894 1
      vertex 5.45295 0.717894 0
    endloop
  endfacet
  facet normal 0.555572 -0.831468 0
    outer loop
      vertex 2.75 -4.76314 0
      vertex 3.34819 -4.36344 1
      vertex 2.75 -4.76314 1
    endloop
  endfacet
  facet normal 0.555572 -0.831468 0
    outer loop
      vertex 3.34819 -4.36344 1
      vertex 2.75 -4.76314 0
      vertex 3.34819 -4.36344 0
    endloop
  endfacet
  facet normal 0.0653986 -0.997859 0
    outer loop
      vertex 0 -5.5 0
      vertex 0.717894 -5.45295 1
      vertex 0 -5.5 1
    endloop
  endfacet
  facet normal 0.0653986 -0.997859 0
    outer loop
      vertex 0.717894 -5.45295 1
      vertex 0 -5.5 0
      vertex 0.717894 -5.45295 0
    endloop
  endfacet
  facet normal 0.0653986 -0.997859 0
    outer loop
      vertex 0 -5.5 20.5
      vertex 0.717894 -5.45295 27
      vertex 0 -5.5 27
    endloop
  endfacet
  facet normal 0.0653986 -0.997859 0
    outer loop
      vertex 0.717894 -5.45295 27
      vertex 0 -5.5 20.5
      vertex 0.717894 -5.45295 20.5
    endloop
  endfacet
  facet normal 0.0653986 -0.997859 0
    outer loop
      vertex 0 -5.5 5
      vertex 0.717894 -5.45295 11.5
      vertex 0 -5.5 11.5
    endloop
  endfacet
  facet normal 0.0653986 -0.997859 0
    outer loop
      vertex 0.717894 -5.45295 11.5
      vertex 0 -5.5 5
      vertex 0.717894 -5.45295 5
    endloop
  endfacet
  facet normal -0.442292 0.896871 0
    outer loop
      vertex -2.10476 5.08134 0
      vertex -2.75 4.76314 1
      vertex -2.10476 5.08134 1
    endloop
  endfacet
  facet normal -0.442292 0.896871 0
    outer loop
      vertex -2.75 4.76314 1
      vertex -2.10476 5.08134 0
      vertex -2.75 4.76314 0
    endloop
  endfacet
  facet normal -0.442292 0.896871 0
    outer loop
      vertex -2.10476 5.08134 20.5
      vertex -2.75 4.76314 27
      vertex -2.10476 5.08134 27
    endloop
  endfacet
  facet normal -0.442292 0.896871 0
    outer loop
      vertex -2.75 4.76314 27
      vertex -2.10476 5.08134 20.5
      vertex -2.75 4.76314 20.5
    endloop
  endfacet
  facet normal -0.442292 0.896871 0
    outer loop
      vertex -2.10476 5.08134 5
      vertex -2.75 4.76314 11.5
      vertex -2.10476 5.08134 11.5
    endloop
  endfacet
  facet normal -0.442292 0.896871 0
    outer loop
      vertex -2.75 4.76314 11.5
      vertex -2.10476 5.08134 5
      vertex -2.75 4.76314 5
    endloop
  endfacet
  facet normal -0.321431 -0.946933 0
    outer loop
      vertex -2.10476 -5.08134 0
      vertex -1.4235 -5.31259 1
      vertex -2.10476 -5.08134 1
    endloop
  endfacet
  facet normal -0.321431 -0.946933 -0
    outer loop
      vertex -1.4235 -5.31259 1
      vertex -2.10476 -5.08134 0
      vertex -1.4235 -5.31259 0
    endloop
  endfacet
  facet normal -0.321431 -0.946933 0
    outer loop
      vertex -2.10476 -5.08134 20.5
      vertex -1.4235 -5.31259 27
      vertex -2.10476 -5.08134 27
    endloop
  endfacet
  facet normal -0.321431 -0.946933 -0
    outer loop
      vertex -1.4235 -5.31259 27
      vertex -2.10476 -5.08134 20.5
      vertex -1.4235 -5.31259 20.5
    endloop
  endfacet
  facet normal -0.321431 -0.946933 0
    outer loop
      vertex -2.10476 -5.08134 5
      vertex -1.4235 -5.31259 11.5
      vertex -2.10476 -5.08134 11.5
    endloop
  endfacet
  facet normal -0.321431 -0.946933 -0
    outer loop
      vertex -1.4235 -5.31259 11.5
      vertex -2.10476 -5.08134 5
      vertex -1.4235 -5.31259 5
    endloop
  endfacet
  facet normal 0.997859 0.0653986 0
    outer loop
      vertex 5.5 0 1
      vertex 5.45295 0.717894 0
      vertex 5.45295 0.717894 1
    endloop
  endfacet
  facet normal 0.997859 0.0653986 0
    outer loop
      vertex 5.45295 0.717894 0
      vertex 5.5 0 1
      vertex 5.5 0 0
    endloop
  endfacet
  facet normal 0.997859 0.0653987 0
    outer loop
      vertex 5.5 0 27
      vertex 5.46629 0.51435 20.5
      vertex 5.46629 0.51435 27
    endloop
  endfacet
  facet normal 0.997859 0.0653987 0
    outer loop
      vertex 5.46629 0.51435 20.5
      vertex 5.5 0 27
      vertex 5.5 0 20.5
    endloop
  endfacet
  facet normal 0.997859 0.0653987 0
    outer loop
      vertex 5.5 0 11.5
      vertex 5.46629 0.51435 5
      vertex 5.46629 0.51435 11.5
    endloop
  endfacet
  facet normal 0.997859 0.0653987 0
    outer loop
      vertex 5.46629 0.51435 5
      vertex 5.5 0 11.5
      vertex 5.5 0 5
    endloop
  endfacet
  facet normal 0.751844 0.659341 0
    outer loop
      vertex 4.36344 3.34819 1
      vertex 3.88909 3.88909 0
      vertex 3.88909 3.88909 1
    endloop
  endfacet
  facet normal 0.751844 0.659341 0
    outer loop
      vertex 3.88909 3.88909 0
      vertex 4.36344 3.34819 1
      vertex 4.36344 3.34819 0
    endloop
  endfacet
  facet normal 0.751844 0.659341 0
    outer loop
      vertex 4.36344 3.34819 27
      vertex 3.88909 3.88909 20.5
      vertex 3.88909 3.88909 27
    endloop
  endfacet
  facet normal 0.751844 0.659341 0
    outer loop
      vertex 3.88909 3.88909 20.5
      vertex 4.36344 3.34819 27
      vertex 4.36344 3.34819 20.5
    endloop
  endfacet
  facet normal 0.751844 0.659341 0
    outer loop
      vertex 4.36344 3.34819 11.5
      vertex 3.88909 3.88909 5
      vertex 3.88909 3.88909 11.5
    endloop
  endfacet
  facet normal 0.751844 0.659341 0
    outer loop
      vertex 3.88909 3.88909 5
      vertex 4.36344 3.34819 11.5
      vertex 4.36344 3.34819 5
    endloop
  endfacet
  facet normal 0.442292 0.896871 -0
    outer loop
      vertex 2.75 4.76314 0
      vertex 2.10476 5.08134 1
      vertex 2.75 4.76314 1
    endloop
  endfacet
  facet normal 0.442292 0.896871 0
    outer loop
      vertex 2.10476 5.08134 1
      vertex 2.75 4.76314 0
      vertex 2.10476 5.08134 0
    endloop
  endfacet
  facet normal 0.442292 0.896871 -0
    outer loop
      vertex 2.75 4.76314 20.5
      vertex 2.10476 5.08134 27
      vertex 2.75 4.76314 27
    endloop
  endfacet
  facet normal 0.442292 0.896871 0
    outer loop
      vertex 2.10476 5.08134 27
      vertex 2.75 4.76314 20.5
      vertex 2.10476 5.08134 20.5
    endloop
  endfacet
  facet normal 0.442292 0.896871 -0
    outer loop
      vertex 2.75 4.76314 5
      vertex 2.10476 5.08134 11.5
      vertex 2.75 4.76314 11.5
    endloop
  endfacet
  facet normal 0.442292 0.896871 0
    outer loop
      vertex 2.10476 5.08134 11.5
      vertex 2.75 4.76314 5
      vertex 2.10476 5.08134 5
    endloop
  endfacet
  facet normal -0.946933 -0.321431 0
    outer loop
      vertex -5.08134 -2.10476 0
      vertex -5.31259 -1.4235 1
      vertex -5.31259 -1.4235 0
    endloop
  endfacet
  facet normal -0.946933 -0.321431 0
    outer loop
      vertex -5.31259 -1.4235 1
      vertex -5.08134 -2.10476 0
      vertex -5.08134 -2.10476 1
    endloop
  endfacet
  facet normal -0.946933 -0.321431 0
    outer loop
      vertex -5.08134 -2.10476 20.5
      vertex -5.31259 -1.4235 27
      vertex -5.31259 -1.4235 20.5
    endloop
  endfacet
  facet normal -0.946933 -0.321431 0
    outer loop
      vertex -5.31259 -1.4235 27
      vertex -5.08134 -2.10476 20.5
      vertex -5.08134 -2.10476 27
    endloop
  endfacet
  facet normal -0.946933 -0.321431 0
    outer loop
      vertex -5.08134 -2.10476 5
      vertex -5.31259 -1.4235 11.5
      vertex -5.31259 -1.4235 5
    endloop
  endfacet
  facet normal -0.946933 -0.321431 0
    outer loop
      vertex -5.31259 -1.4235 11.5
      vertex -5.08134 -2.10476 5
      vertex -5.08134 -2.10476 11.5
    endloop
  endfacet
  facet normal -0.751844 0.659341 0
    outer loop
      vertex -4.36344 3.34819 0
      vertex -3.88909 3.88909 1
      vertex -3.88909 3.88909 0
    endloop
  endfacet
  facet normal -0.751844 0.659341 0
    outer loop
      vertex -3.88909 3.88909 1
      vertex -4.36344 3.34819 0
      vertex -4.36344 3.34819 1
    endloop
  endfacet
  facet normal -0.751844 0.659341 0
    outer loop
      vertex -4.36344 3.34819 20.5
      vertex -3.88909 3.88909 27
      vertex -3.88909 3.88909 20.5
    endloop
  endfacet
  facet normal -0.751844 0.659341 0
    outer loop
      vertex -3.88909 3.88909 27
      vertex -4.36344 3.34819 20.5
      vertex -4.36344 3.34819 27
    endloop
  endfacet
  facet normal -0.751844 0.659341 0
    outer loop
      vertex -4.36344 3.34819 5
      vertex -3.88909 3.88909 11.5
      vertex -3.88909 3.88909 5
    endloop
  endfacet
  facet normal -0.751844 0.659341 0
    outer loop
      vertex -3.88909 3.88909 11.5
      vertex -4.36344 3.34819 5
      vertex -4.36344 3.34819 11.5
    endloop
  endfacet
  facet normal -0.980784 -0.195099 0
    outer loop
      vertex -5.31259 -1.4235 0
      vertex -5.45295 -0.717894 1
      vertex -5.45295 -0.717894 0
    endloop
  endfacet
  facet normal -0.980784 -0.195099 0
    outer loop
      vertex -5.45295 -0.717894 1
      vertex -5.31259 -1.4235 0
      vertex -5.31259 -1.4235 1
    endloop
  endfacet
  facet normal -0.980784 -0.195099 0
    outer loop
      vertex -5.31259 -1.4235 20.5
      vertex -5.45295 -0.717894 27
      vertex -5.45295 -0.717894 20.5
    endloop
  endfacet
  facet normal -0.980784 -0.195099 0
    outer loop
      vertex -5.45295 -0.717894 27
      vertex -5.31259 -1.4235 20.5
      vertex -5.31259 -1.4235 27
    endloop
  endfacet
  facet normal -0.980784 -0.195099 0
    outer loop
      vertex -5.31259 -1.4235 5
      vertex -5.45295 -0.717894 11.5
      vertex -5.45295 -0.717894 5
    endloop
  endfacet
  facet normal -0.980784 -0.195099 0
    outer loop
      vertex -5.45295 -0.717894 11.5
      vertex -5.31259 -1.4235 5
      vertex -5.31259 -1.4235 11.5
    endloop
  endfacet
  facet normal 0.831468 -0.555572 0
    outer loop
      vertex 4.36344 -3.34819 1
      vertex 4.76314 -2.75 0
      vertex 4.76314 -2.75 1
    endloop
  endfacet
  facet normal 0.831468 -0.555572 0
    outer loop
      vertex 4.76314 -2.75 0
      vertex 4.36344 -3.34819 1
      vertex 4.36344 -3.34819 0
    endloop
  endfacet
  facet normal 0.831468 -0.555572 0
    outer loop
      vertex 4.36344 -3.34819 27
      vertex 4.76314 -2.75 20.5
      vertex 4.76314 -2.75 27
    endloop
  endfacet
  facet normal 0.831468 -0.555572 0
    outer loop
      vertex 4.76314 -2.75 20.5
      vertex 4.36344 -3.34819 27
      vertex 4.36344 -3.34819 20.5
    endloop
  endfacet
  facet normal 0.831468 -0.555572 0
    outer loop
      vertex 4.36344 -3.34819 11.5
      vertex 4.76314 -2.75 5
      vertex 4.76314 -2.75 11.5
    endloop
  endfacet
  facet normal 0.831468 -0.555572 0
    outer loop
      vertex 4.76314 -2.75 5
      vertex 4.36344 -3.34819 11.5
      vertex 4.36344 -3.34819 5
    endloop
  endfacet
  facet normal 0.659341 -0.751844 0
    outer loop
      vertex 3.34819 -4.36344 0
      vertex 3.88909 -3.88909 1
      vertex 3.34819 -4.36344 1
    endloop
  endfacet
  facet normal 0.659341 -0.751844 0
    outer loop
      vertex 3.88909 -3.88909 1
      vertex 3.34819 -4.36344 0
      vertex 3.88909 -3.88909 0
    endloop
  endfacet
  facet normal -0.195099 -0.980784 0
    outer loop
      vertex -1.4235 -5.31259 0
      vertex -0.717894 -5.45295 1
      vertex -1.4235 -5.31259 1
    endloop
  endfacet
  facet normal -0.195099 -0.980784 -0
    outer loop
      vertex -0.717894 -5.45295 1
      vertex -1.4235 -5.31259 0
      vertex -0.717894 -5.45295 0
    endloop
  endfacet
  facet normal -0.195099 -0.980784 0
    outer loop
      vertex -1.4235 -5.31259 20.5
      vertex -0.717894 -5.45295 27
      vertex -1.4235 -5.31259 27
    endloop
  endfacet
  facet normal -0.195099 -0.980784 -0
    outer loop
      vertex -0.717894 -5.45295 27
      vertex -1.4235 -5.31259 20.5
      vertex -0.717894 -5.45295 20.5
    endloop
  endfacet
  facet normal -0.195099 -0.980784 0
    outer loop
      vertex -1.4235 -5.31259 5
      vertex -0.717894 -5.45295 11.5
      vertex -1.4235 -5.31259 11.5
    endloop
  endfacet
  facet normal -0.195099 -0.980784 -0
    outer loop
      vertex -0.717894 -5.45295 11.5
      vertex -1.4235 -5.31259 5
      vertex -0.717894 -5.45295 5
    endloop
  endfacet
  facet normal -0.659341 -0.751844 0
    outer loop
      vertex -3.88909 -3.88909 0
      vertex -3.34819 -4.36344 1
      vertex -3.88909 -3.88909 1
    endloop
  endfacet
  facet normal -0.659341 -0.751844 -0
    outer loop
      vertex -3.34819 -4.36344 1
      vertex -3.88909 -3.88909 0
      vertex -3.34819 -4.36344 0
    endloop
  endfacet
  facet normal -0.997859 -0.0653986 0
    outer loop
      vertex -5.45295 -0.717894 0
      vertex -5.5 0 1
      vertex -5.5 0 0
    endloop
  endfacet
  facet normal -0.997859 -0.0653986 0
    outer loop
      vertex -5.5 0 1
      vertex -5.45295 -0.717894 0
      vertex -5.45295 -0.717894 1
    endloop
  endfacet
  facet normal -0.997859 -0.0653986 0
    outer loop
      vertex -5.45295 -0.717894 20.5
      vertex -5.5 0 27
      vertex -5.5 0 20.5
    endloop
  endfacet
  facet normal -0.997859 -0.0653986 0
    outer loop
      vertex -5.5 0 27
      vertex -5.45295 -0.717894 20.5
      vertex -5.45295 -0.717894 27
    endloop
  endfacet
  facet normal -0.997859 -0.0653986 0
    outer loop
      vertex -5.45295 -0.717894 5
      vertex -5.5 0 11.5
      vertex -5.5 0 5
    endloop
  endfacet
  facet normal -0.997859 -0.0653986 0
    outer loop
      vertex -5.5 0 11.5
      vertex -5.45295 -0.717894 5
      vertex -5.45295 -0.717894 11.5
    endloop
  endfacet
  facet normal 0.980784 -0.195099 0
    outer loop
      vertex 5.31259 -1.4235 1
      vertex 5.45295 -0.717894 0
      vertex 5.45295 -0.717894 1
    endloop
  endfacet
  facet normal 0.980784 -0.195099 0
    outer loop
      vertex 5.45295 -0.717894 0
      vertex 5.31259 -1.4235 1
      vertex 5.31259 -1.4235 0
    endloop
  endfacet
  facet normal 0.980784 -0.195099 0
    outer loop
      vertex 5.31259 -1.4235 27
      vertex 5.45295 -0.717894 20.5
      vertex 5.45295 -0.717894 27
    endloop
  endfacet
  facet normal 0.980784 -0.195099 0
    outer loop
      vertex 5.45295 -0.717894 20.5
      vertex 5.31259 -1.4235 27
      vertex 5.31259 -1.4235 20.5
    endloop
  endfacet
  facet normal 0.980784 -0.195099 0
    outer loop
      vertex 5.31259 -1.4235 11.5
      vertex 5.45295 -0.717894 5
      vertex 5.45295 -0.717894 11.5
    endloop
  endfacet
  facet normal 0.980784 -0.195099 0
    outer loop
      vertex 5.45295 -0.717894 5
      vertex 5.31259 -1.4235 11.5
      vertex 5.31259 -1.4235 5
    endloop
  endfacet
  facet normal -0.751844 -0.659341 0
    outer loop
      vertex -3.88909 -3.88909 0
      vertex -4.36344 -3.34819 1
      vertex -4.36344 -3.34819 0
    endloop
  endfacet
  facet normal -0.751844 -0.659341 0
    outer loop
      vertex -4.36344 -3.34819 1
      vertex -3.88909 -3.88909 0
      vertex -3.88909 -3.88909 1
    endloop
  endfacet
  facet normal -0.751844 -0.659341 0
    outer loop
      vertex -4.11867 -3.6273 20.5
      vertex -4.36344 -3.34819 27
      vertex -4.36344 -3.34819 20.5
    endloop
  endfacet
  facet normal -0.751844 -0.659341 0
    outer loop
      vertex -4.36344 -3.34819 27
      vertex -4.11867 -3.6273 20.5
      vertex -4.11867 -3.6273 27
    endloop
  endfacet
  facet normal -0.751844 -0.659341 0
    outer loop
      vertex -4.11867 -3.6273 5
      vertex -4.36344 -3.34819 11.5
      vertex -4.36344 -3.34819 5
    endloop
  endfacet
  facet normal -0.751844 -0.659341 0
    outer loop
      vertex -4.36344 -3.34819 11.5
      vertex -4.11867 -3.6273 5
      vertex -4.11867 -3.6273 11.5
    endloop
  endfacet
  facet normal 0.0653986 0.997859 -0
    outer loop
      vertex 0.717894 5.45295 0
      vertex 0 5.5 1
      vertex 0.717894 5.45295 1
    endloop
  endfacet
  facet normal 0.0653986 0.997859 0
    outer loop
      vertex 0 5.5 1
      vertex 0.717894 5.45295 0
      vertex 0 5.5 0
    endloop
  endfacet
  facet normal 0.896871 -0.442292 0
    outer loop
      vertex 4.76314 -2.75 1
      vertex 5.08134 -2.10476 0
      vertex 5.08134 -2.10476 1
    endloop
  endfacet
  facet normal 0.896871 -0.442292 0
    outer loop
      vertex 5.08134 -2.10476 0
      vertex 4.76314 -2.75 1
      vertex 4.76314 -2.75 0
    endloop
  endfacet
  facet normal 0.896871 -0.442292 0
    outer loop
      vertex 4.76314 -2.75 27
      vertex 5.08134 -2.10476 20.5
      vertex 5.08134 -2.10476 27
    endloop
  endfacet
  facet normal 0.896871 -0.442292 0
    outer loop
      vertex 5.08134 -2.10476 20.5
      vertex 4.76314 -2.75 27
      vertex 4.76314 -2.75 20.5
    endloop
  endfacet
  facet normal 0.896871 -0.442292 0
    outer loop
      vertex 4.76314 -2.75 11.5
      vertex 5.08134 -2.10476 5
      vertex 5.08134 -2.10476 11.5
    endloop
  endfacet
  facet normal 0.896871 -0.442292 0
    outer loop
      vertex 5.08134 -2.10476 5
      vertex 4.76314 -2.75 11.5
      vertex 4.76314 -2.75 5
    endloop
  endfacet
  facet normal 0.896871 0.442292 0
    outer loop
      vertex 5.08134 2.10476 1
      vertex 4.76314 2.75 0
      vertex 4.76314 2.75 1
    endloop
  endfacet
  facet normal 0.896871 0.442292 0
    outer loop
      vertex 4.76314 2.75 0
      vertex 5.08134 2.10476 1
      vertex 5.08134 2.10476 0
    endloop
  endfacet
  facet normal -0.555572 0.831468 0
    outer loop
      vertex -2.75 4.76314 0
      vertex -3.34819 4.36344 1
      vertex -2.75 4.76314 1
    endloop
  endfacet
  facet normal -0.555572 0.831468 0
    outer loop
      vertex -3.34819 4.36344 1
      vertex -2.75 4.76314 0
      vertex -3.34819 4.36344 0
    endloop
  endfacet
  facet normal -0.555572 0.831468 0
    outer loop
      vertex -2.75 4.76314 20.5
      vertex -3.34819 4.36344 27
      vertex -2.75 4.76314 27
    endloop
  endfacet
  facet normal -0.555572 0.831468 0
    outer loop
      vertex -3.34819 4.36344 27
      vertex -2.75 4.76314 20.5
      vertex -3.34819 4.36344 20.5
    endloop
  endfacet
  facet normal -0.555572 0.831468 0
    outer loop
      vertex -2.75 4.76314 5
      vertex -3.34819 4.36344 11.5
      vertex -2.75 4.76314 11.5
    endloop
  endfacet
  facet normal -0.555572 0.831468 0
    outer loop
      vertex -3.34819 4.36344 11.5
      vertex -2.75 4.76314 5
      vertex -3.34819 4.36344 5
    endloop
  endfacet
  facet normal -0.195099 0.980784 0
    outer loop
      vertex -0.717894 5.45295 0
      vertex -1.4235 5.31259 1
      vertex -0.717894 5.45295 1
    endloop
  endfacet
  facet normal -0.195099 0.980784 0
    outer loop
      vertex -1.4235 5.31259 1
      vertex -0.717894 5.45295 0
      vertex -1.4235 5.31259 0
    endloop
  endfacet
  facet normal -0.195103 0.980783 0
    outer loop
      vertex -1.2 5.35705 20.5
      vertex -1.4235 5.31259 27
      vertex -1.2 5.35705 27
    endloop
  endfacet
  facet normal -0.195103 0.980783 0
    outer loop
      vertex -1.4235 5.31259 27
      vertex -1.2 5.35705 20.5
      vertex -1.4235 5.31259 20.5
    endloop
  endfacet
  facet normal -0.195103 0.980783 0
    outer loop
      vertex -1.2 5.35705 5
      vertex -1.4235 5.31259 11.5
      vertex -1.2 5.35705 11.5
    endloop
  endfacet
  facet normal -0.195103 0.980783 0
    outer loop
      vertex -1.4235 5.31259 11.5
      vertex -1.2 5.35705 5
      vertex -1.4235 5.31259 5
    endloop
  endfacet
  facet normal 0.321431 -0.946933 0
    outer loop
      vertex 1.4235 -5.31259 0
      vertex 2.10476 -5.08134 1
      vertex 1.4235 -5.31259 1
    endloop
  endfacet
  facet normal 0.321431 -0.946933 0
    outer loop
      vertex 2.10476 -5.08134 1
      vertex 1.4235 -5.31259 0
      vertex 2.10476 -5.08134 0
    endloop
  endfacet
  facet normal 0.321431 -0.946933 0
    outer loop
      vertex 1.4235 -5.31259 20.5
      vertex 2.10476 -5.08134 27
      vertex 1.4235 -5.31259 27
    endloop
  endfacet
  facet normal 0.321431 -0.946933 0
    outer loop
      vertex 2.10476 -5.08134 27
      vertex 1.4235 -5.31259 20.5
      vertex 2.10476 -5.08134 20.5
    endloop
  endfacet
  facet normal 0.321431 -0.946933 0
    outer loop
      vertex 1.4235 -5.31259 5
      vertex 2.10476 -5.08134 11.5
      vertex 1.4235 -5.31259 11.5
    endloop
  endfacet
  facet normal 0.321431 -0.946933 0
    outer loop
      vertex 2.10476 -5.08134 11.5
      vertex 1.4235 -5.31259 5
      vertex 2.10476 -5.08134 5
    endloop
  endfacet
  facet normal 0.555572 0.831468 -0
    outer loop
      vertex 3.34819 4.36344 0
      vertex 2.75 4.76314 1
      vertex 3.34819 4.36344 1
    endloop
  endfacet
  facet normal 0.555572 0.831468 0
    outer loop
      vertex 2.75 4.76314 1
      vertex 3.34819 4.36344 0
      vertex 2.75 4.76314 0
    endloop
  endfacet
  facet normal 0.555572 0.831468 -0
    outer loop
      vertex 3.34819 4.36344 20.5
      vertex 2.75 4.76314 27
      vertex 3.34819 4.36344 27
    endloop
  endfacet
  facet normal 0.555572 0.831468 0
    outer loop
      vertex 2.75 4.76314 27
      vertex 3.34819 4.36344 20.5
      vertex 2.75 4.76314 20.5
    endloop
  endfacet
  facet normal 0.555572 0.831468 -0
    outer loop
      vertex 3.34819 4.36344 5
      vertex 2.75 4.76314 11.5
      vertex 3.34819 4.36344 11.5
    endloop
  endfacet
  facet normal 0.555572 0.831468 0
    outer loop
      vertex 2.75 4.76314 11.5
      vertex 3.34819 4.36344 5
      vertex 2.75 4.76314 5
    endloop
  endfacet
  facet normal -0.831468 0.555572 0
    outer loop
      vertex -4.76314 2.75 0
      vertex -4.36344 3.34819 1
      vertex -4.36344 3.34819 0
    endloop
  endfacet
  facet normal -0.831468 0.555572 0
    outer loop
      vertex -4.36344 3.34819 1
      vertex -4.76314 2.75 0
      vertex -4.76314 2.75 1
    endloop
  endfacet
  facet normal -0.83147 0.55557 0
    outer loop
      vertex -4.73053 2.7988 20.5
      vertex -4.36344 3.34819 27
      vertex -4.36344 3.34819 20.5
    endloop
  endfacet
  facet normal -0.83147 0.55557 0
    outer loop
      vertex -4.36344 3.34819 27
      vertex -4.73053 2.7988 20.5
      vertex -4.73053 2.7988 27
    endloop
  endfacet
  facet normal -0.83147 0.55557 0
    outer loop
      vertex -4.73053 2.7988 5
      vertex -4.36344 3.34819 11.5
      vertex -4.36344 3.34819 5
    endloop
  endfacet
  facet normal -0.83147 0.55557 0
    outer loop
      vertex -4.36344 3.34819 11.5
      vertex -4.73053 2.7988 5
      vertex -4.73053 2.7988 11.5
    endloop
  endfacet
  facet normal 0.997859 -0.0653986 0
    outer loop
      vertex 5.45295 -0.717894 1
      vertex 5.5 0 0
      vertex 5.5 0 1
    endloop
  endfacet
  facet normal 0.997859 -0.0653986 0
    outer loop
      vertex 5.5 0 0
      vertex 5.45295 -0.717894 1
      vertex 5.45295 -0.717894 0
    endloop
  endfacet
  facet normal 0.997859 -0.0653986 0
    outer loop
      vertex 5.45295 -0.717894 27
      vertex 5.5 0 20.5
      vertex 5.5 0 27
    endloop
  endfacet
  facet normal 0.997859 -0.0653986 0
    outer loop
      vertex 5.5 0 20.5
      vertex 5.45295 -0.717894 27
      vertex 5.45295 -0.717894 20.5
    endloop
  endfacet
  facet normal 0.997859 -0.0653986 0
    outer loop
      vertex 5.45295 -0.717894 11.5
      vertex 5.5 0 5
      vertex 5.5 0 11.5
    endloop
  endfacet
  facet normal 0.997859 -0.0653986 0
    outer loop
      vertex 5.5 0 5
      vertex 5.45295 -0.717894 11.5
      vertex 5.45295 -0.717894 5
    endloop
  endfacet
  facet normal 0 0 -1
    outer loop
      vertex 2.2 0 0
      vertex 5.5 0 0
      vertex 5.45295 -0.717894 0
    endloop
  endfacet
  facet normal 0 0 -1
    outer loop
      vertex 2.18118 -0.287157 0
      vertex 5.45295 -0.717894 0
      vertex 5.31259 -1.4235 0
    endloop
  endfacet
  facet normal 0 0 -1
    outer loop
      vertex 5.5 0 0
      vertex 2.2 0 0
      vertex 5.45295 0.717894 0
    endloop
  endfacet
  facet normal 0 0 -1
    outer loop
      vertex 2.12504 -0.569402 0
      vertex 5.31259 -1.4235 0
      vertex 5.08134 -2.10476 0
    endloop
  endfacet
  facet normal 0 0 -1
    outer loop
      vertex 2.18118 0.287157 0
      vertex 5.45295 0.717894 0
      vertex 2.2 0 0
    endloop
  endfacet
  facet normal 0 0 -1
    outer loop
      vertex 2.03253 -0.841903 0
      vertex 5.08134 -2.10476 0
      vertex 4.76314 -2.75 0
    endloop
  endfacet
  facet normal -0 0 -1
    outer loop
      vertex 5.45295 0.717894 0
      vertex 2.18118 0.287157 0
      vertex 5.31259 1.4235 0
    endloop
  endfacet
  facet normal 0 0 -1
    outer loop
      vertex 1.90526 -1.1 0
      vertex 4.76314 -2.75 0
      vertex 4.36344 -3.34819 0
    endloop
  endfacet
  facet normal 0 0 -1
    outer loop
      vertex 2.12504 0.569402 0
      vertex 5.31259 1.4235 0
      vertex 2.18118 0.287157 0
    endloop
  endfacet
  facet normal 0 0 -1
    outer loop
      vertex 1.74538 -1.33927 0
      vertex 4.36344 -3.34819 0
      vertex 3.88909 -3.88909 0
    endloop
  endfacet
  facet normal -0 0 -1
    outer loop
      vertex 5.31259 1.4235 0
      vertex 2.12504 0.569402 0
      vertex 5.08134 2.10476 0
    endloop
  endfacet
  facet normal 0 0 -1
    outer loop
      vertex 1.55563 -1.55563 0
      vertex 3.88909 -3.88909 0
      vertex 3.34819 -4.36344 0
    endloop
  endfacet
  facet normal 0 0 -1
    outer loop
      vertex 2.03253 0.841903 0
      vertex 5.08134 2.10476 0
      vertex 2.12504 0.569402 0
    endloop
  endfacet
  facet normal 0 0 -1
    outer loop
      vertex 1.33927 -1.74538 0
      vertex 3.34819 -4.36344 0
      vertex 2.75 -4.76314 0
    endloop
  endfacet
  facet normal -0 0 -1
    outer loop
      vertex 5.08134 2.10476 0
      vertex 2.03253 0.841903 0
      vertex 4.76314 2.75 0
    endloop
  endfacet
  facet normal 0 0 -1
    outer loop
      vertex 1.90526 1.1 0
      vertex 4.76314 2.75 0
      vertex 2.03253 0.841903 0
    endloop
  endfacet
  facet normal 0 0 -1
    outer loop
      vertex 5.45295 -0.717894 0
      vertex 2.18118 -0.287157 0
      vertex 2.2 0 0
    endloop
  endfacet
  facet normal 0 0 -1
    outer loop
      vertex 5.31259 -1.4235 0
      vertex 2.12504 -0.569402 0
      vertex 2.18118 -0.287157 0
    endloop
  endfacet
  facet normal 0 0 -1
    outer loop
      vertex 1.1 -1.90526 0
      vertex 2.75 -4.76314 0
      vertex 2.10476 -5.08134 0
    endloop
  endfacet
  facet normal 0 0 -1
    outer loop
      vertex 5.08134 -2.10476 0
      vertex 2.03253 -0.841903 0
      vertex 2.12504 -0.569402 0
    endloop
  endfacet
  facet normal 0 0 -1
    outer loop
      vertex 4.76314 -2.75 0
      vertex 1.90526 -1.1 0
      vertex 2.03253 -0.841903 0
    endloop
  endfacet
  facet normal 0 0 -1
    outer loop
      vertex 4.36344 -3.34819 0
      vertex 1.74538 -1.33927 0
      vertex 1.90526 -1.1 0
    endloop
  endfacet
  facet normal 0 0 -1
    outer loop
      vertex 3.88909 -3.88909 0
      vertex 1.55563 -1.55563 0
      vertex 1.74538 -1.33927 0
    endloop
  endfacet
  facet normal 0 0 -1
    outer loop
      vertex 0.841903 -2.03253 0
      vertex 2.10476 -5.08134 0
      vertex 1.4235 -5.31259 0
    endloop
  endfacet
  facet normal 0 0 -1
    outer loop
      vertex 3.34819 -4.36344 0
      vertex 1.33927 -1.74538 0
      vertex 1.55563 -1.55563 0
    endloop
  endfacet
  facet normal 0 0 -1
    outer loop
      vertex 2.75 -4.76314 0
      vertex 1.1 -1.90526 0
      vertex 1.33927 -1.74538 0
    endloop
  endfacet
  facet normal 0 0 -1
    outer loop
      vertex 2.10476 -5.08134 0
      vertex 0.841903 -2.03253 0
      vertex 1.1 -1.90526 0
    endloop
  endfacet
  facet normal 0 0 -1
    outer loop
      vertex 0.569402 -2.12504 0
      vertex 1.4235 -5.31259 0
      vertex 0.717894 -5.45295 0
    endloop
  endfacet
  facet normal 0 0 -1
    outer loop
      vertex 1.4235 -5.31259 0
      vertex 0.569402 -2.12504 0
      vertex 0.841903 -2.03253 0
    endloop
  endfacet
  facet normal 0 0 -1
    outer loop
      vertex 0.717894 -5.45295 0
      vertex 0.287157 -2.18118 0
      vertex 0.569402 -2.12504 0
    endloop
  endfacet
  facet normal 0 0 -1
    outer loop
      vertex 0 -5.5 0
      vertex 0.287157 -2.18118 0
      vertex 0.717894 -5.45295 0
    endloop
  endfacet
  facet normal 0 0 -1
    outer loop
      vertex 0 -5.5 0
      vertex 0 -2.2 0
      vertex 0.287157 -2.18118 0
    endloop
  endfacet
  facet normal 0 0 -1
    outer loop
      vertex 0 -5.5 0
      vertex -0.287157 -2.18118 0
      vertex 0 -2.2 0
    endloop
  endfacet
  facet normal 0 0 -1
    outer loop
      vertex -0.717894 -5.45295 0
      vertex -0.287157 -2.18118 0
      vertex 0 -5.5 0
    endloop
  endfacet
  facet normal -0 0 -1
    outer loop
      vertex -0.287157 -2.18118 0
      vertex -0.717894 -5.45295 0
      vertex -0.569402 -2.12504 0
    endloop
  endfacet
  facet normal 0 0 -1
    outer loop
      vertex -1.4235 -5.31259 0
      vertex -0.569402 -2.12504 0
      vertex -0.717894 -5.45295 0
    endloop
  endfacet
  facet normal -0 0 -1
    outer loop
      vertex -0.569402 -2.12504 0
      vertex -1.4235 -5.31259 0
      vertex -0.841903 -2.03253 0
    endloop
  endfacet
  facet normal 0 0 -1
    outer loop
      vertex -2.10476 -5.08134 0
      vertex -0.841903 -2.03253 0
      vertex -1.4235 -5.31259 0
    endloop
  endfacet
  facet normal -0 0 -1
    outer loop
      vertex -0.841903 -2.03253 0
      vertex -2.10476 -5.08134 0
      vertex -1.1 -1.90526 0
    endloop
  endfacet
  facet normal 0 0 -1
    outer loop
      vertex -2.75 -4.76314 0
      vertex -1.1 -1.90526 0
      vertex -2.10476 -5.08134 0
    endloop
  endfacet
  facet normal -0 0 -1
    outer loop
      vertex -1.1 -1.90526 0
      vertex -2.75 -4.76314 0
      vertex -1.33927 -1.74538 0
    endloop
  endfacet
  facet normal 0 0 -1
    outer loop
      vertex -3.34819 -4.36344 0
      vertex -1.33927 -1.74538 0
      vertex -2.75 -4.76314 0
    endloop
  endfacet
  facet normal -0 0 -1
    outer loop
      vertex -1.33927 -1.74538 0
      vertex -3.34819 -4.36344 0
      vertex -1.55563 -1.55563 0
    endloop
  endfacet
  facet normal 0 0 -1
    outer loop
      vertex -3.88909 -3.88909 0
      vertex -1.55563 -1.55563 0
      vertex -3.34819 -4.36344 0
    endloop
  endfacet
  facet normal -0 0 -1
    outer loop
      vertex -1.55563 -1.55563 0
      vertex -3.88909 -3.88909 0
      vertex -1.74538 -1.33927 0
    endloop
  endfacet
  facet normal 0 0 -1
    outer loop
      vertex -4.36344 -3.34819 0
      vertex -1.74538 -1.33927 0
      vertex -3.88909 -3.88909 0
    endloop
  endfacet
  facet normal -0 0 -1
    outer loop
      vertex -1.74538 -1.33927 0
      vertex -4.36344 -3.34819 0
      vertex -1.90526 -1.1 0
    endloop
  endfacet
  facet normal 0 0 -1
    outer loop
      vertex -4.76314 -2.75 0
      vertex -1.90526 -1.1 0
      vertex -4.36344 -3.34819 0
    endloop
  endfacet
  facet normal -0 0 -1
    outer loop
      vertex 4.76314 2.75 0
      vertex 1.90526 1.1 0
      vertex 4.36344 3.34819 0
    endloop
  endfacet
  facet normal 0 0 -1
    outer loop
      vertex 1.74538 1.33927 0
      vertex 4.36344 3.34819 0
      vertex 1.90526 1.1 0
    endloop
  endfacet
  facet normal -0 0 -1
    outer loop
      vertex 4.36344 3.34819 0
      vertex 1.74538 1.33927 0
      vertex 3.88909 3.88909 0
    endloop
  endfacet
  facet normal 0 0 -1
    outer loop
      vertex 1.55563 1.55563 0
      vertex 3.88909 3.88909 0
      vertex 1.74538 1.33927 0
    endloop
  endfacet
  facet normal -0 0 -1
    outer loop
      vertex 3.88909 3.88909 0
      vertex 1.55563 1.55563 0
      vertex 3.34819 4.36344 0
    endloop
  endfacet
  facet normal 0 0 -1
    outer loop
      vertex 1.33927 1.74538 0
      vertex 3.34819 4.36344 0
      vertex 1.55563 1.55563 0
    endloop
  endfacet
  facet normal -0 0 -1
    outer loop
      vertex 3.34819 4.36344 0
      vertex 1.33927 1.74538 0
      vertex 2.75 4.76314 0
    endloop
  endfacet
  facet normal 0 0 -1
    outer loop
      vertex 1.1 1.90526 0
      vertex 2.75 4.76314 0
      vertex 1.33927 1.74538 0
    endloop
  endfacet
  facet normal -0 0 -1
    outer loop
      vertex 2.75 4.76314 0
      vertex 1.1 1.90526 0
      vertex 2.10476 5.08134 0
    endloop
  endfacet
  facet normal 0 0 -1
    outer loop
      vertex 0.841903 2.03253 0
      vertex 2.10476 5.08134 0
      vertex 1.1 1.90526 0
    endloop
  endfacet
  facet normal -0 0 -1
    outer loop
      vertex 2.10476 5.08134 0
      vertex 0.841903 2.03253 0
      vertex 1.4235 5.31259 0
    endloop
  endfacet
  facet normal 0 0 -1
    outer loop
      vertex 0.569402 2.12504 0
      vertex 1.4235 5.31259 0
      vertex 0.841903 2.03253 0
    endloop
  endfacet
  facet normal -0 0 -1
    outer loop
      vertex 1.4235 5.31259 0
      vertex 0.569402 2.12504 0
      vertex 0.717894 5.45295 0
    endloop
  endfacet
  facet normal 0 0 -1
    outer loop
      vertex 0.287157 2.18118 0
      vertex 0.717894 5.45295 0
      vertex 0.569402 2.12504 0
    endloop
  endfacet
  facet normal 0 0 -1
    outer loop
      vertex 0 2.2 0
      vertex 0.717894 5.45295 0
      vertex 0.287157 2.18118 0
    endloop
  endfacet
  facet normal 0 0 -1
    outer loop
      vertex 0 2.2 0
      vertex 0 5.5 0
      vertex 0.717894 5.45295 0
    endloop
  endfacet
  facet normal 0 0 -1
    outer loop
      vertex -0.287157 2.18118 0
      vertex 0 5.5 0
      vertex 0 2.2 0
    endloop
  endfacet
  facet normal 0 0 -1
    outer loop
      vertex -0.717894 5.45295 0
      vertex -0.287157 2.18118 0
      vertex -0.569402 2.12504 0
    endloop
  endfacet
  facet normal 0 0 -1
    outer loop
      vertex -0.287157 2.18118 0
      vertex -0.717894 5.45295 0
      vertex 0 5.5 0
    endloop
  endfacet
  facet normal 0 0 -1
    outer loop
      vertex -1.4235 5.31259 0
      vertex -0.569402 2.12504 0
      vertex -0.841903 2.03253 0
    endloop
  endfacet
  facet normal 0 0 -1
    outer loop
      vertex -2.10476 5.08134 0
      vertex -0.841903 2.03253 0
      vertex -1.1 1.90526 0
    endloop
  endfacet
  facet normal 0 0 -1
    outer loop
      vertex -2.75 4.76314 0
      vertex -1.1 1.90526 0
      vertex -1.33927 1.74538 0
    endloop
  endfacet
  facet normal 0 0 -1
    outer loop
      vertex -0.569402 2.12504 0
      vertex -1.4235 5.31259 0
      vertex -0.717894 5.45295 0
    endloop
  endfacet
  facet normal 0 0 -1
    outer loop
      vertex -3.34819 4.36344 0
      vertex -1.33927 1.74538 0
      vertex -1.55563 1.55563 0
    endloop
  endfacet
  facet normal 0 0 -1
    outer loop
      vertex -3.88909 3.88909 0
      vertex -1.55563 1.55563 0
      vertex -1.74538 1.33927 0
    endloop
  endfacet
  facet normal 0 0 -1
    outer loop
      vertex -4.36344 3.34819 0
      vertex -1.74538 1.33927 0
      vertex -1.90526 1.1 0
    endloop
  endfacet
  facet normal 0 0 -1
    outer loop
      vertex -4.76314 2.75 0
      vertex -1.90526 1.1 0
      vertex -2.03253 0.841903 0
    endloop
  endfacet
  facet normal 0 0 -1
    outer loop
      vertex -0.841903 2.03253 0
      vertex -2.10476 5.08134 0
      vertex -1.4235 5.31259 0
    endloop
  endfacet
  facet normal 0 0 -1
    outer loop
      vertex -5.08134 2.10476 0
      vertex -2.03253 0.841903 0
      vertex -2.12504 0.569402 0
    endloop
  endfacet
  facet normal 0 0 -1
    outer loop
      vertex -5.31259 1.4235 0
      vertex -2.12504 0.569402 0
      vertex -2.18118 0.287157 0
    endloop
  endfacet
  facet normal 0 0 -1
    outer loop
      vertex -5.45295 0.717894 0
      vertex -2.18118 0.287157 0
      vertex -2.2 0 0
    endloop
  endfacet
  facet normal -0 0 -1
    outer loop
      vertex -1.90526 -1.1 0
      vertex -4.76314 -2.75 0
      vertex -2.03253 -0.841903 0
    endloop
  endfacet
  facet normal 0 0 -1
    outer loop
      vertex -1.1 1.90526 0
      vertex -2.75 4.76314 0
      vertex -2.10476 5.08134 0
    endloop
  endfacet
  facet normal 0 0 -1
    outer loop
      vertex -5.08134 -2.10476 0
      vertex -2.03253 -0.841903 0
      vertex -4.76314 -2.75 0
    endloop
  endfacet
  facet normal 0 0 -1
    outer loop
      vertex -1.33927 1.74538 0
      vertex -3.34819 4.36344 0
      vertex -2.75 4.76314 0
    endloop
  endfacet
  facet normal -0 0 -1
    outer loop
      vertex -2.03253 -0.841903 0
      vertex -5.08134 -2.10476 0
      vertex -2.12504 -0.569402 0
    endloop
  endfacet
  facet normal 0 0 -1
    outer loop
      vertex -1.55563 1.55563 0
      vertex -3.88909 3.88909 0
      vertex -3.34819 4.36344 0
    endloop
  endfacet
  facet normal 0 0 -1
    outer loop
      vertex -5.31259 -1.4235 0
      vertex -2.12504 -0.569402 0
      vertex -5.08134 -2.10476 0
    endloop
  endfacet
  facet normal 0 0 -1
    outer loop
      vertex -1.74538 1.33927 0
      vertex -4.36344 3.34819 0
      vertex -3.88909 3.88909 0
    endloop
  endfacet
  facet normal -0 0 -1
    outer loop
      vertex -2.12504 -0.569402 0
      vertex -5.31259 -1.4235 0
      vertex -2.18118 -0.287157 0
    endloop
  endfacet
  facet normal 0 0 -1
    outer loop
      vertex -1.90526 1.1 0
      vertex -4.76314 2.75 0
      vertex -4.36344 3.34819 0
    endloop
  endfacet
  facet normal 0 0 -1
    outer loop
      vertex -5.45295 -0.717894 0
      vertex -2.18118 -0.287157 0
      vertex -5.31259 -1.4235 0
    endloop
  endfacet
  facet normal 0 0 -1
    outer loop
      vertex -2.03253 0.841903 0
      vertex -5.08134 2.10476 0
      vertex -4.76314 2.75 0
    endloop
  endfacet
  facet normal -0 0 -1
    outer loop
      vertex -2.18118 -0.287157 0
      vertex -5.45295 -0.717894 0
      vertex -2.2 0 0
    endloop
  endfacet
  facet normal 0 0 -1
    outer loop
      vertex -2.12504 0.569402 0
      vertex -5.31259 1.4235 0
      vertex -5.08134 2.10476 0
    endloop
  endfacet
  facet normal 0 0 -1
    outer loop
      vertex -5.5 0 0
      vertex -2.2 0 0
      vertex -5.45295 -0.717894 0
    endloop
  endfacet
  facet normal 0 0 -1
    outer loop
      vertex -2.18118 0.287157 0
      vertex -5.45295 0.717894 0
      vertex -5.31259 1.4235 0
    endloop
  endfacet
  facet normal 0 0 -1
    outer loop
      vertex -2.2 0 0
      vertex -5.5 0 0
      vertex -5.45295 0.717894 0
    endloop
  endfacet
  facet normal 0.321431 0.946933 -0
    outer loop
      vertex 2.10476 5.08134 0
      vertex 1.4235 5.31259 1
      vertex 2.10476 5.08134 1
    endloop
  endfacet
  facet normal 0.321431 0.946933 0
    outer loop
      vertex 1.4235 5.31259 1
      vertex 2.10476 5.08134 0
      vertex 1.4235 5.31259 0
    endloop
  endfacet
  facet normal 0.321431 0.946933 -0
    outer loop
      vertex 2.10476 5.08134 20.5
      vertex 1.4235 5.31259 27
      vertex 2.10476 5.08134 27
    endloop
  endfacet
  facet normal 0.321431 0.946933 0
    outer loop
      vertex 1.4235 5.31259 27
      vertex 2.10476 5.08134 20.5
      vertex 1.4235 5.31259 20.5
    endloop
  endfacet
  facet normal 0.321431 0.946933 -0
    outer loop
      vertex 2.10476 5.08134 5
      vertex 1.4235 5.31259 11.5
      vertex 2.10476 5.08134 11.5
    endloop
  endfacet
  facet normal 0.321431 0.946933 0
    outer loop
      vertex 1.4235 5.31259 11.5
      vertex 2.10476 5.08134 5
      vertex 1.4235 5.31259 5
    endloop
  endfacet
  facet normal -0.0653986 0.997859 0
    outer loop
      vertex 0 5.5 0
      vertex -0.717894 5.45295 1
      vertex 0 5.5 1
    endloop
  endfacet
  facet normal -0.0653986 0.997859 0
    outer loop
      vertex -0.717894 5.45295 1
      vertex 0 5.5 0
      vertex -0.717894 5.45295 0
    endloop
  endfacet
  facet normal 0.946933 -0.321431 0
    outer loop
      vertex 5.08134 -2.10476 1
      vertex 5.31259 -1.4235 0
      vertex 5.31259 -1.4235 1
    endloop
  endfacet
  facet normal 0.946933 -0.321431 0
    outer loop
      vertex 5.31259 -1.4235 0
      vertex 5.08134 -2.10476 1
      vertex 5.08134 -2.10476 0
    endloop
  endfacet
  facet normal 0.946933 -0.321431 0
    outer loop
      vertex 5.08134 -2.10476 27
      vertex 5.31259 -1.4235 20.5
      vertex 5.31259 -1.4235 27
    endloop
  endfacet
  facet normal 0.946933 -0.321431 0
    outer loop
      vertex 5.31259 -1.4235 20.5
      vertex 5.08134 -2.10476 27
      vertex 5.08134 -2.10476 20.5
    endloop
  endfacet
  facet normal 0.946933 -0.321431 0
    outer loop
      vertex 5.08134 -2.10476 11.5
      vertex 5.31259 -1.4235 5
      vertex 5.31259 -1.4235 11.5
    endloop
  endfacet
  facet normal 0.946933 -0.321431 0
    outer loop
      vertex 5.31259 -1.4235 5
      vertex 5.08134 -2.10476 11.5
      vertex 5.08134 -2.10476 5
    endloop
  endfacet
  facet normal 0.195099 -0.980784 0
    outer loop
      vertex 0.717894 -5.45295 0
      vertex 1.4235 -5.31259 1
      vertex 0.717894 -5.45295 1
    endloop
  endfacet
  facet normal 0.195099 -0.980784 0
    outer loop
      vertex 1.4235 -5.31259 1
      vertex 0.717894 -5.45295 0
      vertex 1.4235 -5.31259 0
    endloop
  endfacet
  facet normal 0.195099 -0.980784 0
    outer loop
      vertex 0.717894 -5.45295 20.5
      vertex 1.4235 -5.31259 27
      vertex 0.717894 -5.45295 27
    endloop
  endfacet
  facet normal 0.195099 -0.980784 0
    outer loop
      vertex 1.4235 -5.31259 27
      vertex 0.717894 -5.45295 20.5
      vertex 1.4235 -5.31259 20.5
    endloop
  endfacet
  facet normal 0.195099 -0.980784 0
    outer loop
      vertex 0.717894 -5.45295 5
      vertex 1.4235 -5.31259 11.5
      vertex 0.717894 -5.45295 11.5
    endloop
  endfacet
  facet normal 0.195099 -0.980784 0
    outer loop
      vertex 1.4235 -5.31259 11.5
      vertex 0.717894 -5.45295 5
      vertex 1.4235 -5.31259 5
    endloop
  endfacet
  facet normal 0.195099 0.980784 -0
    outer loop
      vertex 1.4235 5.31259 0
      vertex 0.717894 5.45295 1
      vertex 1.4235 5.31259 1
    endloop
  endfacet
  facet normal 0.195099 0.980784 0
    outer loop
      vertex 0.717894 5.45295 1
      vertex 1.4235 5.31259 0
      vertex 0.717894 5.45295 0
    endloop
  endfacet
  facet normal 0.195103 0.980783 -0
    outer loop
      vertex 1.4235 5.31259 20.5
      vertex 1.2 5.35705 27
      vertex 1.4235 5.31259 27
    endloop
  endfacet
  facet normal 0.195103 0.980783 0
    outer loop
      vertex 1.2 5.35705 27
      vertex 1.4235 5.31259 20.5
      vertex 1.2 5.35705 20.5
    endloop
  endfacet
  facet normal 0.195103 0.980783 -0
    outer loop
      vertex 1.4235 5.31259 5
      vertex 1.2 5.35705 11.5
      vertex 1.4235 5.31259 11.5
    endloop
  endfacet
  facet normal 0.195103 0.980783 0
    outer loop
      vertex 1.2 5.35705 11.5
      vertex 1.4235 5.31259 5
      vertex 1.2 5.35705 5
    endloop
  endfacet
  facet normal -0.555572 -0.831468 0
    outer loop
      vertex -3.34819 -4.36344 0
      vertex -2.75 -4.76314 1
      vertex -3.34819 -4.36344 1
    endloop
  endfacet
  facet normal -0.555572 -0.831468 -0
    outer loop
      vertex -2.75 -4.76314 1
      vertex -3.34819 -4.36344 0
      vertex -2.75 -4.76314 0
    endloop
  endfacet
  facet normal 0.751844 -0.659341 0
    outer loop
      vertex 3.88909 -3.88909 1
      vertex 4.36344 -3.34819 0
      vertex 4.36344 -3.34819 1
    endloop
  endfacet
  facet normal 0.751844 -0.659341 0
    outer loop
      vertex 4.36344 -3.34819 0
      vertex 3.88909 -3.88909 1
      vertex 3.88909 -3.88909 0
    endloop
  endfacet
  facet normal 0.751844 -0.659341 0
    outer loop
      vertex 4.11867 -3.6273 27
      vertex 4.36344 -3.34819 20.5
      vertex 4.36344 -3.34819 27
    endloop
  endfacet
  facet normal 0.751844 -0.659341 0
    outer loop
      vertex 4.36344 -3.34819 20.5
      vertex 4.11867 -3.6273 27
      vertex 4.11867 -3.6273 20.5
    endloop
  endfacet
  facet normal 0.751844 -0.659341 0
    outer loop
      vertex 4.11867 -3.6273 11.5
      vertex 4.36344 -3.34819 5
      vertex 4.36344 -3.34819 11.5
    endloop
  endfacet
  facet normal 0.751844 -0.659341 0
    outer loop
      vertex 4.36344 -3.34819 5
      vertex 4.11867 -3.6273 11.5
      vertex 4.11867 -3.6273 5
    endloop
  endfacet
  facet normal 0.946933 0.321431 0
    outer loop
      vertex 5.31259 1.4235 1
      vertex 5.08134 2.10476 0
      vertex 5.08134 2.10476 1
    endloop
  endfacet
  facet normal 0.946933 0.321431 0
    outer loop
      vertex 5.08134 2.10476 0
      vertex 5.31259 1.4235 1
      vertex 5.31259 1.4235 0
    endloop
  endfacet
  facet normal 0.831468 0.555572 0
    outer loop
      vertex 4.76314 2.75 1
      vertex 4.36344 3.34819 0
      vertex 4.36344 3.34819 1
    endloop
  endfacet
  facet normal 0.831468 0.555572 0
    outer loop
      vertex 4.36344 3.34819 0
      vertex 4.76314 2.75 1
      vertex 4.76314 2.75 0
    endloop
  endfacet
  facet normal 0.83147 0.55557 0
    outer loop
      vertex 4.73053 2.7988 27
      vertex 4.36344 3.34819 20.5
      vertex 4.36344 3.34819 27
    endloop
  endfacet
  facet normal 0.83147 0.55557 0
    outer loop
      vertex 4.36344 3.34819 20.5
      vertex 4.73053 2.7988 27
      vertex 4.73053 2.7988 20.5
    endloop
  endfacet
  facet normal 0.83147 0.55557 0
    outer loop
      vertex 4.73053 2.7988 11.5
      vertex 4.36344 3.34819 5
      vertex 4.36344 3.34819 11.5
    endloop
  endfacet
  facet normal 0.83147 0.55557 0
    outer loop
      vertex 4.36344 3.34819 5
      vertex 4.73053 2.7988 11.5
      vertex 4.73053 2.7988 5
    endloop
  endfacet
  facet normal 0.488634 0.872489 -0
    outer loop
      vertex 9.00026 14.6871 1
      vertex 7.82018 15.348 5
      vertex 9.00026 14.6871 5
    endloop
  endfacet
  facet normal 0.488634 0.872489 0
    outer loop
      vertex 7.82018 15.348 5
      vertex 9.00026 14.6871 1
      vertex 7.82018 15.348 1
    endloop
  endfacet
  facet normal -0.993075 0.117484 0
    outer loop
      vertex -17.1723 1.35149 1
      vertex -17.0134 2.69465 5
      vertex -17.0134 2.69465 1
    endloop
  endfacet
  facet normal -0.993075 0.117484 0
    outer loop
      vertex -17.0134 2.69465 5
      vertex -17.1723 1.35149 1
      vertex -17.1723 1.35149 5
    endloop
  endfacet
  facet normal -0.999229 0.0392597 0
    outer loop
      vertex -17.2254 0 1
      vertex -17.1723 1.35149 5
      vertex -17.1723 1.35149 1
    endloop
  endfacet
  facet normal -0.999229 0.0392597 0
    outer loop
      vertex -17.1723 1.35149 5
      vertex -17.2254 0 1
      vertex -17.2254 0 5
    endloop
  endfacet
  facet normal -0.980781 0.195114 0
    outer loop
      vertex -17.0134 2.69465 1
      vertex -16.7495 4.0212 5
      vertex -16.7495 4.0212 1
    endloop
  endfacet
  facet normal -0.980781 0.195114 0
    outer loop
      vertex -16.7495 4.0212 5
      vertex -17.0134 2.69465 1
      vertex -17.0134 2.69465 5
    endloop
  endfacet
  facet normal 0.734324 0.678799 0
    outer loop
      vertex 13.0983 11.187 5
      vertex 12.1802 12.1802 1
      vertex 12.1802 12.1802 5
    endloop
  endfacet
  facet normal 0.734324 0.678799 0
    outer loop
      vertex 12.1802 12.1802 1
      vertex 13.0983 11.187 5
      vertex 13.0983 11.187 1
    endloop
  endfacet
  facet normal -0.962461 0.271419 0
    outer loop
      vertex -16.7495 4.0212 1
      vertex -16.3824 5.32295 5
      vertex -16.3824 5.32295 1
    endloop
  endfacet
  facet normal -0.962461 0.271419 0
    outer loop
      vertex -16.3824 5.32295 5
      vertex -16.7495 4.0212 1
      vertex -16.7495 4.0212 5
    endloop
  endfacet
  facet normal -0.488634 0.872489 0
    outer loop
      vertex -7.82018 15.348 1
      vertex -9.00026 14.6871 5
      vertex -7.82018 15.348 5
    endloop
  endfacet
  facet normal -0.488634 0.872489 0
    outer loop
      vertex -9.00026 14.6871 5
      vertex -7.82018 15.348 1
      vertex -9.00026 14.6871 1
    endloop
  endfacet
  facet normal -0.938175 0.346161 0
    outer loop
      vertex -16.3824 5.32295 1
      vertex -15.9142 6.59188 5
      vertex -15.9142 6.59188 1
    endloop
  endfacet
  facet normal -0.938175 0.346161 0
    outer loop
      vertex -15.9142 6.59188 5
      vertex -16.3824 5.32295 1
      vertex -16.3824 5.32295 5
    endloop
  endfacet
  facet normal 0.999229 -0.0392597 0
    outer loop
      vertex 17.1723 -1.35149 5
      vertex 17.2254 0 1
      vertex 17.2254 0 5
    endloop
  endfacet
  facet normal 0.999229 -0.0392597 0
    outer loop
      vertex 17.2254 0 1
      vertex 17.1723 -1.35149 5
      vertex 17.1723 -1.35149 1
    endloop
  endfacet
  facet normal 0.619143 0.785278 -0
    outer loop
      vertex 11.187 13.0983 1
      vertex 10.1249 13.9357 5
      vertex 11.187 13.0983 5
    endloop
  endfacet
  facet normal 0.619143 0.785278 0
    outer loop
      vertex 10.1249 13.9357 5
      vertex 11.187 13.0983 1
      vertex 10.1249 13.9357 1
    endloop
  endfacet
  facet normal -0.908158 -0.418627 0
    outer loop
      vertex -15.348 -7.82018 1
      vertex -15.9142 -6.59188 5
      vertex -15.9142 -6.59188 1
    endloop
  endfacet
  facet normal -0.908158 -0.418627 0
    outer loop
      vertex -15.9142 -6.59188 5
      vertex -15.348 -7.82018 1
      vertex -15.348 -7.82018 5
    endloop
  endfacet
  facet normal -0.346161 -0.938175 0
    outer loop
      vertex -6.59188 -15.9142 1
      vertex -5.32295 -16.3824 5
      vertex -6.59188 -15.9142 5
    endloop
  endfacet
  facet normal -0.346161 -0.938175 -0
    outer loop
      vertex -5.32295 -16.3824 5
      vertex -6.59188 -15.9142 1
      vertex -5.32295 -16.3824 1
    endloop
  endfacet
  facet normal -0.678799 0.734324 0
    outer loop
      vertex -11.187 13.0983 1
      vertex -12.1802 12.1802 5
      vertex -11.187 13.0983 5
    endloop
  endfacet
  facet normal -0.678799 0.734324 0
    outer loop
      vertex -12.1802 12.1802 5
      vertex -11.187 13.0983 1
      vertex -12.1802 12.1802 1
    endloop
  endfacet
  facet normal 0.195114 0.980781 -0
    outer loop
      vertex 4.0212 16.7495 1
      vertex 2.69465 17.0134 5
      vertex 4.0212 16.7495 5
    endloop
  endfacet
  facet normal 0.195114 0.980781 0
    outer loop
      vertex 2.69465 17.0134 5
      vertex 4.0212 16.7495 1
      vertex 2.69465 17.0134 1
    endloop
  endfacet
  facet normal -0.785278 -0.619143 0
    outer loop
      vertex -13.0983 -11.187 1
      vertex -13.9357 -10.1249 5
      vertex -13.9357 -10.1249 1
    endloop
  endfacet
  facet normal -0.785278 -0.619143 0
    outer loop
      vertex -13.9357 -10.1249 5
      vertex -13.0983 -11.187 1
      vertex -13.0983 -11.187 5
    endloop
  endfacet
  facet normal -0.734324 -0.678799 0
    outer loop
      vertex -12.1802 -12.1802 1
      vertex -13.0983 -11.187 5
      vertex -13.0983 -11.187 1
    endloop
  endfacet
  facet normal -0.734324 -0.678799 0
    outer loop
      vertex -13.0983 -11.187 5
      vertex -12.1802 -12.1802 1
      vertex -12.1802 -12.1802 5
    endloop
  endfacet
  facet normal -0.488634 -0.872489 0
    outer loop
      vertex -9.00026 -14.6871 1
      vertex -7.82018 -15.348 5
      vertex -9.00026 -14.6871 5
    endloop
  endfacet
  facet normal -0.488634 -0.872489 -0
    outer loop
      vertex -7.82018 -15.348 5
      vertex -9.00026 -14.6871 1
      vertex -7.82018 -15.348 1
    endloop
  endfacet
  facet normal 0.346161 0.938175 -0
    outer loop
      vertex 6.59188 15.9142 1
      vertex 5.32295 16.3824 5
      vertex 6.59188 15.9142 5
    endloop
  endfacet
  facet normal 0.346161 0.938175 0
    outer loop
      vertex 5.32295 16.3824 5
      vertex 6.59188 15.9142 1
      vertex 5.32295 16.3824 1
    endloop
  endfacet
  facet normal -0.872489 0.488634 0
    outer loop
      vertex -15.348 7.82018 1
      vertex -14.6871 9.00026 5
      vertex -14.6871 9.00026 1
    endloop
  endfacet
  facet normal -0.872489 0.488634 0
    outer loop
      vertex -14.6871 9.00026 5
      vertex -15.348 7.82018 1
      vertex -15.348 7.82018 5
    endloop
  endfacet
  facet normal 0.117484 -0.993075 0
    outer loop
      vertex 1.35149 -17.1723 1
      vertex 2.69465 -17.0134 5
      vertex 1.35149 -17.1723 5
    endloop
  endfacet
  facet normal 0.117484 -0.993075 0
    outer loop
      vertex 2.69465 -17.0134 5
      vertex 1.35149 -17.1723 1
      vertex 2.69465 -17.0134 1
    endloop
  endfacet
  facet normal -0.271419 0.962461 0
    outer loop
      vertex -4.0212 16.7495 1
      vertex -5.32295 16.3824 5
      vertex -4.0212 16.7495 5
    endloop
  endfacet
  facet normal -0.271419 0.962461 0
    outer loop
      vertex -5.32295 16.3824 5
      vertex -4.0212 16.7495 1
      vertex -5.32295 16.3824 1
    endloop
  endfacet
  facet normal 0.938175 -0.346161 0
    outer loop
      vertex 15.9142 -6.59188 5
      vertex 16.3824 -5.32295 1
      vertex 16.3824 -5.32295 5
    endloop
  endfacet
  facet normal 0.938175 -0.346161 0
    outer loop
      vertex 16.3824 -5.32295 1
      vertex 15.9142 -6.59188 5
      vertex 15.9142 -6.59188 1
    endloop
  endfacet
  facet normal -0.962461 -0.271419 0
    outer loop
      vertex -16.3824 -5.32295 1
      vertex -16.7495 -4.0212 5
      vertex -16.7495 -4.0212 1
    endloop
  endfacet
  facet normal -0.962461 -0.271419 0
    outer loop
      vertex -16.7495 -4.0212 5
      vertex -16.3824 -5.32295 1
      vertex -16.3824 -5.32295 5
    endloop
  endfacet
  facet normal 0.678799 -0.734324 0
    outer loop
      vertex 11.187 -13.0983 1
      vertex 12.1802 -12.1802 5
      vertex 11.187 -13.0983 5
    endloop
  endfacet
  facet normal 0.678799 -0.734324 0
    outer loop
      vertex 12.1802 -12.1802 5
      vertex 11.187 -13.0983 1
      vertex 12.1802 -12.1802 1
    endloop
  endfacet
  facet normal 0.999229 0.0392597 0
    outer loop
      vertex 17.2254 0 5
      vertex 17.1723 1.35149 1
      vertex 17.1723 1.35149 5
    endloop
  endfacet
  facet normal 0.999229 0.0392597 0
    outer loop
      vertex 17.1723 1.35149 1
      vertex 17.2254 0 5
      vertex 17.2254 0 1
    endloop
  endfacet
  facet normal -0.993075 -0.117484 0
    outer loop
      vertex -17.0134 -2.69465 1
      vertex -17.1723 -1.35149 5
      vertex -17.1723 -1.35149 1
    endloop
  endfacet
  facet normal -0.993075 -0.117484 0
    outer loop
      vertex -17.1723 -1.35149 5
      vertex -17.0134 -2.69465 1
      vertex -17.0134 -2.69465 5
    endloop
  endfacet
  facet normal -0.83149 0.555539 0
    outer loop
      vertex -14.6871 9.00026 1
      vertex -13.9357 10.1249 5
      vertex -13.9357 10.1249 1
    endloop
  endfacet
  facet normal -0.83149 0.555539 0
    outer loop
      vertex -13.9357 10.1249 5
      vertex -14.6871 9.00026 1
      vertex -14.6871 9.00026 5
    endloop
  endfacet
  facet normal 0.785278 0.619143 0
    outer loop
      vertex 13.9357 10.1249 5
      vertex 13.0983 11.187 1
      vertex 13.0983 11.187 5
    endloop
  endfacet
  facet normal 0.785278 0.619143 0
    outer loop
      vertex 13.0983 11.187 1
      vertex 13.9357 10.1249 5
      vertex 13.9357 10.1249 1
    endloop
  endfacet
  facet normal 0.734324 -0.678799 0
    outer loop
      vertex 12.1802 -12.1802 5
      vertex 13.0983 -11.187 1
      vertex 13.0983 -11.187 5
    endloop
  endfacet
  facet normal 0.734324 -0.678799 0
    outer loop
      vertex 13.0983 -11.187 1
      vertex 12.1802 -12.1802 5
      vertex 12.1802 -12.1802 1
    endloop
  endfacet
  facet normal 0.117484 0.993075 -0
    outer loop
      vertex 2.69465 17.0134 1
      vertex 1.35149 17.1723 5
      vertex 2.69465 17.0134 5
    endloop
  endfacet
  facet normal 0.117484 0.993075 0
    outer loop
      vertex 1.35149 17.1723 5
      vertex 2.69465 17.0134 1
      vertex 1.35149 17.1723 1
    endloop
  endfacet
  facet normal -0.418627 0.908158 0
    outer loop
      vertex -6.59188 15.9142 1
      vertex -7.82018 15.348 5
      vertex -6.59188 15.9142 5
    endloop
  endfacet
  facet normal -0.418627 0.908158 0
    outer loop
      vertex -7.82018 15.348 5
      vertex -6.59188 15.9142 1
      vertex -7.82018 15.348 1
    endloop
  endfacet
  facet normal -0.678799 -0.734324 0
    outer loop
      vertex -12.1802 -12.1802 1
      vertex -11.187 -13.0983 5
      vertex -12.1802 -12.1802 5
    endloop
  endfacet
  facet normal -0.678799 -0.734324 -0
    outer loop
      vertex -11.187 -13.0983 5
      vertex -12.1802 -12.1802 1
      vertex -11.187 -13.0983 1
    endloop
  endfacet
  facet normal -0.999229 -0.0392597 0
    outer loop
      vertex -17.1723 -1.35149 1
      vertex -17.2254 0 5
      vertex -17.2254 0 1
    endloop
  endfacet
  facet normal -0.999229 -0.0392597 0
    outer loop
      vertex -17.2254 0 5
      vertex -17.1723 -1.35149 1
      vertex -17.1723 -1.35149 5
    endloop
  endfacet
  facet normal -0.117484 -0.993075 0
    outer loop
      vertex -2.69465 -17.0134 1
      vertex -1.35149 -17.1723 5
      vertex -2.69465 -17.0134 5
    endloop
  endfacet
  facet normal -0.117484 -0.993075 -0
    outer loop
      vertex -1.35149 -17.1723 5
      vertex -2.69465 -17.0134 1
      vertex -1.35149 -17.1723 1
    endloop
  endfacet
  facet normal 0.678799 0.734324 -0
    outer loop
      vertex 12.1802 12.1802 1
      vertex 11.187 13.0983 5
      vertex 12.1802 12.1802 5
    endloop
  endfacet
  facet normal 0.678799 0.734324 0
    outer loop
      vertex 11.187 13.0983 5
      vertex 12.1802 12.1802 1
      vertex 11.187 13.0983 1
    endloop
  endfacet
  facet normal 0.195114 -0.980781 0
    outer loop
      vertex 2.69465 -17.0134 1
      vertex 4.0212 -16.7495 5
      vertex 2.69465 -17.0134 5
    endloop
  endfacet
  facet normal 0.195114 -0.980781 0
    outer loop
      vertex 4.0212 -16.7495 5
      vertex 2.69465 -17.0134 1
      vertex 4.0212 -16.7495 1
    endloop
  endfacet
  facet normal -0.619143 0.785278 0
    outer loop
      vertex -10.1249 13.9357 1
      vertex -11.187 13.0983 5
      vertex -10.1249 13.9357 5
    endloop
  endfacet
  facet normal -0.619143 0.785278 0
    outer loop
      vertex -11.187 13.0983 5
      vertex -10.1249 13.9357 1
      vertex -11.187 13.0983 1
    endloop
  endfacet
  facet normal -0.195114 -0.980781 0
    outer loop
      vertex -4.0212 -16.7495 1
      vertex -2.69465 -17.0134 5
      vertex -4.0212 -16.7495 5
    endloop
  endfacet
  facet normal -0.195114 -0.980781 -0
    outer loop
      vertex -2.69465 -17.0134 5
      vertex -4.0212 -16.7495 1
      vertex -2.69465 -17.0134 1
    endloop
  endfacet
  facet normal -0.555539 0.83149 0
    outer loop
      vertex -9.00026 14.6871 1
      vertex -10.1249 13.9357 5
      vertex -9.00026 14.6871 5
    endloop
  endfacet
  facet normal -0.555539 0.83149 0
    outer loop
      vertex -10.1249 13.9357 5
      vertex -9.00026 14.6871 1
      vertex -10.1249 13.9357 1
    endloop
  endfacet
  facet normal -0.0392597 -0.999229 0
    outer loop
      vertex -1.35149 -17.1723 1
      vertex 0 -17.2254 5
      vertex -1.35149 -17.1723 5
    endloop
  endfacet
  facet normal -0.0392597 -0.999229 -0
    outer loop
      vertex 0 -17.2254 5
      vertex -1.35149 -17.1723 1
      vertex 0 -17.2254 1
    endloop
  endfacet
  facet normal -0.83149 -0.555539 0
    outer loop
      vertex -13.9357 -10.1249 1
      vertex -14.6871 -9.00026 5
      vertex -14.6871 -9.00026 1
    endloop
  endfacet
  facet normal -0.83149 -0.555539 0
    outer loop
      vertex -14.6871 -9.00026 5
      vertex -13.9357 -10.1249 1
      vertex -13.9357 -10.1249 5
    endloop
  endfacet
  facet normal 0.962461 -0.271419 0
    outer loop
      vertex 16.3824 -5.32295 5
      vertex 16.7495 -4.0212 1
      vertex 16.7495 -4.0212 5
    endloop
  endfacet
  facet normal 0.962461 -0.271419 0
    outer loop
      vertex 16.7495 -4.0212 1
      vertex 16.3824 -5.32295 5
      vertex 16.3824 -5.32295 1
    endloop
  endfacet
  facet normal -0.418627 -0.908158 0
    outer loop
      vertex -7.82018 -15.348 1
      vertex -6.59188 -15.9142 5
      vertex -7.82018 -15.348 5
    endloop
  endfacet
  facet normal -0.418627 -0.908158 -0
    outer loop
      vertex -6.59188 -15.9142 5
      vertex -7.82018 -15.348 1
      vertex -6.59188 -15.9142 1
    endloop
  endfacet
  facet normal 0.872489 0.488634 0
    outer loop
      vertex 15.348 7.82018 5
      vertex 14.6871 9.00026 1
      vertex 14.6871 9.00026 5
    endloop
  endfacet
  facet normal 0.872489 0.488634 0
    outer loop
      vertex 14.6871 9.00026 1
      vertex 15.348 7.82018 5
      vertex 15.348 7.82018 1
    endloop
  endfacet
  facet normal -0.785278 0.619143 0
    outer loop
      vertex -13.9357 10.1249 1
      vertex -13.0983 11.187 5
      vertex -13.0983 11.187 1
    endloop
  endfacet
  facet normal -0.785278 0.619143 0
    outer loop
      vertex -13.0983 11.187 5
      vertex -13.9357 10.1249 1
      vertex -13.9357 10.1249 5
    endloop
  endfacet
  facet normal -0.908158 0.418627 0
    outer loop
      vertex -15.9142 6.59188 1
      vertex -15.348 7.82018 5
      vertex -15.348 7.82018 1
    endloop
  endfacet
  facet normal -0.908158 0.418627 0
    outer loop
      vertex -15.348 7.82018 5
      vertex -15.9142 6.59188 1
      vertex -15.9142 6.59188 5
    endloop
  endfacet
  facet normal 0.938175 0.346161 0
    outer loop
      vertex 16.3824 5.32295 5
      vertex 15.9142 6.59188 1
      vertex 15.9142 6.59188 5
    endloop
  endfacet
  facet normal 0.938175 0.346161 0
    outer loop
      vertex 15.9142 6.59188 1
      vertex 16.3824 5.32295 5
      vertex 16.3824 5.32295 1
    endloop
  endfacet
  facet normal 0.962461 0.271419 0
    outer loop
      vertex 16.7495 4.0212 5
      vertex 16.3824 5.32295 1
      vertex 16.3824 5.32295 5
    endloop
  endfacet
  facet normal 0.962461 0.271419 0
    outer loop
      vertex 16.3824 5.32295 1
      vertex 16.7495 4.0212 5
      vertex 16.7495 4.0212 1
    endloop
  endfacet
  facet normal 0.993075 0.117484 0
    outer loop
      vertex 17.1723 1.35149 5
      vertex 17.0134 2.69465 1
      vertex 17.0134 2.69465 5
    endloop
  endfacet
  facet normal 0.993075 0.117484 0
    outer loop
      vertex 17.0134 2.69465 1
      vertex 17.1723 1.35149 5
      vertex 17.1723 1.35149 1
    endloop
  endfacet
  facet normal 0 0 1
    outer loop
      vertex -17.1723 1.35149 5
      vertex -5.5 0 5
      vertex -5.46629 0.51435 5
    endloop
  endfacet
  facet normal 0 0 1
    outer loop
      vertex -5.5 0 5
      vertex -13.0983 -11.187 5
      vertex -10.8018 -12.8258 5
    endloop
  endfacet
  facet normal 0 0 1
    outer loop
      vertex -10.8018 -12.8258 5
      vertex -12.1802 -12.1802 5
      vertex -11.187 -13.0983 5
    endloop
  endfacet
  facet normal 0 0 1
    outer loop
      vertex -10.8018 -12.8258 5
      vertex -13.0983 -11.187 5
      vertex -12.1802 -12.1802 5
    endloop
  endfacet
  facet normal 0 0 1
    outer loop
      vertex -5.5 0 5
      vertex -13.9357 -10.1249 5
      vertex -13.0983 -11.187 5
    endloop
  endfacet
  facet normal 0 0 1
    outer loop
      vertex -5.5 0 5
      vertex -14.6871 -9.00026 5
      vertex -13.9357 -10.1249 5
    endloop
  endfacet
  facet normal 0 0 1
    outer loop
      vertex -5.5 0 5
      vertex -15.348 -7.82018 5
      vertex -14.6871 -9.00026 5
    endloop
  endfacet
  facet normal 0 0 1
    outer loop
      vertex -5.5 0 5
      vertex -15.9142 -6.59188 5
      vertex -15.348 -7.82018 5
    endloop
  endfacet
  facet normal -0 0 1
    outer loop
      vertex -17.1723 1.35149 5
      vertex -5.46629 0.51435 5
      vertex -16.2776 4.02717 5
    endloop
  endfacet
  facet normal 0 0 1
    outer loop
      vertex -16.7495 4.0212 5
      vertex -16.2776 4.02717 5
      vertex -16.3824 5.32295 5
    endloop
  endfacet
  facet normal 0 0 1
    outer loop
      vertex -5.5 0 5
      vertex -16.3824 -5.32295 5
      vertex -15.9142 -6.59188 5
    endloop
  endfacet
  facet normal 0 0 1
    outer loop
      vertex -17.0134 2.69465 5
      vertex -16.2776 4.02717 5
      vertex -16.7495 4.0212 5
    endloop
  endfacet
  facet normal 0 0 1
    outer loop
      vertex -5.5 0 5
      vertex -16.7495 -4.0212 5
      vertex -16.3824 -5.32295 5
    endloop
  endfacet
  facet normal 0 0 1
    outer loop
      vertex -17.1723 1.35149 5
      vertex -16.2776 4.02717 5
      vertex -17.0134 2.69465 5
    endloop
  endfacet
  facet normal 0 0 1
    outer loop
      vertex -5.5 0 5
      vertex -17.0134 -2.69465 5
      vertex -16.7495 -4.0212 5
    endloop
  endfacet
  facet normal 0 0 1
    outer loop
      vertex -5.5 0 5
      vertex -17.1723 1.35149 5
      vertex -17.2254 0 5
    endloop
  endfacet
  facet normal 0 0 1
    outer loop
      vertex -5.5 0 5
      vertex -17.1723 -1.35149 5
      vertex -17.0134 -2.69465 5
    endloop
  endfacet
  facet normal 0 0 1
    outer loop
      vertex -5.5 0 5
      vertex -17.2254 0 5
      vertex -17.1723 -1.35149 5
    endloop
  endfacet
  facet normal 0 0 1
    outer loop
      vertex -4.36344 -3.34819 5
      vertex -10.8018 -12.8258 5
      vertex -4.11867 -3.6273 5
    endloop
  endfacet
  facet normal 0 0 1
    outer loop
      vertex -4.76314 -2.75 5
      vertex -10.8018 -12.8258 5
      vertex -4.36344 -3.34819 5
    endloop
  endfacet
  facet normal 0 0 1
    outer loop
      vertex -5.08134 -2.10476 5
      vertex -10.8018 -12.8258 5
      vertex -4.76314 -2.75 5
    endloop
  endfacet
  facet normal 0 0 1
    outer loop
      vertex -5.31259 -1.4235 5
      vertex -10.8018 -12.8258 5
      vertex -5.08134 -2.10476 5
    endloop
  endfacet
  facet normal 0 0 1
    outer loop
      vertex -5.45295 -0.717894 5
      vertex -10.8018 -12.8258 5
      vertex -5.31259 -1.4235 5
    endloop
  endfacet
  facet normal 0 0 1
    outer loop
      vertex -10.8018 -12.8258 5
      vertex -5.45295 -0.717894 5
      vertex -5.5 0 5
    endloop
  endfacet
  facet normal 0 0 1
    outer loop
      vertex 0 17.2254 5
      vertex 1.2 16.7254 5
      vertex 1.35149 17.1723 5
    endloop
  endfacet
  facet normal 0 0 1
    outer loop
      vertex 0 17.2254 5
      vertex -1.2 16.7254 5
      vertex 1.2 16.7254 5
    endloop
  endfacet
  facet normal -0 0 1
    outer loop
      vertex -1.35149 17.1723 5
      vertex -1.2 16.7254 5
      vertex 0 17.2254 5
    endloop
  endfacet
  facet normal -0 0 1
    outer loop
      vertex -2.69465 17.0134 5
      vertex -1.2 16.7254 5
      vertex -1.35149 17.1723 5
    endloop
  endfacet
  facet normal -0 0 1
    outer loop
      vertex -4.0212 16.7495 5
      vertex -1.2 16.7254 5
      vertex -2.69465 17.0134 5
    endloop
  endfacet
  facet normal 0 -0 1
    outer loop
      vertex -1.4235 5.31259 5
      vertex -1.2 16.7254 5
      vertex -4.0212 16.7495 5
    endloop
  endfacet
  facet normal 0 0 1
    outer loop
      vertex -1.2 16.7254 5
      vertex -1.4235 5.31259 5
      vertex -1.2 5.35705 5
    endloop
  endfacet
  facet normal -0 0 1
    outer loop
      vertex -5.32295 16.3824 5
      vertex -1.4235 5.31259 5
      vertex -4.0212 16.7495 5
    endloop
  endfacet
  facet normal 0 0 1
    outer loop
      vertex -1.4235 5.31259 5
      vertex -5.32295 16.3824 5
      vertex -2.10476 5.08134 5
    endloop
  endfacet
  facet normal -0 0 1
    outer loop
      vertex -6.59188 15.9142 5
      vertex -2.10476 5.08134 5
      vertex -5.32295 16.3824 5
    endloop
  endfacet
  facet normal -0 0 1
    outer loop
      vertex -7.82018 15.348 5
      vertex -2.10476 5.08134 5
      vertex -6.59188 15.9142 5
    endloop
  endfacet
  facet normal 0 0 1
    outer loop
      vertex -2.10476 5.08134 5
      vertex -7.82018 15.348 5
      vertex -2.75 4.76314 5
    endloop
  endfacet
  facet normal -0 0 1
    outer loop
      vertex -9.00026 14.6871 5
      vertex -2.75 4.76314 5
      vertex -7.82018 15.348 5
    endloop
  endfacet
  facet normal 0 0 1
    outer loop
      vertex -2.75 4.76314 5
      vertex -9.00026 14.6871 5
      vertex -3.34819 4.36344 5
    endloop
  endfacet
  facet normal -0 0 1
    outer loop
      vertex -10.1249 13.9357 5
      vertex -3.34819 4.36344 5
      vertex -9.00026 14.6871 5
    endloop
  endfacet
  facet normal -0 0 1
    outer loop
      vertex -11.187 13.0983 5
      vertex -3.34819 4.36344 5
      vertex -10.1249 13.9357 5
    endloop
  endfacet
  facet normal 0 0 1
    outer loop
      vertex -3.34819 4.36344 5
      vertex -11.187 13.0983 5
      vertex -3.88909 3.88909 5
    endloop
  endfacet
  facet normal -0 0 1
    outer loop
      vertex -12.1802 12.1802 5
      vertex -3.88909 3.88909 5
      vertex -11.187 13.0983 5
    endloop
  endfacet
  facet normal -0 0 1
    outer loop
      vertex -13.0983 11.187 5
      vertex -3.88909 3.88909 5
      vertex -12.1802 12.1802 5
    endloop
  endfacet
  facet normal 0 0 1
    outer loop
      vertex -3.88909 3.88909 5
      vertex -13.0983 11.187 5
      vertex -4.36344 3.34819 5
    endloop
  endfacet
  facet normal -0 0 1
    outer loop
      vertex -13.9357 10.1249 5
      vertex -4.36344 3.34819 5
      vertex -13.0983 11.187 5
    endloop
  endfacet
  facet normal 0 0 1
    outer loop
      vertex -4.36344 3.34819 5
      vertex -13.9357 10.1249 5
      vertex -4.73053 2.7988 5
    endloop
  endfacet
  facet normal -0 0 1
    outer loop
      vertex -14.6871 9.00026 5
      vertex -4.73053 2.7988 5
      vertex -13.9357 10.1249 5
    endloop
  endfacet
  facet normal 0 0 1
    outer loop
      vertex -15.536 6.30971 5
      vertex -14.6871 9.00026 5
      vertex -15.348 7.82018 5
    endloop
  endfacet
  facet normal 0 0 1
    outer loop
      vertex -14.6871 9.00026 5
      vertex -15.536 6.30971 5
      vertex -4.73053 2.7988 5
    endloop
  endfacet
  facet normal -0 0 1
    outer loop
      vertex -15.9142 6.59188 5
      vertex -15.536 6.30971 5
      vertex -15.348 7.82018 5
    endloop
  endfacet
  facet normal 0 0 1
    outer loop
      vertex -16.3824 5.32295 5
      vertex -15.536 6.30971 5
      vertex -15.9142 6.59188 5
    endloop
  endfacet
  facet normal 0 0 1
    outer loop
      vertex -15.536 6.30971 5
      vertex -16.3824 5.32295 5
      vertex -16.2776 4.02717 5
    endloop
  endfacet
  facet normal 0 0 1
    outer loop
      vertex 5.5 0 5
      vertex 17.2254 0 5
      vertex 17.1723 1.35149 5
    endloop
  endfacet
  facet normal 0 0 1
    outer loop
      vertex 16.2776 4.02717 5
      vertex 17.1723 1.35149 5
      vertex 17.0134 2.69465 5
    endloop
  endfacet
  facet normal 0 0 1
    outer loop
      vertex 17.2254 0 5
      vertex 5.5 0 5
      vertex 17.1723 -1.35149 5
    endloop
  endfacet
  facet normal 0 0 1
    outer loop
      vertex 16.2776 4.02717 5
      vertex 17.0134 2.69465 5
      vertex 16.7495 4.0212 5
    endloop
  endfacet
  facet normal 0 0 1
    outer loop
      vertex 5.46629 0.51435 5
      vertex 17.1723 1.35149 5
      vertex 16.2776 4.02717 5
    endloop
  endfacet
  facet normal -0 0 1
    outer loop
      vertex 16.2776 4.02717 5
      vertex 16.7495 4.0212 5
      vertex 16.3824 5.32295 5
    endloop
  endfacet
  facet normal -0 0 1
    outer loop
      vertex 5.45295 -0.717894 5
      vertex 17.1723 -1.35149 5
      vertex 5.5 0 5
    endloop
  endfacet
  facet normal 0 0 1
    outer loop
      vertex 17.1723 -1.35149 5
      vertex 5.45295 -0.717894 5
      vertex 17.0134 -2.69465 5
    endloop
  endfacet
  facet normal -0 0 1
    outer loop
      vertex 15.536 6.30971 5
      vertex 16.3824 5.32295 5
      vertex 15.9142 6.59188 5
    endloop
  endfacet
  facet normal 0 0 1
    outer loop
      vertex 16.3824 5.32295 5
      vertex 15.536 6.30971 5
      vertex 16.2776 4.02717 5
    endloop
  endfacet
  facet normal 0 0 1
    outer loop
      vertex 15.348 7.82018 5
      vertex 15.536 6.30971 5
      vertex 15.9142 6.59188 5
    endloop
  endfacet
  facet normal 0 0 1
    outer loop
      vertex 14.6871 9.00026 5
      vertex 15.536 6.30971 5
      vertex 15.348 7.82018 5
    endloop
  endfacet
  facet normal 0 0 1
    outer loop
      vertex 4.73053 2.7988 5
      vertex 14.6871 9.00026 5
      vertex 13.9357 10.1249 5
    endloop
  endfacet
  facet normal 0 0 1
    outer loop
      vertex 4.36344 3.34819 5
      vertex 13.9357 10.1249 5
      vertex 13.0983 11.187 5
    endloop
  endfacet
  facet normal 0 0 1
    outer loop
      vertex 3.88909 3.88909 5
      vertex 13.0983 11.187 5
      vertex 12.1802 12.1802 5
    endloop
  endfacet
  facet normal 0 0 1
    outer loop
      vertex 3.88909 3.88909 5
      vertex 12.1802 12.1802 5
      vertex 11.187 13.0983 5
    endloop
  endfacet
  facet normal 0 0 1
    outer loop
      vertex 3.34819 4.36344 5
      vertex 11.187 13.0983 5
      vertex 10.1249 13.9357 5
    endloop
  endfacet
  facet normal 0 0 1
    outer loop
      vertex 3.34819 4.36344 5
      vertex 10.1249 13.9357 5
      vertex 9.00026 14.6871 5
    endloop
  endfacet
  facet normal 0 0 1
    outer loop
      vertex 2.75 4.76314 5
      vertex 9.00026 14.6871 5
      vertex 7.82018 15.348 5
    endloop
  endfacet
  facet normal 0 0 1
    outer loop
      vertex 2.10476 5.08134 5
      vertex 7.82018 15.348 5
      vertex 6.59188 15.9142 5
    endloop
  endfacet
  facet normal 0 0 1
    outer loop
      vertex 2.10476 5.08134 5
      vertex 6.59188 15.9142 5
      vertex 5.32295 16.3824 5
    endloop
  endfacet
  facet normal 0 0 1
    outer loop
      vertex 13.0983 11.187 5
      vertex 3.88909 3.88909 5
      vertex 4.36344 3.34819 5
    endloop
  endfacet
  facet normal 0 0 1
    outer loop
      vertex 14.6871 9.00026 5
      vertex 4.73053 2.7988 5
      vertex 15.536 6.30971 5
    endloop
  endfacet
  facet normal 0 0 1
    outer loop
      vertex 1.4235 5.31259 5
      vertex 5.32295 16.3824 5
      vertex 4.0212 16.7495 5
    endloop
  endfacet
  facet normal 0 -0 1
    outer loop
      vertex 4.73053 2.7988 5
      vertex 13.9357 10.1249 5
      vertex 4.36344 3.34819 5
    endloop
  endfacet
  facet normal 0 0 1
    outer loop
      vertex 11.187 13.0983 5
      vertex 3.34819 4.36344 5
      vertex 3.88909 3.88909 5
    endloop
  endfacet
  facet normal 0 0 1
    outer loop
      vertex 9.00026 14.6871 5
      vertex 2.75 4.76314 5
      vertex 3.34819 4.36344 5
    endloop
  endfacet
  facet normal 0 0 1
    outer loop
      vertex 1.2 16.7254 5
      vertex 4.0212 16.7495 5
      vertex 2.69465 17.0134 5
    endloop
  endfacet
  facet normal 0 0 1
    outer loop
      vertex 7.82018 15.348 5
      vertex 2.10476 5.08134 5
      vertex 2.75 4.76314 5
    endloop
  endfacet
  facet normal 0 0 1
    outer loop
      vertex 5.32295 16.3824 5
      vertex 1.4235 5.31259 5
      vertex 2.10476 5.08134 5
    endloop
  endfacet
  facet normal 0 0 1
    outer loop
      vertex 1.2 16.7254 5
      vertex 2.69465 17.0134 5
      vertex 1.35149 17.1723 5
    endloop
  endfacet
  facet normal 0 0 1
    outer loop
      vertex 4.0212 16.7495 5
      vertex 1.2 16.7254 5
      vertex 1.4235 5.31259 5
    endloop
  endfacet
  facet normal 0 0 1
    outer loop
      vertex 1.4235 5.31259 5
      vertex 1.2 16.7254 5
      vertex 1.2 5.35705 5
    endloop
  endfacet
  facet normal 0 0 1
    outer loop
      vertex 17.0134 -2.69465 5
      vertex 5.45295 -0.717894 5
      vertex 16.7495 -4.0212 5
    endloop
  endfacet
  facet normal 0 0 1
    outer loop
      vertex 16.7495 -4.0212 5
      vertex 5.31259 -1.4235 5
      vertex 16.3824 -5.32295 5
    endloop
  endfacet
  facet normal -0 0 1
    outer loop
      vertex 5.08134 -2.10476 5
      vertex 16.3824 -5.32295 5
      vertex 5.31259 -1.4235 5
    endloop
  endfacet
  facet normal 0 0 1
    outer loop
      vertex 16.3824 -5.32295 5
      vertex 5.08134 -2.10476 5
      vertex 15.9142 -6.59188 5
    endloop
  endfacet
  facet normal -0 0 1
    outer loop
      vertex 4.76314 -2.75 5
      vertex 15.348 -7.82018 5
      vertex 5.08134 -2.10476 5
    endloop
  endfacet
  facet normal 0 0 1
    outer loop
      vertex 15.348 -7.82018 5
      vertex 4.76314 -2.75 5
      vertex 14.6871 -9.00026 5
    endloop
  endfacet
  facet normal 0 0 1
    outer loop
      vertex 14.6871 -9.00026 5
      vertex 4.76314 -2.75 5
      vertex 13.9357 -10.1249 5
    endloop
  endfacet
  facet normal 0 0 1
    outer loop
      vertex 12.1802 -12.1802 5
      vertex 10.8018 -12.8258 5
      vertex 11.187 -13.0983 5
    endloop
  endfacet
  facet normal -0 0 1
    outer loop
      vertex 5.31259 -1.4235 5
      vertex 16.7495 -4.0212 5
      vertex 5.45295 -0.717894 5
    endloop
  endfacet
  facet normal 0 0 1
    outer loop
      vertex 17.1723 1.35149 5
      vertex 5.46629 0.51435 5
      vertex 5.5 0 5
    endloop
  endfacet
  facet normal 0 0 1
    outer loop
      vertex 10.8018 -12.8258 5
      vertex 10.1249 -13.9357 5
      vertex 11.187 -13.0983 5
    endloop
  endfacet
  facet normal 0 0 1
    outer loop
      vertex 8.86014 -14.2365 5
      vertex 10.1249 -13.9357 5
      vertex 10.8018 -12.8258 5
    endloop
  endfacet
  facet normal 0 0 1
    outer loop
      vertex 10.1249 -13.9357 5
      vertex 8.86014 -14.2365 5
      vertex 9.00026 -14.6871 5
    endloop
  endfacet
  facet normal 0 0 1
    outer loop
      vertex 8.86014 -14.2365 5
      vertex 7.82018 -15.348 5
      vertex 9.00026 -14.6871 5
    endloop
  endfacet
  facet normal 0 0 1
    outer loop
      vertex 8.86014 -14.2365 5
      vertex 6.59188 -15.9142 5
      vertex 7.82018 -15.348 5
    endloop
  endfacet
  facet normal 0 0 1
    outer loop
      vertex 2.10476 -5.08134 5
      vertex 6.59188 -15.9142 5
      vertex 8.86014 -14.2365 5
    endloop
  endfacet
  facet normal 0 0 1
    outer loop
      vertex 6.59188 -15.9142 5
      vertex 2.10476 -5.08134 5
      vertex 5.32295 -16.3824 5
    endloop
  endfacet
  facet normal -0 0 1
    outer loop
      vertex 1.4235 -5.31259 5
      vertex 5.32295 -16.3824 5
      vertex 2.10476 -5.08134 5
    endloop
  endfacet
  facet normal -0 0 1
    outer loop
      vertex 2.10476 -5.08134 5
      vertex 8.86014 -14.2365 5
      vertex 2.18115 -5.04366 5
    endloop
  endfacet
  facet normal 0 0 1
    outer loop
      vertex 5.32295 -16.3824 5
      vertex 1.4235 -5.31259 5
      vertex 4.0212 -16.7495 5
    endloop
  endfacet
  facet normal 0 0 1
    outer loop
      vertex 4.0212 -16.7495 5
      vertex 1.4235 -5.31259 5
      vertex 2.69465 -17.0134 5
    endloop
  endfacet
  facet normal -0 0 1
    outer loop
      vertex 0.717894 -5.45295 5
      vertex 2.69465 -17.0134 5
      vertex 1.4235 -5.31259 5
    endloop
  endfacet
  facet normal 0 0 1
    outer loop
      vertex 2.69465 -17.0134 5
      vertex 0.717894 -5.45295 5
      vertex 1.35149 -17.1723 5
    endloop
  endfacet
  facet normal -0 0 1
    outer loop
      vertex 0 -5.5 5
      vertex 1.35149 -17.1723 5
      vertex 0.717894 -5.45295 5
    endloop
  endfacet
  facet normal 0 0 1
    outer loop
      vertex 0 -5.5 5
      vertex 0 -17.2254 5
      vertex 1.35149 -17.1723 5
    endloop
  endfacet
  facet normal 0 0 1
    outer loop
      vertex -1.35149 -17.1723 5
      vertex 0 -5.5 5
      vertex -0.717894 -5.45295 5
    endloop
  endfacet
  facet normal 0 0 1
    outer loop
      vertex 0 -5.5 5
      vertex -1.35149 -17.1723 5
      vertex 0 -17.2254 5
    endloop
  endfacet
  facet normal 0 0 1
    outer loop
      vertex -2.69465 -17.0134 5
      vertex -0.717894 -5.45295 5
      vertex -1.4235 -5.31259 5
    endloop
  endfacet
  facet normal 0 0 1
    outer loop
      vertex -5.32295 -16.3824 5
      vertex -1.4235 -5.31259 5
      vertex -2.10476 -5.08134 5
    endloop
  endfacet
  facet normal 0 0 1
    outer loop
      vertex -8.86014 -14.2365 5
      vertex -2.10476 -5.08134 5
      vertex -2.18115 -5.04366 5
    endloop
  endfacet
  facet normal 0 0 1
    outer loop
      vertex -0.717894 -5.45295 5
      vertex -2.69465 -17.0134 5
      vertex -1.35149 -17.1723 5
    endloop
  endfacet
  facet normal 0 0 1
    outer loop
      vertex -1.4235 -5.31259 5
      vertex -4.0212 -16.7495 5
      vertex -2.69465 -17.0134 5
    endloop
  endfacet
  facet normal 0 0 1
    outer loop
      vertex -1.4235 -5.31259 5
      vertex -5.32295 -16.3824 5
      vertex -4.0212 -16.7495 5
    endloop
  endfacet
  facet normal 0 0 1
    outer loop
      vertex -2.10476 -5.08134 5
      vertex -6.59188 -15.9142 5
      vertex -5.32295 -16.3824 5
    endloop
  endfacet
  facet normal 0 0 1
    outer loop
      vertex -2.10476 -5.08134 5
      vertex -8.86014 -14.2365 5
      vertex -6.59188 -15.9142 5
    endloop
  endfacet
  facet normal 0 0 1
    outer loop
      vertex -6.59188 -15.9142 5
      vertex -8.86014 -14.2365 5
      vertex -7.82018 -15.348 5
    endloop
  endfacet
  facet normal 0 0 1
    outer loop
      vertex -8.86014 -14.2365 5
      vertex -9.00026 -14.6871 5
      vertex -7.82018 -15.348 5
    endloop
  endfacet
  facet normal 0 0 1
    outer loop
      vertex -8.86014 -14.2365 5
      vertex -10.1249 -13.9357 5
      vertex -9.00026 -14.6871 5
    endloop
  endfacet
  facet normal 0 0 1
    outer loop
      vertex -10.8018 -12.8258 5
      vertex -10.1249 -13.9357 5
      vertex -8.86014 -14.2365 5
    endloop
  endfacet
  facet normal 0 0 1
    outer loop
      vertex -10.1249 -13.9357 5
      vertex -10.8018 -12.8258 5
      vertex -11.187 -13.0983 5
    endloop
  endfacet
  facet normal 0 0 1
    outer loop
      vertex 15.9142 -6.59188 5
      vertex 5.08134 -2.10476 5
      vertex 15.348 -7.82018 5
    endloop
  endfacet
  facet normal -0 0 1
    outer loop
      vertex 4.36344 -3.34819 5
      vertex 13.9357 -10.1249 5
      vertex 4.76314 -2.75 5
    endloop
  endfacet
  facet normal 0 0 1
    outer loop
      vertex 13.9357 -10.1249 5
      vertex 4.36344 -3.34819 5
      vertex 13.0983 -11.187 5
    endloop
  endfacet
  facet normal 0 -0 1
    outer loop
      vertex 10.8018 -12.8258 5
      vertex 13.0983 -11.187 5
      vertex 4.36344 -3.34819 5
    endloop
  endfacet
  facet normal 0 0 1
    outer loop
      vertex 13.0983 -11.187 5
      vertex 10.8018 -12.8258 5
      vertex 12.1802 -12.1802 5
    endloop
  endfacet
  facet normal 0 0 1
    outer loop
      vertex 10.8018 -12.8258 5
      vertex 4.36344 -3.34819 5
      vertex 4.11867 -3.6273 5
    endloop
  endfacet
  facet normal 0.785278 -0.619143 0
    outer loop
      vertex 13.0983 -11.187 5
      vertex 13.9357 -10.1249 1
      vertex 13.9357 -10.1249 5
    endloop
  endfacet
  facet normal 0.785278 -0.619143 0
    outer loop
      vertex 13.9357 -10.1249 1
      vertex 13.0983 -11.187 5
      vertex 13.0983 -11.187 1
    endloop
  endfacet
  facet normal 0.0392597 0.999229 -0
    outer loop
      vertex 1.35149 17.1723 1
      vertex 0 17.2254 5
      vertex 1.35149 17.1723 5
    endloop
  endfacet
  facet normal 0.0392597 0.999229 0
    outer loop
      vertex 0 17.2254 5
      vertex 1.35149 17.1723 1
      vertex 0 17.2254 1
    endloop
  endfacet
  facet normal 0.271419 0.962461 -0
    outer loop
      vertex 5.32295 16.3824 1
      vertex 4.0212 16.7495 5
      vertex 5.32295 16.3824 5
    endloop
  endfacet
  facet normal 0.271419 0.962461 0
    outer loop
      vertex 4.0212 16.7495 5
      vertex 5.32295 16.3824 1
      vertex 4.0212 16.7495 1
    endloop
  endfacet
  facet normal 0.980781 0.195114 0
    outer loop
      vertex 17.0134 2.69465 5
      vertex 16.7495 4.0212 1
      vertex 16.7495 4.0212 5
    endloop
  endfacet
  facet normal 0.980781 0.195114 0
    outer loop
      vertex 16.7495 4.0212 1
      vertex 17.0134 2.69465 5
      vertex 17.0134 2.69465 1
    endloop
  endfacet
  facet normal -0.117484 0.993075 0
    outer loop
      vertex -1.35149 17.1723 1
      vertex -2.69465 17.0134 5
      vertex -1.35149 17.1723 5
    endloop
  endfacet
  facet normal -0.117484 0.993075 0
    outer loop
      vertex -2.69465 17.0134 5
      vertex -1.35149 17.1723 1
      vertex -2.69465 17.0134 1
    endloop
  endfacet
  facet normal 0.993075 -0.117484 0
    outer loop
      vertex 17.0134 -2.69465 5
      vertex 17.1723 -1.35149 1
      vertex 17.1723 -1.35149 5
    endloop
  endfacet
  facet normal 0.993075 -0.117484 0
    outer loop
      vertex 17.1723 -1.35149 1
      vertex 17.0134 -2.69465 5
      vertex 17.0134 -2.69465 1
    endloop
  endfacet
  facet normal 0.418627 0.908158 -0
    outer loop
      vertex 7.82018 15.348 1
      vertex 6.59188 15.9142 5
      vertex 7.82018 15.348 5
    endloop
  endfacet
  facet normal 0.418627 0.908158 0
    outer loop
      vertex 6.59188 15.9142 5
      vertex 7.82018 15.348 1
      vertex 6.59188 15.9142 1
    endloop
  endfacet
  facet normal -0.0392597 0.999229 0
    outer loop
      vertex 0 17.2254 1
      vertex -1.35149 17.1723 5
      vertex 0 17.2254 5
    endloop
  endfacet
  facet normal -0.0392597 0.999229 0
    outer loop
      vertex -1.35149 17.1723 5
      vertex 0 17.2254 1
      vertex -1.35149 17.1723 1
    endloop
  endfacet
  facet normal 0.0392597 -0.999229 0
    outer loop
      vertex 0 -17.2254 1
      vertex 1.35149 -17.1723 5
      vertex 0 -17.2254 5
    endloop
  endfacet
  facet normal 0.0392597 -0.999229 0
    outer loop
      vertex 1.35149 -17.1723 5
      vertex 0 -17.2254 1
      vertex 1.35149 -17.1723 1
    endloop
  endfacet
  facet normal -0.271419 -0.962461 0
    outer loop
      vertex -5.32295 -16.3824 1
      vertex -4.0212 -16.7495 5
      vertex -5.32295 -16.3824 5
    endloop
  endfacet
  facet normal -0.271419 -0.962461 -0
    outer loop
      vertex -4.0212 -16.7495 5
      vertex -5.32295 -16.3824 1
      vertex -4.0212 -16.7495 1
    endloop
  endfacet
  facet normal -0.734324 0.678799 0
    outer loop
      vertex -13.0983 11.187 1
      vertex -12.1802 12.1802 5
      vertex -12.1802 12.1802 1
    endloop
  endfacet
  facet normal -0.734324 0.678799 0
    outer loop
      vertex -12.1802 12.1802 5
      vertex -13.0983 11.187 1
      vertex -13.0983 11.187 5
    endloop
  endfacet
  facet normal -0.980781 -0.195114 0
    outer loop
      vertex -16.7495 -4.0212 1
      vertex -17.0134 -2.69465 5
      vertex -17.0134 -2.69465 1
    endloop
  endfacet
  facet normal -0.980781 -0.195114 0
    outer loop
      vertex -17.0134 -2.69465 5
      vertex -16.7495 -4.0212 1
      vertex -16.7495 -4.0212 5
    endloop
  endfacet
  facet normal -0.555539 -0.83149 0
    outer loop
      vertex -10.1249 -13.9357 1
      vertex -9.00026 -14.6871 5
      vertex -10.1249 -13.9357 5
    endloop
  endfacet
  facet normal -0.555539 -0.83149 -0
    outer loop
      vertex -9.00026 -14.6871 5
      vertex -10.1249 -13.9357 1
      vertex -9.00026 -14.6871 1
    endloop
  endfacet
  facet normal 0.980781 -0.195114 0
    outer loop
      vertex 16.7495 -4.0212 5
      vertex 17.0134 -2.69465 1
      vertex 17.0134 -2.69465 5
    endloop
  endfacet
  facet normal 0.980781 -0.195114 0
    outer loop
      vertex 17.0134 -2.69465 1
      vertex 16.7495 -4.0212 5
      vertex 16.7495 -4.0212 1
    endloop
  endfacet
  facet normal -0.938175 -0.346161 0
    outer loop
      vertex -15.9142 -6.59188 1
      vertex -16.3824 -5.32295 5
      vertex -16.3824 -5.32295 1
    endloop
  endfacet
  facet normal -0.938175 -0.346161 0
    outer loop
      vertex -16.3824 -5.32295 5
      vertex -15.9142 -6.59188 1
      vertex -15.9142 -6.59188 5
    endloop
  endfacet
  facet normal 0.872489 -0.488634 0
    outer loop
      vertex 14.6871 -9.00026 5
      vertex 15.348 -7.82018 1
      vertex 15.348 -7.82018 5
    endloop
  endfacet
  facet normal 0.872489 -0.488634 0
    outer loop
      vertex 15.348 -7.82018 1
      vertex 14.6871 -9.00026 5
      vertex 14.6871 -9.00026 1
    endloop
  endfacet
  facet normal 0.83149 -0.555539 0
    outer loop
      vertex 13.9357 -10.1249 5
      vertex 14.6871 -9.00026 1
      vertex 14.6871 -9.00026 5
    endloop
  endfacet
  facet normal 0.83149 -0.555539 0
    outer loop
      vertex 14.6871 -9.00026 1
      vertex 13.9357 -10.1249 5
      vertex 13.9357 -10.1249 1
    endloop
  endfacet
  facet normal 0.555539 0.83149 -0
    outer loop
      vertex 10.1249 13.9357 1
      vertex 9.00026 14.6871 5
      vertex 10.1249 13.9357 5
    endloop
  endfacet
  facet normal 0.555539 0.83149 0
    outer loop
      vertex 9.00026 14.6871 5
      vertex 10.1249 13.9357 1
      vertex 9.00026 14.6871 1
    endloop
  endfacet
  facet normal 0.908158 -0.418627 0
    outer loop
      vertex 15.348 -7.82018 5
      vertex 15.9142 -6.59188 1
      vertex 15.9142 -6.59188 5
    endloop
  endfacet
  facet normal 0.908158 -0.418627 0
    outer loop
      vertex 15.9142 -6.59188 1
      vertex 15.348 -7.82018 5
      vertex 15.348 -7.82018 1
    endloop
  endfacet
  facet normal 0.346161 -0.938175 0
    outer loop
      vertex 5.32295 -16.3824 1
      vertex 6.59188 -15.9142 5
      vertex 5.32295 -16.3824 5
    endloop
  endfacet
  facet normal 0.346161 -0.938175 0
    outer loop
      vertex 6.59188 -15.9142 5
      vertex 5.32295 -16.3824 1
      vertex 6.59188 -15.9142 1
    endloop
  endfacet
  facet normal 0.271419 -0.962461 0
    outer loop
      vertex 4.0212 -16.7495 1
      vertex 5.32295 -16.3824 5
      vertex 4.0212 -16.7495 5
    endloop
  endfacet
  facet normal 0.271419 -0.962461 0
    outer loop
      vertex 5.32295 -16.3824 5
      vertex 4.0212 -16.7495 1
      vertex 5.32295 -16.3824 1
    endloop
  endfacet
  facet normal 0.619143 -0.785278 0
    outer loop
      vertex 10.1249 -13.9357 1
      vertex 11.187 -13.0983 5
      vertex 10.1249 -13.9357 5
    endloop
  endfacet
  facet normal 0.619143 -0.785278 0
    outer loop
      vertex 11.187 -13.0983 5
      vertex 10.1249 -13.9357 1
      vertex 11.187 -13.0983 1
    endloop
  endfacet
  facet normal 0.555539 -0.83149 0
    outer loop
      vertex 9.00026 -14.6871 1
      vertex 10.1249 -13.9357 5
      vertex 9.00026 -14.6871 5
    endloop
  endfacet
  facet normal 0.555539 -0.83149 0
    outer loop
      vertex 10.1249 -13.9357 5
      vertex 9.00026 -14.6871 1
      vertex 10.1249 -13.9357 1
    endloop
  endfacet
  facet normal -0.619143 -0.785278 0
    outer loop
      vertex -11.187 -13.0983 1
      vertex -10.1249 -13.9357 5
      vertex -11.187 -13.0983 5
    endloop
  endfacet
  facet normal -0.619143 -0.785278 -0
    outer loop
      vertex -10.1249 -13.9357 5
      vertex -11.187 -13.0983 1
      vertex -10.1249 -13.9357 1
    endloop
  endfacet
  facet normal -0.346161 0.938175 0
    outer loop
      vertex -5.32295 16.3824 1
      vertex -6.59188 15.9142 5
      vertex -5.32295 16.3824 5
    endloop
  endfacet
  facet normal -0.346161 0.938175 0
    outer loop
      vertex -6.59188 15.9142 5
      vertex -5.32295 16.3824 1
      vertex -6.59188 15.9142 1
    endloop
  endfacet
  facet normal 0.488634 -0.872489 0
    outer loop
      vertex 7.82018 -15.348 1
      vertex 9.00026 -14.6871 5
      vertex 7.82018 -15.348 5
    endloop
  endfacet
  facet normal 0.488634 -0.872489 0
    outer loop
      vertex 9.00026 -14.6871 5
      vertex 7.82018 -15.348 1
      vertex 9.00026 -14.6871 1
    endloop
  endfacet
  facet normal -0.195114 0.980781 0
    outer loop
      vertex -2.69465 17.0134 1
      vertex -4.0212 16.7495 5
      vertex -2.69465 17.0134 5
    endloop
  endfacet
  facet normal -0.195114 0.980781 0
    outer loop
      vertex -4.0212 16.7495 5
      vertex -2.69465 17.0134 1
      vertex -4.0212 16.7495 1
    endloop
  endfacet
  facet normal -0.872489 -0.488634 0
    outer loop
      vertex -14.6871 -9.00026 1
      vertex -15.348 -7.82018 5
      vertex -15.348 -7.82018 1
    endloop
  endfacet
  facet normal -0.872489 -0.488634 0
    outer loop
      vertex -15.348 -7.82018 5
      vertex -14.6871 -9.00026 1
      vertex -14.6871 -9.00026 5
    endloop
  endfacet
  facet normal 0.908158 0.418627 0
    outer loop
      vertex 15.9142 6.59188 5
      vertex 15.348 7.82018 1
      vertex 15.348 7.82018 5
    endloop
  endfacet
  facet normal 0.908158 0.418627 0
    outer loop
      vertex 15.348 7.82018 1
      vertex 15.9142 6.59188 5
      vertex 15.9142 6.59188 1
    endloop
  endfacet
  facet normal 0.83149 0.555539 0
    outer loop
      vertex 14.6871 9.00026 5
      vertex 13.9357 10.1249 1
      vertex 13.9357 10.1249 5
    endloop
  endfacet
  facet normal 0.83149 0.555539 0
    outer loop
      vertex 13.9357 10.1249 1
      vertex 14.6871 9.00026 5
      vertex 14.6871 9.00026 1
    endloop
  endfacet
  facet normal 0.418627 -0.908158 0
    outer loop
      vertex 6.59188 -15.9142 1
      vertex 7.82018 -15.348 5
      vertex 6.59188 -15.9142 5
    endloop
  endfacet
  facet normal 0.418627 -0.908158 0
    outer loop
      vertex 7.82018 -15.348 5
      vertex 6.59188 -15.9142 1
      vertex 7.82018 -15.348 1
    endloop
  endfacet
  facet normal -0.999229 0.0392597 0
    outer loop
      vertex -17.2254 0 27
      vertex -17.1723 1.35149 31
      vertex -17.1723 1.35149 27
    endloop
  endfacet
  facet normal -0.999229 0.0392597 0
    outer loop
      vertex -17.1723 1.35149 31
      vertex -17.2254 0 27
      vertex -17.2254 0 31
    endloop
  endfacet
  facet normal 0.271419 0.962461 -0
    outer loop
      vertex 5.32295 16.3824 27
      vertex 4.0212 16.7495 31
      vertex 5.32295 16.3824 31
    endloop
  endfacet
  facet normal 0.271419 0.962461 0
    outer loop
      vertex 4.0212 16.7495 31
      vertex 5.32295 16.3824 27
      vertex 4.0212 16.7495 27
    endloop
  endfacet
  facet normal -0.195114 0.980781 0
    outer loop
      vertex -2.69465 17.0134 27
      vertex -4.0212 16.7495 31
      vertex -2.69465 17.0134 31
    endloop
  endfacet
  facet normal -0.195114 0.980781 0
    outer loop
      vertex -4.0212 16.7495 31
      vertex -2.69465 17.0134 27
      vertex -4.0212 16.7495 27
    endloop
  endfacet
  facet normal -0.488634 0.872489 0
    outer loop
      vertex -7.82018 15.348 27
      vertex -9.00026 14.6871 31
      vertex -7.82018 15.348 31
    endloop
  endfacet
  facet normal -0.488634 0.872489 0
    outer loop
      vertex -9.00026 14.6871 31
      vertex -7.82018 15.348 27
      vertex -9.00026 14.6871 27
    endloop
  endfacet
  facet normal -0.938175 0.346161 0
    outer loop
      vertex -16.3824 5.32295 27
      vertex -15.9142 6.59188 31
      vertex -15.9142 6.59188 27
    endloop
  endfacet
  facet normal -0.938175 0.346161 0
    outer loop
      vertex -15.9142 6.59188 31
      vertex -16.3824 5.32295 27
      vertex -16.3824 5.32295 31
    endloop
  endfacet
  facet normal 0.980781 0.195114 0
    outer loop
      vertex 17.0134 2.69465 31
      vertex 16.7495 4.0212 27
      vertex 16.7495 4.0212 31
    endloop
  endfacet
  facet normal 0.980781 0.195114 0
    outer loop
      vertex 16.7495 4.0212 27
      vertex 17.0134 2.69465 31
      vertex 17.0134 2.69465 27
    endloop
  endfacet
  facet normal -0.999229 -0.0392597 0
    outer loop
      vertex -17.1723 -1.35149 27
      vertex -17.2254 0 31
      vertex -17.2254 0 27
    endloop
  endfacet
  facet normal -0.999229 -0.0392597 0
    outer loop
      vertex -17.2254 0 31
      vertex -17.1723 -1.35149 27
      vertex -17.1723 -1.35149 31
    endloop
  endfacet
  facet normal -0.678799 -0.734324 0
    outer loop
      vertex -12.1802 -12.1802 27
      vertex -11.187 -13.0983 31
      vertex -12.1802 -12.1802 31
    endloop
  endfacet
  facet normal -0.678799 -0.734324 -0
    outer loop
      vertex -11.187 -13.0983 31
      vertex -12.1802 -12.1802 27
      vertex -11.187 -13.0983 27
    endloop
  endfacet
  facet normal -0.734324 -0.678799 0
    outer loop
      vertex -12.1802 -12.1802 27
      vertex -13.0983 -11.187 31
      vertex -13.0983 -11.187 27
    endloop
  endfacet
  facet normal -0.734324 -0.678799 0
    outer loop
      vertex -13.0983 -11.187 31
      vertex -12.1802 -12.1802 27
      vertex -12.1802 -12.1802 31
    endloop
  endfacet
  facet normal 0.488634 0.872489 -0
    outer loop
      vertex 9.00026 14.6871 27
      vertex 7.82018 15.348 31
      vertex 9.00026 14.6871 31
    endloop
  endfacet
  facet normal 0.488634 0.872489 0
    outer loop
      vertex 7.82018 15.348 31
      vertex 9.00026 14.6871 27
      vertex 7.82018 15.348 27
    endloop
  endfacet
  facet normal -0.908158 0.418627 0
    outer loop
      vertex -15.9142 6.59188 27
      vertex -15.348 7.82018 31
      vertex -15.348 7.82018 27
    endloop
  endfacet
  facet normal -0.908158 0.418627 0
    outer loop
      vertex -15.348 7.82018 31
      vertex -15.9142 6.59188 27
      vertex -15.9142 6.59188 31
    endloop
  endfacet
  facet normal 0.195114 -0.980781 0
    outer loop
      vertex 2.69465 -17.0134 27
      vertex 4.0212 -16.7495 31
      vertex 2.69465 -17.0134 31
    endloop
  endfacet
  facet normal 0.195114 -0.980781 0
    outer loop
      vertex 4.0212 -16.7495 31
      vertex 2.69465 -17.0134 27
      vertex 4.0212 -16.7495 27
    endloop
  endfacet
  facet normal -0.271419 -0.962461 0
    outer loop
      vertex -5.32295 -16.3824 27
      vertex -4.0212 -16.7495 31
      vertex -5.32295 -16.3824 31
    endloop
  endfacet
  facet normal -0.271419 -0.962461 -0
    outer loop
      vertex -4.0212 -16.7495 31
      vertex -5.32295 -16.3824 27
      vertex -4.0212 -16.7495 27
    endloop
  endfacet
  facet normal 0.271419 -0.962461 0
    outer loop
      vertex 4.0212 -16.7495 27
      vertex 5.32295 -16.3824 31
      vertex 4.0212 -16.7495 31
    endloop
  endfacet
  facet normal 0.271419 -0.962461 0
    outer loop
      vertex 5.32295 -16.3824 31
      vertex 4.0212 -16.7495 27
      vertex 5.32295 -16.3824 27
    endloop
  endfacet
  facet normal -0.962461 0.271419 0
    outer loop
      vertex -16.7495 4.0212 27
      vertex -16.3824 5.32295 31
      vertex -16.3824 5.32295 27
    endloop
  endfacet
  facet normal -0.962461 0.271419 0
    outer loop
      vertex -16.3824 5.32295 31
      vertex -16.7495 4.0212 27
      vertex -16.7495 4.0212 31
    endloop
  endfacet
  facet normal 0.555539 -0.83149 0
    outer loop
      vertex 9.00026 -14.6871 27
      vertex 10.1249 -13.9357 31
      vertex 9.00026 -14.6871 31
    endloop
  endfacet
  facet normal 0.555539 -0.83149 0
    outer loop
      vertex 10.1249 -13.9357 31
      vertex 9.00026 -14.6871 27
      vertex 10.1249 -13.9357 27
    endloop
  endfacet
  facet normal 0.938175 -0.346161 0
    outer loop
      vertex 15.9142 -6.59188 31
      vertex 16.3824 -5.32295 27
      vertex 16.3824 -5.32295 31
    endloop
  endfacet
  facet normal 0.938175 -0.346161 0
    outer loop
      vertex 16.3824 -5.32295 27
      vertex 15.9142 -6.59188 31
      vertex 15.9142 -6.59188 27
    endloop
  endfacet
  facet normal -0.555539 -0.83149 0
    outer loop
      vertex -10.1249 -13.9357 27
      vertex -9.00026 -14.6871 31
      vertex -10.1249 -13.9357 31
    endloop
  endfacet
  facet normal -0.555539 -0.83149 -0
    outer loop
      vertex -9.00026 -14.6871 31
      vertex -10.1249 -13.9357 27
      vertex -9.00026 -14.6871 27
    endloop
  endfacet
  facet normal -0.83149 0.555539 0
    outer loop
      vertex -14.6871 9.00026 27
      vertex -13.9357 10.1249 31
      vertex -13.9357 10.1249 27
    endloop
  endfacet
  facet normal -0.83149 0.555539 0
    outer loop
      vertex -13.9357 10.1249 31
      vertex -14.6871 9.00026 27
      vertex -14.6871 9.00026 31
    endloop
  endfacet
  facet normal -0.555539 0.83149 0
    outer loop
      vertex -9.00026 14.6871 27
      vertex -10.1249 13.9357 31
      vertex -9.00026 14.6871 31
    endloop
  endfacet
  facet normal -0.555539 0.83149 0
    outer loop
      vertex -10.1249 13.9357 31
      vertex -9.00026 14.6871 27
      vertex -10.1249 13.9357 27
    endloop
  endfacet
  facet normal 0.785278 -0.619143 0
    outer loop
      vertex 13.0983 -11.187 31
      vertex 13.9357 -10.1249 27
      vertex 13.9357 -10.1249 31
    endloop
  endfacet
  facet normal 0.785278 -0.619143 0
    outer loop
      vertex 13.9357 -10.1249 27
      vertex 13.0983 -11.187 31
      vertex 13.0983 -11.187 27
    endloop
  endfacet
  facet normal -0.962461 -0.271419 0
    outer loop
      vertex -16.3824 -5.32295 27
      vertex -16.7495 -4.0212 31
      vertex -16.7495 -4.0212 27
    endloop
  endfacet
  facet normal -0.962461 -0.271419 0
    outer loop
      vertex -16.7495 -4.0212 31
      vertex -16.3824 -5.32295 27
      vertex -16.3824 -5.32295 31
    endloop
  endfacet
  facet normal 0.0392597 -0.999229 0
    outer loop
      vertex 0 -17.2254 27
      vertex 1.35149 -17.1723 31
      vertex 0 -17.2254 31
    endloop
  endfacet
  facet normal 0.0392597 -0.999229 0
    outer loop
      vertex 1.35149 -17.1723 31
      vertex 0 -17.2254 27
      vertex 1.35149 -17.1723 27
    endloop
  endfacet
  facet normal 0.678799 -0.734324 0
    outer loop
      vertex 11.187 -13.0983 27
      vertex 12.1802 -12.1802 31
      vertex 11.187 -13.0983 31
    endloop
  endfacet
  facet normal 0.678799 -0.734324 0
    outer loop
      vertex 12.1802 -12.1802 31
      vertex 11.187 -13.0983 27
      vertex 12.1802 -12.1802 27
    endloop
  endfacet
  facet normal 0.195114 0.980781 -0
    outer loop
      vertex 4.0212 16.7495 27
      vertex 2.69465 17.0134 31
      vertex 4.0212 16.7495 31
    endloop
  endfacet
  facet normal 0.195114 0.980781 0
    outer loop
      vertex 2.69465 17.0134 31
      vertex 4.0212 16.7495 27
      vertex 2.69465 17.0134 27
    endloop
  endfacet
  facet normal 0.908158 -0.418627 0
    outer loop
      vertex 15.348 -7.82018 31
      vertex 15.9142 -6.59188 27
      vertex 15.9142 -6.59188 31
    endloop
  endfacet
  facet normal 0.908158 -0.418627 0
    outer loop
      vertex 15.9142 -6.59188 27
      vertex 15.348 -7.82018 31
      vertex 15.348 -7.82018 27
    endloop
  endfacet
  facet normal -0.117484 0.993075 0
    outer loop
      vertex -1.35149 17.1723 27
      vertex -2.69465 17.0134 31
      vertex -1.35149 17.1723 31
    endloop
  endfacet
  facet normal -0.117484 0.993075 0
    outer loop
      vertex -2.69465 17.0134 31
      vertex -1.35149 17.1723 27
      vertex -2.69465 17.0134 27
    endloop
  endfacet
  facet normal 0.619143 0.785278 -0
    outer loop
      vertex 11.187 13.0983 27
      vertex 10.1249 13.9357 31
      vertex 11.187 13.0983 31
    endloop
  endfacet
  facet normal 0.619143 0.785278 0
    outer loop
      vertex 10.1249 13.9357 31
      vertex 11.187 13.0983 27
      vertex 10.1249 13.9357 27
    endloop
  endfacet
  facet normal 0.83149 -0.555539 0
    outer loop
      vertex 13.9357 -10.1249 31
      vertex 14.6871 -9.00026 27
      vertex 14.6871 -9.00026 31
    endloop
  endfacet
  facet normal 0.83149 -0.555539 0
    outer loop
      vertex 14.6871 -9.00026 27
      vertex 13.9357 -10.1249 31
      vertex 13.9357 -10.1249 27
    endloop
  endfacet
  facet normal 0.346161 0.938175 -0
    outer loop
      vertex 6.59188 15.9142 27
      vertex 5.32295 16.3824 31
      vertex 6.59188 15.9142 31
    endloop
  endfacet
  facet normal 0.346161 0.938175 0
    outer loop
      vertex 5.32295 16.3824 31
      vertex 6.59188 15.9142 27
      vertex 5.32295 16.3824 27
    endloop
  endfacet
  facet normal -0.872489 0.488634 0
    outer loop
      vertex -15.348 7.82018 27
      vertex -14.6871 9.00026 31
      vertex -14.6871 9.00026 27
    endloop
  endfacet
  facet normal -0.872489 0.488634 0
    outer loop
      vertex -14.6871 9.00026 31
      vertex -15.348 7.82018 27
      vertex -15.348 7.82018 31
    endloop
  endfacet
  facet normal -0.488634 -0.872489 0
    outer loop
      vertex -9.00026 -14.6871 27
      vertex -7.82018 -15.348 31
      vertex -9.00026 -14.6871 31
    endloop
  endfacet
  facet normal -0.488634 -0.872489 -0
    outer loop
      vertex -7.82018 -15.348 31
      vertex -9.00026 -14.6871 27
      vertex -7.82018 -15.348 27
    endloop
  endfacet
  facet normal -0.271419 0.962461 0
    outer loop
      vertex -4.0212 16.7495 27
      vertex -5.32295 16.3824 31
      vertex -4.0212 16.7495 31
    endloop
  endfacet
  facet normal -0.271419 0.962461 0
    outer loop
      vertex -5.32295 16.3824 31
      vertex -4.0212 16.7495 27
      vertex -5.32295 16.3824 27
    endloop
  endfacet
  facet normal 0.117484 0.993075 -0
    outer loop
      vertex 2.69465 17.0134 27
      vertex 1.35149 17.1723 31
      vertex 2.69465 17.0134 31
    endloop
  endfacet
  facet normal 0.117484 0.993075 0
    outer loop
      vertex 1.35149 17.1723 31
      vertex 2.69465 17.0134 27
      vertex 1.35149 17.1723 27
    endloop
  endfacet
  facet normal -0.785278 -0.619143 0
    outer loop
      vertex -13.0983 -11.187 27
      vertex -13.9357 -10.1249 31
      vertex -13.9357 -10.1249 27
    endloop
  endfacet
  facet normal -0.785278 -0.619143 0
    outer loop
      vertex -13.9357 -10.1249 31
      vertex -13.0983 -11.187 27
      vertex -13.0983 -11.187 31
    endloop
  endfacet
  facet normal 0.418627 -0.908158 0
    outer loop
      vertex 6.59188 -15.9142 27
      vertex 7.82018 -15.348 31
      vertex 6.59188 -15.9142 31
    endloop
  endfacet
  facet normal 0.418627 -0.908158 0
    outer loop
      vertex 7.82018 -15.348 31
      vertex 6.59188 -15.9142 27
      vertex 7.82018 -15.348 27
    endloop
  endfacet
  facet normal -0.83149 -0.555539 0
    outer loop
      vertex -13.9357 -10.1249 27
      vertex -14.6871 -9.00026 31
      vertex -14.6871 -9.00026 27
    endloop
  endfacet
  facet normal -0.83149 -0.555539 0
    outer loop
      vertex -14.6871 -9.00026 31
      vertex -13.9357 -10.1249 27
      vertex -13.9357 -10.1249 31
    endloop
  endfacet
  facet normal 0.734324 0.678799 0
    outer loop
      vertex 13.0983 11.187 31
      vertex 12.1802 12.1802 27
      vertex 12.1802 12.1802 31
    endloop
  endfacet
  facet normal 0.734324 0.678799 0
    outer loop
      vertex 12.1802 12.1802 27
      vertex 13.0983 11.187 31
      vertex 13.0983 11.187 27
    endloop
  endfacet
  facet normal -0.418627 0.908158 0
    outer loop
      vertex -6.59188 15.9142 27
      vertex -7.82018 15.348 31
      vertex -6.59188 15.9142 31
    endloop
  endfacet
  facet normal -0.418627 0.908158 0
    outer loop
      vertex -7.82018 15.348 31
      vertex -6.59188 15.9142 27
      vertex -7.82018 15.348 27
    endloop
  endfacet
  facet normal -0.117484 -0.993075 0
    outer loop
      vertex -2.69465 -17.0134 27
      vertex -1.35149 -17.1723 31
      vertex -2.69465 -17.0134 31
    endloop
  endfacet
  facet normal -0.117484 -0.993075 -0
    outer loop
      vertex -1.35149 -17.1723 31
      vertex -2.69465 -17.0134 27
      vertex -1.35149 -17.1723 27
    endloop
  endfacet
  facet normal -0.993075 0.117484 0
    outer loop
      vertex -17.1723 1.35149 27
      vertex -17.0134 2.69465 31
      vertex -17.0134 2.69465 27
    endloop
  endfacet
  facet normal -0.993075 0.117484 0
    outer loop
      vertex -17.0134 2.69465 31
      vertex -17.1723 1.35149 27
      vertex -17.1723 1.35149 31
    endloop
  endfacet
  facet normal -0.980781 0.195114 0
    outer loop
      vertex -17.0134 2.69465 27
      vertex -16.7495 4.0212 31
      vertex -16.7495 4.0212 27
    endloop
  endfacet
  facet normal -0.980781 0.195114 0
    outer loop
      vertex -16.7495 4.0212 31
      vertex -17.0134 2.69465 27
      vertex -17.0134 2.69465 31
    endloop
  endfacet
  facet normal 0.346161 -0.938175 0
    outer loop
      vertex 5.32295 -16.3824 27
      vertex 6.59188 -15.9142 31
      vertex 5.32295 -16.3824 31
    endloop
  endfacet
  facet normal 0.346161 -0.938175 0
    outer loop
      vertex 6.59188 -15.9142 31
      vertex 5.32295 -16.3824 27
      vertex 6.59188 -15.9142 27
    endloop
  endfacet
  facet normal -0.785278 0.619143 0
    outer loop
      vertex -13.9357 10.1249 27
      vertex -13.0983 11.187 31
      vertex -13.0983 11.187 27
    endloop
  endfacet
  facet normal -0.785278 0.619143 0
    outer loop
      vertex -13.0983 11.187 31
      vertex -13.9357 10.1249 27
      vertex -13.9357 10.1249 31
    endloop
  endfacet
  facet normal 0.999229 0.0392597 0
    outer loop
      vertex 17.2254 0 31
      vertex 17.1723 1.35149 27
      vertex 17.1723 1.35149 31
    endloop
  endfacet
  facet normal 0.999229 0.0392597 0
    outer loop
      vertex 17.1723 1.35149 27
      vertex 17.2254 0 31
      vertex 17.2254 0 27
    endloop
  endfacet
  facet normal 0.619143 -0.785278 0
    outer loop
      vertex 10.1249 -13.9357 27
      vertex 11.187 -13.0983 31
      vertex 10.1249 -13.9357 31
    endloop
  endfacet
  facet normal 0.619143 -0.785278 0
    outer loop
      vertex 11.187 -13.0983 31
      vertex 10.1249 -13.9357 27
      vertex 11.187 -13.0983 27
    endloop
  endfacet
  facet normal -0.678799 0.734324 0
    outer loop
      vertex -11.187 13.0983 27
      vertex -12.1802 12.1802 31
      vertex -11.187 13.0983 31
    endloop
  endfacet
  facet normal -0.678799 0.734324 0
    outer loop
      vertex -12.1802 12.1802 31
      vertex -11.187 13.0983 27
      vertex -12.1802 12.1802 27
    endloop
  endfacet
  facet normal 0.678799 0.734324 -0
    outer loop
      vertex 12.1802 12.1802 27
      vertex 11.187 13.0983 31
      vertex 12.1802 12.1802 31
    endloop
  endfacet
  facet normal 0.678799 0.734324 0
    outer loop
      vertex 11.187 13.0983 31
      vertex 12.1802 12.1802 27
      vertex 11.187 13.0983 27
    endloop
  endfacet
  facet normal 0.993075 0.117484 0
    outer loop
      vertex 17.1723 1.35149 31
      vertex 17.0134 2.69465 27
      vertex 17.0134 2.69465 31
    endloop
  endfacet
  facet normal 0.993075 0.117484 0
    outer loop
      vertex 17.0134 2.69465 27
      vertex 17.1723 1.35149 31
      vertex 17.1723 1.35149 27
    endloop
  endfacet
  facet normal 0.938175 0.346161 0
    outer loop
      vertex 16.3824 5.32295 31
      vertex 15.9142 6.59188 27
      vertex 15.9142 6.59188 31
    endloop
  endfacet
  facet normal 0.938175 0.346161 0
    outer loop
      vertex 15.9142 6.59188 27
      vertex 16.3824 5.32295 31
      vertex 16.3824 5.32295 27
    endloop
  endfacet
  facet normal -0.619143 0.785278 0
    outer loop
      vertex -10.1249 13.9357 27
      vertex -11.187 13.0983 31
      vertex -10.1249 13.9357 31
    endloop
  endfacet
  facet normal -0.619143 0.785278 0
    outer loop
      vertex -11.187 13.0983 31
      vertex -10.1249 13.9357 27
      vertex -11.187 13.0983 27
    endloop
  endfacet
  facet normal 0.0392597 0.999229 -0
    outer loop
      vertex 1.35149 17.1723 27
      vertex 0 17.2254 31
      vertex 1.35149 17.1723 31
    endloop
  endfacet
  facet normal 0.0392597 0.999229 0
    outer loop
      vertex 0 17.2254 31
      vertex 1.35149 17.1723 27
      vertex 0 17.2254 27
    endloop
  endfacet
  facet normal 0.999229 -0.0392597 0
    outer loop
      vertex 17.1723 -1.35149 31
      vertex 17.2254 0 27
      vertex 17.2254 0 31
    endloop
  endfacet
  facet normal 0.999229 -0.0392597 0
    outer loop
      vertex 17.2254 0 27
      vertex 17.1723 -1.35149 31
      vertex 17.1723 -1.35149 27
    endloop
  endfacet
  facet normal 0.962461 -0.271419 0
    outer loop
      vertex 16.3824 -5.32295 31
      vertex 16.7495 -4.0212 27
      vertex 16.7495 -4.0212 31
    endloop
  endfacet
  facet normal 0.962461 -0.271419 0
    outer loop
      vertex 16.7495 -4.0212 27
      vertex 16.3824 -5.32295 31
      vertex 16.3824 -5.32295 27
    endloop
  endfacet
  facet normal 0.734324 -0.678799 0
    outer loop
      vertex 12.1802 -12.1802 31
      vertex 13.0983 -11.187 27
      vertex 13.0983 -11.187 31
    endloop
  endfacet
  facet normal 0.734324 -0.678799 0
    outer loop
      vertex 13.0983 -11.187 27
      vertex 12.1802 -12.1802 31
      vertex 12.1802 -12.1802 27
    endloop
  endfacet
  facet normal 0.980781 -0.195114 0
    outer loop
      vertex 16.7495 -4.0212 31
      vertex 17.0134 -2.69465 27
      vertex 17.0134 -2.69465 31
    endloop
  endfacet
  facet normal 0.980781 -0.195114 0
    outer loop
      vertex 17.0134 -2.69465 27
      vertex 16.7495 -4.0212 31
      vertex 16.7495 -4.0212 27
    endloop
  endfacet
  facet normal -0.993075 -0.117484 0
    outer loop
      vertex -17.0134 -2.69465 27
      vertex -17.1723 -1.35149 31
      vertex -17.1723 -1.35149 27
    endloop
  endfacet
  facet normal -0.993075 -0.117484 0
    outer loop
      vertex -17.1723 -1.35149 31
      vertex -17.0134 -2.69465 27
      vertex -17.0134 -2.69465 31
    endloop
  endfacet
  facet normal -0.418627 -0.908158 0
    outer loop
      vertex -7.82018 -15.348 27
      vertex -6.59188 -15.9142 31
      vertex -7.82018 -15.348 31
    endloop
  endfacet
  facet normal -0.418627 -0.908158 -0
    outer loop
      vertex -6.59188 -15.9142 31
      vertex -7.82018 -15.348 27
      vertex -6.59188 -15.9142 27
    endloop
  endfacet
  facet normal -0.872489 -0.488634 0
    outer loop
      vertex -14.6871 -9.00026 27
      vertex -15.348 -7.82018 31
      vertex -15.348 -7.82018 27
    endloop
  endfacet
  facet normal -0.872489 -0.488634 0
    outer loop
      vertex -15.348 -7.82018 31
      vertex -14.6871 -9.00026 27
      vertex -14.6871 -9.00026 31
    endloop
  endfacet
  facet normal -0.619143 -0.785278 0
    outer loop
      vertex -11.187 -13.0983 27
      vertex -10.1249 -13.9357 31
      vertex -11.187 -13.0983 31
    endloop
  endfacet
  facet normal -0.619143 -0.785278 -0
    outer loop
      vertex -10.1249 -13.9357 31
      vertex -11.187 -13.0983 27
      vertex -10.1249 -13.9357 27
    endloop
  endfacet
  facet normal -0.346161 -0.938175 0
    outer loop
      vertex -6.59188 -15.9142 27
      vertex -5.32295 -16.3824 31
      vertex -6.59188 -15.9142 31
    endloop
  endfacet
  facet normal -0.346161 -0.938175 -0
    outer loop
      vertex -5.32295 -16.3824 31
      vertex -6.59188 -15.9142 27
      vertex -5.32295 -16.3824 27
    endloop
  endfacet
  facet normal -0.195114 -0.980781 0
    outer loop
      vertex -4.0212 -16.7495 27
      vertex -2.69465 -17.0134 31
      vertex -4.0212 -16.7495 31
    endloop
  endfacet
  facet normal -0.195114 -0.980781 -0
    outer loop
      vertex -2.69465 -17.0134 31
      vertex -4.0212 -16.7495 27
      vertex -2.69465 -17.0134 27
    endloop
  endfacet
  facet normal -0.0392597 -0.999229 0
    outer loop
      vertex -1.35149 -17.1723 27
      vertex 0 -17.2254 31
      vertex -1.35149 -17.1723 31
    endloop
  endfacet
  facet normal -0.0392597 -0.999229 -0
    outer loop
      vertex 0 -17.2254 31
      vertex -1.35149 -17.1723 27
      vertex 0 -17.2254 27
    endloop
  endfacet
  facet normal -0.980781 -0.195114 0
    outer loop
      vertex -16.7495 -4.0212 27
      vertex -17.0134 -2.69465 31
      vertex -17.0134 -2.69465 27
    endloop
  endfacet
  facet normal -0.980781 -0.195114 0
    outer loop
      vertex -17.0134 -2.69465 31
      vertex -16.7495 -4.0212 27
      vertex -16.7495 -4.0212 31
    endloop
  endfacet
  facet normal -0.0392597 0.999229 0
    outer loop
      vertex 0 17.2254 27
      vertex -1.35149 17.1723 31
      vertex 0 17.2254 31
    endloop
  endfacet
  facet normal -0.0392597 0.999229 0
    outer loop
      vertex -1.35149 17.1723 31
      vertex 0 17.2254 27
      vertex -1.35149 17.1723 27
    endloop
  endfacet
  facet normal -0.938175 -0.346161 0
    outer loop
      vertex -15.9142 -6.59188 27
      vertex -16.3824 -5.32295 31
      vertex -16.3824 -5.32295 27
    endloop
  endfacet
  facet normal -0.938175 -0.346161 0
    outer loop
      vertex -16.3824 -5.32295 31
      vertex -15.9142 -6.59188 27
      vertex -15.9142 -6.59188 31
    endloop
  endfacet
  facet normal -0.346161 0.938175 0
    outer loop
      vertex -5.32295 16.3824 27
      vertex -6.59188 15.9142 31
      vertex -5.32295 16.3824 31
    endloop
  endfacet
  facet normal -0.346161 0.938175 0
    outer loop
      vertex -6.59188 15.9142 31
      vertex -5.32295 16.3824 27
      vertex -6.59188 15.9142 27
    endloop
  endfacet
  facet normal 0.555539 0.83149 -0
    outer loop
      vertex 10.1249 13.9357 27
      vertex 9.00026 14.6871 31
      vertex 10.1249 13.9357 31
    endloop
  endfacet
  facet normal 0.555539 0.83149 0
    outer loop
      vertex 9.00026 14.6871 31
      vertex 10.1249 13.9357 27
      vertex 9.00026 14.6871 27
    endloop
  endfacet
  facet normal 0.117484 -0.993075 0
    outer loop
      vertex 1.35149 -17.1723 27
      vertex 2.69465 -17.0134 31
      vertex 1.35149 -17.1723 31
    endloop
  endfacet
  facet normal 0.117484 -0.993075 0
    outer loop
      vertex 2.69465 -17.0134 31
      vertex 1.35149 -17.1723 27
      vertex 2.69465 -17.0134 27
    endloop
  endfacet
  facet normal -0.734324 0.678799 0
    outer loop
      vertex -13.0983 11.187 27
      vertex -12.1802 12.1802 31
      vertex -12.1802 12.1802 27
    endloop
  endfacet
  facet normal -0.734324 0.678799 0
    outer loop
      vertex -12.1802 12.1802 31
      vertex -13.0983 11.187 27
      vertex -13.0983 11.187 31
    endloop
  endfacet
  facet normal 0.962461 0.271419 0
    outer loop
      vertex 16.7495 4.0212 31
      vertex 16.3824 5.32295 27
      vertex 16.3824 5.32295 31
    endloop
  endfacet
  facet normal 0.962461 0.271419 0
    outer loop
      vertex 16.3824 5.32295 27
      vertex 16.7495 4.0212 31
      vertex 16.7495 4.0212 27
    endloop
  endfacet
  facet normal 0.488634 -0.872489 0
    outer loop
      vertex 7.82018 -15.348 27
      vertex 9.00026 -14.6871 31
      vertex 7.82018 -15.348 31
    endloop
  endfacet
  facet normal 0.488634 -0.872489 0
    outer loop
      vertex 9.00026 -14.6871 31
      vertex 7.82018 -15.348 27
      vertex 9.00026 -14.6871 27
    endloop
  endfacet
  facet normal 0.872489 0.488634 0
    outer loop
      vertex 15.348 7.82018 31
      vertex 14.6871 9.00026 27
      vertex 14.6871 9.00026 31
    endloop
  endfacet
  facet normal 0.872489 0.488634 0
    outer loop
      vertex 14.6871 9.00026 27
      vertex 15.348 7.82018 31
      vertex 15.348 7.82018 27
    endloop
  endfacet
  facet normal 0.83149 0.555539 0
    outer loop
      vertex 14.6871 9.00026 31
      vertex 13.9357 10.1249 27
      vertex 13.9357 10.1249 31
    endloop
  endfacet
  facet normal 0.83149 0.555539 0
    outer loop
      vertex 13.9357 10.1249 27
      vertex 14.6871 9.00026 31
      vertex 14.6871 9.00026 27
    endloop
  endfacet
  facet normal 0.872489 -0.488634 0
    outer loop
      vertex 14.6871 -9.00026 31
      vertex 15.348 -7.82018 27
      vertex 15.348 -7.82018 31
    endloop
  endfacet
  facet normal 0.872489 -0.488634 0
    outer loop
      vertex 15.348 -7.82018 27
      vertex 14.6871 -9.00026 31
      vertex 14.6871 -9.00026 27
    endloop
  endfacet
  facet normal 0.993075 -0.117484 0
    outer loop
      vertex 17.0134 -2.69465 31
      vertex 17.1723 -1.35149 27
      vertex 17.1723 -1.35149 31
    endloop
  endfacet
  facet normal 0.993075 -0.117484 0
    outer loop
      vertex 17.1723 -1.35149 27
      vertex 17.0134 -2.69465 31
      vertex 17.0134 -2.69465 27
    endloop
  endfacet
  facet normal 0.908158 0.418627 0
    outer loop
      vertex 15.9142 6.59188 31
      vertex 15.348 7.82018 27
      vertex 15.348 7.82018 31
    endloop
  endfacet
  facet normal 0.908158 0.418627 0
    outer loop
      vertex 15.348 7.82018 27
      vertex 15.9142 6.59188 31
      vertex 15.9142 6.59188 27
    endloop
  endfacet
  facet normal -0.908158 -0.418627 0
    outer loop
      vertex -15.348 -7.82018 27
      vertex -15.9142 -6.59188 31
      vertex -15.9142 -6.59188 27
    endloop
  endfacet
  facet normal -0.908158 -0.418627 0
    outer loop
      vertex -15.9142 -6.59188 31
      vertex -15.348 -7.82018 27
      vertex -15.348 -7.82018 31
    endloop
  endfacet
  facet normal 0.785278 0.619143 0
    outer loop
      vertex 13.9357 10.1249 31
      vertex 13.0983 11.187 27
      vertex 13.0983 11.187 31
    endloop
  endfacet
  facet normal 0.785278 0.619143 0
    outer loop
      vertex 13.0983 11.187 27
      vertex 13.9357 10.1249 31
      vertex 13.9357 10.1249 27
    endloop
  endfacet
  facet normal 0 0 -1
    outer loop
      vertex -1.4235 5.31259 27
      vertex -1.2 16.7254 27
      vertex -1.2 5.35705 27
    endloop
  endfacet
  facet normal -0 0 -1
    outer loop
      vertex -1.2 16.7254 27
      vertex -1.4235 5.31259 27
      vertex -4.0212 16.7495 27
    endloop
  endfacet
  facet normal 0 0 -1
    outer loop
      vertex -5.32295 16.3824 27
      vertex -1.4235 5.31259 27
      vertex -2.10476 5.08134 27
    endloop
  endfacet
  facet normal 0 0 -1
    outer loop
      vertex -1.2 16.7254 27
      vertex -2.69465 17.0134 27
      vertex -1.35149 17.1723 27
    endloop
  endfacet
  facet normal 0 0 -1
    outer loop
      vertex -7.82018 15.348 27
      vertex -2.10476 5.08134 27
      vertex -2.75 4.76314 27
    endloop
  endfacet
  facet normal 0 0 -1
    outer loop
      vertex -9.00026 14.6871 27
      vertex -2.75 4.76314 27
      vertex -3.34819 4.36344 27
    endloop
  endfacet
  facet normal 0 0 -1
    outer loop
      vertex -11.187 13.0983 27
      vertex -3.34819 4.36344 27
      vertex -3.88909 3.88909 27
    endloop
  endfacet
  facet normal 0 0 -1
    outer loop
      vertex -1.2 16.7254 27
      vertex -4.0212 16.7495 27
      vertex -2.69465 17.0134 27
    endloop
  endfacet
  facet normal 0 0 -1
    outer loop
      vertex -13.0983 11.187 27
      vertex -3.88909 3.88909 27
      vertex -4.36344 3.34819 27
    endloop
  endfacet
  facet normal 0 0 -1
    outer loop
      vertex -13.9357 10.1249 27
      vertex -4.36344 3.34819 27
      vertex -4.73053 2.7988 27
    endloop
  endfacet
  facet normal 0 0 -1
    outer loop
      vertex -1.4235 5.31259 27
      vertex -5.32295 16.3824 27
      vertex -4.0212 16.7495 27
    endloop
  endfacet
  facet normal 0 0 -1
    outer loop
      vertex -2.10476 5.08134 27
      vertex -6.59188 15.9142 27
      vertex -5.32295 16.3824 27
    endloop
  endfacet
  facet normal 0 0 -1
    outer loop
      vertex -2.10476 5.08134 27
      vertex -7.82018 15.348 27
      vertex -6.59188 15.9142 27
    endloop
  endfacet
  facet normal 0 0 -1
    outer loop
      vertex -2.75 4.76314 27
      vertex -9.00026 14.6871 27
      vertex -7.82018 15.348 27
    endloop
  endfacet
  facet normal 0 0 -1
    outer loop
      vertex -3.34819 4.36344 27
      vertex -10.1249 13.9357 27
      vertex -9.00026 14.6871 27
    endloop
  endfacet
  facet normal 0 0 -1
    outer loop
      vertex -3.34819 4.36344 27
      vertex -11.187 13.0983 27
      vertex -10.1249 13.9357 27
    endloop
  endfacet
  facet normal 0 0 -1
    outer loop
      vertex -3.88909 3.88909 27
      vertex -12.1802 12.1802 27
      vertex -11.187 13.0983 27
    endloop
  endfacet
  facet normal 0 0 -1
    outer loop
      vertex -3.88909 3.88909 27
      vertex -13.0983 11.187 27
      vertex -12.1802 12.1802 27
    endloop
  endfacet
  facet normal 0 0 -1
    outer loop
      vertex -4.36344 3.34819 27
      vertex -13.9357 10.1249 27
      vertex -13.0983 11.187 27
    endloop
  endfacet
  facet normal 0 0 -1
    outer loop
      vertex -4.73053 2.7988 27
      vertex -14.6871 9.00026 27
      vertex -13.9357 10.1249 27
    endloop
  endfacet
  facet normal 0 0 -1
    outer loop
      vertex -15.536 6.30971 27
      vertex -14.6871 9.00026 27
      vertex -4.73053 2.7988 27
    endloop
  endfacet
  facet normal 0 0 -1
    outer loop
      vertex -14.6871 9.00026 27
      vertex -15.536 6.30971 27
      vertex -15.348 7.82018 27
    endloop
  endfacet
  facet normal 0 0 -1
    outer loop
      vertex -15.536 6.30971 27
      vertex -15.9142 6.59188 27
      vertex -15.348 7.82018 27
    endloop
  endfacet
  facet normal 0 0 -1
    outer loop
      vertex -16.3824 5.32295 27
      vertex -15.536 6.30971 27
      vertex -16.2776 4.02717 27
    endloop
  endfacet
  facet normal -0 0 -1
    outer loop
      vertex -15.536 6.30971 27
      vertex -16.3824 5.32295 27
      vertex -15.9142 6.59188 27
    endloop
  endfacet
  facet normal 0 0 -1
    outer loop
      vertex -17.1723 -1.35149 27
      vertex -5.45295 -0.717894 27
      vertex -17.0134 -2.69465 27
    endloop
  endfacet
  facet normal -0 0 -1
    outer loop
      vertex -5.45295 -0.717894 27
      vertex -17.1723 -1.35149 27
      vertex -5.5 0 27
    endloop
  endfacet
  facet normal -0 0 -1
    outer loop
      vertex -16.2776 4.02717 27
      vertex -16.7495 4.0212 27
      vertex -16.3824 5.32295 27
    endloop
  endfacet
  facet normal 0 0 -1
    outer loop
      vertex -17.2254 0 27
      vertex -5.5 0 27
      vertex -17.1723 -1.35149 27
    endloop
  endfacet
  facet normal 0 0 -1
    outer loop
      vertex -16.2776 4.02717 27
      vertex -17.0134 2.69465 27
      vertex -16.7495 4.0212 27
    endloop
  endfacet
  facet normal 0 -0 -1
    outer loop
      vertex -17.1723 1.35149 27
      vertex -5.5 0 27
      vertex -17.2254 0 27
    endloop
  endfacet
  facet normal 0 0 -1
    outer loop
      vertex -16.2776 4.02717 27
      vertex -17.1723 1.35149 27
      vertex -17.0134 2.69465 27
    endloop
  endfacet
  facet normal 0 0 -1
    outer loop
      vertex -5.5 0 27
      vertex -17.1723 1.35149 27
      vertex -16.2776 4.02717 27
    endloop
  endfacet
  facet normal 0 0 -1
    outer loop
      vertex 17.1723 -1.35149 27
      vertex 5.45295 -0.717894 27
      vertex 5.5 0 27
    endloop
  endfacet
  facet normal 0 0 -1
    outer loop
      vertex 13.0983 -11.187 27
      vertex 5.31259 -1.4235 27
      vertex 5.45295 -0.717894 27
    endloop
  endfacet
  facet normal 0 0 -1
    outer loop
      vertex 13.0983 -11.187 27
      vertex 5.08134 -2.10476 27
      vertex 5.31259 -1.4235 27
    endloop
  endfacet
  facet normal 0 0 -1
    outer loop
      vertex 13.0983 -11.187 27
      vertex 4.76314 -2.75 27
      vertex 5.08134 -2.10476 27
    endloop
  endfacet
  facet normal 0 0 -1
    outer loop
      vertex 13.0983 -11.187 27
      vertex 4.36344 -3.34819 27
      vertex 4.76314 -2.75 27
    endloop
  endfacet
  facet normal 0 -0 -1
    outer loop
      vertex 4.36344 -3.34819 27
      vertex 10.8018 -12.8258 27
      vertex 4.11867 -3.6273 27
    endloop
  endfacet
  facet normal 0 0 -1
    outer loop
      vertex 10.1249 -13.9357 27
      vertex 10.8018 -12.8258 27
      vertex 11.187 -13.0983 27
    endloop
  endfacet
  facet normal 0 0 -1
    outer loop
      vertex 8.86014 -14.2365 27
      vertex 10.1249 -13.9357 27
      vertex 9.00026 -14.6871 27
    endloop
  endfacet
  facet normal -0 0 -1
    outer loop
      vertex 10.1249 -13.9357 27
      vertex 8.86014 -14.2365 27
      vertex 10.8018 -12.8258 27
    endloop
  endfacet
  facet normal 0 0 -1
    outer loop
      vertex 7.82018 -15.348 27
      vertex 8.86014 -14.2365 27
      vertex 9.00026 -14.6871 27
    endloop
  endfacet
  facet normal 0 0 -1
    outer loop
      vertex 6.59188 -15.9142 27
      vertex 8.86014 -14.2365 27
      vertex 7.82018 -15.348 27
    endloop
  endfacet
  facet normal 0 0 -1
    outer loop
      vertex 2.10476 -5.08134 27
      vertex 6.59188 -15.9142 27
      vertex 5.32295 -16.3824 27
    endloop
  endfacet
  facet normal 0 0 -1
    outer loop
      vertex 1.4235 -5.31259 27
      vertex 5.32295 -16.3824 27
      vertex 4.0212 -16.7495 27
    endloop
  endfacet
  facet normal 0 0 -1
    outer loop
      vertex 1.4235 -5.31259 27
      vertex 4.0212 -16.7495 27
      vertex 2.69465 -17.0134 27
    endloop
  endfacet
  facet normal 0 0 -1
    outer loop
      vertex 6.59188 -15.9142 27
      vertex 2.10476 -5.08134 27
      vertex 8.86014 -14.2365 27
    endloop
  endfacet
  facet normal 0 0 -1
    outer loop
      vertex 8.86014 -14.2365 27
      vertex 2.10476 -5.08134 27
      vertex 2.18115 -5.04366 27
    endloop
  endfacet
  facet normal 0 0 -1
    outer loop
      vertex 5.32295 -16.3824 27
      vertex 1.4235 -5.31259 27
      vertex 2.10476 -5.08134 27
    endloop
  endfacet
  facet normal 0 0 -1
    outer loop
      vertex 0.717894 -5.45295 27
      vertex 2.69465 -17.0134 27
      vertex 1.35149 -17.1723 27
    endloop
  endfacet
  facet normal 0 0 -1
    outer loop
      vertex 2.69465 -17.0134 27
      vertex 0.717894 -5.45295 27
      vertex 1.4235 -5.31259 27
    endloop
  endfacet
  facet normal 0 0 -1
    outer loop
      vertex 0 -5.5 27
      vertex 1.35149 -17.1723 27
      vertex 0 -17.2254 27
    endloop
  endfacet
  facet normal 0 0 -1
    outer loop
      vertex 1.35149 -17.1723 27
      vertex 0 -5.5 27
      vertex 0.717894 -5.45295 27
    endloop
  endfacet
  facet normal 0 0 -1
    outer loop
      vertex -1.35149 -17.1723 27
      vertex 0 -5.5 27
      vertex 0 -17.2254 27
    endloop
  endfacet
  facet normal -0 0 -1
    outer loop
      vertex 0 -5.5 27
      vertex -1.35149 -17.1723 27
      vertex -0.717894 -5.45295 27
    endloop
  endfacet
  facet normal 0 0 -1
    outer loop
      vertex -2.69465 -17.0134 27
      vertex -0.717894 -5.45295 27
      vertex -1.35149 -17.1723 27
    endloop
  endfacet
  facet normal -0 0 -1
    outer loop
      vertex -0.717894 -5.45295 27
      vertex -2.69465 -17.0134 27
      vertex -1.4235 -5.31259 27
    endloop
  endfacet
  facet normal 0 0 -1
    outer loop
      vertex -4.0212 -16.7495 27
      vertex -1.4235 -5.31259 27
      vertex -2.69465 -17.0134 27
    endloop
  endfacet
  facet normal 0 0 -1
    outer loop
      vertex -5.32295 -16.3824 27
      vertex -1.4235 -5.31259 27
      vertex -4.0212 -16.7495 27
    endloop
  endfacet
  facet normal -0 0 -1
    outer loop
      vertex -1.4235 -5.31259 27
      vertex -5.32295 -16.3824 27
      vertex -2.10476 -5.08134 27
    endloop
  endfacet
  facet normal 0 0 -1
    outer loop
      vertex -6.59188 -15.9142 27
      vertex -2.10476 -5.08134 27
      vertex -5.32295 -16.3824 27
    endloop
  endfacet
  facet normal 0 0 -1
    outer loop
      vertex -8.86014 -14.2365 27
      vertex -2.10476 -5.08134 27
      vertex -6.59188 -15.9142 27
    endloop
  endfacet
  facet normal 0 0 -1
    outer loop
      vertex -8.86014 -14.2365 27
      vertex -6.59188 -15.9142 27
      vertex -7.82018 -15.348 27
    endloop
  endfacet
  facet normal -0 0 -1
    outer loop
      vertex -2.10476 -5.08134 27
      vertex -8.86014 -14.2365 27
      vertex -2.18115 -5.04366 27
    endloop
  endfacet
  facet normal 0 0 -1
    outer loop
      vertex -9.00026 -14.6871 27
      vertex -8.86014 -14.2365 27
      vertex -7.82018 -15.348 27
    endloop
  endfacet
  facet normal 0 0 -1
    outer loop
      vertex -10.1249 -13.9357 27
      vertex -8.86014 -14.2365 27
      vertex -9.00026 -14.6871 27
    endloop
  endfacet
  facet normal 0 0 -1
    outer loop
      vertex -10.1249 -13.9357 27
      vertex -10.8018 -12.8258 27
      vertex -8.86014 -14.2365 27
    endloop
  endfacet
  facet normal 0 -0 -1
    outer loop
      vertex -10.8018 -12.8258 27
      vertex -10.1249 -13.9357 27
      vertex -11.187 -13.0983 27
    endloop
  endfacet
  facet normal 0 0 -1
    outer loop
      vertex 5.5 0 27
      vertex 17.2254 0 27
      vertex 17.1723 -1.35149 27
    endloop
  endfacet
  facet normal 0 0 -1
    outer loop
      vertex 5.45295 -0.717894 27
      vertex 17.1723 -1.35149 27
      vertex 17.0134 -2.69465 27
    endloop
  endfacet
  facet normal 0 0 -1
    outer loop
      vertex 17.2254 0 27
      vertex 5.5 0 27
      vertex 17.1723 1.35149 27
    endloop
  endfacet
  facet normal 0 0 -1
    outer loop
      vertex 5.45295 -0.717894 27
      vertex 17.0134 -2.69465 27
      vertex 16.7495 -4.0212 27
    endloop
  endfacet
  facet normal 0 0 -1
    outer loop
      vertex 5.46629 0.51435 27
      vertex 17.1723 1.35149 27
      vertex 5.5 0 27
    endloop
  endfacet
  facet normal 0 0 -1
    outer loop
      vertex 5.45295 -0.717894 27
      vertex 16.7495 -4.0212 27
      vertex 16.3824 -5.32295 27
    endloop
  endfacet
  facet normal 0 0 -1
    outer loop
      vertex 17.0134 2.69465 27
      vertex 16.2776 4.02717 27
      vertex 16.7495 4.0212 27
    endloop
  endfacet
  facet normal 0 0 -1
    outer loop
      vertex 16.7495 4.0212 27
      vertex 16.2776 4.02717 27
      vertex 16.3824 5.32295 27
    endloop
  endfacet
  facet normal 0 0 -1
    outer loop
      vertex 5.45295 -0.717894 27
      vertex 16.3824 -5.32295 27
      vertex 15.9142 -6.59188 27
    endloop
  endfacet
  facet normal 0 0 -1
    outer loop
      vertex 5.45295 -0.717894 27
      vertex 15.9142 -6.59188 27
      vertex 15.348 -7.82018 27
    endloop
  endfacet
  facet normal 0 0 -1
    outer loop
      vertex 5.45295 -0.717894 27
      vertex 15.348 -7.82018 27
      vertex 14.6871 -9.00026 27
    endloop
  endfacet
  facet normal 0 0 -1
    outer loop
      vertex 5.45295 -0.717894 27
      vertex 14.6871 -9.00026 27
      vertex 13.9357 -10.1249 27
    endloop
  endfacet
  facet normal 0 0 -1
    outer loop
      vertex 5.45295 -0.717894 27
      vertex 13.9357 -10.1249 27
      vertex 13.0983 -11.187 27
    endloop
  endfacet
  facet normal 0 0 -1
    outer loop
      vertex 10.8018 -12.8258 27
      vertex 13.0983 -11.187 27
      vertex 12.1802 -12.1802 27
    endloop
  endfacet
  facet normal 0 0 -1
    outer loop
      vertex 10.8018 -12.8258 27
      vertex 12.1802 -12.1802 27
      vertex 11.187 -13.0983 27
    endloop
  endfacet
  facet normal 0 0 -1
    outer loop
      vertex 4.36344 -3.34819 27
      vertex 13.0983 -11.187 27
      vertex 10.8018 -12.8258 27
    endloop
  endfacet
  facet normal 0 0 -1
    outer loop
      vertex 17.1723 1.35149 27
      vertex 16.2776 4.02717 27
      vertex 17.0134 2.69465 27
    endloop
  endfacet
  facet normal -0 0 -1
    outer loop
      vertex 17.1723 1.35149 27
      vertex 5.46629 0.51435 27
      vertex 16.2776 4.02717 27
    endloop
  endfacet
  facet normal 0 0 -1
    outer loop
      vertex 15.536 6.30971 27
      vertex 16.3824 5.32295 27
      vertex 16.2776 4.02717 27
    endloop
  endfacet
  facet normal 0 0 -1
    outer loop
      vertex 16.3824 5.32295 27
      vertex 15.536 6.30971 27
      vertex 15.9142 6.59188 27
    endloop
  endfacet
  facet normal 0 0 -1
    outer loop
      vertex 15.536 6.30971 27
      vertex 15.348 7.82018 27
      vertex 15.9142 6.59188 27
    endloop
  endfacet
  facet normal 0 0 -1
    outer loop
      vertex 15.536 6.30971 27
      vertex 14.6871 9.00026 27
      vertex 15.348 7.82018 27
    endloop
  endfacet
  facet normal 0 0 -1
    outer loop
      vertex 4.73053 2.7988 27
      vertex 14.6871 9.00026 27
      vertex 15.536 6.30971 27
    endloop
  endfacet
  facet normal -0 0 -1
    outer loop
      vertex 14.6871 9.00026 27
      vertex 4.73053 2.7988 27
      vertex 13.9357 10.1249 27
    endloop
  endfacet
  facet normal -0 0 -1
    outer loop
      vertex 13.9357 10.1249 27
      vertex 4.36344 3.34819 27
      vertex 13.0983 11.187 27
    endloop
  endfacet
  facet normal 0 0 -1
    outer loop
      vertex 3.88909 3.88909 27
      vertex 13.0983 11.187 27
      vertex 4.36344 3.34819 27
    endloop
  endfacet
  facet normal -0 0 -1
    outer loop
      vertex 13.0983 11.187 27
      vertex 3.88909 3.88909 27
      vertex 12.1802 12.1802 27
    endloop
  endfacet
  facet normal -0 0 -1
    outer loop
      vertex 12.1802 12.1802 27
      vertex 3.88909 3.88909 27
      vertex 11.187 13.0983 27
    endloop
  endfacet
  facet normal -0 0 -1
    outer loop
      vertex 11.187 13.0983 27
      vertex 3.34819 4.36344 27
      vertex 10.1249 13.9357 27
    endloop
  endfacet
  facet normal -0 0 -1
    outer loop
      vertex 10.1249 13.9357 27
      vertex 3.34819 4.36344 27
      vertex 9.00026 14.6871 27
    endloop
  endfacet
  facet normal 0 0 -1
    outer loop
      vertex 2.75 4.76314 27
      vertex 9.00026 14.6871 27
      vertex 3.34819 4.36344 27
    endloop
  endfacet
  facet normal 0 0 -1
    outer loop
      vertex 13.9357 10.1249 27
      vertex 4.73053 2.7988 27
      vertex 4.36344 3.34819 27
    endloop
  endfacet
  facet normal 0 0 -1
    outer loop
      vertex 3.34819 4.36344 27
      vertex 11.187 13.0983 27
      vertex 3.88909 3.88909 27
    endloop
  endfacet
  facet normal -0 0 -1
    outer loop
      vertex 9.00026 14.6871 27
      vertex 2.75 4.76314 27
      vertex 7.82018 15.348 27
    endloop
  endfacet
  facet normal 0 0 -1
    outer loop
      vertex 2.10476 5.08134 27
      vertex 7.82018 15.348 27
      vertex 2.75 4.76314 27
    endloop
  endfacet
  facet normal -0 0 -1
    outer loop
      vertex 7.82018 15.348 27
      vertex 2.10476 5.08134 27
      vertex 6.59188 15.9142 27
    endloop
  endfacet
  facet normal -0 0 -1
    outer loop
      vertex 6.59188 15.9142 27
      vertex 2.10476 5.08134 27
      vertex 5.32295 16.3824 27
    endloop
  endfacet
  facet normal 0 0 -1
    outer loop
      vertex 1.4235 5.31259 27
      vertex 5.32295 16.3824 27
      vertex 2.10476 5.08134 27
    endloop
  endfacet
  facet normal -0 0 -1
    outer loop
      vertex 5.32295 16.3824 27
      vertex 1.4235 5.31259 27
      vertex 4.0212 16.7495 27
    endloop
  endfacet
  facet normal 0 0 -1
    outer loop
      vertex 1.2 16.7254 27
      vertex 4.0212 16.7495 27
      vertex 1.4235 5.31259 27
    endloop
  endfacet
  facet normal -0 0 -1
    outer loop
      vertex 4.0212 16.7495 27
      vertex 1.2 16.7254 27
      vertex 2.69465 17.0134 27
    endloop
  endfacet
  facet normal 0 0 -1
    outer loop
      vertex 1.2 16.7254 27
      vertex 1.4235 5.31259 27
      vertex 1.2 5.35705 27
    endloop
  endfacet
  facet normal -0 0 -1
    outer loop
      vertex 2.69465 17.0134 27
      vertex 1.2 16.7254 27
      vertex 1.35149 17.1723 27
    endloop
  endfacet
  facet normal 0 0 -1
    outer loop
      vertex 1.2 16.7254 27
      vertex 0 17.2254 27
      vertex 1.35149 17.1723 27
    endloop
  endfacet
  facet normal 0 0 -1
    outer loop
      vertex -1.2 16.7254 27
      vertex 0 17.2254 27
      vertex 1.2 16.7254 27
    endloop
  endfacet
  facet normal 0 0 -1
    outer loop
      vertex 0 17.2254 27
      vertex -1.2 16.7254 27
      vertex -1.35149 17.1723 27
    endloop
  endfacet
  facet normal 0 0 -1
    outer loop
      vertex -15.348 -7.82018 27
      vertex -4.76314 -2.75 27
      vertex -14.6871 -9.00026 27
    endloop
  endfacet
  facet normal 0 0 -1
    outer loop
      vertex -14.6871 -9.00026 27
      vertex -4.76314 -2.75 27
      vertex -13.9357 -10.1249 27
    endloop
  endfacet
  facet normal -0 0 -1
    outer loop
      vertex -4.36344 -3.34819 27
      vertex -13.9357 -10.1249 27
      vertex -4.76314 -2.75 27
    endloop
  endfacet
  facet normal 0 0 -1
    outer loop
      vertex -13.9357 -10.1249 27
      vertex -4.36344 -3.34819 27
      vertex -13.0983 -11.187 27
    endloop
  endfacet
  facet normal 0 0 -1
    outer loop
      vertex -13.0983 -11.187 27
      vertex -4.36344 -3.34819 27
      vertex -10.8018 -12.8258 27
    endloop
  endfacet
  facet normal 0 0 -1
    outer loop
      vertex -10.8018 -12.8258 27
      vertex -4.36344 -3.34819 27
      vertex -4.11867 -3.6273 27
    endloop
  endfacet
  facet normal -0 0 -1
    outer loop
      vertex -4.76314 -2.75 27
      vertex -15.348 -7.82018 27
      vertex -5.08134 -2.10476 27
    endloop
  endfacet
  facet normal 0 0 -1
    outer loop
      vertex -12.1802 -12.1802 27
      vertex -10.8018 -12.8258 27
      vertex -11.187 -13.0983 27
    endloop
  endfacet
  facet normal 0 0 -1
    outer loop
      vertex -13.0983 -11.187 27
      vertex -10.8018 -12.8258 27
      vertex -12.1802 -12.1802 27
    endloop
  endfacet
  facet normal 0 0 -1
    outer loop
      vertex -15.9142 -6.59188 27
      vertex -5.08134 -2.10476 27
      vertex -15.348 -7.82018 27
    endloop
  endfacet
  facet normal 0 0 -1
    outer loop
      vertex -16.3824 -5.32295 27
      vertex -5.08134 -2.10476 27
      vertex -15.9142 -6.59188 27
    endloop
  endfacet
  facet normal -0 0 -1
    outer loop
      vertex -5.08134 -2.10476 27
      vertex -16.3824 -5.32295 27
      vertex -5.31259 -1.4235 27
    endloop
  endfacet
  facet normal 0 0 -1
    outer loop
      vertex -16.7495 -4.0212 27
      vertex -5.31259 -1.4235 27
      vertex -16.3824 -5.32295 27
    endloop
  endfacet
  facet normal -0 0 -1
    outer loop
      vertex -5.31259 -1.4235 27
      vertex -16.7495 -4.0212 27
      vertex -5.45295 -0.717894 27
    endloop
  endfacet
  facet normal 0 0 -1
    outer loop
      vertex -17.0134 -2.69465 27
      vertex -5.45295 -0.717894 27
      vertex -16.7495 -4.0212 27
    endloop
  endfacet
  facet normal 0 0 -1
    outer loop
      vertex -5.5 0 27
      vertex -16.2776 4.02717 27
      vertex -5.46629 0.51435 27
    endloop
  endfacet
  facet normal 0.418627 0.908158 -0
    outer loop
      vertex 7.82018 15.348 27
      vertex 6.59188 15.9142 31
      vertex 7.82018 15.348 31
    endloop
  endfacet
  facet normal 0.418627 0.908158 0
    outer loop
      vertex 6.59188 15.9142 31
      vertex 7.82018 15.348 27
      vertex 6.59188 15.9142 27
    endloop
  endfacet
  facet normal 0.488613 0.8725 0
    outer loop
      vertex 9.00026 14.6871 12
      vertex 9.00026 14.6871 11.5
      vertex 8.14439 15.1664 12
    endloop
  endfacet
  facet normal 0.488613 0.8725 0
    outer loop
      vertex 8.14439 15.1664 20
      vertex 9.00026 14.6871 20.5
      vertex 9.00026 14.6871 20
    endloop
  endfacet
  facet normal 0.488634 0.872489 -4.75237e-05
    outer loop
      vertex 9.00026 14.6871 20.5
      vertex 8.14439 15.1664 20
      vertex 7.82018 15.348 20.5
    endloop
  endfacet
  facet normal 0.48869 0.872457 -0
    outer loop
      vertex 8.14439 15.1664 12
      vertex 7.82018 15.348 20.5
      vertex 8.14439 15.1664 20
    endloop
  endfacet
  facet normal 0.48869 0.872457 0
    outer loop
      vertex 8.14439 15.1664 12
      vertex 7.82018 15.348 11.5
      vertex 7.82018 15.348 20.5
    endloop
  endfacet
  facet normal 0.488634 0.872489 4.75237e-05
    outer loop
      vertex 7.82018 15.348 11.5
      vertex 8.14439 15.1664 12
      vertex 9.00026 14.6871 11.5
    endloop
  endfacet
  facet normal -0.993075 0.117484 0
    outer loop
      vertex -17.1723 1.35149 11.5
      vertex -17.0134 2.69465 20.5
      vertex -17.0134 2.69465 11.5
    endloop
  endfacet
  facet normal -0.993075 0.117484 0
    outer loop
      vertex -17.0134 2.69465 20.5
      vertex -17.1723 1.35149 11.5
      vertex -17.1723 1.35149 20.5
    endloop
  endfacet
  facet normal -0.999229 0.0392597 0
    outer loop
      vertex -17.2254 0 11.5
      vertex -17.1723 1.35149 20.5
      vertex -17.1723 1.35149 11.5
    endloop
  endfacet
  facet normal -0.999229 0.0392597 0
    outer loop
      vertex -17.1723 1.35149 20.5
      vertex -17.2254 0 11.5
      vertex -17.2254 0 20.5
    endloop
  endfacet
  facet normal -0.98078 0.195116 0
    outer loop
      vertex -16.7495 4.0212 11.5
      vertex -16.9409 3.0591 12
      vertex -16.7495 4.0212 12
    endloop
  endfacet
  facet normal -0.980782 0.195107 0
    outer loop
      vertex -16.9409 3.0591 12
      vertex -17.0134 2.69465 11.5
      vertex -16.9409 3.0591 20
    endloop
  endfacet
  facet normal -0.980781 0.195114 -5.14585e-06
    outer loop
      vertex -17.0134 2.69465 11.5
      vertex -16.9409 3.0591 12
      vertex -16.7495 4.0212 11.5
    endloop
  endfacet
  facet normal -0.98078 0.195116 0
    outer loop
      vertex -16.9409 3.0591 20
      vertex -16.7495 4.0212 20.5
      vertex -16.7495 4.0212 20
    endloop
  endfacet
  facet normal -0.980781 0.195114 5.14585e-06
    outer loop
      vertex -16.9409 3.0591 20
      vertex -17.0134 2.69465 20.5
      vertex -16.7495 4.0212 20.5
    endloop
  endfacet
  facet normal -0.980782 0.195107 0
    outer loop
      vertex -17.0134 2.69465 20.5
      vertex -16.9409 3.0591 20
      vertex -17.0134 2.69465 11.5
    endloop
  endfacet
  facet normal 0.734324 0.678799 0
    outer loop
      vertex 13.0983 11.187 20.5
      vertex 12.1802 12.1802 11.5
      vertex 12.1802 12.1802 20.5
    endloop
  endfacet
  facet normal 0.734324 0.678799 0
    outer loop
      vertex 12.1802 12.1802 11.5
      vertex 13.0983 11.187 20.5
      vertex 13.0983 11.187 11.5
    endloop
  endfacet
  facet normal -0.962461 0.271419 0
    outer loop
      vertex -16.7495 4.0212 11.5
      vertex -16.3824 5.32295 12
      vertex -16.3824 5.32295 11.5
    endloop
  endfacet
  facet normal -0.962461 0.271419 0
    outer loop
      vertex -16.3824 5.32295 12
      vertex -16.7495 4.0212 11.5
      vertex -16.7495 4.0212 12
    endloop
  endfacet
  facet normal -0.962461 0.271419 0
    outer loop
      vertex -16.7495 4.0212 20
      vertex -16.3824 5.32295 20.5
      vertex -16.3824 5.32295 20
    endloop
  endfacet
  facet normal -0.962461 0.271419 0
    outer loop
      vertex -16.3824 5.32295 20.5
      vertex -16.7495 4.0212 20
      vertex -16.7495 4.0212 20.5
    endloop
  endfacet
  facet normal -0.488634 0.872489 -4.75237e-05
    outer loop
      vertex -7.82018 15.348 20.5
      vertex -8.14439 15.1664 20
      vertex -9.00026 14.6871 20.5
    endloop
  endfacet
  facet normal -0.48869 0.872457 0
    outer loop
      vertex -7.82018 15.348 20.5
      vertex -8.14439 15.1664 12
      vertex -8.14439 15.1664 20
    endloop
  endfacet
  facet normal -0.48869 0.872457 0
    outer loop
      vertex -7.82018 15.348 11.5
      vertex -8.14439 15.1664 12
      vertex -7.82018 15.348 20.5
    endloop
  endfacet
  facet normal -0.488634 0.872489 4.75237e-05
    outer loop
      vertex -9.00026 14.6871 11.5
      vertex -8.14439 15.1664 12
      vertex -7.82018 15.348 11.5
    endloop
  endfacet
  facet normal -0.488613 0.8725 0
    outer loop
      vertex -8.14439 15.1664 12
      vertex -9.00026 14.6871 11.5
      vertex -9.00026 14.6871 12
    endloop
  endfacet
  facet normal -0.488613 0.8725 0
    outer loop
      vertex -9.00026 14.6871 20.5
      vertex -8.14439 15.1664 20
      vertex -9.00026 14.6871 20
    endloop
  endfacet
  facet normal -0.938175 0.346161 0
    outer loop
      vertex -16.3824 5.32295 11.5
      vertex -15.9142 6.59188 12
      vertex -15.9142 6.59188 11.5
    endloop
  endfacet
  facet normal -0.938175 0.346161 0
    outer loop
      vertex -15.9142 6.59188 12
      vertex -16.3824 5.32295 11.5
      vertex -16.3824 5.32295 12
    endloop
  endfacet
  facet normal -0.938175 0.346161 0
    outer loop
      vertex -16.3824 5.32295 20
      vertex -15.9142 6.59188 20.5
      vertex -15.9142 6.59188 20
    endloop
  endfacet
  facet normal -0.938175 0.346161 0
    outer loop
      vertex -15.9142 6.59188 20.5
      vertex -16.3824 5.32295 20
      vertex -16.3824 5.32295 20.5
    endloop
  endfacet
  facet normal 0.999229 -0.0392597 0
    outer loop
      vertex 17.1723 -1.35149 20.5
      vertex 17.2254 0 11.5
      vertex 17.2254 0 20.5
    endloop
  endfacet
  facet normal 0.999229 -0.0392597 0
    outer loop
      vertex 17.2254 0 11.5
      vertex 17.1723 -1.35149 20.5
      vertex 17.1723 -1.35149 11.5
    endloop
  endfacet
  facet normal 0.619143 0.785278 -0
    outer loop
      vertex 11.187 13.0983 20
      vertex 10.1249 13.9357 20.5
      vertex 11.187 13.0983 20.5
    endloop
  endfacet
  facet normal 0.619143 0.785278 0
    outer loop
      vertex 10.1249 13.9357 20.5
      vertex 11.187 13.0983 20
      vertex 10.1249 13.9357 20
    endloop
  endfacet
  facet normal 0.619143 0.785278 -0
    outer loop
      vertex 11.187 13.0983 11.5
      vertex 10.1249 13.9357 12
      vertex 11.187 13.0983 12
    endloop
  endfacet
  facet normal 0.619143 0.785278 0
    outer loop
      vertex 10.1249 13.9357 12
      vertex 11.187 13.0983 11.5
      vertex 10.1249 13.9357 11.5
    endloop
  endfacet
  facet normal -0.908137 -0.418674 0
    outer loop
      vertex -15.9142 -6.59188 11.5
      vertex -15.5035 -7.48272 12
      vertex -15.9142 -6.59188 12
    endloop
  endfacet
  facet normal -0.908216 -0.418502 0
    outer loop
      vertex -15.5035 -7.48272 12
      vertex -15.348 -7.82018 11.5
      vertex -15.5035 -7.48272 20
    endloop
  endfacet
  facet normal -0.908158 -0.418627 0.000102331
    outer loop
      vertex -15.348 -7.82018 11.5
      vertex -15.5035 -7.48272 12
      vertex -15.9142 -6.59188 11.5
    endloop
  endfacet
  facet normal -0.908137 -0.418674 0
    outer loop
      vertex -15.5035 -7.48272 20
      vertex -15.9142 -6.59188 20.5
      vertex -15.9142 -6.59188 20
    endloop
  endfacet
  facet normal -0.908158 -0.418627 -0.000102331
    outer loop
      vertex -15.5035 -7.48272 20
      vertex -15.348 -7.82018 20.5
      vertex -15.9142 -6.59188 20.5
    endloop
  endfacet
  facet normal -0.908216 -0.418502 -0
    outer loop
      vertex -15.348 -7.82018 20.5
      vertex -15.5035 -7.48272 20
      vertex -15.348 -7.82018 11.5
    endloop
  endfacet
  facet normal -0.346161 -0.938175 0
    outer loop
      vertex -6.59188 -15.9142 11.5
      vertex -5.32295 -16.3824 20.5
      vertex -6.59188 -15.9142 20.5
    endloop
  endfacet
  facet normal -0.346161 -0.938175 -0
    outer loop
      vertex -5.32295 -16.3824 20.5
      vertex -6.59188 -15.9142 11.5
      vertex -5.32295 -16.3824 11.5
    endloop
  endfacet
  facet normal -0.67878 0.734342 0
    outer loop
      vertex -11.187 13.0983 12
      vertex -11.187 13.0983 11.5
      vertex -11.9073 12.4325 12
    endloop
  endfacet
  facet normal -0.67878 0.734342 0
    outer loop
      vertex -11.9073 12.4325 20
      vertex -11.187 13.0983 20.5
      vertex -11.187 13.0983 20
    endloop
  endfacet
  facet normal -0.678799 0.734324 5.15624e-05
    outer loop
      vertex -11.187 13.0983 20.5
      vertex -11.9073 12.4325 20
      vertex -12.1802 12.1802 20.5
    endloop
  endfacet
  facet normal -0.67885 0.734277 0
    outer loop
      vertex -11.9073 12.4325 12
      vertex -12.1802 12.1802 20.5
      vertex -11.9073 12.4325 20
    endloop
  endfacet
  facet normal -0.67885 0.734277 0
    outer loop
      vertex -11.9073 12.4325 12
      vertex -12.1802 12.1802 11.5
      vertex -12.1802 12.1802 20.5
    endloop
  endfacet
  facet normal -0.678799 0.734324 -5.15624e-05
    outer loop
      vertex -12.1802 12.1802 11.5
      vertex -11.9073 12.4325 12
      vertex -11.187 13.0983 11.5
    endloop
  endfacet
  facet normal 0.195114 0.980781 -0
    outer loop
      vertex 4.0212 16.7495 11.5
      vertex 2.69465 17.0134 20.5
      vertex 4.0212 16.7495 20.5
    endloop
  endfacet
  facet normal 0.195114 0.980781 0
    outer loop
      vertex 2.69465 17.0134 20.5
      vertex 4.0212 16.7495 11.5
      vertex 2.69465 17.0134 11.5
    endloop
  endfacet
  facet normal -0.785278 -0.619143 0
    outer loop
      vertex -13.0983 -11.187 11.5
      vertex -13.9357 -10.1249 20.5
      vertex -13.9357 -10.1249 11.5
    endloop
  endfacet
  facet normal -0.785278 -0.619143 0
    outer loop
      vertex -13.9357 -10.1249 20.5
      vertex -13.0983 -11.187 11.5
      vertex -13.0983 -11.187 20.5
    endloop
  endfacet
  facet normal -0.734324 -0.678799 0
    outer loop
      vertex -12.1802 -12.1802 11.5
      vertex -13.0983 -11.187 20.5
      vertex -13.0983 -11.187 11.5
    endloop
  endfacet
  facet normal -0.734324 -0.678799 0
    outer loop
      vertex -13.0983 -11.187 20.5
      vertex -12.1802 -12.1802 11.5
      vertex -12.1802 -12.1802 20.5
    endloop
  endfacet
  facet normal -0.488613 -0.8725 -0
    outer loop
      vertex -9.00026 -14.6871 12
      vertex -9.00026 -14.6871 11.5
      vertex -8.14439 -15.1664 12
    endloop
  endfacet
  facet normal -0.488613 -0.8725 0
    outer loop
      vertex -8.14439 -15.1664 20
      vertex -9.00026 -14.6871 20.5
      vertex -9.00026 -14.6871 20
    endloop
  endfacet
  facet normal -0.488634 -0.872489 -4.75237e-05
    outer loop
      vertex -9.00026 -14.6871 20.5
      vertex -8.14439 -15.1664 20
      vertex -7.82018 -15.348 20.5
    endloop
  endfacet
  facet normal -0.48869 -0.872457 0
    outer loop
      vertex -8.14439 -15.1664 12
      vertex -7.82018 -15.348 20.5
      vertex -8.14439 -15.1664 20
    endloop
  endfacet
  facet normal -0.48869 -0.872457 0
    outer loop
      vertex -8.14439 -15.1664 12
      vertex -7.82018 -15.348 11.5
      vertex -7.82018 -15.348 20.5
    endloop
  endfacet
  facet normal -0.488634 -0.872489 4.75237e-05
    outer loop
      vertex -7.82018 -15.348 11.5
      vertex -8.14439 -15.1664 12
      vertex -9.00026 -14.6871 11.5
    endloop
  endfacet
  facet normal 0.346161 0.938175 -0
    outer loop
      vertex 6.59188 15.9142 11.5
      vertex 5.32295 16.3824 20.5
      vertex 6.59188 15.9142 20.5
    endloop
  endfacet
  facet normal 0.346161 0.938175 0
    outer loop
      vertex 5.32295 16.3824 20.5
      vertex 6.59188 15.9142 11.5
      vertex 5.32295 16.3824 11.5
    endloop
  endfacet
  facet normal -0.872489 0.488634 0
    outer loop
      vertex -15.348 7.82018 11.5
      vertex -14.6871 9.00026 20.5
      vertex -14.6871 9.00026 11.5
    endloop
  endfacet
  facet normal -0.872489 0.488634 0
    outer loop
      vertex -14.6871 9.00026 20.5
      vertex -15.348 7.82018 11.5
      vertex -15.348 7.82018 20.5
    endloop
  endfacet
  facet normal 0.11754 -0.993068 0
    outer loop
      vertex 1.35149 -17.1723 12
      vertex 1.35149 -17.1723 11.5
      vertex 2.32563 -17.057 12
    endloop
  endfacet
  facet normal 0.11754 -0.993068 0
    outer loop
      vertex 2.32563 -17.057 20
      vertex 1.35149 -17.1723 20.5
      vertex 1.35149 -17.1723 20
    endloop
  endfacet
  facet normal 0.117484 -0.993075 -0.000111646
    outer loop
      vertex 1.35149 -17.1723 20.5
      vertex 2.32563 -17.057 20
      vertex 2.69465 -17.0134 20.5
    endloop
  endfacet
  facet normal 0.117335 -0.993092 0
    outer loop
      vertex 2.32563 -17.057 12
      vertex 2.69465 -17.0134 20.5
      vertex 2.32563 -17.057 20
    endloop
  endfacet
  facet normal 0.117335 -0.993092 0
    outer loop
      vertex 2.32563 -17.057 12
      vertex 2.69465 -17.0134 11.5
      vertex 2.69465 -17.0134 20.5
    endloop
  endfacet
  facet normal 0.117484 -0.993075 0.000111646
    outer loop
      vertex 2.69465 -17.0134 11.5
      vertex 2.32563 -17.057 12
      vertex 1.35149 -17.1723 11.5
    endloop
  endfacet
  facet normal -0.271419 0.962461 0
    outer loop
      vertex -4.0212 16.7495 11.5
      vertex -5.32295 16.3824 20.5
      vertex -4.0212 16.7495 20.5
    endloop
  endfacet
  facet normal -0.271419 0.962461 0
    outer loop
      vertex -5.32295 16.3824 20.5
      vertex -4.0212 16.7495 11.5
      vertex -5.32295 16.3824 11.5
    endloop
  endfacet
  facet normal 0.938175 -0.346161 0
    outer loop
      vertex 15.9142 -6.59188 12
      vertex 16.3824 -5.32295 11.5
      vertex 16.3824 -5.32295 12
    endloop
  endfacet
  facet normal 0.938175 -0.346161 0
    outer loop
      vertex 16.3824 -5.32295 11.5
      vertex 15.9142 -6.59188 12
      vertex 15.9142 -6.59188 11.5
    endloop
  endfacet
  facet normal 0.938175 -0.346161 0
    outer loop
      vertex 15.9142 -6.59188 20.5
      vertex 16.3824 -5.32295 20
      vertex 16.3824 -5.32295 20.5
    endloop
  endfacet
  facet normal 0.938175 -0.346161 0
    outer loop
      vertex 16.3824 -5.32295 20
      vertex 15.9142 -6.59188 20.5
      vertex 15.9142 -6.59188 20
    endloop
  endfacet
  facet normal -0.962461 -0.271419 0
    outer loop
      vertex -16.3824 -5.32295 11.5
      vertex -16.7495 -4.0212 12
      vertex -16.7495 -4.0212 11.5
    endloop
  endfacet
  facet normal -0.962461 -0.271419 0
    outer loop
      vertex -16.7495 -4.0212 12
      vertex -16.3824 -5.32295 11.5
      vertex -16.3824 -5.32295 12
    endloop
  endfacet
  facet normal -0.962461 -0.271419 0
    outer loop
      vertex -16.3824 -5.32295 20
      vertex -16.7495 -4.0212 20.5
      vertex -16.7495 -4.0212 20
    endloop
  endfacet
  facet normal -0.962461 -0.271419 0
    outer loop
      vertex -16.7495 -4.0212 20.5
      vertex -16.3824 -5.32295 20
      vertex -16.3824 -5.32295 20.5
    endloop
  endfacet
  facet normal 0.67878 -0.734342 0
    outer loop
      vertex 11.187 -13.0983 12
      vertex 11.187 -13.0983 11.5
      vertex 11.9073 -12.4325 12
    endloop
  endfacet
  facet normal 0.67878 -0.734342 0
    outer loop
      vertex 11.9073 -12.4325 20
      vertex 11.187 -13.0983 20.5
      vertex 11.187 -13.0983 20
    endloop
  endfacet
  facet normal 0.678799 -0.734324 5.15624e-05
    outer loop
      vertex 11.187 -13.0983 20.5
      vertex 11.9073 -12.4325 20
      vertex 12.1802 -12.1802 20.5
    endloop
  endfacet
  facet normal 0.67885 -0.734277 0
    outer loop
      vertex 11.9073 -12.4325 12
      vertex 12.1802 -12.1802 20.5
      vertex 11.9073 -12.4325 20
    endloop
  endfacet
  facet normal 0.67885 -0.734277 0
    outer loop
      vertex 11.9073 -12.4325 12
      vertex 12.1802 -12.1802 11.5
      vertex 12.1802 -12.1802 20.5
    endloop
  endfacet
  facet normal 0.678799 -0.734324 -5.15624e-05
    outer loop
      vertex 12.1802 -12.1802 11.5
      vertex 11.9073 -12.4325 12
      vertex 11.187 -13.0983 11.5
    endloop
  endfacet
  facet normal 0.999229 0.0392597 0
    outer loop
      vertex 17.2254 0 20.5
      vertex 17.1723 1.35149 11.5
      vertex 17.1723 1.35149 20.5
    endloop
  endfacet
  facet normal 0.999229 0.0392597 0
    outer loop
      vertex 17.1723 1.35149 11.5
      vertex 17.2254 0 20.5
      vertex 17.2254 0 11.5
    endloop
  endfacet
  facet normal -0.993075 -0.117484 0
    outer loop
      vertex -17.0134 -2.69465 11.5
      vertex -17.1723 -1.35149 20.5
      vertex -17.1723 -1.35149 11.5
    endloop
  endfacet
  facet normal -0.993075 -0.117484 0
    outer loop
      vertex -17.1723 -1.35149 20.5
      vertex -17.0134 -2.69465 11.5
      vertex -17.0134 -2.69465 20.5
    endloop
  endfacet
  facet normal -0.83149 0.555539 0
    outer loop
      vertex -14.6871 9.00026 11.5
      vertex -13.9357 10.1249 20.5
      vertex -13.9357 10.1249 11.5
    endloop
  endfacet
  facet normal -0.83149 0.555539 0
    outer loop
      vertex -13.9357 10.1249 20.5
      vertex -14.6871 9.00026 11.5
      vertex -14.6871 9.00026 20.5
    endloop
  endfacet
  facet normal 0.785278 0.619143 0
    outer loop
      vertex 13.9357 10.1249 20.5
      vertex 13.0983 11.187 11.5
      vertex 13.0983 11.187 20.5
    endloop
  endfacet
  facet normal 0.785278 0.619143 0
    outer loop
      vertex 13.0983 11.187 11.5
      vertex 13.9357 10.1249 20.5
      vertex 13.9357 10.1249 11.5
    endloop
  endfacet
  facet normal 0.734324 -0.678799 0
    outer loop
      vertex 12.1802 -12.1802 20.5
      vertex 13.0983 -11.187 11.5
      vertex 13.0983 -11.187 20.5
    endloop
  endfacet
  facet normal 0.734324 -0.678799 0
    outer loop
      vertex 13.0983 -11.187 11.5
      vertex 12.1802 -12.1802 20.5
      vertex 12.1802 -12.1802 11.5
    endloop
  endfacet
  facet normal 0.117484 0.993075 -0.000111646
    outer loop
      vertex 2.69465 17.0134 20.5
      vertex 2.32563 17.057 20
      vertex 1.35149 17.1723 20.5
    endloop
  endfacet
  facet normal 0.117335 0.993092 0
    outer loop
      vertex 2.69465 17.0134 20.5
      vertex 2.32563 17.057 12
      vertex 2.32563 17.057 20
    endloop
  endfacet
  facet normal 0.117335 0.993092 -0
    outer loop
      vertex 2.69465 17.0134 11.5
      vertex 2.32563 17.057 12
      vertex 2.69465 17.0134 20.5
    endloop
  endfacet
  facet normal 0.117484 0.993075 0.000111646
    outer loop
      vertex 1.35149 17.1723 11.5
      vertex 2.32563 17.057 12
      vertex 2.69465 17.0134 11.5
    endloop
  endfacet
  facet normal 0.11754 0.993068 0
    outer loop
      vertex 2.32563 17.057 12
      vertex 1.35149 17.1723 11.5
      vertex 1.35149 17.1723 12
    endloop
  endfacet
  facet normal 0.11754 0.993068 0
    outer loop
      vertex 1.35149 17.1723 20.5
      vertex 2.32563 17.057 20
      vertex 1.35149 17.1723 20
    endloop
  endfacet
  facet normal -0.418627 0.908158 0
    outer loop
      vertex -6.59188 15.9142 11.5
      vertex -7.82018 15.348 20.5
      vertex -6.59188 15.9142 20.5
    endloop
  endfacet
  facet normal -0.418627 0.908158 0
    outer loop
      vertex -7.82018 15.348 20.5
      vertex -6.59188 15.9142 11.5
      vertex -7.82018 15.348 11.5
    endloop
  endfacet
  facet normal -0.678799 -0.734324 5.15624e-05
    outer loop
      vertex -12.1802 -12.1802 20.5
      vertex -11.9073 -12.4325 20
      vertex -11.187 -13.0983 20.5
    endloop
  endfacet
  facet normal -0.67885 -0.734277 0
    outer loop
      vertex -12.1802 -12.1802 20.5
      vertex -11.9073 -12.4325 12
      vertex -11.9073 -12.4325 20
    endloop
  endfacet
  facet normal -0.67885 -0.734277 0
    outer loop
      vertex -12.1802 -12.1802 11.5
      vertex -11.9073 -12.4325 12
      vertex -12.1802 -12.1802 20.5
    endloop
  endfacet
  facet normal -0.678799 -0.734324 -5.15624e-05
    outer loop
      vertex -11.187 -13.0983 11.5
      vertex -11.9073 -12.4325 12
      vertex -12.1802 -12.1802 11.5
    endloop
  endfacet
  facet normal -0.67878 -0.734342 0
    outer loop
      vertex -11.9073 -12.4325 12
      vertex -11.187 -13.0983 11.5
      vertex -11.187 -13.0983 12
    endloop
  endfacet
  facet normal -0.67878 -0.734342 -0
    outer loop
      vertex -11.187 -13.0983 20.5
      vertex -11.9073 -12.4325 20
      vertex -11.187 -13.0983 20
    endloop
  endfacet
  facet normal 0.555539 0.83149 -0
    outer loop
      vertex 10.1249 13.9357 11.5
      vertex 9.00026 14.6871 12
      vertex 10.1249 13.9357 12
    endloop
  endfacet
  facet normal 0.555539 0.83149 0
    outer loop
      vertex 9.00026 14.6871 12
      vertex 10.1249 13.9357 11.5
      vertex 9.00026 14.6871 11.5
    endloop
  endfacet
  facet normal 0.555539 0.83149 -0
    outer loop
      vertex 10.1249 13.9357 20
      vertex 9.00026 14.6871 20.5
      vertex 10.1249 13.9357 20.5
    endloop
  endfacet
  facet normal 0.555539 0.83149 0
    outer loop
      vertex 9.00026 14.6871 20.5
      vertex 10.1249 13.9357 20
      vertex 9.00026 14.6871 20
    endloop
  endfacet
  facet normal -0.999229 -0.0392597 0
    outer loop
      vertex -17.1723 -1.35149 11.5
      vertex -17.2254 0 20.5
      vertex -17.2254 0 11.5
    endloop
  endfacet
  facet normal -0.999229 -0.0392597 0
    outer loop
      vertex -17.2254 0 20.5
      vertex -17.1723 -1.35149 11.5
      vertex -17.1723 -1.35149 20.5
    endloop
  endfacet
  facet normal -0.117484 -0.993075 -0.000111646
    outer loop
      vertex -2.69465 -17.0134 20.5
      vertex -2.32563 -17.057 20
      vertex -1.35149 -17.1723 20.5
    endloop
  endfacet
  facet normal -0.117335 -0.993092 0
    outer loop
      vertex -2.69465 -17.0134 20.5
      vertex -2.32563 -17.057 12
      vertex -2.32563 -17.057 20
    endloop
  endfacet
  facet normal -0.117335 -0.993092 0
    outer loop
      vertex -2.69465 -17.0134 11.5
      vertex -2.32563 -17.057 12
      vertex -2.69465 -17.0134 20.5
    endloop
  endfacet
  facet normal -0.117484 -0.993075 0.000111646
    outer loop
      vertex -1.35149 -17.1723 11.5
      vertex -2.32563 -17.057 12
      vertex -2.69465 -17.0134 11.5
    endloop
  endfacet
  facet normal -0.11754 -0.993068 0
    outer loop
      vertex -2.32563 -17.057 12
      vertex -1.35149 -17.1723 11.5
      vertex -1.35149 -17.1723 12
    endloop
  endfacet
  facet normal -0.11754 -0.993068 -0
    outer loop
      vertex -1.35149 -17.1723 20.5
      vertex -2.32563 -17.057 20
      vertex -1.35149 -17.1723 20
    endloop
  endfacet
  facet normal 0.678799 0.734324 5.15624e-05
    outer loop
      vertex 12.1802 12.1802 20.5
      vertex 11.9073 12.4325 20
      vertex 11.187 13.0983 20.5
    endloop
  endfacet
  facet normal 0.67885 0.734277 0
    outer loop
      vertex 12.1802 12.1802 20.5
      vertex 11.9073 12.4325 12
      vertex 11.9073 12.4325 20
    endloop
  endfacet
  facet normal 0.67885 0.734277 -0
    outer loop
      vertex 12.1802 12.1802 11.5
      vertex 11.9073 12.4325 12
      vertex 12.1802 12.1802 20.5
    endloop
  endfacet
  facet normal 0.678799 0.734324 -5.15624e-05
    outer loop
      vertex 11.187 13.0983 11.5
      vertex 11.9073 12.4325 12
      vertex 12.1802 12.1802 11.5
    endloop
  endfacet
  facet normal 0.67878 0.734342 0
    outer loop
      vertex 11.9073 12.4325 12
      vertex 11.187 13.0983 11.5
      vertex 11.187 13.0983 12
    endloop
  endfacet
  facet normal 0.67878 0.734342 0
    outer loop
      vertex 11.187 13.0983 20.5
      vertex 11.9073 12.4325 20
      vertex 11.187 13.0983 20
    endloop
  endfacet
  facet normal 0.195114 -0.980781 0
    outer loop
      vertex 2.69465 -17.0134 11.5
      vertex 4.0212 -16.7495 20.5
      vertex 2.69465 -17.0134 20.5
    endloop
  endfacet
  facet normal 0.195114 -0.980781 0
    outer loop
      vertex 4.0212 -16.7495 20.5
      vertex 2.69465 -17.0134 11.5
      vertex 4.0212 -16.7495 11.5
    endloop
  endfacet
  facet normal -0.619143 0.785278 0
    outer loop
      vertex -10.1249 13.9357 11.5
      vertex -11.187 13.0983 12
      vertex -10.1249 13.9357 12
    endloop
  endfacet
  facet normal -0.619143 0.785278 0
    outer loop
      vertex -11.187 13.0983 12
      vertex -10.1249 13.9357 11.5
      vertex -11.187 13.0983 11.5
    endloop
  endfacet
  facet normal -0.619143 0.785278 0
    outer loop
      vertex -10.1249 13.9357 20
      vertex -11.187 13.0983 20.5
      vertex -10.1249 13.9357 20.5
    endloop
  endfacet
  facet normal -0.619143 0.785278 0
    outer loop
      vertex -11.187 13.0983 20.5
      vertex -10.1249 13.9357 20
      vertex -11.187 13.0983 20
    endloop
  endfacet
  facet normal -0.195114 -0.980781 0
    outer loop
      vertex -4.0212 -16.7495 11.5
      vertex -2.69465 -17.0134 20.5
      vertex -4.0212 -16.7495 20.5
    endloop
  endfacet
  facet normal -0.195114 -0.980781 -0
    outer loop
      vertex -2.69465 -17.0134 20.5
      vertex -4.0212 -16.7495 11.5
      vertex -2.69465 -17.0134 11.5
    endloop
  endfacet
  facet normal -0.555539 0.83149 0
    outer loop
      vertex -9.00026 14.6871 20
      vertex -10.1249 13.9357 20.5
      vertex -9.00026 14.6871 20.5
    endloop
  endfacet
  facet normal -0.555539 0.83149 0
    outer loop
      vertex -10.1249 13.9357 20.5
      vertex -9.00026 14.6871 20
      vertex -10.1249 13.9357 20
    endloop
  endfacet
  facet normal -0.555539 0.83149 0
    outer loop
      vertex -9.00026 14.6871 11.5
      vertex -10.1249 13.9357 12
      vertex -9.00026 14.6871 12
    endloop
  endfacet
  facet normal -0.555539 0.83149 0
    outer loop
      vertex -10.1249 13.9357 12
      vertex -9.00026 14.6871 11.5
      vertex -10.1249 13.9357 11.5
    endloop
  endfacet
  facet normal -0.0392597 -0.999229 0
    outer loop
      vertex -1.35149 -17.1723 20
      vertex 0 -17.2254 20.5
      vertex -1.35149 -17.1723 20.5
    endloop
  endfacet
  facet normal -0.0392597 -0.999229 -0
    outer loop
      vertex 0 -17.2254 20.5
      vertex -1.35149 -17.1723 20
      vertex 0 -17.2254 20
    endloop
  endfacet
  facet normal -0.0392597 -0.999229 0
    outer loop
      vertex -1.35149 -17.1723 11.5
      vertex 0 -17.2254 12
      vertex -1.35149 -17.1723 12
    endloop
  endfacet
  facet normal -0.0392597 -0.999229 -0
    outer loop
      vertex 0 -17.2254 12
      vertex -1.35149 -17.1723 11.5
      vertex 0 -17.2254 11.5
    endloop
  endfacet
  facet normal -0.83149 -0.555539 0
    outer loop
      vertex -13.9357 -10.1249 11.5
      vertex -14.6871 -9.00026 20.5
      vertex -14.6871 -9.00026 11.5
    endloop
  endfacet
  facet normal -0.83149 -0.555539 0
    outer loop
      vertex -14.6871 -9.00026 20.5
      vertex -13.9357 -10.1249 11.5
      vertex -13.9357 -10.1249 20.5
    endloop
  endfacet
  facet normal 0.962461 -0.271419 0
    outer loop
      vertex 16.3824 -5.32295 12
      vertex 16.7495 -4.0212 11.5
      vertex 16.7495 -4.0212 12
    endloop
  endfacet
  facet normal 0.962461 -0.271419 0
    outer loop
      vertex 16.7495 -4.0212 11.5
      vertex 16.3824 -5.32295 12
      vertex 16.3824 -5.32295 11.5
    endloop
  endfacet
  facet normal 0.962461 -0.271419 0
    outer loop
      vertex 16.3824 -5.32295 20.5
      vertex 16.7495 -4.0212 20
      vertex 16.7495 -4.0212 20.5
    endloop
  endfacet
  facet normal 0.962461 -0.271419 0
    outer loop
      vertex 16.7495 -4.0212 20
      vertex 16.3824 -5.32295 20.5
      vertex 16.3824 -5.32295 20
    endloop
  endfacet
  facet normal -0.418627 -0.908158 0
    outer loop
      vertex -7.82018 -15.348 11.5
      vertex -6.59188 -15.9142 20.5
      vertex -7.82018 -15.348 20.5
    endloop
  endfacet
  facet normal -0.418627 -0.908158 -0
    outer loop
      vertex -6.59188 -15.9142 20.5
      vertex -7.82018 -15.348 11.5
      vertex -6.59188 -15.9142 11.5
    endloop
  endfacet
  facet normal 0.872489 0.488634 0
    outer loop
      vertex 15.348 7.82018 20.5
      vertex 14.6871 9.00026 11.5
      vertex 14.6871 9.00026 20.5
    endloop
  endfacet
  facet normal 0.872489 0.488634 0
    outer loop
      vertex 14.6871 9.00026 11.5
      vertex 15.348 7.82018 20.5
      vertex 15.348 7.82018 11.5
    endloop
  endfacet
  facet normal -0.785278 0.619143 0
    outer loop
      vertex -13.9357 10.1249 11.5
      vertex -13.0983 11.187 20.5
      vertex -13.0983 11.187 11.5
    endloop
  endfacet
  facet normal -0.785278 0.619143 0
    outer loop
      vertex -13.0983 11.187 20.5
      vertex -13.9357 10.1249 11.5
      vertex -13.9357 10.1249 20.5
    endloop
  endfacet
  facet normal -0.908216 0.418502 0
    outer loop
      vertex -15.348 7.82018 11.5
      vertex -15.5035 7.48272 12
      vertex -15.348 7.82018 20.5
    endloop
  endfacet
  facet normal -0.908158 0.418627 0.000102331
    outer loop
      vertex -15.9142 6.59188 11.5
      vertex -15.5035 7.48272 12
      vertex -15.348 7.82018 11.5
    endloop
  endfacet
  facet normal -0.908137 0.418674 0
    outer loop
      vertex -15.5035 7.48272 12
      vertex -15.9142 6.59188 11.5
      vertex -15.9142 6.59188 12
    endloop
  endfacet
  facet normal -0.908216 0.418502 0
    outer loop
      vertex -15.5035 7.48272 20
      vertex -15.348 7.82018 20.5
      vertex -15.5035 7.48272 12
    endloop
  endfacet
  facet normal -0.908137 0.418674 0
    outer loop
      vertex -15.9142 6.59188 20.5
      vertex -15.5035 7.48272 20
      vertex -15.9142 6.59188 20
    endloop
  endfacet
  facet normal -0.908158 0.418627 -0.000102331
    outer loop
      vertex -15.5035 7.48272 20
      vertex -15.9142 6.59188 20.5
      vertex -15.348 7.82018 20.5
    endloop
  endfacet
  facet normal 0.938175 0.346161 0
    outer loop
      vertex 16.3824 5.32295 12
      vertex 15.9142 6.59188 11.5
      vertex 15.9142 6.59188 12
    endloop
  endfacet
  facet normal 0.938175 0.346161 0
    outer loop
      vertex 15.9142 6.59188 11.5
      vertex 16.3824 5.32295 12
      vertex 16.3824 5.32295 11.5
    endloop
  endfacet
  facet normal 0.938175 0.346161 0
    outer loop
      vertex 16.3824 5.32295 20.5
      vertex 15.9142 6.59188 20
      vertex 15.9142 6.59188 20.5
    endloop
  endfacet
  facet normal 0.938175 0.346161 0
    outer loop
      vertex 15.9142 6.59188 20
      vertex 16.3824 5.32295 20.5
      vertex 16.3824 5.32295 20
    endloop
  endfacet
  facet normal 0.962461 0.271419 0
    outer loop
      vertex 16.7495 4.0212 12
      vertex 16.3824 5.32295 11.5
      vertex 16.3824 5.32295 12
    endloop
  endfacet
  facet normal 0.962461 0.271419 0
    outer loop
      vertex 16.3824 5.32295 11.5
      vertex 16.7495 4.0212 12
      vertex 16.7495 4.0212 11.5
    endloop
  endfacet
  facet normal 0.962461 0.271419 0
    outer loop
      vertex 16.7495 4.0212 20.5
      vertex 16.3824 5.32295 20
      vertex 16.3824 5.32295 20.5
    endloop
  endfacet
  facet normal 0.962461 0.271419 0
    outer loop
      vertex 16.3824 5.32295 20
      vertex 16.7495 4.0212 20.5
      vertex 16.7495 4.0212 20
    endloop
  endfacet
  facet normal 0.993075 0.117484 0
    outer loop
      vertex 17.1723 1.35149 20.5
      vertex 17.0134 2.69465 11.5
      vertex 17.0134 2.69465 20.5
    endloop
  endfacet
  facet normal 0.993075 0.117484 0
    outer loop
      vertex 17.0134 2.69465 11.5
      vertex 17.1723 1.35149 20.5
      vertex 17.1723 1.35149 11.5
    endloop
  endfacet
  facet normal 0.785278 -0.619143 0
    outer loop
      vertex 13.0983 -11.187 20.5
      vertex 13.9357 -10.1249 11.5
      vertex 13.9357 -10.1249 20.5
    endloop
  endfacet
  facet normal 0.785278 -0.619143 0
    outer loop
      vertex 13.9357 -10.1249 11.5
      vertex 13.0983 -11.187 20.5
      vertex 13.0983 -11.187 11.5
    endloop
  endfacet
  facet normal 0.0392597 0.999229 -0
    outer loop
      vertex 1.35149 17.1723 20
      vertex 0 17.2254 20.5
      vertex 1.35149 17.1723 20.5
    endloop
  endfacet
  facet normal 0.0392597 0.999229 0
    outer loop
      vertex 0 17.2254 20.5
      vertex 1.35149 17.1723 20
      vertex 0 17.2254 20
    endloop
  endfacet
  facet normal 0.0392597 0.999229 -0
    outer loop
      vertex 1.35149 17.1723 11.5
      vertex 0 17.2254 12
      vertex 1.35149 17.1723 12
    endloop
  endfacet
  facet normal 0.0392597 0.999229 0
    outer loop
      vertex 0 17.2254 12
      vertex 1.35149 17.1723 11.5
      vertex 0 17.2254 11.5
    endloop
  endfacet
  facet normal 0.271419 0.962461 -0
    outer loop
      vertex 5.32295 16.3824 11.5
      vertex 4.0212 16.7495 20.5
      vertex 5.32295 16.3824 20.5
    endloop
  endfacet
  facet normal 0.271419 0.962461 0
    outer loop
      vertex 4.0212 16.7495 20.5
      vertex 5.32295 16.3824 11.5
      vertex 4.0212 16.7495 11.5
    endloop
  endfacet
  facet normal 0.98078 0.195116 0
    outer loop
      vertex 16.7495 4.0212 20.5
      vertex 16.9409 3.0591 20
      vertex 16.7495 4.0212 20
    endloop
  endfacet
  facet normal 0.980782 0.195107 0
    outer loop
      vertex 16.9409 3.0591 20
      vertex 17.0134 2.69465 20.5
      vertex 16.9409 3.0591 12
    endloop
  endfacet
  facet normal 0.980781 0.195114 5.14585e-06
    outer loop
      vertex 17.0134 2.69465 20.5
      vertex 16.9409 3.0591 20
      vertex 16.7495 4.0212 20.5
    endloop
  endfacet
  facet normal 0.98078 0.195116 0
    outer loop
      vertex 16.9409 3.0591 12
      vertex 16.7495 4.0212 11.5
      vertex 16.7495 4.0212 12
    endloop
  endfacet
  facet normal 0.980781 0.195114 -5.14585e-06
    outer loop
      vertex 16.9409 3.0591 12
      vertex 17.0134 2.69465 11.5
      vertex 16.7495 4.0212 11.5
    endloop
  endfacet
  facet normal 0.980782 0.195107 -0
    outer loop
      vertex 17.0134 2.69465 11.5
      vertex 16.9409 3.0591 12
      vertex 17.0134 2.69465 20.5
    endloop
  endfacet
  facet normal -0.11754 0.993068 0
    outer loop
      vertex -1.35149 17.1723 12
      vertex -1.35149 17.1723 11.5
      vertex -2.32563 17.057 12
    endloop
  endfacet
  facet normal -0.11754 0.993068 0
    outer loop
      vertex -2.32563 17.057 20
      vertex -1.35149 17.1723 20.5
      vertex -1.35149 17.1723 20
    endloop
  endfacet
  facet normal -0.117484 0.993075 -0.000111646
    outer loop
      vertex -1.35149 17.1723 20.5
      vertex -2.32563 17.057 20
      vertex -2.69465 17.0134 20.5
    endloop
  endfacet
  facet normal -0.117335 0.993092 0
    outer loop
      vertex -2.32563 17.057 12
      vertex -2.69465 17.0134 20.5
      vertex -2.32563 17.057 20
    endloop
  endfacet
  facet normal -0.117335 0.993092 0
    outer loop
      vertex -2.32563 17.057 12
      vertex -2.69465 17.0134 11.5
      vertex -2.69465 17.0134 20.5
    endloop
  endfacet
  facet normal -0.117484 0.993075 0.000111646
    outer loop
      vertex -2.69465 17.0134 11.5
      vertex -2.32563 17.057 12
      vertex -1.35149 17.1723 11.5
    endloop
  endfacet
  facet normal 0.993075 -0.117484 0
    outer loop
      vertex 17.0134 -2.69465 20.5
      vertex 17.1723 -1.35149 11.5
      vertex 17.1723 -1.35149 20.5
    endloop
  endfacet
  facet normal 0.993075 -0.117484 0
    outer loop
      vertex 17.1723 -1.35149 11.5
      vertex 17.0134 -2.69465 20.5
      vertex 17.0134 -2.69465 11.5
    endloop
  endfacet
  facet normal 0.418627 0.908158 -0
    outer loop
      vertex 7.82018 15.348 11.5
      vertex 6.59188 15.9142 20.5
      vertex 7.82018 15.348 20.5
    endloop
  endfacet
  facet normal 0.418627 0.908158 0
    outer loop
      vertex 6.59188 15.9142 20.5
      vertex 7.82018 15.348 11.5
      vertex 6.59188 15.9142 11.5
    endloop
  endfacet
  facet normal -0.0392597 0.999229 0
    outer loop
      vertex 0 17.2254 20
      vertex -1.35149 17.1723 20.5
      vertex 0 17.2254 20.5
    endloop
  endfacet
  facet normal -0.0392597 0.999229 0
    outer loop
      vertex -1.35149 17.1723 20.5
      vertex 0 17.2254 20
      vertex -1.35149 17.1723 20
    endloop
  endfacet
  facet normal -0.0392597 0.999229 0
    outer loop
      vertex 0 17.2254 11.5
      vertex -1.35149 17.1723 12
      vertex 0 17.2254 12
    endloop
  endfacet
  facet normal -0.0392597 0.999229 0
    outer loop
      vertex -1.35149 17.1723 12
      vertex 0 17.2254 11.5
      vertex -1.35149 17.1723 11.5
    endloop
  endfacet
  facet normal 0.0392597 -0.999229 0
    outer loop
      vertex 0 -17.2254 11.5
      vertex 1.35149 -17.1723 12
      vertex 0 -17.2254 12
    endloop
  endfacet
  facet normal 0.0392597 -0.999229 0
    outer loop
      vertex 1.35149 -17.1723 12
      vertex 0 -17.2254 11.5
      vertex 1.35149 -17.1723 11.5
    endloop
  endfacet
  facet normal 0.0392597 -0.999229 0
    outer loop
      vertex 0 -17.2254 20
      vertex 1.35149 -17.1723 20.5
      vertex 0 -17.2254 20.5
    endloop
  endfacet
  facet normal 0.0392597 -0.999229 0
    outer loop
      vertex 1.35149 -17.1723 20.5
      vertex 0 -17.2254 20
      vertex 1.35149 -17.1723 20
    endloop
  endfacet
  facet normal -0.271419 -0.962461 0
    outer loop
      vertex -5.32295 -16.3824 11.5
      vertex -4.0212 -16.7495 20.5
      vertex -5.32295 -16.3824 20.5
    endloop
  endfacet
  facet normal -0.271419 -0.962461 -0
    outer loop
      vertex -4.0212 -16.7495 20.5
      vertex -5.32295 -16.3824 11.5
      vertex -4.0212 -16.7495 11.5
    endloop
  endfacet
  facet normal -0.734324 0.678799 0
    outer loop
      vertex -13.0983 11.187 11.5
      vertex -12.1802 12.1802 20.5
      vertex -12.1802 12.1802 11.5
    endloop
  endfacet
  facet normal -0.734324 0.678799 0
    outer loop
      vertex -12.1802 12.1802 20.5
      vertex -13.0983 11.187 11.5
      vertex -13.0983 11.187 20.5
    endloop
  endfacet
  facet normal -0.980782 -0.195107 0
    outer loop
      vertex -17.0134 -2.69465 11.5
      vertex -16.9409 -3.0591 12
      vertex -17.0134 -2.69465 20.5
    endloop
  endfacet
  facet normal -0.980781 -0.195114 -5.14585e-06
    outer loop
      vertex -16.7495 -4.0212 11.5
      vertex -16.9409 -3.0591 12
      vertex -17.0134 -2.69465 11.5
    endloop
  endfacet
  facet normal -0.98078 -0.195116 0
    outer loop
      vertex -16.9409 -3.0591 12
      vertex -16.7495 -4.0212 11.5
      vertex -16.7495 -4.0212 12
    endloop
  endfacet
  facet normal -0.980782 -0.195107 -0
    outer loop
      vertex -16.9409 -3.0591 20
      vertex -17.0134 -2.69465 20.5
      vertex -16.9409 -3.0591 12
    endloop
  endfacet
  facet normal -0.98078 -0.195116 -0
    outer loop
      vertex -16.7495 -4.0212 20.5
      vertex -16.9409 -3.0591 20
      vertex -16.7495 -4.0212 20
    endloop
  endfacet
  facet normal -0.980781 -0.195114 5.14585e-06
    outer loop
      vertex -16.9409 -3.0591 20
      vertex -16.7495 -4.0212 20.5
      vertex -17.0134 -2.69465 20.5
    endloop
  endfacet
  facet normal -0.555539 -0.83149 0
    outer loop
      vertex -10.1249 -13.9357 11.5
      vertex -9.00026 -14.6871 12
      vertex -10.1249 -13.9357 12
    endloop
  endfacet
  facet normal -0.555539 -0.83149 -0
    outer loop
      vertex -9.00026 -14.6871 12
      vertex -10.1249 -13.9357 11.5
      vertex -9.00026 -14.6871 11.5
    endloop
  endfacet
  facet normal -0.555539 -0.83149 0
    outer loop
      vertex -10.1249 -13.9357 20
      vertex -9.00026 -14.6871 20.5
      vertex -10.1249 -13.9357 20.5
    endloop
  endfacet
  facet normal -0.555539 -0.83149 -0
    outer loop
      vertex -9.00026 -14.6871 20.5
      vertex -10.1249 -13.9357 20
      vertex -9.00026 -14.6871 20
    endloop
  endfacet
  facet normal 0.980782 -0.195107 0
    outer loop
      vertex 17.0134 -2.69465 20.5
      vertex 16.9409 -3.0591 20
      vertex 17.0134 -2.69465 11.5
    endloop
  endfacet
  facet normal 0.980781 -0.195114 5.14585e-06
    outer loop
      vertex 16.7495 -4.0212 20.5
      vertex 16.9409 -3.0591 20
      vertex 17.0134 -2.69465 20.5
    endloop
  endfacet
  facet normal 0.98078 -0.195116 0
    outer loop
      vertex 16.9409 -3.0591 20
      vertex 16.7495 -4.0212 20.5
      vertex 16.7495 -4.0212 20
    endloop
  endfacet
  facet normal 0.980782 -0.195107 0
    outer loop
      vertex 16.9409 -3.0591 12
      vertex 17.0134 -2.69465 11.5
      vertex 16.9409 -3.0591 20
    endloop
  endfacet
  facet normal 0.98078 -0.195116 0
    outer loop
      vertex 16.7495 -4.0212 11.5
      vertex 16.9409 -3.0591 12
      vertex 16.7495 -4.0212 12
    endloop
  endfacet
  facet normal 0.980781 -0.195114 -5.14585e-06
    outer loop
      vertex 16.9409 -3.0591 12
      vertex 16.7495 -4.0212 11.5
      vertex 17.0134 -2.69465 11.5
    endloop
  endfacet
  facet normal -0.938175 -0.346161 0
    outer loop
      vertex -15.9142 -6.59188 11.5
      vertex -16.3824 -5.32295 12
      vertex -16.3824 -5.32295 11.5
    endloop
  endfacet
  facet normal -0.938175 -0.346161 0
    outer loop
      vertex -16.3824 -5.32295 12
      vertex -15.9142 -6.59188 11.5
      vertex -15.9142 -6.59188 12
    endloop
  endfacet
  facet normal -0.938175 -0.346161 0
    outer loop
      vertex -15.9142 -6.59188 20
      vertex -16.3824 -5.32295 20.5
      vertex -16.3824 -5.32295 20
    endloop
  endfacet
  facet normal -0.938175 -0.346161 0
    outer loop
      vertex -16.3824 -5.32295 20.5
      vertex -15.9142 -6.59188 20
      vertex -15.9142 -6.59188 20.5
    endloop
  endfacet
  facet normal 0.872489 -0.488634 0
    outer loop
      vertex 14.6871 -9.00026 20.5
      vertex 15.348 -7.82018 11.5
      vertex 15.348 -7.82018 20.5
    endloop
  endfacet
  facet normal 0.872489 -0.488634 0
    outer loop
      vertex 15.348 -7.82018 11.5
      vertex 14.6871 -9.00026 20.5
      vertex 14.6871 -9.00026 11.5
    endloop
  endfacet
  facet normal 0.83149 -0.555539 0
    outer loop
      vertex 13.9357 -10.1249 20.5
      vertex 14.6871 -9.00026 11.5
      vertex 14.6871 -9.00026 20.5
    endloop
  endfacet
  facet normal 0.83149 -0.555539 0
    outer loop
      vertex 14.6871 -9.00026 11.5
      vertex 13.9357 -10.1249 20.5
      vertex 13.9357 -10.1249 11.5
    endloop
  endfacet
  facet normal 0.908137 -0.418674 0
    outer loop
      vertex 15.9142 -6.59188 20.5
      vertex 15.5035 -7.48272 20
      vertex 15.9142 -6.59188 20
    endloop
  endfacet
  facet normal 0.908216 -0.418502 0
    outer loop
      vertex 15.5035 -7.48272 20
      vertex 15.348 -7.82018 20.5
      vertex 15.5035 -7.48272 12
    endloop
  endfacet
  facet normal 0.908158 -0.418627 -0.000102331
    outer loop
      vertex 15.348 -7.82018 20.5
      vertex 15.5035 -7.48272 20
      vertex 15.9142 -6.59188 20.5
    endloop
  endfacet
  facet normal 0.908137 -0.418674 0
    outer loop
      vertex 15.5035 -7.48272 12
      vertex 15.9142 -6.59188 11.5
      vertex 15.9142 -6.59188 12
    endloop
  endfacet
  facet normal 0.908158 -0.418627 0.000102331
    outer loop
      vertex 15.5035 -7.48272 12
      vertex 15.348 -7.82018 11.5
      vertex 15.9142 -6.59188 11.5
    endloop
  endfacet
  facet normal 0.908216 -0.418502 0
    outer loop
      vertex 15.348 -7.82018 11.5
      vertex 15.5035 -7.48272 12
      vertex 15.348 -7.82018 20.5
    endloop
  endfacet
  facet normal 0.346161 -0.938175 0
    outer loop
      vertex 5.32295 -16.3824 11.5
      vertex 6.59188 -15.9142 20.5
      vertex 5.32295 -16.3824 20.5
    endloop
  endfacet
  facet normal 0.346161 -0.938175 0
    outer loop
      vertex 6.59188 -15.9142 20.5
      vertex 5.32295 -16.3824 11.5
      vertex 6.59188 -15.9142 11.5
    endloop
  endfacet
  facet normal 0.271419 -0.962461 0
    outer loop
      vertex 4.0212 -16.7495 11.5
      vertex 5.32295 -16.3824 20.5
      vertex 4.0212 -16.7495 20.5
    endloop
  endfacet
  facet normal 0.271419 -0.962461 0
    outer loop
      vertex 5.32295 -16.3824 20.5
      vertex 4.0212 -16.7495 11.5
      vertex 5.32295 -16.3824 11.5
    endloop
  endfacet
  facet normal 0.619143 -0.785278 0
    outer loop
      vertex 10.1249 -13.9357 20
      vertex 11.187 -13.0983 20.5
      vertex 10.1249 -13.9357 20.5
    endloop
  endfacet
  facet normal 0.619143 -0.785278 0
    outer loop
      vertex 11.187 -13.0983 20.5
      vertex 10.1249 -13.9357 20
      vertex 11.187 -13.0983 20
    endloop
  endfacet
  facet normal 0.619143 -0.785278 0
    outer loop
      vertex 10.1249 -13.9357 11.5
      vertex 11.187 -13.0983 12
      vertex 10.1249 -13.9357 12
    endloop
  endfacet
  facet normal 0.619143 -0.785278 0
    outer loop
      vertex 11.187 -13.0983 12
      vertex 10.1249 -13.9357 11.5
      vertex 11.187 -13.0983 11.5
    endloop
  endfacet
  facet normal 0.555539 -0.83149 0
    outer loop
      vertex 9.00026 -14.6871 11.5
      vertex 10.1249 -13.9357 12
      vertex 9.00026 -14.6871 12
    endloop
  endfacet
  facet normal 0.555539 -0.83149 0
    outer loop
      vertex 10.1249 -13.9357 12
      vertex 9.00026 -14.6871 11.5
      vertex 10.1249 -13.9357 11.5
    endloop
  endfacet
  facet normal 0.555539 -0.83149 0
    outer loop
      vertex 9.00026 -14.6871 20
      vertex 10.1249 -13.9357 20.5
      vertex 9.00026 -14.6871 20.5
    endloop
  endfacet
  facet normal 0.555539 -0.83149 0
    outer loop
      vertex 10.1249 -13.9357 20.5
      vertex 9.00026 -14.6871 20
      vertex 10.1249 -13.9357 20
    endloop
  endfacet
  facet normal -0.619143 -0.785278 0
    outer loop
      vertex -11.187 -13.0983 11.5
      vertex -10.1249 -13.9357 12
      vertex -11.187 -13.0983 12
    endloop
  endfacet
  facet normal -0.619143 -0.785278 -0
    outer loop
      vertex -10.1249 -13.9357 12
      vertex -11.187 -13.0983 11.5
      vertex -10.1249 -13.9357 11.5
    endloop
  endfacet
  facet normal -0.619143 -0.785278 0
    outer loop
      vertex -11.187 -13.0983 20
      vertex -10.1249 -13.9357 20.5
      vertex -11.187 -13.0983 20.5
    endloop
  endfacet
  facet normal -0.619143 -0.785278 -0
    outer loop
      vertex -10.1249 -13.9357 20.5
      vertex -11.187 -13.0983 20
      vertex -10.1249 -13.9357 20
    endloop
  endfacet
  facet normal -0.346161 0.938175 0
    outer loop
      vertex -5.32295 16.3824 11.5
      vertex -6.59188 15.9142 20.5
      vertex -5.32295 16.3824 20.5
    endloop
  endfacet
  facet normal -0.346161 0.938175 0
    outer loop
      vertex -6.59188 15.9142 20.5
      vertex -5.32295 16.3824 11.5
      vertex -6.59188 15.9142 11.5
    endloop
  endfacet
  facet normal 0.488634 -0.872489 -4.75237e-05
    outer loop
      vertex 7.82018 -15.348 20.5
      vertex 8.14439 -15.1664 20
      vertex 9.00026 -14.6871 20.5
    endloop
  endfacet
  facet normal 0.48869 -0.872457 0
    outer loop
      vertex 7.82018 -15.348 20.5
      vertex 8.14439 -15.1664 12
      vertex 8.14439 -15.1664 20
    endloop
  endfacet
  facet normal 0.48869 -0.872457 0
    outer loop
      vertex 7.82018 -15.348 11.5
      vertex 8.14439 -15.1664 12
      vertex 7.82018 -15.348 20.5
    endloop
  endfacet
  facet normal 0.488634 -0.872489 4.75237e-05
    outer loop
      vertex 9.00026 -14.6871 11.5
      vertex 8.14439 -15.1664 12
      vertex 7.82018 -15.348 11.5
    endloop
  endfacet
  facet normal 0.488613 -0.8725 0
    outer loop
      vertex 8.14439 -15.1664 12
      vertex 9.00026 -14.6871 11.5
      vertex 9.00026 -14.6871 12
    endloop
  endfacet
  facet normal 0.488613 -0.8725 0
    outer loop
      vertex 9.00026 -14.6871 20.5
      vertex 8.14439 -15.1664 20
      vertex 9.00026 -14.6871 20
    endloop
  endfacet
  facet normal -0.195114 0.980781 0
    outer loop
      vertex -2.69465 17.0134 11.5
      vertex -4.0212 16.7495 20.5
      vertex -2.69465 17.0134 20.5
    endloop
  endfacet
  facet normal -0.195114 0.980781 0
    outer loop
      vertex -4.0212 16.7495 20.5
      vertex -2.69465 17.0134 11.5
      vertex -4.0212 16.7495 11.5
    endloop
  endfacet
  facet normal -0.872489 -0.488634 0
    outer loop
      vertex -14.6871 -9.00026 11.5
      vertex -15.348 -7.82018 20.5
      vertex -15.348 -7.82018 11.5
    endloop
  endfacet
  facet normal -0.872489 -0.488634 0
    outer loop
      vertex -15.348 -7.82018 20.5
      vertex -14.6871 -9.00026 11.5
      vertex -14.6871 -9.00026 20.5
    endloop
  endfacet
  facet normal 0.908216 0.418502 0
    outer loop
      vertex 15.348 7.82018 20.5
      vertex 15.5035 7.48272 20
      vertex 15.348 7.82018 11.5
    endloop
  endfacet
  facet normal 0.908158 0.418627 -0.000102331
    outer loop
      vertex 15.9142 6.59188 20.5
      vertex 15.5035 7.48272 20
      vertex 15.348 7.82018 20.5
    endloop
  endfacet
  facet normal 0.908137 0.418674 0
    outer loop
      vertex 15.5035 7.48272 20
      vertex 15.9142 6.59188 20.5
      vertex 15.9142 6.59188 20
    endloop
  endfacet
  facet normal 0.908216 0.418502 -0
    outer loop
      vertex 15.5035 7.48272 12
      vertex 15.348 7.82018 11.5
      vertex 15.5035 7.48272 20
    endloop
  endfacet
  facet normal 0.908137 0.418674 -0
    outer loop
      vertex 15.9142 6.59188 11.5
      vertex 15.5035 7.48272 12
      vertex 15.9142 6.59188 12
    endloop
  endfacet
  facet normal 0.908158 0.418627 0.000102331
    outer loop
      vertex 15.5035 7.48272 12
      vertex 15.9142 6.59188 11.5
      vertex 15.348 7.82018 11.5
    endloop
  endfacet
  facet normal 0 0 -1
    outer loop
      vertex -1.4235 5.31259 11.5
      vertex -1.2 16.7254 11.5
      vertex -1.2 5.35705 11.5
    endloop
  endfacet
  facet normal -0 0 -1
    outer loop
      vertex -1.2 16.7254 11.5
      vertex -1.4235 5.31259 11.5
      vertex -4.0212 16.7495 11.5
    endloop
  endfacet
  facet normal 0 0 -1
    outer loop
      vertex -5.32295 16.3824 11.5
      vertex -1.4235 5.31259 11.5
      vertex -2.10476 5.08134 11.5
    endloop
  endfacet
  facet normal 0 0 -1
    outer loop
      vertex -1.2 16.7254 11.5
      vertex -2.69465 17.0134 11.5
      vertex -1.35149 17.1723 11.5
    endloop
  endfacet
  facet normal 0 0 -1
    outer loop
      vertex -7.82018 15.348 11.5
      vertex -2.10476 5.08134 11.5
      vertex -2.75 4.76314 11.5
    endloop
  endfacet
  facet normal 0 0 -1
    outer loop
      vertex -9.00026 14.6871 11.5
      vertex -2.75 4.76314 11.5
      vertex -3.34819 4.36344 11.5
    endloop
  endfacet
  facet normal 0 0 -1
    outer loop
      vertex -11.187 13.0983 11.5
      vertex -3.34819 4.36344 11.5
      vertex -3.88909 3.88909 11.5
    endloop
  endfacet
  facet normal 0 0 -1
    outer loop
      vertex -1.2 16.7254 11.5
      vertex -4.0212 16.7495 11.5
      vertex -2.69465 17.0134 11.5
    endloop
  endfacet
  facet normal 0 0 -1
    outer loop
      vertex -13.0983 11.187 11.5
      vertex -3.88909 3.88909 11.5
      vertex -4.36344 3.34819 11.5
    endloop
  endfacet
  facet normal 0 0 -1
    outer loop
      vertex -13.9357 10.1249 11.5
      vertex -4.36344 3.34819 11.5
      vertex -4.73053 2.7988 11.5
    endloop
  endfacet
  facet normal 0 0 -1
    outer loop
      vertex -1.4235 5.31259 11.5
      vertex -5.32295 16.3824 11.5
      vertex -4.0212 16.7495 11.5
    endloop
  endfacet
  facet normal 0 0 -1
    outer loop
      vertex -2.10476 5.08134 11.5
      vertex -6.59188 15.9142 11.5
      vertex -5.32295 16.3824 11.5
    endloop
  endfacet
  facet normal 0 0 -1
    outer loop
      vertex -2.10476 5.08134 11.5
      vertex -7.82018 15.348 11.5
      vertex -6.59188 15.9142 11.5
    endloop
  endfacet
  facet normal 0 0 -1
    outer loop
      vertex -2.75 4.76314 11.5
      vertex -9.00026 14.6871 11.5
      vertex -7.82018 15.348 11.5
    endloop
  endfacet
  facet normal 0 0 -1
    outer loop
      vertex -3.34819 4.36344 11.5
      vertex -10.1249 13.9357 11.5
      vertex -9.00026 14.6871 11.5
    endloop
  endfacet
  facet normal 0 0 -1
    outer loop
      vertex -3.34819 4.36344 11.5
      vertex -11.187 13.0983 11.5
      vertex -10.1249 13.9357 11.5
    endloop
  endfacet
  facet normal 0 0 -1
    outer loop
      vertex -3.88909 3.88909 11.5
      vertex -12.1802 12.1802 11.5
      vertex -11.187 13.0983 11.5
    endloop
  endfacet
  facet normal 0 0 -1
    outer loop
      vertex -3.88909 3.88909 11.5
      vertex -13.0983 11.187 11.5
      vertex -12.1802 12.1802 11.5
    endloop
  endfacet
  facet normal 0 0 -1
    outer loop
      vertex -4.36344 3.34819 11.5
      vertex -13.9357 10.1249 11.5
      vertex -13.0983 11.187 11.5
    endloop
  endfacet
  facet normal 0 0 -1
    outer loop
      vertex -4.73053 2.7988 11.5
      vertex -14.6871 9.00026 11.5
      vertex -13.9357 10.1249 11.5
    endloop
  endfacet
  facet normal 0 0 -1
    outer loop
      vertex -15.536 6.30971 11.5
      vertex -14.6871 9.00026 11.5
      vertex -4.73053 2.7988 11.5
    endloop
  endfacet
  facet normal 0 0 -1
    outer loop
      vertex -14.6871 9.00026 11.5
      vertex -15.536 6.30971 11.5
      vertex -15.348 7.82018 11.5
    endloop
  endfacet
  facet normal 0 0 -1
    outer loop
      vertex -15.536 6.30971 11.5
      vertex -15.9142 6.59188 11.5
      vertex -15.348 7.82018 11.5
    endloop
  endfacet
  facet normal 0 0 -1
    outer loop
      vertex -16.3824 5.32295 11.5
      vertex -15.536 6.30971 11.5
      vertex -16.2776 4.02717 11.5
    endloop
  endfacet
  facet normal -0 0 -1
    outer loop
      vertex -15.536 6.30971 11.5
      vertex -16.3824 5.32295 11.5
      vertex -15.9142 6.59188 11.5
    endloop
  endfacet
  facet normal 0 0 -1
    outer loop
      vertex -17.1723 -1.35149 11.5
      vertex -5.45295 -0.717894 11.5
      vertex -17.0134 -2.69465 11.5
    endloop
  endfacet
  facet normal -0 0 -1
    outer loop
      vertex -5.45295 -0.717894 11.5
      vertex -17.1723 -1.35149 11.5
      vertex -5.5 0 11.5
    endloop
  endfacet
  facet normal -0 0 -1
    outer loop
      vertex -16.2776 4.02717 11.5
      vertex -16.7495 4.0212 11.5
      vertex -16.3824 5.32295 11.5
    endloop
  endfacet
  facet normal 0 0 -1
    outer loop
      vertex -17.2254 0 11.5
      vertex -5.5 0 11.5
      vertex -17.1723 -1.35149 11.5
    endloop
  endfacet
  facet normal 0 0 -1
    outer loop
      vertex -16.2776 4.02717 11.5
      vertex -17.0134 2.69465 11.5
      vertex -16.7495 4.0212 11.5
    endloop
  endfacet
  facet normal 0 -0 -1
    outer loop
      vertex -17.1723 1.35149 11.5
      vertex -5.5 0 11.5
      vertex -17.2254 0 11.5
    endloop
  endfacet
  facet normal 0 0 -1
    outer loop
      vertex -16.2776 4.02717 11.5
      vertex -17.1723 1.35149 11.5
      vertex -17.0134 2.69465 11.5
    endloop
  endfacet
  facet normal 0 0 -1
    outer loop
      vertex -5.5 0 11.5
      vertex -17.1723 1.35149 11.5
      vertex -16.2776 4.02717 11.5
    endloop
  endfacet
  facet normal 0 0 -1
    outer loop
      vertex 17.1723 -1.35149 11.5
      vertex 5.45295 -0.717894 11.5
      vertex 5.5 0 11.5
    endloop
  endfacet
  facet normal 0 0 -1
    outer loop
      vertex 13.0983 -11.187 11.5
      vertex 5.31259 -1.4235 11.5
      vertex 5.45295 -0.717894 11.5
    endloop
  endfacet
  facet normal 0 0 -1
    outer loop
      vertex 13.0983 -11.187 11.5
      vertex 5.08134 -2.10476 11.5
      vertex 5.31259 -1.4235 11.5
    endloop
  endfacet
  facet normal 0 0 -1
    outer loop
      vertex 13.0983 -11.187 11.5
      vertex 4.76314 -2.75 11.5
      vertex 5.08134 -2.10476 11.5
    endloop
  endfacet
  facet normal 0 0 -1
    outer loop
      vertex 13.0983 -11.187 11.5
      vertex 4.36344 -3.34819 11.5
      vertex 4.76314 -2.75 11.5
    endloop
  endfacet
  facet normal 0 -0 -1
    outer loop
      vertex 4.36344 -3.34819 11.5
      vertex 10.8018 -12.8258 11.5
      vertex 4.11867 -3.6273 11.5
    endloop
  endfacet
  facet normal 0 0 -1
    outer loop
      vertex 10.1249 -13.9357 11.5
      vertex 10.8018 -12.8258 11.5
      vertex 11.187 -13.0983 11.5
    endloop
  endfacet
  facet normal 0 0 -1
    outer loop
      vertex 8.86014 -14.2365 11.5
      vertex 10.1249 -13.9357 11.5
      vertex 9.00026 -14.6871 11.5
    endloop
  endfacet
  facet normal -0 0 -1
    outer loop
      vertex 10.1249 -13.9357 11.5
      vertex 8.86014 -14.2365 11.5
      vertex 10.8018 -12.8258 11.5
    endloop
  endfacet
  facet normal 0 0 -1
    outer loop
      vertex 7.82018 -15.348 11.5
      vertex 8.86014 -14.2365 11.5
      vertex 9.00026 -14.6871 11.5
    endloop
  endfacet
  facet normal 0 0 -1
    outer loop
      vertex 6.59188 -15.9142 11.5
      vertex 8.86014 -14.2365 11.5
      vertex 7.82018 -15.348 11.5
    endloop
  endfacet
  facet normal 0 0 -1
    outer loop
      vertex 2.10476 -5.08134 11.5
      vertex 6.59188 -15.9142 11.5
      vertex 5.32295 -16.3824 11.5
    endloop
  endfacet
  facet normal 0 0 -1
    outer loop
      vertex 1.4235 -5.31259 11.5
      vertex 5.32295 -16.3824 11.5
      vertex 4.0212 -16.7495 11.5
    endloop
  endfacet
  facet normal 0 0 -1
    outer loop
      vertex 1.4235 -5.31259 11.5
      vertex 4.0212 -16.7495 11.5
      vertex 2.69465 -17.0134 11.5
    endloop
  endfacet
  facet normal 0 0 -1
    outer loop
      vertex 6.59188 -15.9142 11.5
      vertex 2.10476 -5.08134 11.5
      vertex 8.86014 -14.2365 11.5
    endloop
  endfacet
  facet normal 0 0 -1
    outer loop
      vertex 8.86014 -14.2365 11.5
      vertex 2.10476 -5.08134 11.5
      vertex 2.18115 -5.04366 11.5
    endloop
  endfacet
  facet normal 0 0 -1
    outer loop
      vertex 5.32295 -16.3824 11.5
      vertex 1.4235 -5.31259 11.5
      vertex 2.10476 -5.08134 11.5
    endloop
  endfacet
  facet normal 0 0 -1
    outer loop
      vertex 0.717894 -5.45295 11.5
      vertex 2.69465 -17.0134 11.5
      vertex 1.35149 -17.1723 11.5
    endloop
  endfacet
  facet normal 0 0 -1
    outer loop
      vertex 2.69465 -17.0134 11.5
      vertex 0.717894 -5.45295 11.5
      vertex 1.4235 -5.31259 11.5
    endloop
  endfacet
  facet normal 0 0 -1
    outer loop
      vertex 0 -5.5 11.5
      vertex 1.35149 -17.1723 11.5
      vertex 0 -17.2254 11.5
    endloop
  endfacet
  facet normal 0 0 -1
    outer loop
      vertex 1.35149 -17.1723 11.5
      vertex 0 -5.5 11.5
      vertex 0.717894 -5.45295 11.5
    endloop
  endfacet
  facet normal 0 0 -1
    outer loop
      vertex -1.35149 -17.1723 11.5
      vertex 0 -5.5 11.5
      vertex 0 -17.2254 11.5
    endloop
  endfacet
  facet normal -0 0 -1
    outer loop
      vertex 0 -5.5 11.5
      vertex -1.35149 -17.1723 11.5
      vertex -0.717894 -5.45295 11.5
    endloop
  endfacet
  facet normal 0 0 -1
    outer loop
      vertex -2.69465 -17.0134 11.5
      vertex -0.717894 -5.45295 11.5
      vertex -1.35149 -17.1723 11.5
    endloop
  endfacet
  facet normal -0 0 -1
    outer loop
      vertex -0.717894 -5.45295 11.5
      vertex -2.69465 -17.0134 11.5
      vertex -1.4235 -5.31259 11.5
    endloop
  endfacet
  facet normal 0 0 -1
    outer loop
      vertex -4.0212 -16.7495 11.5
      vertex -1.4235 -5.31259 11.5
      vertex -2.69465 -17.0134 11.5
    endloop
  endfacet
  facet normal 0 0 -1
    outer loop
      vertex -5.32295 -16.3824 11.5
      vertex -1.4235 -5.31259 11.5
      vertex -4.0212 -16.7495 11.5
    endloop
  endfacet
  facet normal -0 0 -1
    outer loop
      vertex -1.4235 -5.31259 11.5
      vertex -5.32295 -16.3824 11.5
      vertex -2.10476 -5.08134 11.5
    endloop
  endfacet
  facet normal 0 0 -1
    outer loop
      vertex -6.59188 -15.9142 11.5
      vertex -2.10476 -5.08134 11.5
      vertex -5.32295 -16.3824 11.5
    endloop
  endfacet
  facet normal 0 0 -1
    outer loop
      vertex -8.86014 -14.2365 11.5
      vertex -2.10476 -5.08134 11.5
      vertex -6.59188 -15.9142 11.5
    endloop
  endfacet
  facet normal 0 0 -1
    outer loop
      vertex -8.86014 -14.2365 11.5
      vertex -6.59188 -15.9142 11.5
      vertex -7.82018 -15.348 11.5
    endloop
  endfacet
  facet normal -0 0 -1
    outer loop
      vertex -2.10476 -5.08134 11.5
      vertex -8.86014 -14.2365 11.5
      vertex -2.18115 -5.04366 11.5
    endloop
  endfacet
  facet normal 0 0 -1
    outer loop
      vertex -9.00026 -14.6871 11.5
      vertex -8.86014 -14.2365 11.5
      vertex -7.82018 -15.348 11.5
    endloop
  endfacet
  facet normal 0 0 -1
    outer loop
      vertex -10.1249 -13.9357 11.5
      vertex -8.86014 -14.2365 11.5
      vertex -9.00026 -14.6871 11.5
    endloop
  endfacet
  facet normal 0 0 -1
    outer loop
      vertex -10.1249 -13.9357 11.5
      vertex -10.8018 -12.8258 11.5
      vertex -8.86014 -14.2365 11.5
    endloop
  endfacet
  facet normal 0 -0 -1
    outer loop
      vertex -10.8018 -12.8258 11.5
      vertex -10.1249 -13.9357 11.5
      vertex -11.187 -13.0983 11.5
    endloop
  endfacet
  facet normal 0 0 -1
    outer loop
      vertex 5.5 0 11.5
      vertex 17.2254 0 11.5
      vertex 17.1723 -1.35149 11.5
    endloop
  endfacet
  facet normal 0 0 -1
    outer loop
      vertex 5.45295 -0.717894 11.5
      vertex 17.1723 -1.35149 11.5
      vertex 17.0134 -2.69465 11.5
    endloop
  endfacet
  facet normal 0 0 -1
    outer loop
      vertex 17.2254 0 11.5
      vertex 5.5 0 11.5
      vertex 17.1723 1.35149 11.5
    endloop
  endfacet
  facet normal 0 0 -1
    outer loop
      vertex 5.45295 -0.717894 11.5
      vertex 17.0134 -2.69465 11.5
      vertex 16.7495 -4.0212 11.5
    endloop
  endfacet
  facet normal 0 0 -1
    outer loop
      vertex 5.46629 0.51435 11.5
      vertex 17.1723 1.35149 11.5
      vertex 5.5 0 11.5
    endloop
  endfacet
  facet normal 0 0 -1
    outer loop
      vertex 5.45295 -0.717894 11.5
      vertex 16.7495 -4.0212 11.5
      vertex 16.3824 -5.32295 11.5
    endloop
  endfacet
  facet normal 0 0 -1
    outer loop
      vertex 17.0134 2.69465 11.5
      vertex 16.2776 4.02717 11.5
      vertex 16.7495 4.0212 11.5
    endloop
  endfacet
  facet normal 0 0 -1
    outer loop
      vertex 16.7495 4.0212 11.5
      vertex 16.2776 4.02717 11.5
      vertex 16.3824 5.32295 11.5
    endloop
  endfacet
  facet normal 0 0 -1
    outer loop
      vertex 5.45295 -0.717894 11.5
      vertex 16.3824 -5.32295 11.5
      vertex 15.9142 -6.59188 11.5
    endloop
  endfacet
  facet normal 0 0 -1
    outer loop
      vertex 5.45295 -0.717894 11.5
      vertex 15.9142 -6.59188 11.5
      vertex 15.348 -7.82018 11.5
    endloop
  endfacet
  facet normal 0 0 -1
    outer loop
      vertex 5.45295 -0.717894 11.5
      vertex 15.348 -7.82018 11.5
      vertex 14.6871 -9.00026 11.5
    endloop
  endfacet
  facet normal 0 0 -1
    outer loop
      vertex 5.45295 -0.717894 11.5
      vertex 14.6871 -9.00026 11.5
      vertex 13.9357 -10.1249 11.5
    endloop
  endfacet
  facet normal 0 0 -1
    outer loop
      vertex 5.45295 -0.717894 11.5
      vertex 13.9357 -10.1249 11.5
      vertex 13.0983 -11.187 11.5
    endloop
  endfacet
  facet normal 0 0 -1
    outer loop
      vertex 10.8018 -12.8258 11.5
      vertex 13.0983 -11.187 11.5
      vertex 12.1802 -12.1802 11.5
    endloop
  endfacet
  facet normal 0 0 -1
    outer loop
      vertex 10.8018 -12.8258 11.5
      vertex 12.1802 -12.1802 11.5
      vertex 11.187 -13.0983 11.5
    endloop
  endfacet
  facet normal 0 0 -1
    outer loop
      vertex 4.36344 -3.34819 11.5
      vertex 13.0983 -11.187 11.5
      vertex 10.8018 -12.8258 11.5
    endloop
  endfacet
  facet normal 0 0 -1
    outer loop
      vertex 17.1723 1.35149 11.5
      vertex 16.2776 4.02717 11.5
      vertex 17.0134 2.69465 11.5
    endloop
  endfacet
  facet normal -0 0 -1
    outer loop
      vertex 17.1723 1.35149 11.5
      vertex 5.46629 0.51435 11.5
      vertex 16.2776 4.02717 11.5
    endloop
  endfacet
  facet normal 0 0 -1
    outer loop
      vertex 15.536 6.30971 11.5
      vertex 16.3824 5.32295 11.5
      vertex 16.2776 4.02717 11.5
    endloop
  endfacet
  facet normal 0 0 -1
    outer loop
      vertex 16.3824 5.32295 11.5
      vertex 15.536 6.30971 11.5
      vertex 15.9142 6.59188 11.5
    endloop
  endfacet
  facet normal 0 0 -1
    outer loop
      vertex 15.536 6.30971 11.5
      vertex 15.348 7.82018 11.5
      vertex 15.9142 6.59188 11.5
    endloop
  endfacet
  facet normal 0 0 -1
    outer loop
      vertex 15.536 6.30971 11.5
      vertex 14.6871 9.00026 11.5
      vertex 15.348 7.82018 11.5
    endloop
  endfacet
  facet normal 0 0 -1
    outer loop
      vertex 4.73053 2.7988 11.5
      vertex 14.6871 9.00026 11.5
      vertex 15.536 6.30971 11.5
    endloop
  endfacet
  facet normal -0 0 -1
    outer loop
      vertex 14.6871 9.00026 11.5
      vertex 4.73053 2.7988 11.5
      vertex 13.9357 10.1249 11.5
    endloop
  endfacet
  facet normal -0 0 -1
    outer loop
      vertex 13.9357 10.1249 11.5
      vertex 4.36344 3.34819 11.5
      vertex 13.0983 11.187 11.5
    endloop
  endfacet
  facet normal 0 0 -1
    outer loop
      vertex 3.88909 3.88909 11.5
      vertex 13.0983 11.187 11.5
      vertex 4.36344 3.34819 11.5
    endloop
  endfacet
  facet normal -0 0 -1
    outer loop
      vertex 13.0983 11.187 11.5
      vertex 3.88909 3.88909 11.5
      vertex 12.1802 12.1802 11.5
    endloop
  endfacet
  facet normal -0 0 -1
    outer loop
      vertex 12.1802 12.1802 11.5
      vertex 3.88909 3.88909 11.5
      vertex 11.187 13.0983 11.5
    endloop
  endfacet
  facet normal -0 0 -1
    outer loop
      vertex 11.187 13.0983 11.5
      vertex 3.34819 4.36344 11.5
      vertex 10.1249 13.9357 11.5
    endloop
  endfacet
  facet normal -0 0 -1
    outer loop
      vertex 10.1249 13.9357 11.5
      vertex 3.34819 4.36344 11.5
      vertex 9.00026 14.6871 11.5
    endloop
  endfacet
  facet normal 0 0 -1
    outer loop
      vertex 2.75 4.76314 11.5
      vertex 9.00026 14.6871 11.5
      vertex 3.34819 4.36344 11.5
    endloop
  endfacet
  facet normal 0 0 -1
    outer loop
      vertex 13.9357 10.1249 11.5
      vertex 4.73053 2.7988 11.5
      vertex 4.36344 3.34819 11.5
    endloop
  endfacet
  facet normal 0 0 -1
    outer loop
      vertex 3.34819 4.36344 11.5
      vertex 11.187 13.0983 11.5
      vertex 3.88909 3.88909 11.5
    endloop
  endfacet
  facet normal -0 0 -1
    outer loop
      vertex 9.00026 14.6871 11.5
      vertex 2.75 4.76314 11.5
      vertex 7.82018 15.348 11.5
    endloop
  endfacet
  facet normal 0 0 -1
    outer loop
      vertex 2.10476 5.08134 11.5
      vertex 7.82018 15.348 11.5
      vertex 2.75 4.76314 11.5
    endloop
  endfacet
  facet normal -0 0 -1
    outer loop
      vertex 7.82018 15.348 11.5
      vertex 2.10476 5.08134 11.5
      vertex 6.59188 15.9142 11.5
    endloop
  endfacet
  facet normal -0 0 -1
    outer loop
      vertex 6.59188 15.9142 11.5
      vertex 2.10476 5.08134 11.5
      vertex 5.32295 16.3824 11.5
    endloop
  endfacet
  facet normal 0 0 -1
    outer loop
      vertex 1.4235 5.31259 11.5
      vertex 5.32295 16.3824 11.5
      vertex 2.10476 5.08134 11.5
    endloop
  endfacet
  facet normal -0 0 -1
    outer loop
      vertex 5.32295 16.3824 11.5
      vertex 1.4235 5.31259 11.5
      vertex 4.0212 16.7495 11.5
    endloop
  endfacet
  facet normal 0 0 -1
    outer loop
      vertex 1.2 16.7254 11.5
      vertex 4.0212 16.7495 11.5
      vertex 1.4235 5.31259 11.5
    endloop
  endfacet
  facet normal -0 0 -1
    outer loop
      vertex 4.0212 16.7495 11.5
      vertex 1.2 16.7254 11.5
      vertex 2.69465 17.0134 11.5
    endloop
  endfacet
  facet normal 0 0 -1
    outer loop
      vertex 1.2 16.7254 11.5
      vertex 1.4235 5.31259 11.5
      vertex 1.2 5.35705 11.5
    endloop
  endfacet
  facet normal -0 0 -1
    outer loop
      vertex 2.69465 17.0134 11.5
      vertex 1.2 16.7254 11.5
      vertex 1.35149 17.1723 11.5
    endloop
  endfacet
  facet normal 0 0 -1
    outer loop
      vertex 1.2 16.7254 11.5
      vertex 0 17.2254 11.5
      vertex 1.35149 17.1723 11.5
    endloop
  endfacet
  facet normal 0 0 -1
    outer loop
      vertex -1.2 16.7254 11.5
      vertex 0 17.2254 11.5
      vertex 1.2 16.7254 11.5
    endloop
  endfacet
  facet normal 0 0 -1
    outer loop
      vertex 0 17.2254 11.5
      vertex -1.2 16.7254 11.5
      vertex -1.35149 17.1723 11.5
    endloop
  endfacet
  facet normal 0 0 -1
    outer loop
      vertex -15.348 -7.82018 11.5
      vertex -4.76314 -2.75 11.5
      vertex -14.6871 -9.00026 11.5
    endloop
  endfacet
  facet normal 0 0 -1
    outer loop
      vertex -14.6871 -9.00026 11.5
      vertex -4.76314 -2.75 11.5
      vertex -13.9357 -10.1249 11.5
    endloop
  endfacet
  facet normal -0 0 -1
    outer loop
      vertex -4.36344 -3.34819 11.5
      vertex -13.9357 -10.1249 11.5
      vertex -4.76314 -2.75 11.5
    endloop
  endfacet
  facet normal 0 0 -1
    outer loop
      vertex -13.9357 -10.1249 11.5
      vertex -4.36344 -3.34819 11.5
      vertex -13.0983 -11.187 11.5
    endloop
  endfacet
  facet normal 0 0 -1
    outer loop
      vertex -13.0983 -11.187 11.5
      vertex -4.36344 -3.34819 11.5
      vertex -10.8018 -12.8258 11.5
    endloop
  endfacet
  facet normal 0 0 -1
    outer loop
      vertex -10.8018 -12.8258 11.5
      vertex -4.36344 -3.34819 11.5
      vertex -4.11867 -3.6273 11.5
    endloop
  endfacet
  facet normal -0 0 -1
    outer loop
      vertex -4.76314 -2.75 11.5
      vertex -15.348 -7.82018 11.5
      vertex -5.08134 -2.10476 11.5
    endloop
  endfacet
  facet normal 0 0 -1
    outer loop
      vertex -12.1802 -12.1802 11.5
      vertex -10.8018 -12.8258 11.5
      vertex -11.187 -13.0983 11.5
    endloop
  endfacet
  facet normal 0 0 -1
    outer loop
      vertex -13.0983 -11.187 11.5
      vertex -10.8018 -12.8258 11.5
      vertex -12.1802 -12.1802 11.5
    endloop
  endfacet
  facet normal 0 0 -1
    outer loop
      vertex -15.9142 -6.59188 11.5
      vertex -5.08134 -2.10476 11.5
      vertex -15.348 -7.82018 11.5
    endloop
  endfacet
  facet normal 0 0 -1
    outer loop
      vertex -16.3824 -5.32295 11.5
      vertex -5.08134 -2.10476 11.5
      vertex -15.9142 -6.59188 11.5
    endloop
  endfacet
  facet normal -0 0 -1
    outer loop
      vertex -5.08134 -2.10476 11.5
      vertex -16.3824 -5.32295 11.5
      vertex -5.31259 -1.4235 11.5
    endloop
  endfacet
  facet normal 0 0 -1
    outer loop
      vertex -16.7495 -4.0212 11.5
      vertex -5.31259 -1.4235 11.5
      vertex -16.3824 -5.32295 11.5
    endloop
  endfacet
  facet normal -0 0 -1
    outer loop
      vertex -5.31259 -1.4235 11.5
      vertex -16.7495 -4.0212 11.5
      vertex -5.45295 -0.717894 11.5
    endloop
  endfacet
  facet normal 0 0 -1
    outer loop
      vertex -17.0134 -2.69465 11.5
      vertex -5.45295 -0.717894 11.5
      vertex -16.7495 -4.0212 11.5
    endloop
  endfacet
  facet normal 0 0 -1
    outer loop
      vertex -5.5 0 11.5
      vertex -16.2776 4.02717 11.5
      vertex -5.46629 0.51435 11.5
    endloop
  endfacet
  facet normal 0.83149 0.555539 0
    outer loop
      vertex 14.6871 9.00026 20.5
      vertex 13.9357 10.1249 11.5
      vertex 13.9357 10.1249 20.5
    endloop
  endfacet
  facet normal 0.83149 0.555539 0
    outer loop
      vertex 13.9357 10.1249 11.5
      vertex 14.6871 9.00026 20.5
      vertex 14.6871 9.00026 11.5
    endloop
  endfacet
  facet normal 0 0 1
    outer loop
      vertex -17.1723 1.35149 20.5
      vertex -5.5 0 20.5
      vertex -5.46629 0.51435 20.5
    endloop
  endfacet
  facet normal 0 0 1
    outer loop
      vertex -5.5 0 20.5
      vertex -13.0983 -11.187 20.5
      vertex -10.8018 -12.8258 20.5
    endloop
  endfacet
  facet normal 0 0 1
    outer loop
      vertex -10.8018 -12.8258 20.5
      vertex -12.1802 -12.1802 20.5
      vertex -11.187 -13.0983 20.5
    endloop
  endfacet
  facet normal 0 0 1
    outer loop
      vertex -10.8018 -12.8258 20.5
      vertex -13.0983 -11.187 20.5
      vertex -12.1802 -12.1802 20.5
    endloop
  endfacet
  facet normal 0 0 1
    outer loop
      vertex -5.5 0 20.5
      vertex -13.9357 -10.1249 20.5
      vertex -13.0983 -11.187 20.5
    endloop
  endfacet
  facet normal 0 0 1
    outer loop
      vertex -5.5 0 20.5
      vertex -14.6871 -9.00026 20.5
      vertex -13.9357 -10.1249 20.5
    endloop
  endfacet
  facet normal 0 0 1
    outer loop
      vertex -5.5 0 20.5
      vertex -15.348 -7.82018 20.5
      vertex -14.6871 -9.00026 20.5
    endloop
  endfacet
  facet normal 0 0 1
    outer loop
      vertex -5.5 0 20.5
      vertex -15.9142 -6.59188 20.5
      vertex -15.348 -7.82018 20.5
    endloop
  endfacet
  facet normal -0 0 1
    outer loop
      vertex -17.1723 1.35149 20.5
      vertex -5.46629 0.51435 20.5
      vertex -16.2776 4.02717 20.5
    endloop
  endfacet
  facet normal 0 0 1
    outer loop
      vertex -16.7495 4.0212 20.5
      vertex -16.2776 4.02717 20.5
      vertex -16.3824 5.32295 20.5
    endloop
  endfacet
  facet normal 0 0 1
    outer loop
      vertex -5.5 0 20.5
      vertex -16.3824 -5.32295 20.5
      vertex -15.9142 -6.59188 20.5
    endloop
  endfacet
  facet normal 0 0 1
    outer loop
      vertex -17.0134 2.69465 20.5
      vertex -16.2776 4.02717 20.5
      vertex -16.7495 4.0212 20.5
    endloop
  endfacet
  facet normal 0 0 1
    outer loop
      vertex -5.5 0 20.5
      vertex -16.7495 -4.0212 20.5
      vertex -16.3824 -5.32295 20.5
    endloop
  endfacet
  facet normal 0 0 1
    outer loop
      vertex -17.1723 1.35149 20.5
      vertex -16.2776 4.02717 20.5
      vertex -17.0134 2.69465 20.5
    endloop
  endfacet
  facet normal 0 0 1
    outer loop
      vertex -5.5 0 20.5
      vertex -17.0134 -2.69465 20.5
      vertex -16.7495 -4.0212 20.5
    endloop
  endfacet
  facet normal 0 0 1
    outer loop
      vertex -5.5 0 20.5
      vertex -17.1723 1.35149 20.5
      vertex -17.2254 0 20.5
    endloop
  endfacet
  facet normal 0 0 1
    outer loop
      vertex -5.5 0 20.5
      vertex -17.1723 -1.35149 20.5
      vertex -17.0134 -2.69465 20.5
    endloop
  endfacet
  facet normal 0 0 1
    outer loop
      vertex -5.5 0 20.5
      vertex -17.2254 0 20.5
      vertex -17.1723 -1.35149 20.5
    endloop
  endfacet
  facet normal 0 0 1
    outer loop
      vertex -4.36344 -3.34819 20.5
      vertex -10.8018 -12.8258 20.5
      vertex -4.11867 -3.6273 20.5
    endloop
  endfacet
  facet normal 0 0 1
    outer loop
      vertex -4.76314 -2.75 20.5
      vertex -10.8018 -12.8258 20.5
      vertex -4.36344 -3.34819 20.5
    endloop
  endfacet
  facet normal 0 0 1
    outer loop
      vertex -5.08134 -2.10476 20.5
      vertex -10.8018 -12.8258 20.5
      vertex -4.76314 -2.75 20.5
    endloop
  endfacet
  facet normal 0 0 1
    outer loop
      vertex -5.31259 -1.4235 20.5
      vertex -10.8018 -12.8258 20.5
      vertex -5.08134 -2.10476 20.5
    endloop
  endfacet
  facet normal 0 0 1
    outer loop
      vertex -5.45295 -0.717894 20.5
      vertex -10.8018 -12.8258 20.5
      vertex -5.31259 -1.4235 20.5
    endloop
  endfacet
  facet normal 0 0 1
    outer loop
      vertex -10.8018 -12.8258 20.5
      vertex -5.45295 -0.717894 20.5
      vertex -5.5 0 20.5
    endloop
  endfacet
  facet normal 0 0 1
    outer loop
      vertex 0 17.2254 20.5
      vertex 1.2 16.7254 20.5
      vertex 1.35149 17.1723 20.5
    endloop
  endfacet
  facet normal 0 0 1
    outer loop
      vertex 0 17.2254 20.5
      vertex -1.2 16.7254 20.5
      vertex 1.2 16.7254 20.5
    endloop
  endfacet
  facet normal -0 0 1
    outer loop
      vertex -1.35149 17.1723 20.5
      vertex -1.2 16.7254 20.5
      vertex 0 17.2254 20.5
    endloop
  endfacet
  facet normal -0 0 1
    outer loop
      vertex -2.69465 17.0134 20.5
      vertex -1.2 16.7254 20.5
      vertex -1.35149 17.1723 20.5
    endloop
  endfacet
  facet normal -0 0 1
    outer loop
      vertex -4.0212 16.7495 20.5
      vertex -1.2 16.7254 20.5
      vertex -2.69465 17.0134 20.5
    endloop
  endfacet
  facet normal 0 -0 1
    outer loop
      vertex -1.4235 5.31259 20.5
      vertex -1.2 16.7254 20.5
      vertex -4.0212 16.7495 20.5
    endloop
  endfacet
  facet normal 0 0 1
    outer loop
      vertex -1.2 16.7254 20.5
      vertex -1.4235 5.31259 20.5
      vertex -1.2 5.35705 20.5
    endloop
  endfacet
  facet normal -0 0 1
    outer loop
      vertex -5.32295 16.3824 20.5
      vertex -1.4235 5.31259 20.5
      vertex -4.0212 16.7495 20.5
    endloop
  endfacet
  facet normal 0 0 1
    outer loop
      vertex -1.4235 5.31259 20.5
      vertex -5.32295 16.3824 20.5
      vertex -2.10476 5.08134 20.5
    endloop
  endfacet
  facet normal -0 0 1
    outer loop
      vertex -6.59188 15.9142 20.5
      vertex -2.10476 5.08134 20.5
      vertex -5.32295 16.3824 20.5
    endloop
  endfacet
  facet normal -0 0 1
    outer loop
      vertex -7.82018 15.348 20.5
      vertex -2.10476 5.08134 20.5
      vertex -6.59188 15.9142 20.5
    endloop
  endfacet
  facet normal 0 0 1
    outer loop
      vertex -2.10476 5.08134 20.5
      vertex -7.82018 15.348 20.5
      vertex -2.75 4.76314 20.5
    endloop
  endfacet
  facet normal -0 0 1
    outer loop
      vertex -9.00026 14.6871 20.5
      vertex -2.75 4.76314 20.5
      vertex -7.82018 15.348 20.5
    endloop
  endfacet
  facet normal 0 0 1
    outer loop
      vertex -2.75 4.76314 20.5
      vertex -9.00026 14.6871 20.5
      vertex -3.34819 4.36344 20.5
    endloop
  endfacet
  facet normal -0 0 1
    outer loop
      vertex -10.1249 13.9357 20.5
      vertex -3.34819 4.36344 20.5
      vertex -9.00026 14.6871 20.5
    endloop
  endfacet
  facet normal -0 0 1
    outer loop
      vertex -11.187 13.0983 20.5
      vertex -3.34819 4.36344 20.5
      vertex -10.1249 13.9357 20.5
    endloop
  endfacet
  facet normal 0 0 1
    outer loop
      vertex -3.34819 4.36344 20.5
      vertex -11.187 13.0983 20.5
      vertex -3.88909 3.88909 20.5
    endloop
  endfacet
  facet normal -0 0 1
    outer loop
      vertex -12.1802 12.1802 20.5
      vertex -3.88909 3.88909 20.5
      vertex -11.187 13.0983 20.5
    endloop
  endfacet
  facet normal -0 0 1
    outer loop
      vertex -13.0983 11.187 20.5
      vertex -3.88909 3.88909 20.5
      vertex -12.1802 12.1802 20.5
    endloop
  endfacet
  facet normal 0 0 1
    outer loop
      vertex -3.88909 3.88909 20.5
      vertex -13.0983 11.187 20.5
      vertex -4.36344 3.34819 20.5
    endloop
  endfacet
  facet normal -0 0 1
    outer loop
      vertex -13.9357 10.1249 20.5
      vertex -4.36344 3.34819 20.5
      vertex -13.0983 11.187 20.5
    endloop
  endfacet
  facet normal 0 0 1
    outer loop
      vertex -4.36344 3.34819 20.5
      vertex -13.9357 10.1249 20.5
      vertex -4.73053 2.7988 20.5
    endloop
  endfacet
  facet normal -0 0 1
    outer loop
      vertex -14.6871 9.00026 20.5
      vertex -4.73053 2.7988 20.5
      vertex -13.9357 10.1249 20.5
    endloop
  endfacet
  facet normal 0 0 1
    outer loop
      vertex -15.536 6.30971 20.5
      vertex -14.6871 9.00026 20.5
      vertex -15.348 7.82018 20.5
    endloop
  endfacet
  facet normal 0 0 1
    outer loop
      vertex -14.6871 9.00026 20.5
      vertex -15.536 6.30971 20.5
      vertex -4.73053 2.7988 20.5
    endloop
  endfacet
  facet normal -0 0 1
    outer loop
      vertex -15.9142 6.59188 20.5
      vertex -15.536 6.30971 20.5
      vertex -15.348 7.82018 20.5
    endloop
  endfacet
  facet normal 0 0 1
    outer loop
      vertex -16.3824 5.32295 20.5
      vertex -15.536 6.30971 20.5
      vertex -15.9142 6.59188 20.5
    endloop
  endfacet
  facet normal 0 0 1
    outer loop
      vertex -15.536 6.30971 20.5
      vertex -16.3824 5.32295 20.5
      vertex -16.2776 4.02717 20.5
    endloop
  endfacet
  facet normal 0 0 1
    outer loop
      vertex 5.5 0 20.5
      vertex 17.2254 0 20.5
      vertex 17.1723 1.35149 20.5
    endloop
  endfacet
  facet normal 0 0 1
    outer loop
      vertex 16.2776 4.02717 20.5
      vertex 17.1723 1.35149 20.5
      vertex 17.0134 2.69465 20.5
    endloop
  endfacet
  facet normal 0 0 1
    outer loop
      vertex 17.2254 0 20.5
      vertex 5.5 0 20.5
      vertex 17.1723 -1.35149 20.5
    endloop
  endfacet
  facet normal 0 0 1
    outer loop
      vertex 16.2776 4.02717 20.5
      vertex 17.0134 2.69465 20.5
      vertex 16.7495 4.0212 20.5
    endloop
  endfacet
  facet normal 0 0 1
    outer loop
      vertex 5.46629 0.51435 20.5
      vertex 17.1723 1.35149 20.5
      vertex 16.2776 4.02717 20.5
    endloop
  endfacet
  facet normal -0 0 1
    outer loop
      vertex 16.2776 4.02717 20.5
      vertex 16.7495 4.0212 20.5
      vertex 16.3824 5.32295 20.5
    endloop
  endfacet
  facet normal -0 0 1
    outer loop
      vertex 5.45295 -0.717894 20.5
      vertex 17.1723 -1.35149 20.5
      vertex 5.5 0 20.5
    endloop
  endfacet
  facet normal 0 0 1
    outer loop
      vertex 17.1723 -1.35149 20.5
      vertex 5.45295 -0.717894 20.5
      vertex 17.0134 -2.69465 20.5
    endloop
  endfacet
  facet normal -0 0 1
    outer loop
      vertex 15.536 6.30971 20.5
      vertex 16.3824 5.32295 20.5
      vertex 15.9142 6.59188 20.5
    endloop
  endfacet
  facet normal 0 0 1
    outer loop
      vertex 16.3824 5.32295 20.5
      vertex 15.536 6.30971 20.5
      vertex 16.2776 4.02717 20.5
    endloop
  endfacet
  facet normal 0 0 1
    outer loop
      vertex 15.348 7.82018 20.5
      vertex 15.536 6.30971 20.5
      vertex 15.9142 6.59188 20.5
    endloop
  endfacet
  facet normal 0 0 1
    outer loop
      vertex 14.6871 9.00026 20.5
      vertex 15.536 6.30971 20.5
      vertex 15.348 7.82018 20.5
    endloop
  endfacet
  facet normal 0 0 1
    outer loop
      vertex 4.73053 2.7988 20.5
      vertex 14.6871 9.00026 20.5
      vertex 13.9357 10.1249 20.5
    endloop
  endfacet
  facet normal 0 0 1
    outer loop
      vertex 4.36344 3.34819 20.5
      vertex 13.9357 10.1249 20.5
      vertex 13.0983 11.187 20.5
    endloop
  endfacet
  facet normal 0 0 1
    outer loop
      vertex 3.88909 3.88909 20.5
      vertex 13.0983 11.187 20.5
      vertex 12.1802 12.1802 20.5
    endloop
  endfacet
  facet normal 0 0 1
    outer loop
      vertex 3.88909 3.88909 20.5
      vertex 12.1802 12.1802 20.5
      vertex 11.187 13.0983 20.5
    endloop
  endfacet
  facet normal 0 0 1
    outer loop
      vertex 3.34819 4.36344 20.5
      vertex 11.187 13.0983 20.5
      vertex 10.1249 13.9357 20.5
    endloop
  endfacet
  facet normal 0 0 1
    outer loop
      vertex 3.34819 4.36344 20.5
      vertex 10.1249 13.9357 20.5
      vertex 9.00026 14.6871 20.5
    endloop
  endfacet
  facet normal 0 0 1
    outer loop
      vertex 2.75 4.76314 20.5
      vertex 9.00026 14.6871 20.5
      vertex 7.82018 15.348 20.5
    endloop
  endfacet
  facet normal 0 0 1
    outer loop
      vertex 2.10476 5.08134 20.5
      vertex 7.82018 15.348 20.5
      vertex 6.59188 15.9142 20.5
    endloop
  endfacet
  facet normal 0 0 1
    outer loop
      vertex 2.10476 5.08134 20.5
      vertex 6.59188 15.9142 20.5
      vertex 5.32295 16.3824 20.5
    endloop
  endfacet
  facet normal 0 0 1
    outer loop
      vertex 13.0983 11.187 20.5
      vertex 3.88909 3.88909 20.5
      vertex 4.36344 3.34819 20.5
    endloop
  endfacet
  facet normal 0 0 1
    outer loop
      vertex 14.6871 9.00026 20.5
      vertex 4.73053 2.7988 20.5
      vertex 15.536 6.30971 20.5
    endloop
  endfacet
  facet normal 0 0 1
    outer loop
      vertex 1.4235 5.31259 20.5
      vertex 5.32295 16.3824 20.5
      vertex 4.0212 16.7495 20.5
    endloop
  endfacet
  facet normal 0 -0 1
    outer loop
      vertex 4.73053 2.7988 20.5
      vertex 13.9357 10.1249 20.5
      vertex 4.36344 3.34819 20.5
    endloop
  endfacet
  facet normal 0 0 1
    outer loop
      vertex 11.187 13.0983 20.5
      vertex 3.34819 4.36344 20.5
      vertex 3.88909 3.88909 20.5
    endloop
  endfacet
  facet normal 0 0 1
    outer loop
      vertex 9.00026 14.6871 20.5
      vertex 2.75 4.76314 20.5
      vertex 3.34819 4.36344 20.5
    endloop
  endfacet
  facet normal 0 0 1
    outer loop
      vertex 1.2 16.7254 20.5
      vertex 4.0212 16.7495 20.5
      vertex 2.69465 17.0134 20.5
    endloop
  endfacet
  facet normal 0 0 1
    outer loop
      vertex 7.82018 15.348 20.5
      vertex 2.10476 5.08134 20.5
      vertex 2.75 4.76314 20.5
    endloop
  endfacet
  facet normal 0 0 1
    outer loop
      vertex 5.32295 16.3824 20.5
      vertex 1.4235 5.31259 20.5
      vertex 2.10476 5.08134 20.5
    endloop
  endfacet
  facet normal 0 0 1
    outer loop
      vertex 1.2 16.7254 20.5
      vertex 2.69465 17.0134 20.5
      vertex 1.35149 17.1723 20.5
    endloop
  endfacet
  facet normal 0 0 1
    outer loop
      vertex 4.0212 16.7495 20.5
      vertex 1.2 16.7254 20.5
      vertex 1.4235 5.31259 20.5
    endloop
  endfacet
  facet normal 0 0 1
    outer loop
      vertex 1.4235 5.31259 20.5
      vertex 1.2 16.7254 20.5
      vertex 1.2 5.35705 20.5
    endloop
  endfacet
  facet normal 0 0 1
    outer loop
      vertex 17.0134 -2.69465 20.5
      vertex 5.45295 -0.717894 20.5
      vertex 16.7495 -4.0212 20.5
    endloop
  endfacet
  facet normal 0 0 1
    outer loop
      vertex 16.7495 -4.0212 20.5
      vertex 5.31259 -1.4235 20.5
      vertex 16.3824 -5.32295 20.5
    endloop
  endfacet
  facet normal -0 0 1
    outer loop
      vertex 5.08134 -2.10476 20.5
      vertex 16.3824 -5.32295 20.5
      vertex 5.31259 -1.4235 20.5
    endloop
  endfacet
  facet normal 0 0 1
    outer loop
      vertex 16.3824 -5.32295 20.5
      vertex 5.08134 -2.10476 20.5
      vertex 15.9142 -6.59188 20.5
    endloop
  endfacet
  facet normal -0 0 1
    outer loop
      vertex 4.76314 -2.75 20.5
      vertex 15.348 -7.82018 20.5
      vertex 5.08134 -2.10476 20.5
    endloop
  endfacet
  facet normal 0 0 1
    outer loop
      vertex 15.348 -7.82018 20.5
      vertex 4.76314 -2.75 20.5
      vertex 14.6871 -9.00026 20.5
    endloop
  endfacet
  facet normal 0 0 1
    outer loop
      vertex 14.6871 -9.00026 20.5
      vertex 4.76314 -2.75 20.5
      vertex 13.9357 -10.1249 20.5
    endloop
  endfacet
  facet normal 0 0 1
    outer loop
      vertex 12.1802 -12.1802 20.5
      vertex 10.8018 -12.8258 20.5
      vertex 11.187 -13.0983 20.5
    endloop
  endfacet
  facet normal -0 0 1
    outer loop
      vertex 5.31259 -1.4235 20.5
      vertex 16.7495 -4.0212 20.5
      vertex 5.45295 -0.717894 20.5
    endloop
  endfacet
  facet normal 0 0 1
    outer loop
      vertex 17.1723 1.35149 20.5
      vertex 5.46629 0.51435 20.5
      vertex 5.5 0 20.5
    endloop
  endfacet
  facet normal 0 0 1
    outer loop
      vertex 10.8018 -12.8258 20.5
      vertex 10.1249 -13.9357 20.5
      vertex 11.187 -13.0983 20.5
    endloop
  endfacet
  facet normal 0 0 1
    outer loop
      vertex 8.86014 -14.2365 20.5
      vertex 10.1249 -13.9357 20.5
      vertex 10.8018 -12.8258 20.5
    endloop
  endfacet
  facet normal 0 0 1
    outer loop
      vertex 10.1249 -13.9357 20.5
      vertex 8.86014 -14.2365 20.5
      vertex 9.00026 -14.6871 20.5
    endloop
  endfacet
  facet normal 0 0 1
    outer loop
      vertex 8.86014 -14.2365 20.5
      vertex 7.82018 -15.348 20.5
      vertex 9.00026 -14.6871 20.5
    endloop
  endfacet
  facet normal 0 0 1
    outer loop
      vertex 8.86014 -14.2365 20.5
      vertex 6.59188 -15.9142 20.5
      vertex 7.82018 -15.348 20.5
    endloop
  endfacet
  facet normal 0 0 1
    outer loop
      vertex 2.10476 -5.08134 20.5
      vertex 6.59188 -15.9142 20.5
      vertex 8.86014 -14.2365 20.5
    endloop
  endfacet
  facet normal 0 0 1
    outer loop
      vertex 6.59188 -15.9142 20.5
      vertex 2.10476 -5.08134 20.5
      vertex 5.32295 -16.3824 20.5
    endloop
  endfacet
  facet normal -0 0 1
    outer loop
      vertex 1.4235 -5.31259 20.5
      vertex 5.32295 -16.3824 20.5
      vertex 2.10476 -5.08134 20.5
    endloop
  endfacet
  facet normal -0 0 1
    outer loop
      vertex 2.10476 -5.08134 20.5
      vertex 8.86014 -14.2365 20.5
      vertex 2.18115 -5.04366 20.5
    endloop
  endfacet
  facet normal 0 0 1
    outer loop
      vertex 5.32295 -16.3824 20.5
      vertex 1.4235 -5.31259 20.5
      vertex 4.0212 -16.7495 20.5
    endloop
  endfacet
  facet normal 0 0 1
    outer loop
      vertex 4.0212 -16.7495 20.5
      vertex 1.4235 -5.31259 20.5
      vertex 2.69465 -17.0134 20.5
    endloop
  endfacet
  facet normal -0 0 1
    outer loop
      vertex 0.717894 -5.45295 20.5
      vertex 2.69465 -17.0134 20.5
      vertex 1.4235 -5.31259 20.5
    endloop
  endfacet
  facet normal 0 0 1
    outer loop
      vertex 2.69465 -17.0134 20.5
      vertex 0.717894 -5.45295 20.5
      vertex 1.35149 -17.1723 20.5
    endloop
  endfacet
  facet normal -0 0 1
    outer loop
      vertex 0 -5.5 20.5
      vertex 1.35149 -17.1723 20.5
      vertex 0.717894 -5.45295 20.5
    endloop
  endfacet
  facet normal 0 0 1
    outer loop
      vertex 0 -5.5 20.5
      vertex 0 -17.2254 20.5
      vertex 1.35149 -17.1723 20.5
    endloop
  endfacet
  facet normal 0 0 1
    outer loop
      vertex -1.35149 -17.1723 20.5
      vertex 0 -5.5 20.5
      vertex -0.717894 -5.45295 20.5
    endloop
  endfacet
  facet normal 0 0 1
    outer loop
      vertex 0 -5.5 20.5
      vertex -1.35149 -17.1723 20.5
      vertex 0 -17.2254 20.5
    endloop
  endfacet
  facet normal 0 0 1
    outer loop
      vertex -2.69465 -17.0134 20.5
      vertex -0.717894 -5.45295 20.5
      vertex -1.4235 -5.31259 20.5
    endloop
  endfacet
  facet normal 0 0 1
    outer loop
      vertex -5.32295 -16.3824 20.5
      vertex -1.4235 -5.31259 20.5
      vertex -2.10476 -5.08134 20.5
    endloop
  endfacet
  facet normal 0 0 1
    outer loop
      vertex -8.86014 -14.2365 20.5
      vertex -2.10476 -5.08134 20.5
      vertex -2.18115 -5.04366 20.5
    endloop
  endfacet
  facet normal 0 0 1
    outer loop
      vertex -0.717894 -5.45295 20.5
      vertex -2.69465 -17.0134 20.5
      vertex -1.35149 -17.1723 20.5
    endloop
  endfacet
  facet normal 0 0 1
    outer loop
      vertex -1.4235 -5.31259 20.5
      vertex -4.0212 -16.7495 20.5
      vertex -2.69465 -17.0134 20.5
    endloop
  endfacet
  facet normal 0 0 1
    outer loop
      vertex -1.4235 -5.31259 20.5
      vertex -5.32295 -16.3824 20.5
      vertex -4.0212 -16.7495 20.5
    endloop
  endfacet
  facet normal 0 0 1
    outer loop
      vertex -2.10476 -5.08134 20.5
      vertex -6.59188 -15.9142 20.5
      vertex -5.32295 -16.3824 20.5
    endloop
  endfacet
  facet normal 0 0 1
    outer loop
      vertex -2.10476 -5.08134 20.5
      vertex -8.86014 -14.2365 20.5
      vertex -6.59188 -15.9142 20.5
    endloop
  endfacet
  facet normal 0 0 1
    outer loop
      vertex -6.59188 -15.9142 20.5
      vertex -8.86014 -14.2365 20.5
      vertex -7.82018 -15.348 20.5
    endloop
  endfacet
  facet normal 0 0 1
    outer loop
      vertex -8.86014 -14.2365 20.5
      vertex -9.00026 -14.6871 20.5
      vertex -7.82018 -15.348 20.5
    endloop
  endfacet
  facet normal 0 0 1
    outer loop
      vertex -8.86014 -14.2365 20.5
      vertex -10.1249 -13.9357 20.5
      vertex -9.00026 -14.6871 20.5
    endloop
  endfacet
  facet normal 0 0 1
    outer loop
      vertex -10.8018 -12.8258 20.5
      vertex -10.1249 -13.9357 20.5
      vertex -8.86014 -14.2365 20.5
    endloop
  endfacet
  facet normal 0 0 1
    outer loop
      vertex -10.1249 -13.9357 20.5
      vertex -10.8018 -12.8258 20.5
      vertex -11.187 -13.0983 20.5
    endloop
  endfacet
  facet normal 0 0 1
    outer loop
      vertex 15.9142 -6.59188 20.5
      vertex 5.08134 -2.10476 20.5
      vertex 15.348 -7.82018 20.5
    endloop
  endfacet
  facet normal -0 0 1
    outer loop
      vertex 4.36344 -3.34819 20.5
      vertex 13.9357 -10.1249 20.5
      vertex 4.76314 -2.75 20.5
    endloop
  endfacet
  facet normal 0 0 1
    outer loop
      vertex 13.9357 -10.1249 20.5
      vertex 4.36344 -3.34819 20.5
      vertex 13.0983 -11.187 20.5
    endloop
  endfacet
  facet normal 0 -0 1
    outer loop
      vertex 10.8018 -12.8258 20.5
      vertex 13.0983 -11.187 20.5
      vertex 4.36344 -3.34819 20.5
    endloop
  endfacet
  facet normal 0 0 1
    outer loop
      vertex 13.0983 -11.187 20.5
      vertex 10.8018 -12.8258 20.5
      vertex 12.1802 -12.1802 20.5
    endloop
  endfacet
  facet normal 0 0 1
    outer loop
      vertex 10.8018 -12.8258 20.5
      vertex 4.36344 -3.34819 20.5
      vertex 4.11867 -3.6273 20.5
    endloop
  endfacet
  facet normal 0.418627 -0.908158 0
    outer loop
      vertex 6.59188 -15.9142 11.5
      vertex 7.82018 -15.348 20.5
      vertex 6.59188 -15.9142 20.5
    endloop
  endfacet
  facet normal 0.418627 -0.908158 0
    outer loop
      vertex 7.82018 -15.348 20.5
      vertex 6.59188 -15.9142 11.5
      vertex 7.82018 -15.348 11.5
    endloop
  endfacet
  facet normal 0.980787 -0.195084 0
    outer loop
      vertex -2.18118 0.287157 31
      vertex -2.12504 0.569402 0
      vertex -2.12504 0.569402 31
    endloop
  endfacet
  facet normal 0.980787 -0.195084 0
    outer loop
      vertex -2.12504 0.569402 0
      vertex -2.18118 0.287157 31
      vertex -2.18118 0.287157 0
    endloop
  endfacet
  facet normal 0.997859 -0.0653988 0
    outer loop
      vertex -2.2 0 31
      vertex -2.18118 0.287157 0
      vertex -2.18118 0.287157 31
    endloop
  endfacet
  facet normal 0.997859 -0.0653988 0
    outer loop
      vertex -2.18118 0.287157 0
      vertex -2.2 0 31
      vertex -2.2 0 0
    endloop
  endfacet
  facet normal 0.946921 -0.321466 0
    outer loop
      vertex -2.12504 0.569402 31
      vertex -2.03253 0.841903 0
      vertex -2.03253 0.841903 31
    endloop
  endfacet
  facet normal 0.946921 -0.321466 0
    outer loop
      vertex -2.03253 0.841903 0
      vertex -2.12504 0.569402 31
      vertex -2.12504 0.569402 0
    endloop
  endfacet
  facet normal -0.997859 -0.0653988 0
    outer loop
      vertex 2.2 0 0
      vertex 2.18118 0.287157 31
      vertex 2.18118 0.287157 0
    endloop
  endfacet
  facet normal -0.997859 -0.0653988 0
    outer loop
      vertex 2.18118 0.287157 31
      vertex 2.2 0 0
      vertex 2.2 0 31
    endloop
  endfacet
  facet normal 0.321466 -0.946921 0
    outer loop
      vertex -0.841903 2.03253 0
      vertex -0.569402 2.12504 31
      vertex -0.841903 2.03253 31
    endloop
  endfacet
  facet normal 0.321466 -0.946921 0
    outer loop
      vertex -0.569402 2.12504 31
      vertex -0.841903 2.03253 0
      vertex -0.569402 2.12504 0
    endloop
  endfacet
  facet normal 0.195084 -0.980787 0
    outer loop
      vertex -0.569402 2.12504 0
      vertex -0.287157 2.18118 31
      vertex -0.569402 2.12504 31
    endloop
  endfacet
  facet normal 0.195084 -0.980787 0
    outer loop
      vertex -0.287157 2.18118 31
      vertex -0.569402 2.12504 0
      vertex -0.287157 2.18118 0
    endloop
  endfacet
  facet normal 0.896886 -0.442263 0
    outer loop
      vertex -2.03253 0.841903 31
      vertex -1.90526 1.1 0
      vertex -1.90526 1.1 31
    endloop
  endfacet
  facet normal 0.896886 -0.442263 0
    outer loop
      vertex -1.90526 1.1 0
      vertex -2.03253 0.841903 31
      vertex -2.03253 0.841903 0
    endloop
  endfacet
  facet normal 0.195084 0.980787 -0
    outer loop
      vertex -0.287157 -2.18118 0
      vertex -0.569402 -2.12504 31
      vertex -0.287157 -2.18118 31
    endloop
  endfacet
  facet normal 0.195084 0.980787 0
    outer loop
      vertex -0.569402 -2.12504 31
      vertex -0.287157 -2.18118 0
      vertex -0.569402 -2.12504 0
    endloop
  endfacet
  facet normal 0.0653988 0.997859 -0
    outer loop
      vertex 0 -2.2 0
      vertex -0.287157 -2.18118 31
      vertex 0 -2.2 31
    endloop
  endfacet
  facet normal 0.0653988 0.997859 0
    outer loop
      vertex -0.287157 -2.18118 31
      vertex 0 -2.2 0
      vertex -0.287157 -2.18118 0
    endloop
  endfacet
  facet normal 0.65936 -0.751827 0
    outer loop
      vertex -1.55563 1.55563 0
      vertex -1.33927 1.74538 31
      vertex -1.55563 1.55563 31
    endloop
  endfacet
  facet normal 0.65936 -0.751827 0
    outer loop
      vertex -1.33927 1.74538 31
      vertex -1.55563 1.55563 0
      vertex -1.33927 1.74538 0
    endloop
  endfacet
  facet normal 0.896886 0.442263 0
    outer loop
      vertex -1.90526 -1.1 31
      vertex -2.03253 -0.841903 0
      vertex -2.03253 -0.841903 31
    endloop
  endfacet
  facet normal 0.896886 0.442263 0
    outer loop
      vertex -2.03253 -0.841903 0
      vertex -1.90526 -1.1 31
      vertex -1.90526 -1.1 0
    endloop
  endfacet
  facet normal -0.896886 -0.442263 0
    outer loop
      vertex 2.03253 0.841903 0
      vertex 1.90526 1.1 31
      vertex 1.90526 1.1 0
    endloop
  endfacet
  facet normal -0.896886 -0.442263 0
    outer loop
      vertex 1.90526 1.1 31
      vertex 2.03253 0.841903 0
      vertex 2.03253 0.841903 31
    endloop
  endfacet
  facet normal 0.65936 0.751827 -0
    outer loop
      vertex -1.33927 -1.74538 0
      vertex -1.55563 -1.55563 31
      vertex -1.33927 -1.74538 31
    endloop
  endfacet
  facet normal 0.65936 0.751827 0
    outer loop
      vertex -1.55563 -1.55563 31
      vertex -1.33927 -1.74538 0
      vertex -1.55563 -1.55563 0
    endloop
  endfacet
  facet normal 0.751827 0.65936 0
    outer loop
      vertex -1.55563 -1.55563 31
      vertex -1.74538 -1.33927 0
      vertex -1.74538 -1.33927 31
    endloop
  endfacet
  facet normal 0.751827 0.65936 0
    outer loop
      vertex -1.74538 -1.33927 0
      vertex -1.55563 -1.55563 31
      vertex -1.55563 -1.55563 0
    endloop
  endfacet
  facet normal 0.321466 0.946921 -0
    outer loop
      vertex -0.569402 -2.12504 0
      vertex -0.841903 -2.03253 31
      vertex -0.569402 -2.12504 31
    endloop
  endfacet
  facet normal 0.321466 0.946921 0
    outer loop
      vertex -0.841903 -2.03253 31
      vertex -0.569402 -2.12504 0
      vertex -0.841903 -2.03253 0
    endloop
  endfacet
  facet normal -0.997859 0.0653988 0
    outer loop
      vertex 2.18118 -0.287157 0
      vertex 2.2 0 31
      vertex 2.2 0 0
    endloop
  endfacet
  facet normal -0.997859 0.0653988 0
    outer loop
      vertex 2.2 0 31
      vertex 2.18118 -0.287157 0
      vertex 2.18118 -0.287157 31
    endloop
  endfacet
  facet normal -0.65936 -0.751827 0
    outer loop
      vertex 1.33927 1.74538 0
      vertex 1.55563 1.55563 31
      vertex 1.33927 1.74538 31
    endloop
  endfacet
  facet normal -0.65936 -0.751827 -0
    outer loop
      vertex 1.55563 1.55563 31
      vertex 1.33927 1.74538 0
      vertex 1.55563 1.55563 0
    endloop
  endfacet
  facet normal -0.321466 -0.946921 0
    outer loop
      vertex 0.569402 2.12504 0
      vertex 0.841903 2.03253 31
      vertex 0.569402 2.12504 31
    endloop
  endfacet
  facet normal -0.321466 -0.946921 -0
    outer loop
      vertex 0.841903 2.03253 31
      vertex 0.569402 2.12504 0
      vertex 0.841903 2.03253 0
    endloop
  endfacet
  facet normal -0.831462 0.555582 0
    outer loop
      vertex 1.74538 -1.33927 0
      vertex 1.90526 -1.1 31
      vertex 1.90526 -1.1 0
    endloop
  endfacet
  facet normal -0.831462 0.555582 0
    outer loop
      vertex 1.90526 -1.1 31
      vertex 1.74538 -1.33927 0
      vertex 1.74538 -1.33927 31
    endloop
  endfacet
  facet normal 0.751827 -0.65936 0
    outer loop
      vertex -1.74538 1.33927 31
      vertex -1.55563 1.55563 0
      vertex -1.55563 1.55563 31
    endloop
  endfacet
  facet normal 0.751827 -0.65936 0
    outer loop
      vertex -1.55563 1.55563 0
      vertex -1.74538 1.33927 31
      vertex -1.74538 1.33927 0
    endloop
  endfacet
  facet normal -0.321466 0.946921 0
    outer loop
      vertex 0.841903 -2.03253 0
      vertex 0.569402 -2.12504 31
      vertex 0.841903 -2.03253 31
    endloop
  endfacet
  facet normal -0.321466 0.946921 0
    outer loop
      vertex 0.569402 -2.12504 31
      vertex 0.841903 -2.03253 0
      vertex 0.569402 -2.12504 0
    endloop
  endfacet
  facet normal 0.442263 0.896886 -0
    outer loop
      vertex -0.841903 -2.03253 0
      vertex -1.1 -1.90526 31
      vertex -0.841903 -2.03253 31
    endloop
  endfacet
  facet normal 0.442263 0.896886 0
    outer loop
      vertex -1.1 -1.90526 31
      vertex -0.841903 -2.03253 0
      vertex -1.1 -1.90526 0
    endloop
  endfacet
  facet normal -0.442263 -0.896886 0
    outer loop
      vertex 0.841903 2.03253 0
      vertex 1.1 1.90526 31
      vertex 0.841903 2.03253 31
    endloop
  endfacet
  facet normal -0.442263 -0.896886 -0
    outer loop
      vertex 1.1 1.90526 31
      vertex 0.841903 2.03253 0
      vertex 1.1 1.90526 0
    endloop
  endfacet
  facet normal 0.980787 0.195084 0
    outer loop
      vertex -2.12504 -0.569402 31
      vertex -2.18118 -0.287157 0
      vertex -2.18118 -0.287157 31
    endloop
  endfacet
  facet normal 0.980787 0.195084 0
    outer loop
      vertex -2.18118 -0.287157 0
      vertex -2.12504 -0.569402 31
      vertex -2.12504 -0.569402 0
    endloop
  endfacet
  facet normal -0.946921 0.321466 0
    outer loop
      vertex 2.03253 -0.841903 0
      vertex 2.12504 -0.569402 31
      vertex 2.12504 -0.569402 0
    endloop
  endfacet
  facet normal -0.946921 0.321466 0
    outer loop
      vertex 2.12504 -0.569402 31
      vertex 2.03253 -0.841903 0
      vertex 2.03253 -0.841903 31
    endloop
  endfacet
  facet normal 0.946921 0.321466 0
    outer loop
      vertex -2.03253 -0.841903 31
      vertex -2.12504 -0.569402 0
      vertex -2.12504 -0.569402 31
    endloop
  endfacet
  facet normal 0.946921 0.321466 0
    outer loop
      vertex -2.12504 -0.569402 0
      vertex -2.03253 -0.841903 31
      vertex -2.03253 -0.841903 0
    endloop
  endfacet
  facet normal 0.555582 -0.831462 0
    outer loop
      vertex -1.33927 1.74538 0
      vertex -1.1 1.90526 31
      vertex -1.33927 1.74538 31
    endloop
  endfacet
  facet normal 0.555582 -0.831462 0
    outer loop
      vertex -1.1 1.90526 31
      vertex -1.33927 1.74538 0
      vertex -1.1 1.90526 0
    endloop
  endfacet
  facet normal 0.442263 -0.896886 0
    outer loop
      vertex -1.1 1.90526 0
      vertex -0.841903 2.03253 31
      vertex -1.1 1.90526 31
    endloop
  endfacet
  facet normal 0.442263 -0.896886 0
    outer loop
      vertex -0.841903 2.03253 31
      vertex -1.1 1.90526 0
      vertex -0.841903 2.03253 0
    endloop
  endfacet
  facet normal -0.195084 -0.980787 0
    outer loop
      vertex 0.287157 2.18118 0
      vertex 0.569402 2.12504 31
      vertex 0.287157 2.18118 31
    endloop
  endfacet
  facet normal -0.195084 -0.980787 -0
    outer loop
      vertex 0.569402 2.12504 31
      vertex 0.287157 2.18118 0
      vertex 0.569402 2.12504 0
    endloop
  endfacet
  facet normal -0.442263 0.896886 0
    outer loop
      vertex 1.1 -1.90526 0
      vertex 0.841903 -2.03253 31
      vertex 1.1 -1.90526 31
    endloop
  endfacet
  facet normal -0.442263 0.896886 0
    outer loop
      vertex 0.841903 -2.03253 31
      vertex 1.1 -1.90526 0
      vertex 0.841903 -2.03253 0
    endloop
  endfacet
  facet normal -0.0653988 -0.997859 0
    outer loop
      vertex 0 2.2 0
      vertex 0.287157 2.18118 31
      vertex 0 2.2 31
    endloop
  endfacet
  facet normal -0.0653988 -0.997859 -0
    outer loop
      vertex 0.287157 2.18118 31
      vertex 0 2.2 0
      vertex 0.287157 2.18118 0
    endloop
  endfacet
  facet normal -0.751827 -0.65936 0
    outer loop
      vertex 1.74538 1.33927 0
      vertex 1.55563 1.55563 31
      vertex 1.55563 1.55563 0
    endloop
  endfacet
  facet normal -0.751827 -0.65936 0
    outer loop
      vertex 1.55563 1.55563 31
      vertex 1.74538 1.33927 0
      vertex 1.74538 1.33927 31
    endloop
  endfacet
  facet normal 0.997859 0.0653988 0
    outer loop
      vertex -2.18118 -0.287157 31
      vertex -2.2 0 0
      vertex -2.2 0 31
    endloop
  endfacet
  facet normal 0.997859 0.0653988 0
    outer loop
      vertex -2.2 0 0
      vertex -2.18118 -0.287157 31
      vertex -2.18118 -0.287157 0
    endloop
  endfacet
  facet normal -0.946921 -0.321466 0
    outer loop
      vertex 2.12504 0.569402 0
      vertex 2.03253 0.841903 31
      vertex 2.03253 0.841903 0
    endloop
  endfacet
  facet normal -0.946921 -0.321466 0
    outer loop
      vertex 2.03253 0.841903 31
      vertex 2.12504 0.569402 0
      vertex 2.12504 0.569402 31
    endloop
  endfacet
  facet normal -0.65936 0.751827 0
    outer loop
      vertex 1.55563 -1.55563 0
      vertex 1.33927 -1.74538 31
      vertex 1.55563 -1.55563 31
    endloop
  endfacet
  facet normal -0.65936 0.751827 0
    outer loop
      vertex 1.33927 -1.74538 31
      vertex 1.55563 -1.55563 0
      vertex 1.33927 -1.74538 0
    endloop
  endfacet
  facet normal 0.0653988 -0.997859 0
    outer loop
      vertex -0.287157 2.18118 0
      vertex 0 2.2 31
      vertex -0.287157 2.18118 31
    endloop
  endfacet
  facet normal 0.0653988 -0.997859 0
    outer loop
      vertex 0 2.2 31
      vertex -0.287157 2.18118 0
      vertex 0 2.2 0
    endloop
  endfacet
  facet normal 0.831462 -0.555582 0
    outer loop
      vertex -1.90526 1.1 31
      vertex -1.74538 1.33927 0
      vertex -1.74538 1.33927 31
    endloop
  endfacet
  facet normal 0.831462 -0.555582 0
    outer loop
      vertex -1.74538 1.33927 0
      vertex -1.90526 1.1 31
      vertex -1.90526 1.1 0
    endloop
  endfacet
  facet normal -0.896886 0.442263 0
    outer loop
      vertex 1.90526 -1.1 0
      vertex 2.03253 -0.841903 31
      vertex 2.03253 -0.841903 0
    endloop
  endfacet
  facet normal -0.896886 0.442263 0
    outer loop
      vertex 2.03253 -0.841903 31
      vertex 1.90526 -1.1 0
      vertex 1.90526 -1.1 31
    endloop
  endfacet
  facet normal 0.831462 0.555582 0
    outer loop
      vertex -1.74538 -1.33927 31
      vertex -1.90526 -1.1 0
      vertex -1.90526 -1.1 31
    endloop
  endfacet
  facet normal 0.831462 0.555582 0
    outer loop
      vertex -1.90526 -1.1 0
      vertex -1.74538 -1.33927 31
      vertex -1.74538 -1.33927 0
    endloop
  endfacet
  facet normal -0.0653988 0.997859 0
    outer loop
      vertex 0.287157 -2.18118 0
      vertex 0 -2.2 31
      vertex 0.287157 -2.18118 31
    endloop
  endfacet
  facet normal -0.0653988 0.997859 0
    outer loop
      vertex 0 -2.2 31
      vertex 0.287157 -2.18118 0
      vertex 0 -2.2 0
    endloop
  endfacet
  facet normal -0.980787 -0.195084 0
    outer loop
      vertex 2.18118 0.287157 0
      vertex 2.12504 0.569402 31
      vertex 2.12504 0.569402 0
    endloop
  endfacet
  facet normal -0.980787 -0.195084 0
    outer loop
      vertex 2.12504 0.569402 31
      vertex 2.18118 0.287157 0
      vertex 2.18118 0.287157 31
    endloop
  endfacet
  facet normal -0.555582 0.831462 0
    outer loop
      vertex 1.33927 -1.74538 0
      vertex 1.1 -1.90526 31
      vertex 1.33927 -1.74538 31
    endloop
  endfacet
  facet normal -0.555582 0.831462 0
    outer loop
      vertex 1.1 -1.90526 31
      vertex 1.33927 -1.74538 0
      vertex 1.1 -1.90526 0
    endloop
  endfacet
  facet normal -0.555582 -0.831462 0
    outer loop
      vertex 1.1 1.90526 0
      vertex 1.33927 1.74538 31
      vertex 1.1 1.90526 31
    endloop
  endfacet
  facet normal -0.555582 -0.831462 -0
    outer loop
      vertex 1.33927 1.74538 31
      vertex 1.1 1.90526 0
      vertex 1.33927 1.74538 0
    endloop
  endfacet
  facet normal -0.195084 0.980787 0
    outer loop
      vertex 0.569402 -2.12504 0
      vertex 0.287157 -2.18118 31
      vertex 0.569402 -2.12504 31
    endloop
  endfacet
  facet normal -0.195084 0.980787 0
    outer loop
      vertex 0.287157 -2.18118 31
      vertex 0.569402 -2.12504 0
      vertex 0.287157 -2.18118 0
    endloop
  endfacet
  facet normal -0.980787 0.195084 0
    outer loop
      vertex 2.12504 -0.569402 0
      vertex 2.18118 -0.287157 31
      vertex 2.18118 -0.287157 0
    endloop
  endfacet
  facet normal -0.980787 0.195084 0
    outer loop
      vertex 2.18118 -0.287157 31
      vertex 2.12504 -0.569402 0
      vertex 2.12504 -0.569402 31
    endloop
  endfacet
  facet normal -0.751827 0.65936 0
    outer loop
      vertex 1.55563 -1.55563 0
      vertex 1.74538 -1.33927 31
      vertex 1.74538 -1.33927 0
    endloop
  endfacet
  facet normal -0.751827 0.65936 0
    outer loop
      vertex 1.74538 -1.33927 31
      vertex 1.55563 -1.55563 0
      vertex 1.55563 -1.55563 31
    endloop
  endfacet
  facet normal 0.555582 0.831462 -0
    outer loop
      vertex -1.1 -1.90526 0
      vertex -1.33927 -1.74538 31
      vertex -1.1 -1.90526 31
    endloop
  endfacet
  facet normal 0.555582 0.831462 0
    outer loop
      vertex -1.33927 -1.74538 31
      vertex -1.1 -1.90526 0
      vertex -1.33927 -1.74538 0
    endloop
  endfacet
  facet normal -0.831462 -0.555582 0
    outer loop
      vertex 1.90526 1.1 0
      vertex 1.74538 1.33927 31
      vertex 1.74538 1.33927 0
    endloop
  endfacet
  facet normal -0.831462 -0.555582 0
    outer loop
      vertex 1.74538 1.33927 31
      vertex 1.90526 1.1 0
      vertex 1.90526 1.1 31
    endloop
  endfacet
endsolid OpenSCAD_Model
