solid OpenSCAD_Model
  facet normal -0.995187 0.0979931 0
    outer loop
      vertex -23.9486 1.56967 4
      vertex -23.7947 3.13263 11
      vertex -23.7947 3.13263 4
    endloop
  endfacet
  facet normal -0.995187 0.0979931 0
    outer loop
      vertex -23.7947 3.13263 11
      vertex -23.9486 1.56967 4
      vertex -23.9486 1.56967 11
    endloop
  endfacet
  facet normal -0.999464 0.0327282 0
    outer loop
      vertex -24 0 4
      vertex -23.9486 1.56967 11
      vertex -23.9486 1.56967 4
    endloop
  endfacet
  facet normal -0.999464 0.0327282 0
    outer loop
      vertex -23.9486 1.56967 11
      vertex -24 0 4
      vertex -24 0 11
    endloop
  endfacet
  facet normal -0.986636 0.162939 0
    outer loop
      vertex -23.7947 3.13263 4
      vertex -23.5388 4.68217 11
      vertex -23.5388 4.68217 4
    endloop
  endfacet
  facet normal -0.986636 0.162939 0
    outer loop
      vertex -23.5388 4.68217 11
      vertex -23.7947 3.13263 4
      vertex -23.7947 3.13263 11
    endloop
  endfacet
  facet normal 0.528046 -0.849216 0
    outer loop
      vertex 12 -20.7846 4
      vertex 13.3337 -19.9553 11
      vertex 12 -20.7846 11
    endloop
  endfacet
  facet normal 0.528046 -0.849216 0
    outer loop
      vertex 13.3337 -19.9553 11
      vertex 12 -20.7846 4
      vertex 13.3337 -19.9553 4
    endloop
  endfacet
  facet normal -0.849216 0.528046 0
    outer loop
      vertex -20.7846 12 4
      vertex -19.9553 13.3337 11
      vertex -19.9553 13.3337 4
    endloop
  endfacet
  facet normal -0.849216 0.528046 0
    outer loop
      vertex -19.9553 13.3337 11
      vertex -20.7846 12 4
      vertex -20.7846 12 11
    endloop
  endfacet
  facet normal -0.162939 -0.986636 0
    outer loop
      vertex -4.68217 -23.5388 4
      vertex -3.13263 -23.7947 11
      vertex -4.68217 -23.5388 11
    endloop
  endfacet
  facet normal -0.162939 -0.986636 -0
    outer loop
      vertex -3.13263 -23.7947 11
      vertex -4.68217 -23.5388 4
      vertex -3.13263 -23.7947 4
    endloop
  endfacet
  facet normal -0.0327282 -0.999464 0
    outer loop
      vertex -1.56967 -23.9486 4
      vertex 0 -24 11
      vertex -1.56967 -23.9486 11
    endloop
  endfacet
  facet normal -0.0327282 -0.999464 -0
    outer loop
      vertex 0 -24 11
      vertex -1.56967 -23.9486 4
      vertex 0 -24 4
    endloop
  endfacet
  facet normal 0.290287 0.95694 -0
    outer loop
      vertex 7.71455 22.7263 4
      vertex 6.21166 23.1822 11
      vertex 7.71455 22.7263 11
    endloop
  endfacet
  facet normal 0.290287 0.95694 0
    outer loop
      vertex 6.21166 23.1822 11
      vertex 7.71455 22.7263 4
      vertex 6.21166 23.1822 4
    endloop
  endfacet
  facet normal 0.634392 -0.773012 0
    outer loop
      vertex 14.6103 -19.0405 4
      vertex 15.8243 -18.0442 11
      vertex 14.6103 -19.0405 11
    endloop
  endfacet
  facet normal 0.634392 -0.773012 0
    outer loop
      vertex 15.8243 -18.0442 11
      vertex 14.6103 -19.0405 4
      vertex 15.8243 -18.0442 4
    endloop
  endfacet
  facet normal -0.352243 0.935909 0
    outer loop
      vertex -7.71455 22.7263 4
      vertex -9.1844 22.1731 11
      vertex -7.71455 22.7263 11
    endloop
  endfacet
  facet normal -0.352243 0.935909 0
    outer loop
      vertex -9.1844 22.1731 11
      vertex -7.71455 22.7263 4
      vertex -9.1844 22.1731 4
    endloop
  endfacet
  facet normal 0.22706 0.973881 -0
    outer loop
      vertex 6.21166 23.1822 4
      vertex 4.68217 23.5388 11
      vertex 6.21166 23.1822 11
    endloop
  endfacet
  facet normal 0.22706 0.973881 0
    outer loop
      vertex 4.68217 23.5388 11
      vertex 6.21166 23.1822 4
      vertex 4.68217 23.5388 4
    endloop
  endfacet
  facet normal -0.935909 -0.352243 0
    outer loop
      vertex -22.1731 -9.1844 4
      vertex -22.7263 -7.71455 11
      vertex -22.7263 -7.71455 4
    endloop
  endfacet
  facet normal -0.935909 -0.352243 0
    outer loop
      vertex -22.7263 -7.71455 11
      vertex -22.1731 -9.1844 4
      vertex -22.1731 -9.1844 11
    endloop
  endfacet
  facet normal -0.471371 0.881935 0
    outer loop
      vertex -10.6149 21.5249 4
      vertex -12 20.7846 11
      vertex -10.6149 21.5249 11
    endloop
  endfacet
  facet normal -0.471371 0.881935 0
    outer loop
      vertex -12 20.7846 11
      vertex -10.6149 21.5249 4
      vertex -12 20.7846 4
    endloop
  endfacet
  facet normal 0.986636 0.162939 0
    outer loop
      vertex 23.7947 3.13263 11
      vertex 23.5388 4.68217 4
      vertex 23.5388 4.68217 11
    endloop
  endfacet
  facet normal 0.986636 0.162939 0
    outer loop
      vertex 23.5388 4.68217 4
      vertex 23.7947 3.13263 11
      vertex 23.7947 3.13263 4
    endloop
  endfacet
  facet normal -0.729873 -0.683583 0
    outer loop
      vertex -16.9706 -16.9706 4
      vertex -18.0442 -15.8243 11
      vertex -18.0442 -15.8243 4
    endloop
  endfacet
  facet normal -0.729873 -0.683583 0
    outer loop
      vertex -18.0442 -15.8243 11
      vertex -16.9706 -16.9706 4
      vertex -16.9706 -16.9706 11
    endloop
  endfacet
  facet normal -0.0327282 0.999464 0
    outer loop
      vertex 0 24 4
      vertex -1.56967 23.9486 11
      vertex 0 24 11
    endloop
  endfacet
  facet normal -0.0327282 0.999464 0
    outer loop
      vertex -1.56967 23.9486 11
      vertex 0 24 4
      vertex -1.56967 23.9486 4
    endloop
  endfacet
  facet normal 0.999464 -0.0327282 0
    outer loop
      vertex 23.9486 -1.56967 11
      vertex 24 0 4
      vertex 24 0 11
    endloop
  endfacet
  facet normal 0.999464 -0.0327282 0
    outer loop
      vertex 24 0 4
      vertex 23.9486 -1.56967 11
      vertex 23.9486 -1.56967 4
    endloop
  endfacet
  facet normal -0.683583 0.729873 0
    outer loop
      vertex -15.8243 18.0442 4
      vertex -16.9706 16.9706 11
      vertex -15.8243 18.0442 11
    endloop
  endfacet
  facet normal -0.683583 0.729873 0
    outer loop
      vertex -16.9706 16.9706 11
      vertex -15.8243 18.0442 4
      vertex -16.9706 16.9706 4
    endloop
  endfacet
  facet normal -0.999464 -0.0327282 0
    outer loop
      vertex -23.9486 -1.56967 4
      vertex -24 0 11
      vertex -24 0 4
    endloop
  endfacet
  facet normal -0.999464 -0.0327282 0
    outer loop
      vertex -24 0 11
      vertex -23.9486 -1.56967 4
      vertex -23.9486 -1.56967 11
    endloop
  endfacet
  facet normal -0.528046 0.849216 0
    outer loop
      vertex -12 20.7846 4
      vertex -13.3337 19.9553 11
      vertex -12 20.7846 11
    endloop
  endfacet
  facet normal -0.528046 0.849216 0
    outer loop
      vertex -13.3337 19.9553 11
      vertex -12 20.7846 4
      vertex -13.3337 19.9553 4
    endloop
  endfacet
  facet normal -0.773012 -0.634392 0
    outer loop
      vertex -18.0442 -15.8243 4
      vertex -19.0405 -14.6103 11
      vertex -19.0405 -14.6103 4
    endloop
  endfacet
  facet normal -0.773012 -0.634392 0
    outer loop
      vertex -19.0405 -14.6103 11
      vertex -18.0442 -15.8243 4
      vertex -18.0442 -15.8243 11
    endloop
  endfacet
  facet normal 0.95694 -0.290287 0
    outer loop
      vertex 22.7263 -7.71455 11
      vertex 23.1822 -6.21166 4
      vertex 23.1822 -6.21166 11
    endloop
  endfacet
  facet normal 0.95694 -0.290287 0
    outer loop
      vertex 23.1822 -6.21166 4
      vertex 22.7263 -7.71455 11
      vertex 22.7263 -7.71455 4
    endloop
  endfacet
  facet normal 0.352243 -0.935909 0
    outer loop
      vertex 7.71455 -22.7263 4
      vertex 9.1844 -22.1731 11
      vertex 7.71455 -22.7263 11
    endloop
  endfacet
  facet normal 0.352243 -0.935909 0
    outer loop
      vertex 9.1844 -22.1731 11
      vertex 7.71455 -22.7263 4
      vertex 9.1844 -22.1731 4
    endloop
  endfacet
  facet normal 0.849216 0.528046 0
    outer loop
      vertex 20.7846 12 11
      vertex 19.9553 13.3337 4
      vertex 19.9553 13.3337 11
    endloop
  endfacet
  facet normal 0.849216 0.528046 0
    outer loop
      vertex 19.9553 13.3337 4
      vertex 20.7846 12 11
      vertex 20.7846 12 4
    endloop
  endfacet
  facet normal -0.973881 0.22706 0
    outer loop
      vertex -23.5388 4.68217 4
      vertex -23.1822 6.21166 11
      vertex -23.1822 6.21166 4
    endloop
  endfacet
  facet normal -0.973881 0.22706 0
    outer loop
      vertex -23.1822 6.21166 11
      vertex -23.5388 4.68217 4
      vertex -23.5388 4.68217 11
    endloop
  endfacet
  facet normal 0.910852 -0.412733 0
    outer loop
      vertex 21.5249 -10.6149 11
      vertex 22.1731 -9.1844 4
      vertex 22.1731 -9.1844 11
    endloop
  endfacet
  facet normal 0.910852 -0.412733 0
    outer loop
      vertex 22.1731 -9.1844 4
      vertex 21.5249 -10.6149 11
      vertex 21.5249 -10.6149 4
    endloop
  endfacet
  facet normal -0.910852 0.412733 0
    outer loop
      vertex -22.1731 9.1844 4
      vertex -21.5249 10.6149 11
      vertex -21.5249 10.6149 4
    endloop
  endfacet
  facet normal -0.910852 0.412733 0
    outer loop
      vertex -21.5249 10.6149 11
      vertex -22.1731 9.1844 4
      vertex -22.1731 9.1844 11
    endloop
  endfacet
  facet normal -0.95694 0.290287 0
    outer loop
      vertex -23.1822 6.21166 4
      vertex -22.7263 7.71455 11
      vertex -22.7263 7.71455 4
    endloop
  endfacet
  facet normal -0.95694 0.290287 0
    outer loop
      vertex -22.7263 7.71455 11
      vertex -23.1822 6.21166 4
      vertex -23.1822 6.21166 11
    endloop
  endfacet
  facet normal 0.973881 -0.22706 0
    outer loop
      vertex 23.1822 -6.21166 11
      vertex 23.5388 -4.68217 4
      vertex 23.5388 -4.68217 11
    endloop
  endfacet
  facet normal 0.973881 -0.22706 0
    outer loop
      vertex 23.5388 -4.68217 4
      vertex 23.1822 -6.21166 11
      vertex 23.1822 -6.21166 4
    endloop
  endfacet
  facet normal -0.683583 -0.729873 0
    outer loop
      vertex -16.9706 -16.9706 4
      vertex -15.8243 -18.0442 11
      vertex -16.9706 -16.9706 11
    endloop
  endfacet
  facet normal -0.683583 -0.729873 -0
    outer loop
      vertex -15.8243 -18.0442 11
      vertex -16.9706 -16.9706 4
      vertex -15.8243 -18.0442 4
    endloop
  endfacet
  facet normal -0.634392 0.773012 0
    outer loop
      vertex -14.6103 19.0405 4
      vertex -15.8243 18.0442 11
      vertex -14.6103 19.0405 11
    endloop
  endfacet
  facet normal -0.634392 0.773012 0
    outer loop
      vertex -15.8243 18.0442 11
      vertex -14.6103 19.0405 4
      vertex -15.8243 18.0442 4
    endloop
  endfacet
  facet normal 0.412733 -0.910852 0
    outer loop
      vertex 9.1844 -22.1731 4
      vertex 10.6149 -21.5249 11
      vertex 9.1844 -22.1731 11
    endloop
  endfacet
  facet normal 0.412733 -0.910852 0
    outer loop
      vertex 10.6149 -21.5249 11
      vertex 9.1844 -22.1731 4
      vertex 10.6149 -21.5249 4
    endloop
  endfacet
  facet normal 0.995187 0.0979931 0
    outer loop
      vertex 23.9486 1.56967 11
      vertex 23.7947 3.13263 4
      vertex 23.7947 3.13263 11
    endloop
  endfacet
  facet normal 0.995187 0.0979931 0
    outer loop
      vertex 23.7947 3.13263 4
      vertex 23.9486 1.56967 11
      vertex 23.9486 1.56967 4
    endloop
  endfacet
  facet normal 0.582478 0.812846 -0
    outer loop
      vertex 14.6103 19.0405 4
      vertex 13.3337 19.9553 11
      vertex 14.6103 19.0405 11
    endloop
  endfacet
  facet normal 0.582478 0.812846 0
    outer loop
      vertex 13.3337 19.9553 11
      vertex 14.6103 19.0405 4
      vertex 13.3337 19.9553 4
    endloop
  endfacet
  facet normal -0.0979931 -0.995187 0
    outer loop
      vertex -3.13263 -23.7947 4
      vertex -1.56967 -23.9486 11
      vertex -3.13263 -23.7947 11
    endloop
  endfacet
  facet normal -0.0979931 -0.995187 -0
    outer loop
      vertex -1.56967 -23.9486 11
      vertex -3.13263 -23.7947 4
      vertex -1.56967 -23.9486 4
    endloop
  endfacet
  facet normal 0.812846 0.582478 0
    outer loop
      vertex 19.9553 13.3337 11
      vertex 19.0405 14.6103 4
      vertex 19.0405 14.6103 11
    endloop
  endfacet
  facet normal 0.812846 0.582478 0
    outer loop
      vertex 19.0405 14.6103 4
      vertex 19.9553 13.3337 11
      vertex 19.9553 13.3337 4
    endloop
  endfacet
  facet normal -0.95694 -0.290287 0
    outer loop
      vertex -22.7263 -7.71455 4
      vertex -23.1822 -6.21166 11
      vertex -23.1822 -6.21166 4
    endloop
  endfacet
  facet normal -0.95694 -0.290287 0
    outer loop
      vertex -23.1822 -6.21166 11
      vertex -22.7263 -7.71455 4
      vertex -22.7263 -7.71455 11
    endloop
  endfacet
  facet normal 0.95694 0.290287 0
    outer loop
      vertex 23.1822 6.21166 11
      vertex 22.7263 7.71455 4
      vertex 22.7263 7.71455 11
    endloop
  endfacet
  facet normal 0.95694 0.290287 0
    outer loop
      vertex 22.7263 7.71455 4
      vertex 23.1822 6.21166 11
      vertex 23.1822 6.21166 4
    endloop
  endfacet
  facet normal -0.812846 0.582478 0
    outer loop
      vertex -19.9553 13.3337 4
      vertex -19.0405 14.6103 11
      vertex -19.0405 14.6103 4
    endloop
  endfacet
  facet normal -0.812846 0.582478 0
    outer loop
      vertex -19.0405 14.6103 11
      vertex -19.9553 13.3337 4
      vertex -19.9553 13.3337 11
    endloop
  endfacet
  facet normal 0.683583 -0.729873 0
    outer loop
      vertex 15.8243 -18.0442 4
      vertex 16.9706 -16.9706 11
      vertex 15.8243 -18.0442 11
    endloop
  endfacet
  facet normal 0.683583 -0.729873 0
    outer loop
      vertex 16.9706 -16.9706 11
      vertex 15.8243 -18.0442 4
      vertex 16.9706 -16.9706 4
    endloop
  endfacet
  facet normal -0.881935 0.471371 0
    outer loop
      vertex -21.5249 10.6149 4
      vertex -20.7846 12 11
      vertex -20.7846 12 4
    endloop
  endfacet
  facet normal -0.881935 0.471371 0
    outer loop
      vertex -20.7846 12 11
      vertex -21.5249 10.6149 4
      vertex -21.5249 10.6149 11
    endloop
  endfacet
  facet normal 0.881935 -0.471371 0
    outer loop
      vertex 20.7846 -12 11
      vertex 21.5249 -10.6149 4
      vertex 21.5249 -10.6149 11
    endloop
  endfacet
  facet normal 0.881935 -0.471371 0
    outer loop
      vertex 21.5249 -10.6149 4
      vertex 20.7846 -12 11
      vertex 20.7846 -12 4
    endloop
  endfacet
  facet normal -0.290287 0.95694 0
    outer loop
      vertex -6.21166 23.1822 4
      vertex -7.71455 22.7263 11
      vertex -6.21166 23.1822 11
    endloop
  endfacet
  facet normal -0.290287 0.95694 0
    outer loop
      vertex -7.71455 22.7263 11
      vertex -6.21166 23.1822 4
      vertex -7.71455 22.7263 4
    endloop
  endfacet
  facet normal 0.471371 -0.881935 0
    outer loop
      vertex 10.6149 -21.5249 4
      vertex 12 -20.7846 11
      vertex 10.6149 -21.5249 11
    endloop
  endfacet
  facet normal 0.471371 -0.881935 0
    outer loop
      vertex 12 -20.7846 11
      vertex 10.6149 -21.5249 4
      vertex 12 -20.7846 4
    endloop
  endfacet
  facet normal -0.973881 -0.22706 0
    outer loop
      vertex -23.1822 -6.21166 4
      vertex -23.5388 -4.68217 11
      vertex -23.5388 -4.68217 4
    endloop
  endfacet
  facet normal -0.973881 -0.22706 0
    outer loop
      vertex -23.5388 -4.68217 11
      vertex -23.1822 -6.21166 4
      vertex -23.1822 -6.21166 11
    endloop
  endfacet
  facet normal 0.352243 0.935909 -0
    outer loop
      vertex 9.1844 22.1731 4
      vertex 7.71455 22.7263 11
      vertex 9.1844 22.1731 11
    endloop
  endfacet
  facet normal 0.352243 0.935909 0
    outer loop
      vertex 7.71455 22.7263 11
      vertex 9.1844 22.1731 4
      vertex 7.71455 22.7263 4
    endloop
  endfacet
  facet normal -0.995187 -0.0979931 0
    outer loop
      vertex -23.7947 -3.13263 4
      vertex -23.9486 -1.56967 11
      vertex -23.9486 -1.56967 4
    endloop
  endfacet
  facet normal -0.995187 -0.0979931 0
    outer loop
      vertex -23.9486 -1.56967 11
      vertex -23.7947 -3.13263 4
      vertex -23.7947 -3.13263 11
    endloop
  endfacet
  facet normal -0.352243 -0.935909 0
    outer loop
      vertex -9.1844 -22.1731 4
      vertex -7.71455 -22.7263 11
      vertex -9.1844 -22.1731 11
    endloop
  endfacet
  facet normal -0.352243 -0.935909 -0
    outer loop
      vertex -7.71455 -22.7263 11
      vertex -9.1844 -22.1731 4
      vertex -7.71455 -22.7263 4
    endloop
  endfacet
  facet normal -0.471371 -0.881935 0
    outer loop
      vertex -12 -20.7846 4
      vertex -10.6149 -21.5249 11
      vertex -12 -20.7846 11
    endloop
  endfacet
  facet normal -0.471371 -0.881935 -0
    outer loop
      vertex -10.6149 -21.5249 11
      vertex -12 -20.7846 4
      vertex -10.6149 -21.5249 4
    endloop
  endfacet
  facet normal -0.290287 -0.95694 0
    outer loop
      vertex -7.71455 -22.7263 4
      vertex -6.21166 -23.1822 11
      vertex -7.71455 -22.7263 11
    endloop
  endfacet
  facet normal -0.290287 -0.95694 -0
    outer loop
      vertex -6.21166 -23.1822 11
      vertex -7.71455 -22.7263 4
      vertex -6.21166 -23.1822 4
    endloop
  endfacet
  facet normal 0.683583 0.729873 -0
    outer loop
      vertex 16.9706 16.9706 4
      vertex 15.8243 18.0442 11
      vertex 16.9706 16.9706 11
    endloop
  endfacet
  facet normal 0.683583 0.729873 0
    outer loop
      vertex 15.8243 18.0442 11
      vertex 16.9706 16.9706 4
      vertex 15.8243 18.0442 4
    endloop
  endfacet
  facet normal 0.881935 0.471371 0
    outer loop
      vertex 21.5249 10.6149 11
      vertex 20.7846 12 4
      vertex 20.7846 12 11
    endloop
  endfacet
  facet normal 0.881935 0.471371 0
    outer loop
      vertex 20.7846 12 4
      vertex 21.5249 10.6149 11
      vertex 21.5249 10.6149 4
    endloop
  endfacet
  facet normal -0.582478 0.812846 0
    outer loop
      vertex -13.3337 19.9553 4
      vertex -14.6103 19.0405 11
      vertex -13.3337 19.9553 11
    endloop
  endfacet
  facet normal -0.582478 0.812846 0
    outer loop
      vertex -14.6103 19.0405 11
      vertex -13.3337 19.9553 4
      vertex -14.6103 19.0405 4
    endloop
  endfacet
  facet normal 0.0327282 0.999464 -0
    outer loop
      vertex 1.56967 23.9486 4
      vertex 0 24 11
      vertex 1.56967 23.9486 11
    endloop
  endfacet
  facet normal 0.0327282 0.999464 0
    outer loop
      vertex 0 24 11
      vertex 1.56967 23.9486 4
      vertex 0 24 4
    endloop
  endfacet
  facet normal -0.986636 -0.162939 0
    outer loop
      vertex -23.5388 -4.68217 4
      vertex -23.7947 -3.13263 11
      vertex -23.7947 -3.13263 4
    endloop
  endfacet
  facet normal -0.986636 -0.162939 0
    outer loop
      vertex -23.7947 -3.13263 11
      vertex -23.5388 -4.68217 4
      vertex -23.5388 -4.68217 11
    endloop
  endfacet
  facet normal -0.22706 -0.973881 0
    outer loop
      vertex -6.21166 -23.1822 4
      vertex -4.68217 -23.5388 11
      vertex -6.21166 -23.1822 11
    endloop
  endfacet
  facet normal -0.22706 -0.973881 -0
    outer loop
      vertex -4.68217 -23.5388 11
      vertex -6.21166 -23.1822 4
      vertex -4.68217 -23.5388 4
    endloop
  endfacet
  facet normal 0.729873 0.683583 0
    outer loop
      vertex 18.0442 15.8243 11
      vertex 16.9706 16.9706 4
      vertex 16.9706 16.9706 11
    endloop
  endfacet
  facet normal 0.729873 0.683583 0
    outer loop
      vertex 16.9706 16.9706 4
      vertex 18.0442 15.8243 11
      vertex 18.0442 15.8243 4
    endloop
  endfacet
  facet normal -0.582478 -0.812846 0
    outer loop
      vertex -14.6103 -19.0405 4
      vertex -13.3337 -19.9553 11
      vertex -14.6103 -19.0405 11
    endloop
  endfacet
  facet normal -0.582478 -0.812846 -0
    outer loop
      vertex -13.3337 -19.9553 11
      vertex -14.6103 -19.0405 4
      vertex -13.3337 -19.9553 4
    endloop
  endfacet
  facet normal 0.729873 -0.683583 0
    outer loop
      vertex 16.9706 -16.9706 11
      vertex 18.0442 -15.8243 4
      vertex 18.0442 -15.8243 11
    endloop
  endfacet
  facet normal 0.729873 -0.683583 0
    outer loop
      vertex 18.0442 -15.8243 4
      vertex 16.9706 -16.9706 11
      vertex 16.9706 -16.9706 4
    endloop
  endfacet
  facet normal 0.812846 -0.582478 0
    outer loop
      vertex 19.0405 -14.6103 11
      vertex 19.9553 -13.3337 4
      vertex 19.9553 -13.3337 11
    endloop
  endfacet
  facet normal 0.812846 -0.582478 0
    outer loop
      vertex 19.9553 -13.3337 4
      vertex 19.0405 -14.6103 11
      vertex 19.0405 -14.6103 4
    endloop
  endfacet
  facet normal 0.22706 -0.973881 0
    outer loop
      vertex 4.68217 -23.5388 4
      vertex 6.21166 -23.1822 11
      vertex 4.68217 -23.5388 11
    endloop
  endfacet
  facet normal 0.22706 -0.973881 0
    outer loop
      vertex 6.21166 -23.1822 11
      vertex 4.68217 -23.5388 4
      vertex 6.21166 -23.1822 4
    endloop
  endfacet
  facet normal -0.935909 0.352243 0
    outer loop
      vertex -22.7263 7.71455 4
      vertex -22.1731 9.1844 11
      vertex -22.1731 9.1844 4
    endloop
  endfacet
  facet normal -0.935909 0.352243 0
    outer loop
      vertex -22.1731 9.1844 11
      vertex -22.7263 7.71455 4
      vertex -22.7263 7.71455 11
    endloop
  endfacet
  facet normal -0.881935 -0.471371 0
    outer loop
      vertex -20.7846 -12 4
      vertex -21.5249 -10.6149 11
      vertex -21.5249 -10.6149 4
    endloop
  endfacet
  facet normal -0.881935 -0.471371 0
    outer loop
      vertex -21.5249 -10.6149 11
      vertex -20.7846 -12 4
      vertex -20.7846 -12 11
    endloop
  endfacet
  facet normal 0.0327282 -0.999464 0
    outer loop
      vertex 0 -24 4
      vertex 1.56967 -23.9486 11
      vertex 0 -24 11
    endloop
  endfacet
  facet normal 0.0327282 -0.999464 0
    outer loop
      vertex 1.56967 -23.9486 11
      vertex 0 -24 4
      vertex 1.56967 -23.9486 4
    endloop
  endfacet
  facet normal 0.162939 0.986636 -0
    outer loop
      vertex 4.68217 23.5388 4
      vertex 3.13263 23.7947 11
      vertex 4.68217 23.5388 11
    endloop
  endfacet
  facet normal 0.162939 0.986636 0
    outer loop
      vertex 3.13263 23.7947 11
      vertex 4.68217 23.5388 4
      vertex 3.13263 23.7947 4
    endloop
  endfacet
  facet normal 0.849216 -0.528046 0
    outer loop
      vertex 19.9553 -13.3337 11
      vertex 20.7846 -12 4
      vertex 20.7846 -12 11
    endloop
  endfacet
  facet normal 0.849216 -0.528046 0
    outer loop
      vertex 20.7846 -12 4
      vertex 19.9553 -13.3337 11
      vertex 19.9553 -13.3337 4
    endloop
  endfacet
  facet normal 0.412733 0.910852 -0
    outer loop
      vertex 10.6149 21.5249 4
      vertex 9.1844 22.1731 11
      vertex 10.6149 21.5249 11
    endloop
  endfacet
  facet normal 0.412733 0.910852 0
    outer loop
      vertex 9.1844 22.1731 11
      vertex 10.6149 21.5249 4
      vertex 9.1844 22.1731 4
    endloop
  endfacet
  facet normal 0.973881 0.22706 0
    outer loop
      vertex 23.5388 4.68217 11
      vertex 23.1822 6.21166 4
      vertex 23.1822 6.21166 11
    endloop
  endfacet
  facet normal 0.973881 0.22706 0
    outer loop
      vertex 23.1822 6.21166 4
      vertex 23.5388 4.68217 11
      vertex 23.5388 4.68217 4
    endloop
  endfacet
  facet normal 0.582478 -0.812846 0
    outer loop
      vertex 13.3337 -19.9553 4
      vertex 14.6103 -19.0405 11
      vertex 13.3337 -19.9553 11
    endloop
  endfacet
  facet normal 0.582478 -0.812846 0
    outer loop
      vertex 14.6103 -19.0405 11
      vertex 13.3337 -19.9553 4
      vertex 14.6103 -19.0405 4
    endloop
  endfacet
  facet normal -0.412733 0.910852 0
    outer loop
      vertex -9.1844 22.1731 4
      vertex -10.6149 21.5249 11
      vertex -9.1844 22.1731 11
    endloop
  endfacet
  facet normal -0.412733 0.910852 0
    outer loop
      vertex -10.6149 21.5249 11
      vertex -9.1844 22.1731 4
      vertex -10.6149 21.5249 4
    endloop
  endfacet
  facet normal -0.729873 0.683583 0
    outer loop
      vertex -18.0442 15.8243 4
      vertex -16.9706 16.9706 11
      vertex -16.9706 16.9706 4
    endloop
  endfacet
  facet normal -0.729873 0.683583 0
    outer loop
      vertex -16.9706 16.9706 11
      vertex -18.0442 15.8243 4
      vertex -18.0442 15.8243 11
    endloop
  endfacet
  facet normal -0.773012 0.634392 0
    outer loop
      vertex -19.0405 14.6103 4
      vertex -18.0442 15.8243 11
      vertex -18.0442 15.8243 4
    endloop
  endfacet
  facet normal -0.773012 0.634392 0
    outer loop
      vertex -18.0442 15.8243 11
      vertex -19.0405 14.6103 4
      vertex -19.0405 14.6103 11
    endloop
  endfacet
  facet normal 0.995187 -0.0979931 0
    outer loop
      vertex 23.7947 -3.13263 11
      vertex 23.9486 -1.56967 4
      vertex 23.9486 -1.56967 11
    endloop
  endfacet
  facet normal 0.995187 -0.0979931 0
    outer loop
      vertex 23.9486 -1.56967 4
      vertex 23.7947 -3.13263 11
      vertex 23.7947 -3.13263 4
    endloop
  endfacet
  facet normal -0.849216 -0.528046 0
    outer loop
      vertex -19.9553 -13.3337 4
      vertex -20.7846 -12 11
      vertex -20.7846 -12 4
    endloop
  endfacet
  facet normal -0.849216 -0.528046 0
    outer loop
      vertex -20.7846 -12 11
      vertex -19.9553 -13.3337 4
      vertex -19.9553 -13.3337 11
    endloop
  endfacet
  facet normal -0.412733 -0.910852 0
    outer loop
      vertex -10.6149 -21.5249 4
      vertex -9.1844 -22.1731 11
      vertex -10.6149 -21.5249 11
    endloop
  endfacet
  facet normal -0.412733 -0.910852 -0
    outer loop
      vertex -9.1844 -22.1731 11
      vertex -10.6149 -21.5249 4
      vertex -9.1844 -22.1731 4
    endloop
  endfacet
  facet normal -0.528046 -0.849216 0
    outer loop
      vertex -13.3337 -19.9553 4
      vertex -12 -20.7846 11
      vertex -13.3337 -19.9553 11
    endloop
  endfacet
  facet normal -0.528046 -0.849216 -0
    outer loop
      vertex -12 -20.7846 11
      vertex -13.3337 -19.9553 4
      vertex -12 -20.7846 4
    endloop
  endfacet
  facet normal -0.812846 -0.582478 0
    outer loop
      vertex -19.0405 -14.6103 4
      vertex -19.9553 -13.3337 11
      vertex -19.9553 -13.3337 4
    endloop
  endfacet
  facet normal -0.812846 -0.582478 0
    outer loop
      vertex -19.9553 -13.3337 11
      vertex -19.0405 -14.6103 4
      vertex -19.0405 -14.6103 11
    endloop
  endfacet
  facet normal 0.471371 0.881935 -0
    outer loop
      vertex 12 20.7846 4
      vertex 10.6149 21.5249 11
      vertex 12 20.7846 11
    endloop
  endfacet
  facet normal 0.471371 0.881935 0
    outer loop
      vertex 10.6149 21.5249 11
      vertex 12 20.7846 4
      vertex 10.6149 21.5249 4
    endloop
  endfacet
  facet normal 0.528046 0.849216 -0
    outer loop
      vertex 13.3337 19.9553 4
      vertex 12 20.7846 11
      vertex 13.3337 19.9553 11
    endloop
  endfacet
  facet normal 0.528046 0.849216 0
    outer loop
      vertex 12 20.7846 11
      vertex 13.3337 19.9553 4
      vertex 12 20.7846 4
    endloop
  endfacet
  facet normal 0.935909 0.352243 0
    outer loop
      vertex 22.7263 7.71455 11
      vertex 22.1731 9.1844 4
      vertex 22.1731 9.1844 11
    endloop
  endfacet
  facet normal 0.935909 0.352243 0
    outer loop
      vertex 22.1731 9.1844 4
      vertex 22.7263 7.71455 11
      vertex 22.7263 7.71455 4
    endloop
  endfacet
  facet normal 0.634392 0.773012 -0
    outer loop
      vertex 15.8243 18.0442 4
      vertex 14.6103 19.0405 11
      vertex 15.8243 18.0442 11
    endloop
  endfacet
  facet normal 0.634392 0.773012 0
    outer loop
      vertex 14.6103 19.0405 11
      vertex 15.8243 18.0442 4
      vertex 14.6103 19.0405 4
    endloop
  endfacet
  facet normal 0.0979931 0.995187 -0
    outer loop
      vertex 3.13263 23.7947 4
      vertex 1.56967 23.9486 11
      vertex 3.13263 23.7947 11
    endloop
  endfacet
  facet normal 0.0979931 0.995187 0
    outer loop
      vertex 1.56967 23.9486 11
      vertex 3.13263 23.7947 4
      vertex 1.56967 23.9486 4
    endloop
  endfacet
  facet normal 0.999464 0.0327282 0
    outer loop
      vertex 24 0 11
      vertex 23.9486 1.56967 4
      vertex 23.9486 1.56967 11
    endloop
  endfacet
  facet normal 0.999464 0.0327282 0
    outer loop
      vertex 23.9486 1.56967 4
      vertex 24 0 11
      vertex 24 0 4
    endloop
  endfacet
  facet normal 0.986636 -0.162939 0
    outer loop
      vertex 23.5388 -4.68217 11
      vertex 23.7947 -3.13263 4
      vertex 23.7947 -3.13263 11
    endloop
  endfacet
  facet normal 0.986636 -0.162939 0
    outer loop
      vertex 23.7947 -3.13263 4
      vertex 23.5388 -4.68217 11
      vertex 23.5388 -4.68217 4
    endloop
  endfacet
  facet normal 0.935909 -0.352243 0
    outer loop
      vertex 22.1731 -9.1844 11
      vertex 22.7263 -7.71455 4
      vertex 22.7263 -7.71455 11
    endloop
  endfacet
  facet normal 0.935909 -0.352243 0
    outer loop
      vertex 22.7263 -7.71455 4
      vertex 22.1731 -9.1844 11
      vertex 22.1731 -9.1844 4
    endloop
  endfacet
  facet normal -0.634392 -0.773012 0
    outer loop
      vertex -15.8243 -18.0442 4
      vertex -14.6103 -19.0405 11
      vertex -15.8243 -18.0442 11
    endloop
  endfacet
  facet normal -0.634392 -0.773012 -0
    outer loop
      vertex -14.6103 -19.0405 11
      vertex -15.8243 -18.0442 4
      vertex -14.6103 -19.0405 4
    endloop
  endfacet
  facet normal 0.773012 -0.634392 0
    outer loop
      vertex 18.0442 -15.8243 11
      vertex 19.0405 -14.6103 4
      vertex 19.0405 -14.6103 11
    endloop
  endfacet
  facet normal 0.773012 -0.634392 0
    outer loop
      vertex 19.0405 -14.6103 4
      vertex 18.0442 -15.8243 11
      vertex 18.0442 -15.8243 4
    endloop
  endfacet
  facet normal -0.162939 0.986636 0
    outer loop
      vertex -3.13263 23.7947 4
      vertex -4.68217 23.5388 11
      vertex -3.13263 23.7947 11
    endloop
  endfacet
  facet normal -0.162939 0.986636 0
    outer loop
      vertex -4.68217 23.5388 11
      vertex -3.13263 23.7947 4
      vertex -4.68217 23.5388 4
    endloop
  endfacet
  facet normal -0.0979931 0.995187 0
    outer loop
      vertex -1.56967 23.9486 4
      vertex -3.13263 23.7947 11
      vertex -1.56967 23.9486 11
    endloop
  endfacet
  facet normal -0.0979931 0.995187 0
    outer loop
      vertex -3.13263 23.7947 11
      vertex -1.56967 23.9486 4
      vertex -3.13263 23.7947 4
    endloop
  endfacet
  facet normal -0.22706 0.973881 0
    outer loop
      vertex -4.68217 23.5388 4
      vertex -6.21166 23.1822 11
      vertex -4.68217 23.5388 11
    endloop
  endfacet
  facet normal -0.22706 0.973881 0
    outer loop
      vertex -6.21166 23.1822 11
      vertex -4.68217 23.5388 4
      vertex -6.21166 23.1822 4
    endloop
  endfacet
  facet normal 0.910852 0.412733 0
    outer loop
      vertex 22.1731 9.1844 11
      vertex 21.5249 10.6149 4
      vertex 21.5249 10.6149 11
    endloop
  endfacet
  facet normal 0.910852 0.412733 0
    outer loop
      vertex 21.5249 10.6149 4
      vertex 22.1731 9.1844 11
      vertex 22.1731 9.1844 4
    endloop
  endfacet
  facet normal 0.290287 -0.95694 0
    outer loop
      vertex 6.21166 -23.1822 4
      vertex 7.71455 -22.7263 11
      vertex 6.21166 -23.1822 11
    endloop
  endfacet
  facet normal 0.290287 -0.95694 0
    outer loop
      vertex 7.71455 -22.7263 11
      vertex 6.21166 -23.1822 4
      vertex 7.71455 -22.7263 4
    endloop
  endfacet
  facet normal 0.162939 -0.986636 0
    outer loop
      vertex 3.13263 -23.7947 4
      vertex 4.68217 -23.5388 11
      vertex 3.13263 -23.7947 11
    endloop
  endfacet
  facet normal 0.162939 -0.986636 0
    outer loop
      vertex 4.68217 -23.5388 11
      vertex 3.13263 -23.7947 4
      vertex 4.68217 -23.5388 4
    endloop
  endfacet
  facet normal 0.0979931 -0.995187 0
    outer loop
      vertex 1.56967 -23.9486 4
      vertex 3.13263 -23.7947 11
      vertex 1.56967 -23.9486 11
    endloop
  endfacet
  facet normal 0.0979931 -0.995187 0
    outer loop
      vertex 3.13263 -23.7947 11
      vertex 1.56967 -23.9486 4
      vertex 3.13263 -23.7947 4
    endloop
  endfacet
  facet normal -0.910852 -0.412733 0
    outer loop
      vertex -21.5249 -10.6149 4
      vertex -22.1731 -9.1844 11
      vertex -22.1731 -9.1844 4
    endloop
  endfacet
  facet normal -0.910852 -0.412733 0
    outer loop
      vertex -22.1731 -9.1844 11
      vertex -21.5249 -10.6149 4
      vertex -21.5249 -10.6149 11
    endloop
  endfacet
  facet normal 0.773012 0.634392 0
    outer loop
      vertex 19.0405 14.6103 11
      vertex 18.0442 15.8243 4
      vertex 18.0442 15.8243 11
    endloop
  endfacet
  facet normal 0.773012 0.634392 0
    outer loop
      vertex 18.0442 15.8243 4
      vertex 19.0405 14.6103 11
      vertex 19.0405 14.6103 4
    endloop
  endfacet
  facet normal 0 0 1
    outer loop
      vertex 21 0 11
      vertex 24 0 11
      vertex 23.9486 1.56967 11
    endloop
  endfacet
  facet normal 0 0 1
    outer loop
      vertex 20.955 1.37347 11
      vertex 23.9486 1.56967 11
      vertex 23.7947 3.13263 11
    endloop
  endfacet
  facet normal 0 0 1
    outer loop
      vertex 24 0 11
      vertex 21 0 11
      vertex 23.9486 -1.56967 11
    endloop
  endfacet
  facet normal 0 0 1
    outer loop
      vertex 20.8203 2.74105 11
      vertex 23.7947 3.13263 11
      vertex 23.5388 4.68217 11
    endloop
  endfacet
  facet normal -0 0 1
    outer loop
      vertex 20.955 -1.37347 11
      vertex 23.9486 -1.56967 11
      vertex 21 0 11
    endloop
  endfacet
  facet normal 0 0 1
    outer loop
      vertex 20.5965 4.0969 11
      vertex 23.5388 4.68217 11
      vertex 23.1822 6.21166 11
    endloop
  endfacet
  facet normal 0 0 1
    outer loop
      vertex 23.9486 -1.56967 11
      vertex 20.955 -1.37347 11
      vertex 23.7947 -3.13263 11
    endloop
  endfacet
  facet normal 0 0 1
    outer loop
      vertex 20.2844 5.4352 11
      vertex 23.1822 6.21166 11
      vertex 22.7263 7.71455 11
    endloop
  endfacet
  facet normal -0 0 1
    outer loop
      vertex 20.8203 -2.74105 11
      vertex 23.7947 -3.13263 11
      vertex 20.955 -1.37347 11
    endloop
  endfacet
  facet normal 0 0 1
    outer loop
      vertex 19.8855 6.75023 11
      vertex 22.7263 7.71455 11
      vertex 22.1731 9.1844 11
    endloop
  endfacet
  facet normal 0 0 1
    outer loop
      vertex 23.7947 -3.13263 11
      vertex 20.8203 -2.74105 11
      vertex 23.5388 -4.68217 11
    endloop
  endfacet
  facet normal 0 0 1
    outer loop
      vertex 19.4015 8.03635 11
      vertex 22.1731 9.1844 11
      vertex 21.5249 10.6149 11
    endloop
  endfacet
  facet normal -0 0 1
    outer loop
      vertex 20.5965 -4.0969 11
      vertex 23.5388 -4.68217 11
      vertex 20.8203 -2.74105 11
    endloop
  endfacet
  facet normal 0 0 1
    outer loop
      vertex 23.5388 -4.68217 11
      vertex 20.5965 -4.0969 11
      vertex 23.1822 -6.21166 11
    endloop
  endfacet
  facet normal 0 0 1
    outer loop
      vertex 23.9486 1.56967 11
      vertex 20.955 1.37347 11
      vertex 21 0 11
    endloop
  endfacet
  facet normal 0 0 1
    outer loop
      vertex 23.7947 3.13263 11
      vertex 20.8203 2.74105 11
      vertex 20.955 1.37347 11
    endloop
  endfacet
  facet normal 0 0 1
    outer loop
      vertex 18.8343 9.28806 11
      vertex 21.5249 10.6149 11
      vertex 20.7846 12 11
    endloop
  endfacet
  facet normal 0 0 1
    outer loop
      vertex 23.5388 4.68217 11
      vertex 20.5965 4.0969 11
      vertex 20.8203 2.74105 11
    endloop
  endfacet
  facet normal 0 0 1
    outer loop
      vertex 23.1822 6.21166 11
      vertex 20.2844 5.4352 11
      vertex 20.5965 4.0969 11
    endloop
  endfacet
  facet normal 0 0 1
    outer loop
      vertex 18.1865 10.5 11
      vertex 20.7846 12 11
      vertex 19.9553 13.3337 11
    endloop
  endfacet
  facet normal 0 0 1
    outer loop
      vertex 22.7263 7.71455 11
      vertex 19.8855 6.75023 11
      vertex 20.2844 5.4352 11
    endloop
  endfacet
  facet normal 0 0 1
    outer loop
      vertex 22.1731 9.1844 11
      vertex 19.4015 8.03635 11
      vertex 19.8855 6.75023 11
    endloop
  endfacet
  facet normal 0 0 1
    outer loop
      vertex 17.4609 11.667 11
      vertex 19.9553 13.3337 11
      vertex 19.0405 14.6103 11
    endloop
  endfacet
  facet normal 0 0 1
    outer loop
      vertex 21.5249 10.6149 11
      vertex 18.8343 9.28806 11
      vertex 19.4015 8.03635 11
    endloop
  endfacet
  facet normal 0 0 1
    outer loop
      vertex 20.7846 12 11
      vertex 18.1865 10.5 11
      vertex 18.8343 9.28806 11
    endloop
  endfacet
  facet normal 0 0 1
    outer loop
      vertex 16.6604 12.784 11
      vertex 19.0405 14.6103 11
      vertex 18.0442 15.8243 11
    endloop
  endfacet
  facet normal 0 0 1
    outer loop
      vertex 19.9553 13.3337 11
      vertex 17.4609 11.667 11
      vertex 18.1865 10.5 11
    endloop
  endfacet
  facet normal 0 0 1
    outer loop
      vertex 15.7886 13.8463 11
      vertex 18.0442 15.8243 11
      vertex 16.9706 16.9706 11
    endloop
  endfacet
  facet normal 0 0 1
    outer loop
      vertex 19.0405 14.6103 11
      vertex 16.6604 12.784 11
      vertex 17.4609 11.667 11
    endloop
  endfacet
  facet normal 0 0 1
    outer loop
      vertex 14.8492 14.8492 11
      vertex 16.9706 16.9706 11
      vertex 15.8243 18.0442 11
    endloop
  endfacet
  facet normal 0 0 1
    outer loop
      vertex 18.0442 15.8243 11
      vertex 15.7886 13.8463 11
      vertex 16.6604 12.784 11
    endloop
  endfacet
  facet normal 0 0 1
    outer loop
      vertex 16.9706 16.9706 11
      vertex 14.8492 14.8492 11
      vertex 15.7886 13.8463 11
    endloop
  endfacet
  facet normal 0 0 1
    outer loop
      vertex 13.8463 15.7886 11
      vertex 15.8243 18.0442 11
      vertex 14.6103 19.0405 11
    endloop
  endfacet
  facet normal 0 0 1
    outer loop
      vertex 15.8243 18.0442 11
      vertex 13.8463 15.7886 11
      vertex 14.8492 14.8492 11
    endloop
  endfacet
  facet normal 0 0 1
    outer loop
      vertex 12.784 16.6604 11
      vertex 14.6103 19.0405 11
      vertex 13.3337 19.9553 11
    endloop
  endfacet
  facet normal 0 0 1
    outer loop
      vertex 14.6103 19.0405 11
      vertex 12.784 16.6604 11
      vertex 13.8463 15.7886 11
    endloop
  endfacet
  facet normal 0 0 1
    outer loop
      vertex 11.667 17.4609 11
      vertex 13.3337 19.9553 11
      vertex 12 20.7846 11
    endloop
  endfacet
  facet normal 0 0 1
    outer loop
      vertex 13.3337 19.9553 11
      vertex 11.667 17.4609 11
      vertex 12.784 16.6604 11
    endloop
  endfacet
  facet normal 0 0 1
    outer loop
      vertex 10.5 18.1865 11
      vertex 12 20.7846 11
      vertex 10.6149 21.5249 11
    endloop
  endfacet
  facet normal 0 0 1
    outer loop
      vertex 12 20.7846 11
      vertex 10.5 18.1865 11
      vertex 11.667 17.4609 11
    endloop
  endfacet
  facet normal 0 0 1
    outer loop
      vertex 10.6149 21.5249 11
      vertex 9.28806 18.8343 11
      vertex 10.5 18.1865 11
    endloop
  endfacet
  facet normal 0 0 1
    outer loop
      vertex 9.1844 22.1731 11
      vertex 9.28806 18.8343 11
      vertex 10.6149 21.5249 11
    endloop
  endfacet
  facet normal 0 0 1
    outer loop
      vertex 9.1844 22.1731 11
      vertex 8.03635 19.4015 11
      vertex 9.28806 18.8343 11
    endloop
  endfacet
  facet normal 0 0 1
    outer loop
      vertex 7.71455 22.7263 11
      vertex 8.03635 19.4015 11
      vertex 9.1844 22.1731 11
    endloop
  endfacet
  facet normal 0 0 1
    outer loop
      vertex 7.71455 22.7263 11
      vertex 6.75023 19.8855 11
      vertex 8.03635 19.4015 11
    endloop
  endfacet
  facet normal 0 0 1
    outer loop
      vertex 6.21166 23.1822 11
      vertex 6.75023 19.8855 11
      vertex 7.71455 22.7263 11
    endloop
  endfacet
  facet normal 0 0 1
    outer loop
      vertex 6.21166 23.1822 11
      vertex 5.4352 20.2844 11
      vertex 6.75023 19.8855 11
    endloop
  endfacet
  facet normal 0 0 1
    outer loop
      vertex 4.68217 23.5388 11
      vertex 5.4352 20.2844 11
      vertex 6.21166 23.1822 11
    endloop
  endfacet
  facet normal 0 0 1
    outer loop
      vertex 4.68217 23.5388 11
      vertex 4.0969 20.5965 11
      vertex 5.4352 20.2844 11
    endloop
  endfacet
  facet normal 0 0 1
    outer loop
      vertex 3.13263 23.7947 11
      vertex 4.0969 20.5965 11
      vertex 4.68217 23.5388 11
    endloop
  endfacet
  facet normal 0 0 1
    outer loop
      vertex 3.13263 23.7947 11
      vertex 2.74105 20.8203 11
      vertex 4.0969 20.5965 11
    endloop
  endfacet
  facet normal 0 0 1
    outer loop
      vertex 1.56967 23.9486 11
      vertex 2.74105 20.8203 11
      vertex 3.13263 23.7947 11
    endloop
  endfacet
  facet normal 0 0 1
    outer loop
      vertex 1.56967 23.9486 11
      vertex 1.37347 20.955 11
      vertex 2.74105 20.8203 11
    endloop
  endfacet
  facet normal 0 0 1
    outer loop
      vertex 0 24 11
      vertex 1.37347 20.955 11
      vertex 1.56967 23.9486 11
    endloop
  endfacet
  facet normal 0 0 1
    outer loop
      vertex 0 24 11
      vertex 0 21 11
      vertex 1.37347 20.955 11
    endloop
  endfacet
  facet normal 0 0 1
    outer loop
      vertex 0 24 11
      vertex -1.37347 20.955 11
      vertex 0 21 11
    endloop
  endfacet
  facet normal -0 0 1
    outer loop
      vertex -1.56967 23.9486 11
      vertex -1.37347 20.955 11
      vertex 0 24 11
    endloop
  endfacet
  facet normal 0 0 1
    outer loop
      vertex -1.56967 23.9486 11
      vertex -2.74105 20.8203 11
      vertex -1.37347 20.955 11
    endloop
  endfacet
  facet normal -0 0 1
    outer loop
      vertex -3.13263 23.7947 11
      vertex -2.74105 20.8203 11
      vertex -1.56967 23.9486 11
    endloop
  endfacet
  facet normal 0 0 1
    outer loop
      vertex -3.13263 23.7947 11
      vertex -4.0969 20.5965 11
      vertex -2.74105 20.8203 11
    endloop
  endfacet
  facet normal -0 0 1
    outer loop
      vertex -4.68217 23.5388 11
      vertex -4.0969 20.5965 11
      vertex -3.13263 23.7947 11
    endloop
  endfacet
  facet normal 0 0 1
    outer loop
      vertex -4.68217 23.5388 11
      vertex -5.4352 20.2844 11
      vertex -4.0969 20.5965 11
    endloop
  endfacet
  facet normal -0 0 1
    outer loop
      vertex -6.21166 23.1822 11
      vertex -5.4352 20.2844 11
      vertex -4.68217 23.5388 11
    endloop
  endfacet
  facet normal 0 0 1
    outer loop
      vertex -6.21166 23.1822 11
      vertex -6.75023 19.8855 11
      vertex -5.4352 20.2844 11
    endloop
  endfacet
  facet normal -0 0 1
    outer loop
      vertex -7.71455 22.7263 11
      vertex -6.75023 19.8855 11
      vertex -6.21166 23.1822 11
    endloop
  endfacet
  facet normal 0 0 1
    outer loop
      vertex -7.71455 22.7263 11
      vertex -8.03635 19.4015 11
      vertex -6.75023 19.8855 11
    endloop
  endfacet
  facet normal -0 0 1
    outer loop
      vertex -9.1844 22.1731 11
      vertex -8.03635 19.4015 11
      vertex -7.71455 22.7263 11
    endloop
  endfacet
  facet normal 0 0 1
    outer loop
      vertex -9.1844 22.1731 11
      vertex -9.28806 18.8343 11
      vertex -8.03635 19.4015 11
    endloop
  endfacet
  facet normal -0 0 1
    outer loop
      vertex -10.6149 21.5249 11
      vertex -9.28806 18.8343 11
      vertex -9.1844 22.1731 11
    endloop
  endfacet
  facet normal 0 0 1
    outer loop
      vertex -9.28806 18.8343 11
      vertex -10.6149 21.5249 11
      vertex -10.5 18.1865 11
    endloop
  endfacet
  facet normal -0 0 1
    outer loop
      vertex -12 20.7846 11
      vertex -10.5 18.1865 11
      vertex -10.6149 21.5249 11
    endloop
  endfacet
  facet normal 0 0 1
    outer loop
      vertex -10.5 18.1865 11
      vertex -12 20.7846 11
      vertex -11.667 17.4609 11
    endloop
  endfacet
  facet normal -0 0 1
    outer loop
      vertex -13.3337 19.9553 11
      vertex -11.667 17.4609 11
      vertex -12 20.7846 11
    endloop
  endfacet
  facet normal 0 0 1
    outer loop
      vertex -11.667 17.4609 11
      vertex -13.3337 19.9553 11
      vertex -12.784 16.6604 11
    endloop
  endfacet
  facet normal -0 0 1
    outer loop
      vertex -14.6103 19.0405 11
      vertex -12.784 16.6604 11
      vertex -13.3337 19.9553 11
    endloop
  endfacet
  facet normal 0 0 1
    outer loop
      vertex -12.784 16.6604 11
      vertex -14.6103 19.0405 11
      vertex -13.8463 15.7886 11
    endloop
  endfacet
  facet normal -0 0 1
    outer loop
      vertex -15.8243 18.0442 11
      vertex -13.8463 15.7886 11
      vertex -14.6103 19.0405 11
    endloop
  endfacet
  facet normal 0 0 1
    outer loop
      vertex -13.8463 15.7886 11
      vertex -15.8243 18.0442 11
      vertex -14.8492 14.8492 11
    endloop
  endfacet
  facet normal -0 0 1
    outer loop
      vertex -16.9706 16.9706 11
      vertex -14.8492 14.8492 11
      vertex -15.8243 18.0442 11
    endloop
  endfacet
  facet normal 0 0 1
    outer loop
      vertex -14.8492 14.8492 11
      vertex -16.9706 16.9706 11
      vertex -15.7886 13.8463 11
    endloop
  endfacet
  facet normal -0 0 1
    outer loop
      vertex -18.0442 15.8243 11
      vertex -15.7886 13.8463 11
      vertex -16.9706 16.9706 11
    endloop
  endfacet
  facet normal 0 0 1
    outer loop
      vertex -15.7886 13.8463 11
      vertex -18.0442 15.8243 11
      vertex -16.6604 12.784 11
    endloop
  endfacet
  facet normal -0 0 1
    outer loop
      vertex -19.0405 14.6103 11
      vertex -16.6604 12.784 11
      vertex -18.0442 15.8243 11
    endloop
  endfacet
  facet normal 0 0 1
    outer loop
      vertex -16.6604 12.784 11
      vertex -19.0405 14.6103 11
      vertex -17.4609 11.667 11
    endloop
  endfacet
  facet normal -0 0 1
    outer loop
      vertex -19.9553 13.3337 11
      vertex -17.4609 11.667 11
      vertex -19.0405 14.6103 11
    endloop
  endfacet
  facet normal 0 0 1
    outer loop
      vertex -17.4609 11.667 11
      vertex -19.9553 13.3337 11
      vertex -18.1865 10.5 11
    endloop
  endfacet
  facet normal -0 0 1
    outer loop
      vertex -20.7846 12 11
      vertex -18.1865 10.5 11
      vertex -19.9553 13.3337 11
    endloop
  endfacet
  facet normal 0 0 1
    outer loop
      vertex -18.1865 10.5 11
      vertex -20.7846 12 11
      vertex -18.8343 9.28806 11
    endloop
  endfacet
  facet normal -0 0 1
    outer loop
      vertex -21.5249 10.6149 11
      vertex -18.8343 9.28806 11
      vertex -20.7846 12 11
    endloop
  endfacet
  facet normal 0 0 1
    outer loop
      vertex -18.8343 9.28806 11
      vertex -21.5249 10.6149 11
      vertex -19.4015 8.03635 11
    endloop
  endfacet
  facet normal -0 0 1
    outer loop
      vertex -22.1731 9.1844 11
      vertex -19.4015 8.03635 11
      vertex -21.5249 10.6149 11
    endloop
  endfacet
  facet normal 0 0 1
    outer loop
      vertex -19.4015 8.03635 11
      vertex -22.1731 9.1844 11
      vertex -19.8855 6.75023 11
    endloop
  endfacet
  facet normal -0 0 1
    outer loop
      vertex -22.7263 7.71455 11
      vertex -19.8855 6.75023 11
      vertex -22.1731 9.1844 11
    endloop
  endfacet
  facet normal 0 0 1
    outer loop
      vertex -19.8855 6.75023 11
      vertex -22.7263 7.71455 11
      vertex -20.2844 5.4352 11
    endloop
  endfacet
  facet normal -0 0 1
    outer loop
      vertex -23.1822 6.21166 11
      vertex -20.2844 5.4352 11
      vertex -22.7263 7.71455 11
    endloop
  endfacet
  facet normal 0 0 1
    outer loop
      vertex -20.2844 5.4352 11
      vertex -23.1822 6.21166 11
      vertex -20.5965 4.0969 11
    endloop
  endfacet
  facet normal -0 0 1
    outer loop
      vertex 20.2844 -5.4352 11
      vertex 23.1822 -6.21166 11
      vertex 20.5965 -4.0969 11
    endloop
  endfacet
  facet normal 0 0 1
    outer loop
      vertex 23.1822 -6.21166 11
      vertex 20.2844 -5.4352 11
      vertex 22.7263 -7.71455 11
    endloop
  endfacet
  facet normal -0 0 1
    outer loop
      vertex 19.8855 -6.75023 11
      vertex 22.7263 -7.71455 11
      vertex 20.2844 -5.4352 11
    endloop
  endfacet
  facet normal 0 0 1
    outer loop
      vertex 22.7263 -7.71455 11
      vertex 19.8855 -6.75023 11
      vertex 22.1731 -9.1844 11
    endloop
  endfacet
  facet normal -0 0 1
    outer loop
      vertex 19.4015 -8.03635 11
      vertex 22.1731 -9.1844 11
      vertex 19.8855 -6.75023 11
    endloop
  endfacet
  facet normal 0 0 1
    outer loop
      vertex 22.1731 -9.1844 11
      vertex 19.4015 -8.03635 11
      vertex 21.5249 -10.6149 11
    endloop
  endfacet
  facet normal -0 0 1
    outer loop
      vertex 18.8343 -9.28806 11
      vertex 21.5249 -10.6149 11
      vertex 19.4015 -8.03635 11
    endloop
  endfacet
  facet normal 0 0 1
    outer loop
      vertex 21.5249 -10.6149 11
      vertex 18.8343 -9.28806 11
      vertex 20.7846 -12 11
    endloop
  endfacet
  facet normal -0 0 1
    outer loop
      vertex 18.1865 -10.5 11
      vertex 20.7846 -12 11
      vertex 18.8343 -9.28806 11
    endloop
  endfacet
  facet normal 0 0 1
    outer loop
      vertex 20.7846 -12 11
      vertex 18.1865 -10.5 11
      vertex 19.9553 -13.3337 11
    endloop
  endfacet
  facet normal -0 0 1
    outer loop
      vertex 17.4609 -11.667 11
      vertex 19.9553 -13.3337 11
      vertex 18.1865 -10.5 11
    endloop
  endfacet
  facet normal 0 0 1
    outer loop
      vertex 19.9553 -13.3337 11
      vertex 17.4609 -11.667 11
      vertex 19.0405 -14.6103 11
    endloop
  endfacet
  facet normal -0 0 1
    outer loop
      vertex 16.6604 -12.784 11
      vertex 19.0405 -14.6103 11
      vertex 17.4609 -11.667 11
    endloop
  endfacet
  facet normal 0 0 1
    outer loop
      vertex 19.0405 -14.6103 11
      vertex 16.6604 -12.784 11
      vertex 18.0442 -15.8243 11
    endloop
  endfacet
  facet normal -0 0 1
    outer loop
      vertex 15.7886 -13.8463 11
      vertex 18.0442 -15.8243 11
      vertex 16.6604 -12.784 11
    endloop
  endfacet
  facet normal 0 0 1
    outer loop
      vertex 18.0442 -15.8243 11
      vertex 15.7886 -13.8463 11
      vertex 16.9706 -16.9706 11
    endloop
  endfacet
  facet normal -0 0 1
    outer loop
      vertex 14.8492 -14.8492 11
      vertex 16.9706 -16.9706 11
      vertex 15.7886 -13.8463 11
    endloop
  endfacet
  facet normal 0 0 1
    outer loop
      vertex 16.9706 -16.9706 11
      vertex 14.8492 -14.8492 11
      vertex 15.8243 -18.0442 11
    endloop
  endfacet
  facet normal -0 0 1
    outer loop
      vertex 13.8463 -15.7886 11
      vertex 15.8243 -18.0442 11
      vertex 14.8492 -14.8492 11
    endloop
  endfacet
  facet normal 0 0 1
    outer loop
      vertex 15.8243 -18.0442 11
      vertex 13.8463 -15.7886 11
      vertex 14.6103 -19.0405 11
    endloop
  endfacet
  facet normal -0 0 1
    outer loop
      vertex 12.784 -16.6604 11
      vertex 14.6103 -19.0405 11
      vertex 13.8463 -15.7886 11
    endloop
  endfacet
  facet normal 0 0 1
    outer loop
      vertex 14.6103 -19.0405 11
      vertex 12.784 -16.6604 11
      vertex 13.3337 -19.9553 11
    endloop
  endfacet
  facet normal -0 0 1
    outer loop
      vertex 11.667 -17.4609 11
      vertex 13.3337 -19.9553 11
      vertex 12.784 -16.6604 11
    endloop
  endfacet
  facet normal 0 0 1
    outer loop
      vertex 13.3337 -19.9553 11
      vertex 11.667 -17.4609 11
      vertex 12 -20.7846 11
    endloop
  endfacet
  facet normal -0 0 1
    outer loop
      vertex 10.5 -18.1865 11
      vertex 12 -20.7846 11
      vertex 11.667 -17.4609 11
    endloop
  endfacet
  facet normal 0 0 1
    outer loop
      vertex 12 -20.7846 11
      vertex 10.5 -18.1865 11
      vertex 10.6149 -21.5249 11
    endloop
  endfacet
  facet normal -0 0 1
    outer loop
      vertex 9.28806 -18.8343 11
      vertex 10.6149 -21.5249 11
      vertex 10.5 -18.1865 11
    endloop
  endfacet
  facet normal 0 0 1
    outer loop
      vertex 9.28806 -18.8343 11
      vertex 9.1844 -22.1731 11
      vertex 10.6149 -21.5249 11
    endloop
  endfacet
  facet normal -0 0 1
    outer loop
      vertex 8.03635 -19.4015 11
      vertex 9.1844 -22.1731 11
      vertex 9.28806 -18.8343 11
    endloop
  endfacet
  facet normal 0 0 1
    outer loop
      vertex 8.03635 -19.4015 11
      vertex 7.71455 -22.7263 11
      vertex 9.1844 -22.1731 11
    endloop
  endfacet
  facet normal -0 0 1
    outer loop
      vertex 6.75023 -19.8855 11
      vertex 7.71455 -22.7263 11
      vertex 8.03635 -19.4015 11
    endloop
  endfacet
  facet normal 0 0 1
    outer loop
      vertex 6.75023 -19.8855 11
      vertex 6.21166 -23.1822 11
      vertex 7.71455 -22.7263 11
    endloop
  endfacet
  facet normal -0 0 1
    outer loop
      vertex 5.4352 -20.2844 11
      vertex 6.21166 -23.1822 11
      vertex 6.75023 -19.8855 11
    endloop
  endfacet
  facet normal 0 0 1
    outer loop
      vertex 5.4352 -20.2844 11
      vertex 4.68217 -23.5388 11
      vertex 6.21166 -23.1822 11
    endloop
  endfacet
  facet normal -0 0 1
    outer loop
      vertex 4.0969 -20.5965 11
      vertex 4.68217 -23.5388 11
      vertex 5.4352 -20.2844 11
    endloop
  endfacet
  facet normal 0 0 1
    outer loop
      vertex 4.0969 -20.5965 11
      vertex 3.13263 -23.7947 11
      vertex 4.68217 -23.5388 11
    endloop
  endfacet
  facet normal -0 0 1
    outer loop
      vertex 2.74105 -20.8203 11
      vertex 3.13263 -23.7947 11
      vertex 4.0969 -20.5965 11
    endloop
  endfacet
  facet normal 0 0 1
    outer loop
      vertex 2.74105 -20.8203 11
      vertex 1.56967 -23.9486 11
      vertex 3.13263 -23.7947 11
    endloop
  endfacet
  facet normal -0 0 1
    outer loop
      vertex 1.37347 -20.955 11
      vertex 1.56967 -23.9486 11
      vertex 2.74105 -20.8203 11
    endloop
  endfacet
  facet normal -0 0 1
    outer loop
      vertex 0 -21 11
      vertex 1.56967 -23.9486 11
      vertex 1.37347 -20.955 11
    endloop
  endfacet
  facet normal 0 0 1
    outer loop
      vertex 0 -21 11
      vertex 0 -24 11
      vertex 1.56967 -23.9486 11
    endloop
  endfacet
  facet normal 0 0 1
    outer loop
      vertex -1.37347 -20.955 11
      vertex 0 -24 11
      vertex 0 -21 11
    endloop
  endfacet
  facet normal 0 0 1
    outer loop
      vertex -1.37347 -20.955 11
      vertex -1.56967 -23.9486 11
      vertex 0 -24 11
    endloop
  endfacet
  facet normal 0 0 1
    outer loop
      vertex -2.74105 -20.8203 11
      vertex -1.56967 -23.9486 11
      vertex -1.37347 -20.955 11
    endloop
  endfacet
  facet normal 0 0 1
    outer loop
      vertex -2.74105 -20.8203 11
      vertex -3.13263 -23.7947 11
      vertex -1.56967 -23.9486 11
    endloop
  endfacet
  facet normal 0 0 1
    outer loop
      vertex -4.0969 -20.5965 11
      vertex -3.13263 -23.7947 11
      vertex -2.74105 -20.8203 11
    endloop
  endfacet
  facet normal 0 0 1
    outer loop
      vertex -4.0969 -20.5965 11
      vertex -4.68217 -23.5388 11
      vertex -3.13263 -23.7947 11
    endloop
  endfacet
  facet normal 0 0 1
    outer loop
      vertex -5.4352 -20.2844 11
      vertex -4.68217 -23.5388 11
      vertex -4.0969 -20.5965 11
    endloop
  endfacet
  facet normal 0 0 1
    outer loop
      vertex -5.4352 -20.2844 11
      vertex -6.21166 -23.1822 11
      vertex -4.68217 -23.5388 11
    endloop
  endfacet
  facet normal 0 0 1
    outer loop
      vertex -6.75023 -19.8855 11
      vertex -6.21166 -23.1822 11
      vertex -5.4352 -20.2844 11
    endloop
  endfacet
  facet normal 0 0 1
    outer loop
      vertex -6.75023 -19.8855 11
      vertex -7.71455 -22.7263 11
      vertex -6.21166 -23.1822 11
    endloop
  endfacet
  facet normal 0 0 1
    outer loop
      vertex -8.03635 -19.4015 11
      vertex -7.71455 -22.7263 11
      vertex -6.75023 -19.8855 11
    endloop
  endfacet
  facet normal 0 0 1
    outer loop
      vertex -8.03635 -19.4015 11
      vertex -9.1844 -22.1731 11
      vertex -7.71455 -22.7263 11
    endloop
  endfacet
  facet normal 0 0 1
    outer loop
      vertex -9.28806 -18.8343 11
      vertex -9.1844 -22.1731 11
      vertex -8.03635 -19.4015 11
    endloop
  endfacet
  facet normal 0 0 1
    outer loop
      vertex -10.6149 -21.5249 11
      vertex -9.28806 -18.8343 11
      vertex -10.5 -18.1865 11
    endloop
  endfacet
  facet normal 0 0 1
    outer loop
      vertex -9.28806 -18.8343 11
      vertex -10.6149 -21.5249 11
      vertex -9.1844 -22.1731 11
    endloop
  endfacet
  facet normal 0 0 1
    outer loop
      vertex -12 -20.7846 11
      vertex -10.5 -18.1865 11
      vertex -11.667 -17.4609 11
    endloop
  endfacet
  facet normal 0 0 1
    outer loop
      vertex -10.5 -18.1865 11
      vertex -12 -20.7846 11
      vertex -10.6149 -21.5249 11
    endloop
  endfacet
  facet normal 0 0 1
    outer loop
      vertex -13.3337 -19.9553 11
      vertex -11.667 -17.4609 11
      vertex -12.784 -16.6604 11
    endloop
  endfacet
  facet normal 0 0 1
    outer loop
      vertex -11.667 -17.4609 11
      vertex -13.3337 -19.9553 11
      vertex -12 -20.7846 11
    endloop
  endfacet
  facet normal 0 0 1
    outer loop
      vertex -14.6103 -19.0405 11
      vertex -12.784 -16.6604 11
      vertex -13.8463 -15.7886 11
    endloop
  endfacet
  facet normal 0 0 1
    outer loop
      vertex -12.784 -16.6604 11
      vertex -14.6103 -19.0405 11
      vertex -13.3337 -19.9553 11
    endloop
  endfacet
  facet normal 0 0 1
    outer loop
      vertex -15.8243 -18.0442 11
      vertex -13.8463 -15.7886 11
      vertex -14.8492 -14.8492 11
    endloop
  endfacet
  facet normal 0 0 1
    outer loop
      vertex -16.9706 -16.9706 11
      vertex -14.8492 -14.8492 11
      vertex -15.7886 -13.8463 11
    endloop
  endfacet
  facet normal 0 0 1
    outer loop
      vertex -13.8463 -15.7886 11
      vertex -15.8243 -18.0442 11
      vertex -14.6103 -19.0405 11
    endloop
  endfacet
  facet normal 0 0 1
    outer loop
      vertex -18.0442 -15.8243 11
      vertex -15.7886 -13.8463 11
      vertex -16.6604 -12.784 11
    endloop
  endfacet
  facet normal 0 0 1
    outer loop
      vertex -14.8492 -14.8492 11
      vertex -16.9706 -16.9706 11
      vertex -15.8243 -18.0442 11
    endloop
  endfacet
  facet normal 0 0 1
    outer loop
      vertex -19.0405 -14.6103 11
      vertex -16.6604 -12.784 11
      vertex -17.4609 -11.667 11
    endloop
  endfacet
  facet normal 0 0 1
    outer loop
      vertex -15.7886 -13.8463 11
      vertex -18.0442 -15.8243 11
      vertex -16.9706 -16.9706 11
    endloop
  endfacet
  facet normal 0 0 1
    outer loop
      vertex -19.9553 -13.3337 11
      vertex -17.4609 -11.667 11
      vertex -18.1865 -10.5 11
    endloop
  endfacet
  facet normal 0 0 1
    outer loop
      vertex -20.7846 -12 11
      vertex -18.1865 -10.5 11
      vertex -18.8343 -9.28806 11
    endloop
  endfacet
  facet normal 0 0 1
    outer loop
      vertex -16.6604 -12.784 11
      vertex -19.0405 -14.6103 11
      vertex -18.0442 -15.8243 11
    endloop
  endfacet
  facet normal 0 0 1
    outer loop
      vertex -21.5249 -10.6149 11
      vertex -18.8343 -9.28806 11
      vertex -19.4015 -8.03635 11
    endloop
  endfacet
  facet normal 0 0 1
    outer loop
      vertex -22.1731 -9.1844 11
      vertex -19.4015 -8.03635 11
      vertex -19.8855 -6.75023 11
    endloop
  endfacet
  facet normal 0 0 1
    outer loop
      vertex -17.4609 -11.667 11
      vertex -19.9553 -13.3337 11
      vertex -19.0405 -14.6103 11
    endloop
  endfacet
  facet normal 0 0 1
    outer loop
      vertex -22.7263 -7.71455 11
      vertex -19.8855 -6.75023 11
      vertex -20.2844 -5.4352 11
    endloop
  endfacet
  facet normal 0 0 1
    outer loop
      vertex -23.1822 -6.21166 11
      vertex -20.2844 -5.4352 11
      vertex -20.5965 -4.0969 11
    endloop
  endfacet
  facet normal 0 0 1
    outer loop
      vertex -18.1865 -10.5 11
      vertex -20.7846 -12 11
      vertex -19.9553 -13.3337 11
    endloop
  endfacet
  facet normal 0 0 1
    outer loop
      vertex -23.5388 -4.68217 11
      vertex -20.5965 -4.0969 11
      vertex -20.8203 -2.74105 11
    endloop
  endfacet
  facet normal 0 0 1
    outer loop
      vertex -23.7947 -3.13263 11
      vertex -20.8203 -2.74105 11
      vertex -20.955 -1.37347 11
    endloop
  endfacet
  facet normal 0 0 1
    outer loop
      vertex -23.9486 -1.56967 11
      vertex -20.955 -1.37347 11
      vertex -21 0 11
    endloop
  endfacet
  facet normal -0 0 1
    outer loop
      vertex -23.5388 4.68217 11
      vertex -20.5965 4.0969 11
      vertex -23.1822 6.21166 11
    endloop
  endfacet
  facet normal 0 0 1
    outer loop
      vertex -18.8343 -9.28806 11
      vertex -21.5249 -10.6149 11
      vertex -20.7846 -12 11
    endloop
  endfacet
  facet normal 0 0 1
    outer loop
      vertex -20.5965 4.0969 11
      vertex -23.5388 4.68217 11
      vertex -20.8203 2.74105 11
    endloop
  endfacet
  facet normal 0 0 1
    outer loop
      vertex -19.4015 -8.03635 11
      vertex -22.1731 -9.1844 11
      vertex -21.5249 -10.6149 11
    endloop
  endfacet
  facet normal -0 0 1
    outer loop
      vertex -23.7947 3.13263 11
      vertex -20.8203 2.74105 11
      vertex -23.5388 4.68217 11
    endloop
  endfacet
  facet normal 0 0 1
    outer loop
      vertex -19.8855 -6.75023 11
      vertex -22.7263 -7.71455 11
      vertex -22.1731 -9.1844 11
    endloop
  endfacet
  facet normal 0 0 1
    outer loop
      vertex -20.8203 2.74105 11
      vertex -23.7947 3.13263 11
      vertex -20.955 1.37347 11
    endloop
  endfacet
  facet normal 0 0 1
    outer loop
      vertex -20.2844 -5.4352 11
      vertex -23.1822 -6.21166 11
      vertex -22.7263 -7.71455 11
    endloop
  endfacet
  facet normal -0 0 1
    outer loop
      vertex -23.9486 1.56967 11
      vertex -20.955 1.37347 11
      vertex -23.7947 3.13263 11
    endloop
  endfacet
  facet normal 0 0 1
    outer loop
      vertex -20.5965 -4.0969 11
      vertex -23.5388 -4.68217 11
      vertex -23.1822 -6.21166 11
    endloop
  endfacet
  facet normal 0 0 1
    outer loop
      vertex -20.955 1.37347 11
      vertex -23.9486 1.56967 11
      vertex -21 0 11
    endloop
  endfacet
  facet normal 0 0 1
    outer loop
      vertex -20.8203 -2.74105 11
      vertex -23.7947 -3.13263 11
      vertex -23.5388 -4.68217 11
    endloop
  endfacet
  facet normal 0 0 1
    outer loop
      vertex -24 0 11
      vertex -21 0 11
      vertex -23.9486 1.56967 11
    endloop
  endfacet
  facet normal 0 0 1
    outer loop
      vertex -20.955 -1.37347 11
      vertex -23.9486 -1.56967 11
      vertex -23.7947 -3.13263 11
    endloop
  endfacet
  facet normal 0 0 1
    outer loop
      vertex -21 0 11
      vertex -24 0 11
      vertex -23.9486 -1.56967 11
    endloop
  endfacet
  facet normal 0.995184 -0.0980208 0
    outer loop
      vertex -20.955 1.37347 11
      vertex -20.8203 2.74105 4
      vertex -20.8203 2.74105 11
    endloop
  endfacet
  facet normal 0.995184 -0.0980208 0
    outer loop
      vertex -20.8203 2.74105 4
      vertex -20.955 1.37347 11
      vertex -20.955 1.37347 4
    endloop
  endfacet
  facet normal 0.999464 -0.0327462 0
    outer loop
      vertex -21 0 11
      vertex -20.955 1.37347 4
      vertex -20.955 1.37347 11
    endloop
  endfacet
  facet normal 0.999464 -0.0327462 0
    outer loop
      vertex -20.955 1.37347 4
      vertex -21 0 11
      vertex -21 0 4
    endloop
  endfacet
  facet normal -0.935921 0.352211 0
    outer loop
      vertex 19.4015 -8.03635 4
      vertex 19.8855 -6.75023 11
      vertex 19.8855 -6.75023 4
    endloop
  endfacet
  facet normal -0.935921 0.352211 0
    outer loop
      vertex 19.8855 -6.75023 11
      vertex 19.4015 -8.03635 4
      vertex 19.4015 -8.03635 11
    endloop
  endfacet
  facet normal 0.227112 0.973869 -0
    outer loop
      vertex -4.0969 -20.5965 4
      vertex -5.4352 -20.2844 11
      vertex -4.0969 -20.5965 11
    endloop
  endfacet
  facet normal 0.227112 0.973869 0
    outer loop
      vertex -5.4352 -20.2844 11
      vertex -4.0969 -20.5965 4
      vertex -5.4352 -20.2844 4
    endloop
  endfacet
  facet normal -0.0327462 0.999464 0
    outer loop
      vertex 1.37347 -20.955 4
      vertex 0 -21 11
      vertex 1.37347 -20.955 11
    endloop
  endfacet
  facet normal -0.0327462 0.999464 0
    outer loop
      vertex 0 -21 11
      vertex 1.37347 -20.955 4
      vertex 0 -21 4
    endloop
  endfacet
  facet normal -0.290278 0.956942 0
    outer loop
      vertex 6.75023 -19.8855 4
      vertex 5.4352 -20.2844 11
      vertex 6.75023 -19.8855 11
    endloop
  endfacet
  facet normal -0.290278 0.956942 0
    outer loop
      vertex 5.4352 -20.2844 11
      vertex 6.75023 -19.8855 4
      vertex 5.4352 -20.2844 4
    endloop
  endfacet
  facet normal -0.812823 -0.582511 0
    outer loop
      vertex 17.4609 11.667 4
      vertex 16.6604 12.784 11
      vertex 16.6604 12.784 4
    endloop
  endfacet
  facet normal -0.812823 -0.582511 0
    outer loop
      vertex 16.6604 12.784 11
      vertex 17.4609 11.667 4
      vertex 17.4609 11.667 11
    endloop
  endfacet
  facet normal -0.999464 0.0327462 0
    outer loop
      vertex 20.955 -1.37347 4
      vertex 21 0 11
      vertex 21 0 4
    endloop
  endfacet
  facet normal -0.999464 0.0327462 0
    outer loop
      vertex 21 0 11
      vertex 20.955 -1.37347 4
      vertex 20.955 -1.37347 11
    endloop
  endfacet
  facet normal -0.995184 -0.0980208 0
    outer loop
      vertex 20.955 1.37347 4
      vertex 20.8203 2.74105 11
      vertex 20.8203 2.74105 4
    endloop
  endfacet
  facet normal -0.995184 -0.0980208 0
    outer loop
      vertex 20.8203 2.74105 11
      vertex 20.955 1.37347 4
      vertex 20.955 1.37347 11
    endloop
  endfacet
  facet normal -0.995184 0.0980208 0
    outer loop
      vertex 20.8203 -2.74105 4
      vertex 20.955 -1.37347 11
      vertex 20.955 -1.37347 4
    endloop
  endfacet
  facet normal -0.995184 0.0980208 0
    outer loop
      vertex 20.955 -1.37347 11
      vertex 20.8203 -2.74105 4
      vertex 20.8203 -2.74105 11
    endloop
  endfacet
  facet normal -0.88192 -0.471399 0
    outer loop
      vertex 18.8343 9.28806 4
      vertex 18.1865 10.5 11
      vertex 18.1865 10.5 4
    endloop
  endfacet
  facet normal -0.88192 -0.471399 0
    outer loop
      vertex 18.1865 10.5 11
      vertex 18.8343 9.28806 4
      vertex 18.8343 9.28806 11
    endloop
  endfacet
  facet normal -0.352211 -0.935921 0
    outer loop
      vertex 6.75023 19.8855 4
      vertex 8.03635 19.4015 11
      vertex 6.75023 19.8855 11
    endloop
  endfacet
  facet normal -0.352211 -0.935921 -0
    outer loop
      vertex 8.03635 19.4015 11
      vertex 6.75023 19.8855 4
      vertex 8.03635 19.4015 4
    endloop
  endfacet
  facet normal 0.986649 -0.162859 0
    outer loop
      vertex -20.8203 2.74105 11
      vertex -20.5965 4.0969 4
      vertex -20.5965 4.0969 11
    endloop
  endfacet
  facet normal 0.986649 -0.162859 0
    outer loop
      vertex -20.5965 4.0969 4
      vertex -20.8203 2.74105 11
      vertex -20.8203 2.74105 4
    endloop
  endfacet
  facet normal -0.88192 0.471399 0
    outer loop
      vertex 18.1865 -10.5 4
      vertex 18.8343 -9.28806 11
      vertex 18.8343 -9.28806 4
    endloop
  endfacet
  facet normal -0.88192 0.471399 0
    outer loop
      vertex 18.8343 -9.28806 11
      vertex 18.1865 -10.5 4
      vertex 18.1865 -10.5 11
    endloop
  endfacet
  facet normal -0.773013 0.63439 0
    outer loop
      vertex 15.7886 -13.8463 4
      vertex 16.6604 -12.784 11
      vertex 16.6604 -12.784 4
    endloop
  endfacet
  facet normal -0.773013 0.63439 0
    outer loop
      vertex 16.6604 -12.784 11
      vertex 15.7886 -13.8463 4
      vertex 15.7886 -13.8463 11
    endloop
  endfacet
  facet normal 0.995184 0.0980208 0
    outer loop
      vertex -20.8203 -2.74105 11
      vertex -20.955 -1.37347 4
      vertex -20.955 -1.37347 11
    endloop
  endfacet
  facet normal 0.995184 0.0980208 0
    outer loop
      vertex -20.955 -1.37347 4
      vertex -20.8203 -2.74105 11
      vertex -20.8203 -2.74105 4
    endloop
  endfacet
  facet normal 0.0327462 0.999464 -0
    outer loop
      vertex 0 -21 4
      vertex -1.37347 -20.955 11
      vertex 0 -21 11
    endloop
  endfacet
  facet normal 0.0327462 0.999464 0
    outer loop
      vertex -1.37347 -20.955 11
      vertex 0 -21 4
      vertex -1.37347 -20.955 4
    endloop
  endfacet
  facet normal 0.352211 -0.935921 0
    outer loop
      vertex -8.03635 19.4015 4
      vertex -6.75023 19.8855 11
      vertex -8.03635 19.4015 11
    endloop
  endfacet
  facet normal 0.352211 -0.935921 0
    outer loop
      vertex -6.75023 19.8855 11
      vertex -8.03635 19.4015 4
      vertex -6.75023 19.8855 4
    endloop
  endfacet
  facet normal 0.582511 -0.812823 0
    outer loop
      vertex -12.784 16.6604 4
      vertex -11.667 17.4609 11
      vertex -12.784 16.6604 11
    endloop
  endfacet
  facet normal 0.582511 -0.812823 0
    outer loop
      vertex -11.667 17.4609 11
      vertex -12.784 16.6604 4
      vertex -11.667 17.4609 4
    endloop
  endfacet
  facet normal -0.910848 0.412742 0
    outer loop
      vertex 18.8343 -9.28806 4
      vertex 19.4015 -8.03635 11
      vertex 19.4015 -8.03635 4
    endloop
  endfacet
  facet normal -0.910848 0.412742 0
    outer loop
      vertex 19.4015 -8.03635 11
      vertex 18.8343 -9.28806 4
      vertex 18.8343 -9.28806 11
    endloop
  endfacet
  facet normal -0.582511 -0.812823 0
    outer loop
      vertex 11.667 17.4609 4
      vertex 12.784 16.6604 11
      vertex 11.667 17.4609 11
    endloop
  endfacet
  facet normal -0.582511 -0.812823 -0
    outer loop
      vertex 12.784 16.6604 11
      vertex 11.667 17.4609 4
      vertex 12.784 16.6604 4
    endloop
  endfacet
  facet normal 0.812823 0.582511 0
    outer loop
      vertex -16.6604 -12.784 11
      vertex -17.4609 -11.667 4
      vertex -17.4609 -11.667 11
    endloop
  endfacet
  facet normal 0.812823 0.582511 0
    outer loop
      vertex -17.4609 -11.667 4
      vertex -16.6604 -12.784 11
      vertex -16.6604 -12.784 4
    endloop
  endfacet
  facet normal 0.935921 -0.352211 0
    outer loop
      vertex -19.8855 6.75023 11
      vertex -19.4015 8.03635 4
      vertex -19.4015 8.03635 11
    endloop
  endfacet
  facet normal 0.935921 -0.352211 0
    outer loop
      vertex -19.4015 8.03635 4
      vertex -19.8855 6.75023 11
      vertex -19.8855 6.75023 4
    endloop
  endfacet
  facet normal 0.471399 -0.88192 0
    outer loop
      vertex -10.5 18.1865 4
      vertex -9.28806 18.8343 11
      vertex -10.5 18.1865 11
    endloop
  endfacet
  facet normal 0.471399 -0.88192 0
    outer loop
      vertex -9.28806 18.8343 11
      vertex -10.5 18.1865 4
      vertex -9.28806 18.8343 4
    endloop
  endfacet
  facet normal 0.973869 -0.227112 0
    outer loop
      vertex -20.5965 4.0969 11
      vertex -20.2844 5.4352 4
      vertex -20.2844 5.4352 11
    endloop
  endfacet
  facet normal 0.973869 -0.227112 0
    outer loop
      vertex -20.2844 5.4352 4
      vertex -20.5965 4.0969 11
      vertex -20.5965 4.0969 4
    endloop
  endfacet
  facet normal 0.162859 0.986649 -0
    outer loop
      vertex -2.74105 -20.8203 4
      vertex -4.0969 -20.5965 11
      vertex -2.74105 -20.8203 11
    endloop
  endfacet
  facet normal 0.162859 0.986649 0
    outer loop
      vertex -4.0969 -20.5965 11
      vertex -2.74105 -20.8203 4
      vertex -4.0969 -20.5965 4
    endloop
  endfacet
  facet normal -0.63439 -0.773013 0
    outer loop
      vertex 12.784 16.6604 4
      vertex 13.8463 15.7886 11
      vertex 12.784 16.6604 11
    endloop
  endfacet
  facet normal -0.63439 -0.773013 -0
    outer loop
      vertex 13.8463 15.7886 11
      vertex 12.784 16.6604 4
      vertex 13.8463 15.7886 4
    endloop
  endfacet
  facet normal 0.162859 -0.986649 0
    outer loop
      vertex -4.0969 20.5965 4
      vertex -2.74105 20.8203 11
      vertex -4.0969 20.5965 11
    endloop
  endfacet
  facet normal 0.162859 -0.986649 0
    outer loop
      vertex -2.74105 20.8203 11
      vertex -4.0969 20.5965 4
      vertex -2.74105 20.8203 4
    endloop
  endfacet
  facet normal -0.0980208 -0.995184 0
    outer loop
      vertex 1.37347 20.955 4
      vertex 2.74105 20.8203 11
      vertex 1.37347 20.955 11
    endloop
  endfacet
  facet normal -0.0980208 -0.995184 -0
    outer loop
      vertex 2.74105 20.8203 11
      vertex 1.37347 20.955 4
      vertex 2.74105 20.8203 4
    endloop
  endfacet
  facet normal -0.162859 -0.986649 0
    outer loop
      vertex 2.74105 20.8203 4
      vertex 4.0969 20.5965 11
      vertex 2.74105 20.8203 11
    endloop
  endfacet
  facet normal -0.162859 -0.986649 -0
    outer loop
      vertex 4.0969 20.5965 11
      vertex 2.74105 20.8203 4
      vertex 4.0969 20.5965 4
    endloop
  endfacet
  facet normal 0.528022 0.849231 -0
    outer loop
      vertex -10.5 -18.1865 4
      vertex -11.667 -17.4609 11
      vertex -10.5 -18.1865 11
    endloop
  endfacet
  facet normal 0.528022 0.849231 0
    outer loop
      vertex -11.667 -17.4609 11
      vertex -10.5 -18.1865 4
      vertex -11.667 -17.4609 4
    endloop
  endfacet
  facet normal 0.773013 -0.63439 0
    outer loop
      vertex -16.6604 12.784 11
      vertex -15.7886 13.8463 4
      vertex -15.7886 13.8463 11
    endloop
  endfacet
  facet normal 0.773013 -0.63439 0
    outer loop
      vertex -15.7886 13.8463 4
      vertex -16.6604 12.784 11
      vertex -16.6604 12.784 4
    endloop
  endfacet
  facet normal -0.582511 0.812823 0
    outer loop
      vertex 12.784 -16.6604 4
      vertex 11.667 -17.4609 11
      vertex 12.784 -16.6604 11
    endloop
  endfacet
  facet normal -0.582511 0.812823 0
    outer loop
      vertex 11.667 -17.4609 11
      vertex 12.784 -16.6604 4
      vertex 11.667 -17.4609 4
    endloop
  endfacet
  facet normal 0.88192 0.471399 0
    outer loop
      vertex -18.1865 -10.5 11
      vertex -18.8343 -9.28806 4
      vertex -18.8343 -9.28806 11
    endloop
  endfacet
  facet normal 0.88192 0.471399 0
    outer loop
      vertex -18.8343 -9.28806 4
      vertex -18.1865 -10.5 11
      vertex -18.1865 -10.5 4
    endloop
  endfacet
  facet normal 0.290278 0.956942 -0
    outer loop
      vertex -5.4352 -20.2844 4
      vertex -6.75023 -19.8855 11
      vertex -5.4352 -20.2844 11
    endloop
  endfacet
  facet normal 0.290278 0.956942 0
    outer loop
      vertex -6.75023 -19.8855 11
      vertex -5.4352 -20.2844 4
      vertex -6.75023 -19.8855 4
    endloop
  endfacet
  facet normal -0.849231 -0.528022 0
    outer loop
      vertex 18.1865 10.5 4
      vertex 17.4609 11.667 11
      vertex 17.4609 11.667 4
    endloop
  endfacet
  facet normal -0.849231 -0.528022 0
    outer loop
      vertex 17.4609 11.667 11
      vertex 18.1865 10.5 4
      vertex 18.1865 10.5 11
    endloop
  endfacet
  facet normal 0.849231 -0.528022 0
    outer loop
      vertex -18.1865 10.5 11
      vertex -17.4609 11.667 4
      vertex -17.4609 11.667 11
    endloop
  endfacet
  facet normal 0.849231 -0.528022 0
    outer loop
      vertex -17.4609 11.667 4
      vertex -18.1865 10.5 11
      vertex -18.1865 10.5 4
    endloop
  endfacet
  facet normal 0.986649 0.162859 0
    outer loop
      vertex -20.5965 -4.0969 11
      vertex -20.8203 -2.74105 4
      vertex -20.8203 -2.74105 11
    endloop
  endfacet
  facet normal 0.986649 0.162859 0
    outer loop
      vertex -20.8203 -2.74105 4
      vertex -20.5965 -4.0969 11
      vertex -20.5965 -4.0969 4
    endloop
  endfacet
  facet normal 0.683624 -0.729834 0
    outer loop
      vertex -14.8492 14.8492 4
      vertex -13.8463 15.7886 11
      vertex -14.8492 14.8492 11
    endloop
  endfacet
  facet normal 0.683624 -0.729834 0
    outer loop
      vertex -13.8463 15.7886 11
      vertex -14.8492 14.8492 4
      vertex -13.8463 15.7886 4
    endloop
  endfacet
  facet normal 0.729834 -0.683624 0
    outer loop
      vertex -15.7886 13.8463 11
      vertex -14.8492 14.8492 4
      vertex -14.8492 14.8492 11
    endloop
  endfacet
  facet normal 0.729834 -0.683624 0
    outer loop
      vertex -14.8492 14.8492 4
      vertex -15.7886 13.8463 11
      vertex -15.7886 13.8463 4
    endloop
  endfacet
  facet normal 0.528022 -0.849231 0
    outer loop
      vertex -11.667 17.4609 4
      vertex -10.5 18.1865 11
      vertex -11.667 17.4609 11
    endloop
  endfacet
  facet normal 0.528022 -0.849231 0
    outer loop
      vertex -10.5 18.1865 11
      vertex -11.667 17.4609 4
      vertex -10.5 18.1865 4
    endloop
  endfacet
  facet normal 0.412742 -0.910848 0
    outer loop
      vertex -9.28806 18.8343 4
      vertex -8.03635 19.4015 11
      vertex -9.28806 18.8343 11
    endloop
  endfacet
  facet normal 0.412742 -0.910848 0
    outer loop
      vertex -8.03635 19.4015 11
      vertex -9.28806 18.8343 4
      vertex -8.03635 19.4015 4
    endloop
  endfacet
  facet normal 0.956942 -0.290278 0
    outer loop
      vertex -20.2844 5.4352 11
      vertex -19.8855 6.75023 4
      vertex -19.8855 6.75023 11
    endloop
  endfacet
  facet normal 0.956942 -0.290278 0
    outer loop
      vertex -19.8855 6.75023 4
      vertex -20.2844 5.4352 11
      vertex -20.2844 5.4352 4
    endloop
  endfacet
  facet normal -0.986649 0.162859 0
    outer loop
      vertex 20.5965 -4.0969 4
      vertex 20.8203 -2.74105 11
      vertex 20.8203 -2.74105 4
    endloop
  endfacet
  facet normal -0.986649 0.162859 0
    outer loop
      vertex 20.8203 -2.74105 11
      vertex 20.5965 -4.0969 4
      vertex 20.5965 -4.0969 11
    endloop
  endfacet
  facet normal 0.88192 -0.471399 0
    outer loop
      vertex -18.8343 9.28806 11
      vertex -18.1865 10.5 4
      vertex -18.1865 10.5 11
    endloop
  endfacet
  facet normal 0.88192 -0.471399 0
    outer loop
      vertex -18.1865 10.5 4
      vertex -18.8343 9.28806 11
      vertex -18.8343 9.28806 4
    endloop
  endfacet
  facet normal 0.683624 0.729834 -0
    outer loop
      vertex -13.8463 -15.7886 4
      vertex -14.8492 -14.8492 11
      vertex -13.8463 -15.7886 11
    endloop
  endfacet
  facet normal 0.683624 0.729834 0
    outer loop
      vertex -14.8492 -14.8492 11
      vertex -13.8463 -15.7886 4
      vertex -14.8492 -14.8492 4
    endloop
  endfacet
  facet normal -0.227112 0.973869 0
    outer loop
      vertex 5.4352 -20.2844 4
      vertex 4.0969 -20.5965 11
      vertex 5.4352 -20.2844 11
    endloop
  endfacet
  facet normal -0.227112 0.973869 0
    outer loop
      vertex 4.0969 -20.5965 11
      vertex 5.4352 -20.2844 4
      vertex 4.0969 -20.5965 4
    endloop
  endfacet
  facet normal 0.63439 0.773013 -0
    outer loop
      vertex -12.784 -16.6604 4
      vertex -13.8463 -15.7886 11
      vertex -12.784 -16.6604 11
    endloop
  endfacet
  facet normal 0.63439 0.773013 0
    outer loop
      vertex -13.8463 -15.7886 11
      vertex -12.784 -16.6604 4
      vertex -13.8463 -15.7886 4
    endloop
  endfacet
  facet normal -0.973869 0.227112 0
    outer loop
      vertex 20.2844 -5.4352 4
      vertex 20.5965 -4.0969 11
      vertex 20.5965 -4.0969 4
    endloop
  endfacet
  facet normal -0.973869 0.227112 0
    outer loop
      vertex 20.5965 -4.0969 11
      vertex 20.2844 -5.4352 4
      vertex 20.2844 -5.4352 11
    endloop
  endfacet
  facet normal -0.973869 -0.227112 0
    outer loop
      vertex 20.5965 4.0969 4
      vertex 20.2844 5.4352 11
      vertex 20.2844 5.4352 4
    endloop
  endfacet
  facet normal -0.973869 -0.227112 0
    outer loop
      vertex 20.2844 5.4352 11
      vertex 20.5965 4.0969 4
      vertex 20.5965 4.0969 11
    endloop
  endfacet
  facet normal -0.528022 -0.849231 0
    outer loop
      vertex 10.5 18.1865 4
      vertex 11.667 17.4609 11
      vertex 10.5 18.1865 11
    endloop
  endfacet
  facet normal -0.528022 -0.849231 -0
    outer loop
      vertex 11.667 17.4609 11
      vertex 10.5 18.1865 4
      vertex 11.667 17.4609 4
    endloop
  endfacet
  facet normal -0.910848 -0.412742 0
    outer loop
      vertex 19.4015 8.03635 4
      vertex 18.8343 9.28806 11
      vertex 18.8343 9.28806 4
    endloop
  endfacet
  facet normal -0.910848 -0.412742 0
    outer loop
      vertex 18.8343 9.28806 11
      vertex 19.4015 8.03635 4
      vertex 19.4015 8.03635 11
    endloop
  endfacet
  facet normal 0.352211 0.935921 -0
    outer loop
      vertex -6.75023 -19.8855 4
      vertex -8.03635 -19.4015 11
      vertex -6.75023 -19.8855 11
    endloop
  endfacet
  facet normal 0.352211 0.935921 0
    outer loop
      vertex -8.03635 -19.4015 11
      vertex -6.75023 -19.8855 4
      vertex -8.03635 -19.4015 4
    endloop
  endfacet
  facet normal 0.910848 -0.412742 0
    outer loop
      vertex -19.4015 8.03635 11
      vertex -18.8343 9.28806 4
      vertex -18.8343 9.28806 11
    endloop
  endfacet
  facet normal 0.910848 -0.412742 0
    outer loop
      vertex -18.8343 9.28806 4
      vertex -19.4015 8.03635 11
      vertex -19.4015 8.03635 4
    endloop
  endfacet
  facet normal -0.935921 -0.352211 0
    outer loop
      vertex 19.8855 6.75023 4
      vertex 19.4015 8.03635 11
      vertex 19.4015 8.03635 4
    endloop
  endfacet
  facet normal -0.935921 -0.352211 0
    outer loop
      vertex 19.4015 8.03635 11
      vertex 19.8855 6.75023 4
      vertex 19.8855 6.75023 11
    endloop
  endfacet
  facet normal -0.227112 -0.973869 0
    outer loop
      vertex 4.0969 20.5965 4
      vertex 5.4352 20.2844 11
      vertex 4.0969 20.5965 11
    endloop
  endfacet
  facet normal -0.227112 -0.973869 -0
    outer loop
      vertex 5.4352 20.2844 11
      vertex 4.0969 20.5965 4
      vertex 5.4352 20.2844 4
    endloop
  endfacet
  facet normal 0.773013 0.63439 0
    outer loop
      vertex -15.7886 -13.8463 11
      vertex -16.6604 -12.784 4
      vertex -16.6604 -12.784 11
    endloop
  endfacet
  facet normal 0.773013 0.63439 0
    outer loop
      vertex -16.6604 -12.784 4
      vertex -15.7886 -13.8463 11
      vertex -15.7886 -13.8463 4
    endloop
  endfacet
  facet normal 0.729834 0.683624 0
    outer loop
      vertex -14.8492 -14.8492 11
      vertex -15.7886 -13.8463 4
      vertex -15.7886 -13.8463 11
    endloop
  endfacet
  facet normal 0.729834 0.683624 0
    outer loop
      vertex -15.7886 -13.8463 4
      vertex -14.8492 -14.8492 11
      vertex -14.8492 -14.8492 4
    endloop
  endfacet
  facet normal 0.471399 0.88192 -0
    outer loop
      vertex -9.28806 -18.8343 4
      vertex -10.5 -18.1865 11
      vertex -9.28806 -18.8343 11
    endloop
  endfacet
  facet normal 0.471399 0.88192 0
    outer loop
      vertex -10.5 -18.1865 11
      vertex -9.28806 -18.8343 4
      vertex -10.5 -18.1865 4
    endloop
  endfacet
  facet normal -0.812823 0.582511 0
    outer loop
      vertex 16.6604 -12.784 4
      vertex 17.4609 -11.667 11
      vertex 17.4609 -11.667 4
    endloop
  endfacet
  facet normal -0.812823 0.582511 0
    outer loop
      vertex 17.4609 -11.667 11
      vertex 16.6604 -12.784 4
      vertex 16.6604 -12.784 11
    endloop
  endfacet
  facet normal 0.999464 0.0327462 0
    outer loop
      vertex -20.955 -1.37347 11
      vertex -21 0 4
      vertex -21 0 11
    endloop
  endfacet
  facet normal 0.999464 0.0327462 0
    outer loop
      vertex -21 0 4
      vertex -20.955 -1.37347 11
      vertex -20.955 -1.37347 4
    endloop
  endfacet
  facet normal 0.412742 0.910848 -0
    outer loop
      vertex -8.03635 -19.4015 4
      vertex -9.28806 -18.8343 11
      vertex -8.03635 -19.4015 11
    endloop
  endfacet
  facet normal 0.412742 0.910848 0
    outer loop
      vertex -9.28806 -18.8343 11
      vertex -8.03635 -19.4015 4
      vertex -9.28806 -18.8343 4
    endloop
  endfacet
  facet normal 0.0980208 0.995184 -0
    outer loop
      vertex -1.37347 -20.955 4
      vertex -2.74105 -20.8203 11
      vertex -1.37347 -20.955 11
    endloop
  endfacet
  facet normal 0.0980208 0.995184 0
    outer loop
      vertex -2.74105 -20.8203 11
      vertex -1.37347 -20.955 4
      vertex -2.74105 -20.8203 4
    endloop
  endfacet
  facet normal 0.910848 0.412742 0
    outer loop
      vertex -18.8343 -9.28806 11
      vertex -19.4015 -8.03635 4
      vertex -19.4015 -8.03635 11
    endloop
  endfacet
  facet normal 0.910848 0.412742 0
    outer loop
      vertex -19.4015 -8.03635 4
      vertex -18.8343 -9.28806 11
      vertex -18.8343 -9.28806 4
    endloop
  endfacet
  facet normal 0.935921 0.352211 0
    outer loop
      vertex -19.4015 -8.03635 11
      vertex -19.8855 -6.75023 4
      vertex -19.8855 -6.75023 11
    endloop
  endfacet
  facet normal 0.935921 0.352211 0
    outer loop
      vertex -19.8855 -6.75023 4
      vertex -19.4015 -8.03635 11
      vertex -19.4015 -8.03635 4
    endloop
  endfacet
  facet normal -0.729834 -0.683624 0
    outer loop
      vertex 15.7886 13.8463 4
      vertex 14.8492 14.8492 11
      vertex 14.8492 14.8492 4
    endloop
  endfacet
  facet normal -0.729834 -0.683624 0
    outer loop
      vertex 14.8492 14.8492 11
      vertex 15.7886 13.8463 4
      vertex 15.7886 13.8463 11
    endloop
  endfacet
  facet normal 0.956942 0.290278 0
    outer loop
      vertex -19.8855 -6.75023 11
      vertex -20.2844 -5.4352 4
      vertex -20.2844 -5.4352 11
    endloop
  endfacet
  facet normal 0.956942 0.290278 0
    outer loop
      vertex -20.2844 -5.4352 4
      vertex -19.8855 -6.75023 11
      vertex -19.8855 -6.75023 4
    endloop
  endfacet
  facet normal 0.63439 -0.773013 0
    outer loop
      vertex -13.8463 15.7886 4
      vertex -12.784 16.6604 11
      vertex -13.8463 15.7886 11
    endloop
  endfacet
  facet normal 0.63439 -0.773013 0
    outer loop
      vertex -12.784 16.6604 11
      vertex -13.8463 15.7886 4
      vertex -12.784 16.6604 4
    endloop
  endfacet
  facet normal 0.812823 -0.582511 0
    outer loop
      vertex -17.4609 11.667 11
      vertex -16.6604 12.784 4
      vertex -16.6604 12.784 11
    endloop
  endfacet
  facet normal 0.812823 -0.582511 0
    outer loop
      vertex -16.6604 12.784 4
      vertex -17.4609 11.667 11
      vertex -17.4609 11.667 4
    endloop
  endfacet
  facet normal -0.352211 0.935921 0
    outer loop
      vertex 8.03635 -19.4015 4
      vertex 6.75023 -19.8855 11
      vertex 8.03635 -19.4015 11
    endloop
  endfacet
  facet normal -0.352211 0.935921 0
    outer loop
      vertex 6.75023 -19.8855 11
      vertex 8.03635 -19.4015 4
      vertex 6.75023 -19.8855 4
    endloop
  endfacet
  facet normal -0.849231 0.528022 0
    outer loop
      vertex 17.4609 -11.667 4
      vertex 18.1865 -10.5 11
      vertex 18.1865 -10.5 4
    endloop
  endfacet
  facet normal -0.849231 0.528022 0
    outer loop
      vertex 18.1865 -10.5 11
      vertex 17.4609 -11.667 4
      vertex 17.4609 -11.667 11
    endloop
  endfacet
  facet normal -0.290278 -0.956942 0
    outer loop
      vertex 5.4352 20.2844 4
      vertex 6.75023 19.8855 11
      vertex 5.4352 20.2844 11
    endloop
  endfacet
  facet normal -0.290278 -0.956942 -0
    outer loop
      vertex 6.75023 19.8855 11
      vertex 5.4352 20.2844 4
      vertex 6.75023 19.8855 4
    endloop
  endfacet
  facet normal -0.528022 0.849231 0
    outer loop
      vertex 11.667 -17.4609 4
      vertex 10.5 -18.1865 11
      vertex 11.667 -17.4609 11
    endloop
  endfacet
  facet normal -0.528022 0.849231 0
    outer loop
      vertex 10.5 -18.1865 11
      vertex 11.667 -17.4609 4
      vertex 10.5 -18.1865 4
    endloop
  endfacet
  facet normal -0.986649 -0.162859 0
    outer loop
      vertex 20.8203 2.74105 4
      vertex 20.5965 4.0969 11
      vertex 20.5965 4.0969 4
    endloop
  endfacet
  facet normal -0.986649 -0.162859 0
    outer loop
      vertex 20.5965 4.0969 11
      vertex 20.8203 2.74105 4
      vertex 20.8203 2.74105 11
    endloop
  endfacet
  facet normal 0.0327462 -0.999464 0
    outer loop
      vertex -1.37347 20.955 4
      vertex 0 21 11
      vertex -1.37347 20.955 11
    endloop
  endfacet
  facet normal 0.0327462 -0.999464 0
    outer loop
      vertex 0 21 11
      vertex -1.37347 20.955 4
      vertex 0 21 4
    endloop
  endfacet
  facet normal -0.683624 -0.729834 0
    outer loop
      vertex 13.8463 15.7886 4
      vertex 14.8492 14.8492 11
      vertex 13.8463 15.7886 11
    endloop
  endfacet
  facet normal -0.683624 -0.729834 -0
    outer loop
      vertex 14.8492 14.8492 11
      vertex 13.8463 15.7886 4
      vertex 14.8492 14.8492 4
    endloop
  endfacet
  facet normal -0.0327462 -0.999464 0
    outer loop
      vertex 0 21 4
      vertex 1.37347 20.955 11
      vertex 0 21 11
    endloop
  endfacet
  facet normal -0.0327462 -0.999464 -0
    outer loop
      vertex 1.37347 20.955 11
      vertex 0 21 4
      vertex 1.37347 20.955 4
    endloop
  endfacet
  facet normal 0.849231 0.528022 0
    outer loop
      vertex -17.4609 -11.667 11
      vertex -18.1865 -10.5 4
      vertex -18.1865 -10.5 11
    endloop
  endfacet
  facet normal 0.849231 0.528022 0
    outer loop
      vertex -18.1865 -10.5 4
      vertex -17.4609 -11.667 11
      vertex -17.4609 -11.667 4
    endloop
  endfacet
  facet normal -0.729834 0.683624 0
    outer loop
      vertex 14.8492 -14.8492 4
      vertex 15.7886 -13.8463 11
      vertex 15.7886 -13.8463 4
    endloop
  endfacet
  facet normal -0.729834 0.683624 0
    outer loop
      vertex 15.7886 -13.8463 11
      vertex 14.8492 -14.8492 4
      vertex 14.8492 -14.8492 11
    endloop
  endfacet
  facet normal -0.162859 0.986649 0
    outer loop
      vertex 4.0969 -20.5965 4
      vertex 2.74105 -20.8203 11
      vertex 4.0969 -20.5965 11
    endloop
  endfacet
  facet normal -0.162859 0.986649 0
    outer loop
      vertex 2.74105 -20.8203 11
      vertex 4.0969 -20.5965 4
      vertex 2.74105 -20.8203 4
    endloop
  endfacet
  facet normal -0.412742 -0.910848 0
    outer loop
      vertex 8.03635 19.4015 4
      vertex 9.28806 18.8343 11
      vertex 8.03635 19.4015 11
    endloop
  endfacet
  facet normal -0.412742 -0.910848 -0
    outer loop
      vertex 9.28806 18.8343 11
      vertex 8.03635 19.4015 4
      vertex 9.28806 18.8343 4
    endloop
  endfacet
  facet normal 0.582511 0.812823 -0
    outer loop
      vertex -11.667 -17.4609 4
      vertex -12.784 -16.6604 11
      vertex -11.667 -17.4609 11
    endloop
  endfacet
  facet normal 0.582511 0.812823 0
    outer loop
      vertex -12.784 -16.6604 11
      vertex -11.667 -17.4609 4
      vertex -12.784 -16.6604 4
    endloop
  endfacet
  facet normal -0.683624 0.729834 0
    outer loop
      vertex 14.8492 -14.8492 4
      vertex 13.8463 -15.7886 11
      vertex 14.8492 -14.8492 11
    endloop
  endfacet
  facet normal -0.683624 0.729834 0
    outer loop
      vertex 13.8463 -15.7886 11
      vertex 14.8492 -14.8492 4
      vertex 13.8463 -15.7886 4
    endloop
  endfacet
  facet normal -0.773013 -0.63439 0
    outer loop
      vertex 16.6604 12.784 4
      vertex 15.7886 13.8463 11
      vertex 15.7886 13.8463 4
    endloop
  endfacet
  facet normal -0.773013 -0.63439 0
    outer loop
      vertex 15.7886 13.8463 11
      vertex 16.6604 12.784 4
      vertex 16.6604 12.784 11
    endloop
  endfacet
  facet normal 0.973869 0.227112 0
    outer loop
      vertex -20.2844 -5.4352 11
      vertex -20.5965 -4.0969 4
      vertex -20.5965 -4.0969 11
    endloop
  endfacet
  facet normal 0.973869 0.227112 0
    outer loop
      vertex -20.5965 -4.0969 4
      vertex -20.2844 -5.4352 11
      vertex -20.2844 -5.4352 4
    endloop
  endfacet
  facet normal -0.956942 0.290278 0
    outer loop
      vertex 19.8855 -6.75023 4
      vertex 20.2844 -5.4352 11
      vertex 20.2844 -5.4352 4
    endloop
  endfacet
  facet normal -0.956942 0.290278 0
    outer loop
      vertex 20.2844 -5.4352 11
      vertex 19.8855 -6.75023 4
      vertex 19.8855 -6.75023 11
    endloop
  endfacet
  facet normal -0.956942 -0.290278 0
    outer loop
      vertex 20.2844 5.4352 4
      vertex 19.8855 6.75023 11
      vertex 19.8855 6.75023 4
    endloop
  endfacet
  facet normal -0.956942 -0.290278 0
    outer loop
      vertex 19.8855 6.75023 11
      vertex 20.2844 5.4352 4
      vertex 20.2844 5.4352 11
    endloop
  endfacet
  facet normal 0.0980208 -0.995184 0
    outer loop
      vertex -2.74105 20.8203 4
      vertex -1.37347 20.955 11
      vertex -2.74105 20.8203 11
    endloop
  endfacet
  facet normal 0.0980208 -0.995184 0
    outer loop
      vertex -1.37347 20.955 11
      vertex -2.74105 20.8203 4
      vertex -1.37347 20.955 4
    endloop
  endfacet
  facet normal -0.412742 0.910848 0
    outer loop
      vertex 9.28806 -18.8343 4
      vertex 8.03635 -19.4015 11
      vertex 9.28806 -18.8343 11
    endloop
  endfacet
  facet normal -0.412742 0.910848 0
    outer loop
      vertex 8.03635 -19.4015 11
      vertex 9.28806 -18.8343 4
      vertex 8.03635 -19.4015 4
    endloop
  endfacet
  facet normal -0.0980208 0.995184 0
    outer loop
      vertex 2.74105 -20.8203 4
      vertex 1.37347 -20.955 11
      vertex 2.74105 -20.8203 11
    endloop
  endfacet
  facet normal -0.0980208 0.995184 0
    outer loop
      vertex 1.37347 -20.955 11
      vertex 2.74105 -20.8203 4
      vertex 1.37347 -20.955 4
    endloop
  endfacet
  facet normal -0.999464 -0.0327462 0
    outer loop
      vertex 21 0 4
      vertex 20.955 1.37347 11
      vertex 20.955 1.37347 4
    endloop
  endfacet
  facet normal -0.999464 -0.0327462 0
    outer loop
      vertex 20.955 1.37347 11
      vertex 21 0 4
      vertex 21 0 11
    endloop
  endfacet
  facet normal 0.227112 -0.973869 0
    outer loop
      vertex -5.4352 20.2844 4
      vertex -4.0969 20.5965 11
      vertex -5.4352 20.2844 11
    endloop
  endfacet
  facet normal 0.227112 -0.973869 0
    outer loop
      vertex -4.0969 20.5965 11
      vertex -5.4352 20.2844 4
      vertex -4.0969 20.5965 4
    endloop
  endfacet
  facet normal 0.290278 -0.956942 0
    outer loop
      vertex -6.75023 19.8855 4
      vertex -5.4352 20.2844 11
      vertex -6.75023 19.8855 11
    endloop
  endfacet
  facet normal 0.290278 -0.956942 0
    outer loop
      vertex -5.4352 20.2844 11
      vertex -6.75023 19.8855 4
      vertex -5.4352 20.2844 4
    endloop
  endfacet
  facet normal -0.471399 -0.88192 0
    outer loop
      vertex 9.28806 18.8343 4
      vertex 10.5 18.1865 11
      vertex 9.28806 18.8343 11
    endloop
  endfacet
  facet normal -0.471399 -0.88192 -0
    outer loop
      vertex 10.5 18.1865 11
      vertex 9.28806 18.8343 4
      vertex 10.5 18.1865 4
    endloop
  endfacet
  facet normal -0.63439 0.773013 0
    outer loop
      vertex 13.8463 -15.7886 4
      vertex 12.784 -16.6604 11
      vertex 13.8463 -15.7886 11
    endloop
  endfacet
  facet normal -0.63439 0.773013 0
    outer loop
      vertex 12.784 -16.6604 11
      vertex 13.8463 -15.7886 4
      vertex 12.784 -16.6604 4
    endloop
  endfacet
  facet normal -0.471399 0.88192 0
    outer loop
      vertex 10.5 -18.1865 4
      vertex 9.28806 -18.8343 11
      vertex 10.5 -18.1865 11
    endloop
  endfacet
  facet normal -0.471399 0.88192 0
    outer loop
      vertex 9.28806 -18.8343 11
      vertex 10.5 -18.1865 4
      vertex 9.28806 -18.8343 4
    endloop
  endfacet
  facet normal -0.0654432 -0.997856 0
    outer loop
      vertex -25.72 -20.2595 4
      vertex -25.3937 -20.2809 10
      vertex -25.72 -20.2595 10
    endloop
  endfacet
  facet normal -0.0654432 -0.997856 -0
    outer loop
      vertex -25.3937 -20.2809 10
      vertex -25.72 -20.2595 4
      vertex -25.3937 -20.2809 4
    endloop
  endfacet
  facet normal -0.980792 0.195058 0
    outer loop
      vertex -27.8723 -17.4546 4
      vertex -27.8085 -17.1338 10
      vertex -27.8085 -17.1338 4
    endloop
  endfacet
  facet normal -0.980792 0.195058 0
    outer loop
      vertex -27.8085 -17.1338 10
      vertex -27.8723 -17.4546 4
      vertex -27.8723 -17.4546 10
    endloop
  endfacet
  facet normal -0.997856 0.0654432 0
    outer loop
      vertex -27.8937 -17.7809 4
      vertex -27.8723 -17.4546 10
      vertex -27.8723 -17.4546 4
    endloop
  endfacet
  facet normal -0.997856 0.0654432 0
    outer loop
      vertex -27.8723 -17.4546 10
      vertex -27.8937 -17.7809 4
      vertex -27.8937 -17.7809 10
    endloop
  endfacet
  facet normal -0.946926 0.321453 0
    outer loop
      vertex -27.8085 -17.1338 4
      vertex -27.7034 -16.8242 10
      vertex -27.7034 -16.8242 4
    endloop
  endfacet
  facet normal -0.946926 0.321453 0
    outer loop
      vertex -27.7034 -16.8242 10
      vertex -27.8085 -17.1338 4
      vertex -27.8085 -17.1338 10
    endloop
  endfacet
  facet normal 0.980792 0.195058 0
    outer loop
      vertex -22.9151 -17.4546 10
      vertex -22.9789 -17.1338 4
      vertex -22.9789 -17.1338 10
    endloop
  endfacet
  facet normal 0.980792 0.195058 0
    outer loop
      vertex -22.9789 -17.1338 4
      vertex -22.9151 -17.4546 10
      vertex -22.9151 -17.4546 4
    endloop
  endfacet
  facet normal 0.997856 -0.0654432 0
    outer loop
      vertex -22.9151 -18.1072 10
      vertex -22.8937 -17.7809 4
      vertex -22.8937 -17.7809 10
    endloop
  endfacet
  facet normal 0.997856 -0.0654432 0
    outer loop
      vertex -22.8937 -17.7809 4
      vertex -22.9151 -18.1072 10
      vertex -22.9151 -18.1072 4
    endloop
  endfacet
  facet normal -0.195058 0.980792 0
    outer loop
      vertex -25.72 -15.3023 4
      vertex -26.0408 -15.3661 10
      vertex -25.72 -15.3023 10
    endloop
  endfacet
  facet normal -0.195058 0.980792 0
    outer loop
      vertex -26.0408 -15.3661 10
      vertex -25.72 -15.3023 4
      vertex -26.0408 -15.3661 4
    endloop
  endfacet
  facet normal 0.831438 -0.555617 0
    outer loop
      vertex -23.4103 -19.3028 10
      vertex -23.2286 -19.0309 4
      vertex -23.2286 -19.0309 10
    endloop
  endfacet
  facet normal 0.831438 -0.555617 0
    outer loop
      vertex -23.2286 -19.0309 4
      vertex -23.4103 -19.3028 10
      vertex -23.4103 -19.3028 4
    endloop
  endfacet
  facet normal 0.98078 -0.195116 0
    outer loop
      vertex -22.9789 -18.4279 10
      vertex -22.9151 -18.1072 4
      vertex -22.9151 -18.1072 10
    endloop
  endfacet
  facet normal 0.98078 -0.195116 0
    outer loop
      vertex -22.9151 -18.1072 4
      vertex -22.9789 -18.4279 10
      vertex -22.9789 -18.4279 4
    endloop
  endfacet
  facet normal -0.321453 0.946926 0
    outer loop
      vertex -26.0408 -15.3661 4
      vertex -26.3504 -15.4712 10
      vertex -26.0408 -15.3661 10
    endloop
  endfacet
  facet normal -0.321453 0.946926 0
    outer loop
      vertex -26.3504 -15.4712 10
      vertex -26.0408 -15.3661 4
      vertex -26.3504 -15.4712 4
    endloop
  endfacet
  facet normal -0.896921 -0.442191 0
    outer loop
      vertex -27.5588 -19.0309 4
      vertex -27.7034 -18.7376 10
      vertex -27.7034 -18.7376 4
    endloop
  endfacet
  facet normal -0.896921 -0.442191 0
    outer loop
      vertex -27.7034 -18.7376 10
      vertex -27.5588 -19.0309 4
      vertex -27.5588 -19.0309 10
    endloop
  endfacet
  facet normal -0.831438 0.555617 0
    outer loop
      vertex -27.5588 -16.5309 4
      vertex -27.3771 -16.259 10
      vertex -27.3771 -16.259 4
    endloop
  endfacet
  facet normal -0.831438 0.555617 0
    outer loop
      vertex -27.3771 -16.259 10
      vertex -27.5588 -16.5309 4
      vertex -27.5588 -16.5309 10
    endloop
  endfacet
  facet normal -0.896921 0.442191 0
    outer loop
      vertex -27.7034 -16.8242 4
      vertex -27.5588 -16.5309 10
      vertex -27.5588 -16.5309 4
    endloop
  endfacet
  facet normal -0.896921 0.442191 0
    outer loop
      vertex -27.5588 -16.5309 10
      vertex -27.7034 -16.8242 4
      vertex -27.7034 -16.8242 10
    endloop
  endfacet
  facet normal -0.997856 -0.0654432 0
    outer loop
      vertex -27.8723 -18.1072 4
      vertex -27.8937 -17.7809 10
      vertex -27.8937 -17.7809 4
    endloop
  endfacet
  facet normal -0.997856 -0.0654432 0
    outer loop
      vertex -27.8937 -17.7809 10
      vertex -27.8723 -18.1072 4
      vertex -27.8723 -18.1072 10
    endloop
  endfacet
  facet normal 0.896921 0.442191 0
    outer loop
      vertex -23.084 -16.8242 10
      vertex -23.2286 -16.5309 4
      vertex -23.2286 -16.5309 10
    endloop
  endfacet
  facet normal 0.896921 0.442191 0
    outer loop
      vertex -23.2286 -16.5309 4
      vertex -23.084 -16.8242 10
      vertex -23.084 -16.8242 4
    endloop
  endfacet
  facet normal -0.659262 0.751913 0
    outer loop
      vertex -26.9156 -15.7975 4
      vertex -27.1615 -16.0131 10
      vertex -26.9156 -15.7975 10
    endloop
  endfacet
  facet normal -0.659262 0.751913 0
    outer loop
      vertex -27.1615 -16.0131 10
      vertex -26.9156 -15.7975 4
      vertex -27.1615 -16.0131 4
    endloop
  endfacet
  facet normal -0.98078 -0.195116 0
    outer loop
      vertex -27.8085 -18.4279 4
      vertex -27.8723 -18.1072 10
      vertex -27.8723 -18.1072 4
    endloop
  endfacet
  facet normal -0.98078 -0.195116 0
    outer loop
      vertex -27.8723 -18.1072 10
      vertex -27.8085 -18.4279 4
      vertex -27.8085 -18.4279 10
    endloop
  endfacet
  facet normal -0.751913 0.659262 0
    outer loop
      vertex -27.3771 -16.259 4
      vertex -27.1615 -16.0131 10
      vertex -27.1615 -16.0131 4
    endloop
  endfacet
  facet normal -0.751913 0.659262 0
    outer loop
      vertex -27.1615 -16.0131 10
      vertex -27.3771 -16.259 4
      vertex -27.3771 -16.259 10
    endloop
  endfacet
  facet normal 0.195116 0.98078 -0
    outer loop
      vertex -24.7467 -15.3661 4
      vertex -25.0674 -15.3023 10
      vertex -24.7467 -15.3661 10
    endloop
  endfacet
  facet normal 0.195116 0.98078 0
    outer loop
      vertex -25.0674 -15.3023 10
      vertex -24.7467 -15.3661 4
      vertex -25.0674 -15.3023 4
    endloop
  endfacet
  facet normal 0.555617 0.831438 -0
    outer loop
      vertex -23.8718 -15.7975 4
      vertex -24.1437 -15.6158 10
      vertex -23.8718 -15.7975 10
    endloop
  endfacet
  facet normal 0.555617 0.831438 0
    outer loop
      vertex -24.1437 -15.6158 10
      vertex -23.8718 -15.7975 4
      vertex -24.1437 -15.6158 4
    endloop
  endfacet
  facet normal 0.997856 0.0654432 0
    outer loop
      vertex -22.8937 -17.7809 10
      vertex -22.9151 -17.4546 4
      vertex -22.9151 -17.4546 10
    endloop
  endfacet
  facet normal 0.997856 0.0654432 0
    outer loop
      vertex -22.9151 -17.4546 4
      vertex -22.8937 -17.7809 10
      vertex -22.8937 -17.7809 4
    endloop
  endfacet
  facet normal -0.946957 -0.32136 0
    outer loop
      vertex -27.7034 -18.7376 4
      vertex -27.8085 -18.4279 10
      vertex -27.8085 -18.4279 4
    endloop
  endfacet
  facet normal -0.946957 -0.32136 0
    outer loop
      vertex -27.8085 -18.4279 10
      vertex -27.7034 -18.7376 4
      vertex -27.7034 -18.7376 10
    endloop
  endfacet
  facet normal 0.0654432 0.997856 -0
    outer loop
      vertex -25.0674 -15.3023 4
      vertex -25.3937 -15.2809 10
      vertex -25.0674 -15.3023 10
    endloop
  endfacet
  facet normal 0.0654432 0.997856 0
    outer loop
      vertex -25.3937 -15.2809 10
      vertex -25.0674 -15.3023 4
      vertex -25.3937 -15.2809 4
    endloop
  endfacet
  facet normal 0.32136 0.946957 -0
    outer loop
      vertex -24.437 -15.4712 4
      vertex -24.7467 -15.3661 10
      vertex -24.437 -15.4712 10
    endloop
  endfacet
  facet normal 0.32136 0.946957 0
    outer loop
      vertex -24.7467 -15.3661 10
      vertex -24.437 -15.4712 4
      vertex -24.7467 -15.3661 4
    endloop
  endfacet
  facet normal -0.555406 -0.831579 0
    outer loop
      vertex -26.9156 -19.7643 4
      vertex -26.6437 -19.9459 10
      vertex -26.9156 -19.7643 10
    endloop
  endfacet
  facet normal -0.555406 -0.831579 -0
    outer loop
      vertex -26.6437 -19.9459 10
      vertex -26.9156 -19.7643 4
      vertex -26.6437 -19.9459 4
    endloop
  endfacet
  facet normal 0.442437 -0.896799 0
    outer loop
      vertex -24.437 -20.0906 4
      vertex -24.1437 -19.9459 10
      vertex -24.437 -20.0906 10
    endloop
  endfacet
  facet normal 0.442437 -0.896799 0
    outer loop
      vertex -24.1437 -19.9459 10
      vertex -24.437 -20.0906 4
      vertex -24.1437 -19.9459 4
    endloop
  endfacet
  facet normal -0.831438 -0.555617 0
    outer loop
      vertex -27.3771 -19.3028 4
      vertex -27.5588 -19.0309 10
      vertex -27.5588 -19.0309 4
    endloop
  endfacet
  facet normal -0.831438 -0.555617 0
    outer loop
      vertex -27.5588 -19.0309 10
      vertex -27.3771 -19.3028 4
      vertex -27.3771 -19.3028 10
    endloop
  endfacet
  facet normal 0.442191 0.896921 -0
    outer loop
      vertex -24.1437 -15.6158 4
      vertex -24.437 -15.4712 10
      vertex -24.1437 -15.6158 10
    endloop
  endfacet
  facet normal 0.442191 0.896921 0
    outer loop
      vertex -24.437 -15.4712 10
      vertex -24.1437 -15.6158 4
      vertex -24.437 -15.4712 4
    endloop
  endfacet
  facet normal -0.442437 -0.896799 0
    outer loop
      vertex -26.6437 -19.9459 4
      vertex -26.3504 -20.0906 10
      vertex -26.6437 -19.9459 10
    endloop
  endfacet
  facet normal -0.442437 -0.896799 -0
    outer loop
      vertex -26.3504 -20.0906 10
      vertex -26.6437 -19.9459 4
      vertex -26.3504 -20.0906 4
    endloop
  endfacet
  facet normal 0.659262 0.751913 -0
    outer loop
      vertex -23.6259 -16.0131 4
      vertex -23.8718 -15.7975 10
      vertex -23.6259 -16.0131 10
    endloop
  endfacet
  facet normal 0.659262 0.751913 0
    outer loop
      vertex -23.8718 -15.7975 10
      vertex -23.6259 -16.0131 4
      vertex -23.8718 -15.7975 4
    endloop
  endfacet
  facet normal -0.195058 -0.980792 0
    outer loop
      vertex -26.0408 -20.1957 4
      vertex -25.72 -20.2595 10
      vertex -26.0408 -20.1957 10
    endloop
  endfacet
  facet normal -0.195058 -0.980792 -0
    outer loop
      vertex -25.72 -20.2595 10
      vertex -26.0408 -20.1957 4
      vertex -25.72 -20.2595 4
    endloop
  endfacet
  facet normal 0.896921 -0.442191 0
    outer loop
      vertex -23.2286 -19.0309 10
      vertex -23.084 -18.7376 4
      vertex -23.084 -18.7376 10
    endloop
  endfacet
  facet normal 0.896921 -0.442191 0
    outer loop
      vertex -23.084 -18.7376 4
      vertex -23.2286 -19.0309 10
      vertex -23.2286 -19.0309 4
    endloop
  endfacet
  facet normal -0.0654432 0.997856 0
    outer loop
      vertex -25.3937 -15.2809 4
      vertex -25.72 -15.3023 10
      vertex -25.3937 -15.2809 10
    endloop
  endfacet
  facet normal -0.0654432 0.997856 0
    outer loop
      vertex -25.72 -15.3023 10
      vertex -25.3937 -15.2809 4
      vertex -25.72 -15.3023 4
    endloop
  endfacet
  facet normal 0.946957 -0.32136 0
    outer loop
      vertex -23.084 -18.7376 10
      vertex -22.9789 -18.4279 4
      vertex -22.9789 -18.4279 10
    endloop
  endfacet
  facet normal 0.946957 -0.32136 0
    outer loop
      vertex -22.9789 -18.4279 4
      vertex -23.084 -18.7376 10
      vertex -23.084 -18.7376 4
    endloop
  endfacet
  facet normal -0.75178 -0.659414 0
    outer loop
      vertex -27.1615 -19.5486 4
      vertex -27.3771 -19.3028 10
      vertex -27.3771 -19.3028 4
    endloop
  endfacet
  facet normal -0.75178 -0.659414 0
    outer loop
      vertex -27.3771 -19.3028 10
      vertex -27.1615 -19.5486 4
      vertex -27.1615 -19.5486 10
    endloop
  endfacet
  facet normal -0.321453 -0.946926 0
    outer loop
      vertex -26.3504 -20.0906 4
      vertex -26.0408 -20.1957 10
      vertex -26.3504 -20.0906 10
    endloop
  endfacet
  facet normal -0.321453 -0.946926 -0
    outer loop
      vertex -26.0408 -20.1957 10
      vertex -26.3504 -20.0906 4
      vertex -26.0408 -20.1957 4
    endloop
  endfacet
  facet normal -0.442191 0.896921 0
    outer loop
      vertex -26.3504 -15.4712 4
      vertex -26.6437 -15.6158 10
      vertex -26.3504 -15.4712 10
    endloop
  endfacet
  facet normal -0.442191 0.896921 0
    outer loop
      vertex -26.6437 -15.6158 10
      vertex -26.3504 -15.4712 4
      vertex -26.6437 -15.6158 4
    endloop
  endfacet
  facet normal 0.32136 -0.946957 0
    outer loop
      vertex -24.7467 -20.1957 4
      vertex -24.437 -20.0906 10
      vertex -24.7467 -20.1957 10
    endloop
  endfacet
  facet normal 0.32136 -0.946957 0
    outer loop
      vertex -24.437 -20.0906 10
      vertex -24.7467 -20.1957 4
      vertex -24.437 -20.0906 4
    endloop
  endfacet
  facet normal -0.555617 0.831438 0
    outer loop
      vertex -26.6437 -15.6158 4
      vertex -26.9156 -15.7975 10
      vertex -26.6437 -15.6158 10
    endloop
  endfacet
  facet normal -0.555617 0.831438 0
    outer loop
      vertex -26.9156 -15.7975 10
      vertex -26.6437 -15.6158 4
      vertex -26.9156 -15.7975 4
    endloop
  endfacet
  facet normal 0.659435 -0.751762 0
    outer loop
      vertex -23.8718 -19.7643 4
      vertex -23.6259 -19.5486 10
      vertex -23.8718 -19.7643 10
    endloop
  endfacet
  facet normal 0.659435 -0.751762 0
    outer loop
      vertex -23.6259 -19.5486 10
      vertex -23.8718 -19.7643 4
      vertex -23.6259 -19.5486 4
    endloop
  endfacet
  facet normal 0.751913 0.659262 0
    outer loop
      vertex -23.4103 -16.259 10
      vertex -23.6259 -16.0131 4
      vertex -23.6259 -16.0131 10
    endloop
  endfacet
  facet normal 0.751913 0.659262 0
    outer loop
      vertex -23.6259 -16.0131 4
      vertex -23.4103 -16.259 10
      vertex -23.4103 -16.259 4
    endloop
  endfacet
  facet normal 0.195116 -0.98078 0
    outer loop
      vertex -25.0674 -20.2595 4
      vertex -24.7467 -20.1957 10
      vertex -25.0674 -20.2595 10
    endloop
  endfacet
  facet normal 0.195116 -0.98078 0
    outer loop
      vertex -24.7467 -20.1957 10
      vertex -25.0674 -20.2595 4
      vertex -24.7467 -20.1957 4
    endloop
  endfacet
  facet normal 0.831438 0.555617 0
    outer loop
      vertex -23.2286 -16.5309 10
      vertex -23.4103 -16.259 4
      vertex -23.4103 -16.259 10
    endloop
  endfacet
  facet normal 0.831438 0.555617 0
    outer loop
      vertex -23.4103 -16.259 4
      vertex -23.2286 -16.5309 10
      vertex -23.2286 -16.5309 4
    endloop
  endfacet
  facet normal 0.0654432 -0.997856 0
    outer loop
      vertex -25.3937 -20.2809 4
      vertex -25.0674 -20.2595 10
      vertex -25.3937 -20.2809 10
    endloop
  endfacet
  facet normal 0.0654432 -0.997856 0
    outer loop
      vertex -25.0674 -20.2595 10
      vertex -25.3937 -20.2809 4
      vertex -25.0674 -20.2595 4
    endloop
  endfacet
  facet normal -0.659435 -0.751762 0
    outer loop
      vertex -27.1615 -19.5486 4
      vertex -26.9156 -19.7643 10
      vertex -27.1615 -19.5486 10
    endloop
  endfacet
  facet normal -0.659435 -0.751762 -0
    outer loop
      vertex -26.9156 -19.7643 10
      vertex -27.1615 -19.5486 4
      vertex -26.9156 -19.7643 4
    endloop
  endfacet
  facet normal 0.75178 -0.659414 0
    outer loop
      vertex -23.6259 -19.5486 10
      vertex -23.4103 -19.3028 4
      vertex -23.4103 -19.3028 10
    endloop
  endfacet
  facet normal 0.75178 -0.659414 0
    outer loop
      vertex -23.4103 -19.3028 4
      vertex -23.6259 -19.5486 10
      vertex -23.6259 -19.5486 4
    endloop
  endfacet
  facet normal 0 0 1
    outer loop
      vertex -22.9151 -17.4546 10
      vertex -22.9151 -18.1072 10
      vertex -22.8937 -17.7809 10
    endloop
  endfacet
  facet normal 0 0 1
    outer loop
      vertex -22.9789 -17.1338 10
      vertex -22.9151 -18.1072 10
      vertex -22.9151 -17.4546 10
    endloop
  endfacet
  facet normal 0 0 1
    outer loop
      vertex -22.9789 -17.1338 10
      vertex -22.9789 -18.4279 10
      vertex -22.9151 -18.1072 10
    endloop
  endfacet
  facet normal 0 0 1
    outer loop
      vertex -23.084 -16.8242 10
      vertex -22.9789 -18.4279 10
      vertex -22.9789 -17.1338 10
    endloop
  endfacet
  facet normal 0 0 1
    outer loop
      vertex -23.084 -16.8242 10
      vertex -23.084 -18.7376 10
      vertex -22.9789 -18.4279 10
    endloop
  endfacet
  facet normal 0 0 1
    outer loop
      vertex -23.2286 -16.5309 10
      vertex -23.084 -18.7376 10
      vertex -23.084 -16.8242 10
    endloop
  endfacet
  facet normal 0 0 1
    outer loop
      vertex -23.2286 -16.5309 10
      vertex -23.2286 -19.0309 10
      vertex -23.084 -18.7376 10
    endloop
  endfacet
  facet normal 0 0 1
    outer loop
      vertex -23.4103 -16.259 10
      vertex -23.2286 -19.0309 10
      vertex -23.2286 -16.5309 10
    endloop
  endfacet
  facet normal 0 0 1
    outer loop
      vertex -23.4103 -16.259 10
      vertex -23.4103 -19.3028 10
      vertex -23.2286 -19.0309 10
    endloop
  endfacet
  facet normal 0 0 1
    outer loop
      vertex -23.6259 -16.0131 10
      vertex -23.4103 -19.3028 10
      vertex -23.4103 -16.259 10
    endloop
  endfacet
  facet normal 0 0 1
    outer loop
      vertex -23.6259 -16.0131 10
      vertex -23.6259 -19.5486 10
      vertex -23.4103 -19.3028 10
    endloop
  endfacet
  facet normal 0 0 1
    outer loop
      vertex -23.8718 -15.7975 10
      vertex -23.6259 -19.5486 10
      vertex -23.6259 -16.0131 10
    endloop
  endfacet
  facet normal 0 0 1
    outer loop
      vertex -23.8718 -15.7975 10
      vertex -23.8718 -19.7643 10
      vertex -23.6259 -19.5486 10
    endloop
  endfacet
  facet normal 0 0 1
    outer loop
      vertex -24.1437 -15.6158 10
      vertex -23.8718 -19.7643 10
      vertex -23.8718 -15.7975 10
    endloop
  endfacet
  facet normal 0 0 1
    outer loop
      vertex -24.1437 -15.6158 10
      vertex -24.1437 -19.9459 10
      vertex -23.8718 -19.7643 10
    endloop
  endfacet
  facet normal 0 0 1
    outer loop
      vertex -24.437 -15.4712 10
      vertex -24.1437 -19.9459 10
      vertex -24.1437 -15.6158 10
    endloop
  endfacet
  facet normal 0 0 1
    outer loop
      vertex -24.437 -15.4712 10
      vertex -24.437 -20.0906 10
      vertex -24.1437 -19.9459 10
    endloop
  endfacet
  facet normal 0 0 1
    outer loop
      vertex -24.7467 -15.3661 10
      vertex -24.437 -20.0906 10
      vertex -24.437 -15.4712 10
    endloop
  endfacet
  facet normal 0 0 1
    outer loop
      vertex -24.7467 -15.3661 10
      vertex -24.7467 -20.1957 10
      vertex -24.437 -20.0906 10
    endloop
  endfacet
  facet normal 0 0 1
    outer loop
      vertex -25.0674 -15.3023 10
      vertex -24.7467 -20.1957 10
      vertex -24.7467 -15.3661 10
    endloop
  endfacet
  facet normal 0 0 1
    outer loop
      vertex -25.0674 -15.3023 10
      vertex -25.0674 -20.2595 10
      vertex -24.7467 -20.1957 10
    endloop
  endfacet
  facet normal 0 0 1
    outer loop
      vertex -25.3937 -15.2809 10
      vertex -25.0674 -20.2595 10
      vertex -25.0674 -15.3023 10
    endloop
  endfacet
  facet normal 0 0 1
    outer loop
      vertex -25.3937 -15.2809 10
      vertex -25.3937 -20.2809 10
      vertex -25.0674 -20.2595 10
    endloop
  endfacet
  facet normal -0 0 1
    outer loop
      vertex -25.72 -15.3023 10
      vertex -25.3937 -20.2809 10
      vertex -25.3937 -15.2809 10
    endloop
  endfacet
  facet normal 0 0 1
    outer loop
      vertex -25.72 -15.3023 10
      vertex -25.72 -20.2595 10
      vertex -25.3937 -20.2809 10
    endloop
  endfacet
  facet normal -0 0 1
    outer loop
      vertex -26.0408 -15.3661 10
      vertex -25.72 -20.2595 10
      vertex -25.72 -15.3023 10
    endloop
  endfacet
  facet normal 0 0 1
    outer loop
      vertex -26.0408 -15.3661 10
      vertex -26.0408 -20.1957 10
      vertex -25.72 -20.2595 10
    endloop
  endfacet
  facet normal -0 0 1
    outer loop
      vertex -26.3504 -15.4712 10
      vertex -26.0408 -20.1957 10
      vertex -26.0408 -15.3661 10
    endloop
  endfacet
  facet normal 0 0 1
    outer loop
      vertex -26.3504 -15.4712 10
      vertex -26.3504 -20.0906 10
      vertex -26.0408 -20.1957 10
    endloop
  endfacet
  facet normal -0 0 1
    outer loop
      vertex -26.6437 -15.6158 10
      vertex -26.3504 -20.0906 10
      vertex -26.3504 -15.4712 10
    endloop
  endfacet
  facet normal 0 0 1
    outer loop
      vertex -26.6437 -15.6158 10
      vertex -26.6437 -19.9459 10
      vertex -26.3504 -20.0906 10
    endloop
  endfacet
  facet normal -0 0 1
    outer loop
      vertex -26.9156 -15.7975 10
      vertex -26.6437 -19.9459 10
      vertex -26.6437 -15.6158 10
    endloop
  endfacet
  facet normal 0 0 1
    outer loop
      vertex -26.9156 -15.7975 10
      vertex -26.9156 -19.7643 10
      vertex -26.6437 -19.9459 10
    endloop
  endfacet
  facet normal -0 0 1
    outer loop
      vertex -27.1615 -16.0131 10
      vertex -26.9156 -19.7643 10
      vertex -26.9156 -15.7975 10
    endloop
  endfacet
  facet normal 0 0 1
    outer loop
      vertex -27.1615 -16.0131 10
      vertex -27.1615 -19.5486 10
      vertex -26.9156 -19.7643 10
    endloop
  endfacet
  facet normal -0 0 1
    outer loop
      vertex -27.3771 -16.259 10
      vertex -27.1615 -19.5486 10
      vertex -27.1615 -16.0131 10
    endloop
  endfacet
  facet normal 0 0 1
    outer loop
      vertex -27.3771 -16.259 10
      vertex -27.3771 -19.3028 10
      vertex -27.1615 -19.5486 10
    endloop
  endfacet
  facet normal -0 0 1
    outer loop
      vertex -27.5588 -16.5309 10
      vertex -27.3771 -19.3028 10
      vertex -27.3771 -16.259 10
    endloop
  endfacet
  facet normal 0 0 1
    outer loop
      vertex -27.5588 -16.5309 10
      vertex -27.5588 -19.0309 10
      vertex -27.3771 -19.3028 10
    endloop
  endfacet
  facet normal -0 0 1
    outer loop
      vertex -27.7034 -16.8242 10
      vertex -27.5588 -19.0309 10
      vertex -27.5588 -16.5309 10
    endloop
  endfacet
  facet normal 0 0 1
    outer loop
      vertex -27.7034 -16.8242 10
      vertex -27.7034 -18.7376 10
      vertex -27.5588 -19.0309 10
    endloop
  endfacet
  facet normal -0 0 1
    outer loop
      vertex -27.8085 -17.1338 10
      vertex -27.7034 -18.7376 10
      vertex -27.7034 -16.8242 10
    endloop
  endfacet
  facet normal 0 0 1
    outer loop
      vertex -27.8085 -17.1338 10
      vertex -27.8085 -18.4279 10
      vertex -27.7034 -18.7376 10
    endloop
  endfacet
  facet normal -0 0 1
    outer loop
      vertex -27.8723 -17.4546 10
      vertex -27.8085 -18.4279 10
      vertex -27.8085 -17.1338 10
    endloop
  endfacet
  facet normal 0 0 1
    outer loop
      vertex -27.8723 -17.4546 10
      vertex -27.8723 -18.1072 10
      vertex -27.8085 -18.4279 10
    endloop
  endfacet
  facet normal 0 -0 1
    outer loop
      vertex -27.8723 -18.1072 10
      vertex -27.8723 -17.4546 10
      vertex -27.8937 -17.7809 10
    endloop
  endfacet
  facet normal 0.946926 0.321453 0
    outer loop
      vertex -22.9789 -17.1338 10
      vertex -23.084 -16.8242 4
      vertex -23.084 -16.8242 10
    endloop
  endfacet
  facet normal 0.946926 0.321453 0
    outer loop
      vertex -23.084 -16.8242 4
      vertex -22.9789 -17.1338 10
      vertex -22.9789 -17.1338 4
    endloop
  endfacet
  facet normal 0.555406 -0.831579 0
    outer loop
      vertex -24.1437 -19.9459 4
      vertex -23.8718 -19.7643 10
      vertex -24.1437 -19.9459 10
    endloop
  endfacet
  facet normal 0.555406 -0.831579 0
    outer loop
      vertex -23.8718 -19.7643 10
      vertex -24.1437 -19.9459 4
      vertex -23.8718 -19.7643 4
    endloop
  endfacet
  facet normal -0.980792 0.195058 0
    outer loop
      vertex 22.9151 -17.4546 4
      vertex 22.9789 -17.1338 10
      vertex 22.9789 -17.1338 4
    endloop
  endfacet
  facet normal -0.980792 0.195058 0
    outer loop
      vertex 22.9789 -17.1338 10
      vertex 22.9151 -17.4546 4
      vertex 22.9151 -17.4546 10
    endloop
  endfacet
  facet normal -0.997856 0.0654432 0
    outer loop
      vertex 22.8937 -17.7809 4
      vertex 22.9151 -17.4546 10
      vertex 22.9151 -17.4546 4
    endloop
  endfacet
  facet normal -0.997856 0.0654432 0
    outer loop
      vertex 22.9151 -17.4546 10
      vertex 22.8937 -17.7809 4
      vertex 22.8937 -17.7809 10
    endloop
  endfacet
  facet normal -0.195116 -0.98078 0
    outer loop
      vertex 24.7467 -20.1957 4
      vertex 25.0674 -20.2595 10
      vertex 24.7467 -20.1957 10
    endloop
  endfacet
  facet normal -0.195116 -0.98078 -0
    outer loop
      vertex 25.0674 -20.2595 10
      vertex 24.7467 -20.1957 4
      vertex 25.0674 -20.2595 4
    endloop
  endfacet
  facet normal -0.831438 0.555617 0
    outer loop
      vertex 23.2286 -16.5309 4
      vertex 23.4103 -16.259 10
      vertex 23.4103 -16.259 4
    endloop
  endfacet
  facet normal -0.831438 0.555617 0
    outer loop
      vertex 23.4103 -16.259 10
      vertex 23.2286 -16.5309 4
      vertex 23.2286 -16.5309 10
    endloop
  endfacet
  facet normal -0.659262 0.751913 0
    outer loop
      vertex 23.8718 -15.7975 4
      vertex 23.6259 -16.0131 10
      vertex 23.8718 -15.7975 10
    endloop
  endfacet
  facet normal -0.659262 0.751913 0
    outer loop
      vertex 23.6259 -16.0131 10
      vertex 23.8718 -15.7975 4
      vertex 23.6259 -16.0131 4
    endloop
  endfacet
  facet normal 0.659262 0.751913 -0
    outer loop
      vertex 27.1615 -16.0131 4
      vertex 26.9156 -15.7975 10
      vertex 27.1615 -16.0131 10
    endloop
  endfacet
  facet normal 0.659262 0.751913 0
    outer loop
      vertex 26.9156 -15.7975 10
      vertex 27.1615 -16.0131 4
      vertex 26.9156 -15.7975 4
    endloop
  endfacet
  facet normal 0.442191 0.896921 -0
    outer loop
      vertex 26.6437 -15.6158 4
      vertex 26.3504 -15.4712 10
      vertex 26.6437 -15.6158 10
    endloop
  endfacet
  facet normal 0.442191 0.896921 0
    outer loop
      vertex 26.3504 -15.4712 10
      vertex 26.6437 -15.6158 4
      vertex 26.3504 -15.4712 4
    endloop
  endfacet
  facet normal 0.946926 0.321453 0
    outer loop
      vertex 27.8085 -17.1338 10
      vertex 27.7034 -16.8242 4
      vertex 27.7034 -16.8242 10
    endloop
  endfacet
  facet normal 0.946926 0.321453 0
    outer loop
      vertex 27.7034 -16.8242 4
      vertex 27.8085 -17.1338 10
      vertex 27.8085 -17.1338 4
    endloop
  endfacet
  facet normal -0.751913 0.659262 0
    outer loop
      vertex 23.4103 -16.259 4
      vertex 23.6259 -16.0131 10
      vertex 23.6259 -16.0131 4
    endloop
  endfacet
  facet normal -0.751913 0.659262 0
    outer loop
      vertex 23.6259 -16.0131 10
      vertex 23.4103 -16.259 4
      vertex 23.4103 -16.259 10
    endloop
  endfacet
  facet normal 0.321453 0.946926 -0
    outer loop
      vertex 26.3504 -15.4712 4
      vertex 26.0408 -15.3661 10
      vertex 26.3504 -15.4712 10
    endloop
  endfacet
  facet normal 0.321453 0.946926 0
    outer loop
      vertex 26.0408 -15.3661 10
      vertex 26.3504 -15.4712 4
      vertex 26.0408 -15.3661 4
    endloop
  endfacet
  facet normal 0.321453 -0.946926 0
    outer loop
      vertex 26.0408 -20.1957 4
      vertex 26.3504 -20.0906 10
      vertex 26.0408 -20.1957 10
    endloop
  endfacet
  facet normal 0.321453 -0.946926 0
    outer loop
      vertex 26.3504 -20.0906 10
      vertex 26.0408 -20.1957 4
      vertex 26.3504 -20.0906 4
    endloop
  endfacet
  facet normal 0.946957 -0.32136 0
    outer loop
      vertex 27.7034 -18.7376 10
      vertex 27.8085 -18.4279 4
      vertex 27.8085 -18.4279 10
    endloop
  endfacet
  facet normal 0.946957 -0.32136 0
    outer loop
      vertex 27.8085 -18.4279 4
      vertex 27.7034 -18.7376 10
      vertex 27.7034 -18.7376 4
    endloop
  endfacet
  facet normal -0.0654432 -0.997856 0
    outer loop
      vertex 25.0674 -20.2595 4
      vertex 25.3937 -20.2809 10
      vertex 25.0674 -20.2595 10
    endloop
  endfacet
  facet normal -0.0654432 -0.997856 -0
    outer loop
      vertex 25.3937 -20.2809 10
      vertex 25.0674 -20.2595 4
      vertex 25.3937 -20.2809 4
    endloop
  endfacet
  facet normal -0.831438 -0.555617 0
    outer loop
      vertex 23.4103 -19.3028 4
      vertex 23.2286 -19.0309 10
      vertex 23.2286 -19.0309 4
    endloop
  endfacet
  facet normal -0.831438 -0.555617 0
    outer loop
      vertex 23.2286 -19.0309 10
      vertex 23.4103 -19.3028 4
      vertex 23.4103 -19.3028 10
    endloop
  endfacet
  facet normal -0.946957 -0.32136 0
    outer loop
      vertex 23.084 -18.7376 4
      vertex 22.9789 -18.4279 10
      vertex 22.9789 -18.4279 4
    endloop
  endfacet
  facet normal -0.946957 -0.32136 0
    outer loop
      vertex 22.9789 -18.4279 10
      vertex 23.084 -18.7376 4
      vertex 23.084 -18.7376 10
    endloop
  endfacet
  facet normal 0.555406 -0.831579 0
    outer loop
      vertex 26.6437 -19.9459 4
      vertex 26.9156 -19.7643 10
      vertex 26.6437 -19.9459 10
    endloop
  endfacet
  facet normal 0.555406 -0.831579 0
    outer loop
      vertex 26.9156 -19.7643 10
      vertex 26.6437 -19.9459 4
      vertex 26.9156 -19.7643 4
    endloop
  endfacet
  facet normal -0.659435 -0.751762 0
    outer loop
      vertex 23.6259 -19.5486 4
      vertex 23.8718 -19.7643 10
      vertex 23.6259 -19.5486 10
    endloop
  endfacet
  facet normal -0.659435 -0.751762 -0
    outer loop
      vertex 23.8718 -19.7643 10
      vertex 23.6259 -19.5486 4
      vertex 23.8718 -19.7643 4
    endloop
  endfacet
  facet normal -0.195116 0.98078 0
    outer loop
      vertex 25.0674 -15.3023 4
      vertex 24.7467 -15.3661 10
      vertex 25.0674 -15.3023 10
    endloop
  endfacet
  facet normal -0.195116 0.98078 0
    outer loop
      vertex 24.7467 -15.3661 10
      vertex 25.0674 -15.3023 4
      vertex 24.7467 -15.3661 4
    endloop
  endfacet
  facet normal 0.0654432 -0.997856 0
    outer loop
      vertex 25.3937 -20.2809 4
      vertex 25.72 -20.2595 10
      vertex 25.3937 -20.2809 10
    endloop
  endfacet
  facet normal 0.0654432 -0.997856 0
    outer loop
      vertex 25.72 -20.2595 10
      vertex 25.3937 -20.2809 4
      vertex 25.72 -20.2595 4
    endloop
  endfacet
  facet normal -0.32136 0.946957 0
    outer loop
      vertex 24.7467 -15.3661 4
      vertex 24.437 -15.4712 10
      vertex 24.7467 -15.3661 10
    endloop
  endfacet
  facet normal -0.32136 0.946957 0
    outer loop
      vertex 24.437 -15.4712 10
      vertex 24.7467 -15.3661 4
      vertex 24.437 -15.4712 4
    endloop
  endfacet
  facet normal 0.555617 0.831438 -0
    outer loop
      vertex 26.9156 -15.7975 4
      vertex 26.6437 -15.6158 10
      vertex 26.9156 -15.7975 10
    endloop
  endfacet
  facet normal 0.555617 0.831438 0
    outer loop
      vertex 26.6437 -15.6158 10
      vertex 26.9156 -15.7975 4
      vertex 26.6437 -15.6158 4
    endloop
  endfacet
  facet normal 0.831438 0.555617 0
    outer loop
      vertex 27.5588 -16.5309 10
      vertex 27.3771 -16.259 4
      vertex 27.3771 -16.259 10
    endloop
  endfacet
  facet normal 0.831438 0.555617 0
    outer loop
      vertex 27.3771 -16.259 4
      vertex 27.5588 -16.5309 10
      vertex 27.5588 -16.5309 4
    endloop
  endfacet
  facet normal 0.442437 -0.896799 0
    outer loop
      vertex 26.3504 -20.0906 4
      vertex 26.6437 -19.9459 10
      vertex 26.3504 -20.0906 10
    endloop
  endfacet
  facet normal 0.442437 -0.896799 0
    outer loop
      vertex 26.6437 -19.9459 10
      vertex 26.3504 -20.0906 4
      vertex 26.6437 -19.9459 4
    endloop
  endfacet
  facet normal -0.555617 0.831438 0
    outer loop
      vertex 24.1437 -15.6158 4
      vertex 23.8718 -15.7975 10
      vertex 24.1437 -15.6158 10
    endloop
  endfacet
  facet normal -0.555617 0.831438 0
    outer loop
      vertex 23.8718 -15.7975 10
      vertex 24.1437 -15.6158 4
      vertex 23.8718 -15.7975 4
    endloop
  endfacet
  facet normal -0.997856 -0.0654432 0
    outer loop
      vertex 22.9151 -18.1072 4
      vertex 22.8937 -17.7809 10
      vertex 22.8937 -17.7809 4
    endloop
  endfacet
  facet normal -0.997856 -0.0654432 0
    outer loop
      vertex 22.8937 -17.7809 10
      vertex 22.9151 -18.1072 4
      vertex 22.9151 -18.1072 10
    endloop
  endfacet
  facet normal -0.0654432 0.997856 0
    outer loop
      vertex 25.3937 -15.2809 4
      vertex 25.0674 -15.3023 10
      vertex 25.3937 -15.2809 10
    endloop
  endfacet
  facet normal -0.0654432 0.997856 0
    outer loop
      vertex 25.0674 -15.3023 10
      vertex 25.3937 -15.2809 4
      vertex 25.0674 -15.3023 4
    endloop
  endfacet
  facet normal -0.896921 -0.442191 0
    outer loop
      vertex 23.2286 -19.0309 4
      vertex 23.084 -18.7376 10
      vertex 23.084 -18.7376 4
    endloop
  endfacet
  facet normal -0.896921 -0.442191 0
    outer loop
      vertex 23.084 -18.7376 10
      vertex 23.2286 -19.0309 4
      vertex 23.2286 -19.0309 10
    endloop
  endfacet
  facet normal 0.195058 0.980792 -0
    outer loop
      vertex 26.0408 -15.3661 4
      vertex 25.72 -15.3023 10
      vertex 26.0408 -15.3661 10
    endloop
  endfacet
  facet normal 0.195058 0.980792 0
    outer loop
      vertex 25.72 -15.3023 10
      vertex 26.0408 -15.3661 4
      vertex 25.72 -15.3023 4
    endloop
  endfacet
  facet normal -0.442191 0.896921 0
    outer loop
      vertex 24.437 -15.4712 4
      vertex 24.1437 -15.6158 10
      vertex 24.437 -15.4712 10
    endloop
  endfacet
  facet normal -0.442191 0.896921 0
    outer loop
      vertex 24.1437 -15.6158 10
      vertex 24.437 -15.4712 4
      vertex 24.1437 -15.6158 4
    endloop
  endfacet
  facet normal 0.195058 -0.980792 0
    outer loop
      vertex 25.72 -20.2595 4
      vertex 26.0408 -20.1957 10
      vertex 25.72 -20.2595 10
    endloop
  endfacet
  facet normal 0.195058 -0.980792 0
    outer loop
      vertex 26.0408 -20.1957 10
      vertex 25.72 -20.2595 4
      vertex 26.0408 -20.1957 4
    endloop
  endfacet
  facet normal 0.997856 0.0654432 0
    outer loop
      vertex 27.8937 -17.7809 10
      vertex 27.8723 -17.4546 4
      vertex 27.8723 -17.4546 10
    endloop
  endfacet
  facet normal 0.997856 0.0654432 0
    outer loop
      vertex 27.8723 -17.4546 4
      vertex 27.8937 -17.7809 10
      vertex 27.8937 -17.7809 4
    endloop
  endfacet
  facet normal 0.751913 0.659262 0
    outer loop
      vertex 27.3771 -16.259 10
      vertex 27.1615 -16.0131 4
      vertex 27.1615 -16.0131 10
    endloop
  endfacet
  facet normal 0.751913 0.659262 0
    outer loop
      vertex 27.1615 -16.0131 4
      vertex 27.3771 -16.259 10
      vertex 27.3771 -16.259 4
    endloop
  endfacet
  facet normal 0.896921 -0.442191 0
    outer loop
      vertex 27.5588 -19.0309 10
      vertex 27.7034 -18.7376 4
      vertex 27.7034 -18.7376 10
    endloop
  endfacet
  facet normal 0.896921 -0.442191 0
    outer loop
      vertex 27.7034 -18.7376 4
      vertex 27.5588 -19.0309 10
      vertex 27.5588 -19.0309 4
    endloop
  endfacet
  facet normal -0.555406 -0.831579 0
    outer loop
      vertex 23.8718 -19.7643 4
      vertex 24.1437 -19.9459 10
      vertex 23.8718 -19.7643 10
    endloop
  endfacet
  facet normal -0.555406 -0.831579 -0
    outer loop
      vertex 24.1437 -19.9459 10
      vertex 23.8718 -19.7643 4
      vertex 24.1437 -19.9459 4
    endloop
  endfacet
  facet normal -0.442437 -0.896799 0
    outer loop
      vertex 24.1437 -19.9459 4
      vertex 24.437 -20.0906 10
      vertex 24.1437 -19.9459 10
    endloop
  endfacet
  facet normal -0.442437 -0.896799 -0
    outer loop
      vertex 24.437 -20.0906 10
      vertex 24.1437 -19.9459 4
      vertex 24.437 -20.0906 4
    endloop
  endfacet
  facet normal 0.831438 -0.555617 0
    outer loop
      vertex 27.3771 -19.3028 10
      vertex 27.5588 -19.0309 4
      vertex 27.5588 -19.0309 10
    endloop
  endfacet
  facet normal 0.831438 -0.555617 0
    outer loop
      vertex 27.5588 -19.0309 4
      vertex 27.3771 -19.3028 10
      vertex 27.3771 -19.3028 4
    endloop
  endfacet
  facet normal -0.75178 -0.659414 0
    outer loop
      vertex 23.6259 -19.5486 4
      vertex 23.4103 -19.3028 10
      vertex 23.4103 -19.3028 4
    endloop
  endfacet
  facet normal -0.75178 -0.659414 0
    outer loop
      vertex 23.4103 -19.3028 10
      vertex 23.6259 -19.5486 4
      vertex 23.6259 -19.5486 10
    endloop
  endfacet
  facet normal 0.997856 -0.0654432 0
    outer loop
      vertex 27.8723 -18.1072 10
      vertex 27.8937 -17.7809 4
      vertex 27.8937 -17.7809 10
    endloop
  endfacet
  facet normal 0.997856 -0.0654432 0
    outer loop
      vertex 27.8937 -17.7809 4
      vertex 27.8723 -18.1072 10
      vertex 27.8723 -18.1072 4
    endloop
  endfacet
  facet normal 0.0654432 0.997856 -0
    outer loop
      vertex 25.72 -15.3023 4
      vertex 25.3937 -15.2809 10
      vertex 25.72 -15.3023 10
    endloop
  endfacet
  facet normal 0.0654432 0.997856 0
    outer loop
      vertex 25.3937 -15.2809 10
      vertex 25.72 -15.3023 4
      vertex 25.3937 -15.2809 4
    endloop
  endfacet
  facet normal 0.98078 -0.195116 0
    outer loop
      vertex 27.8085 -18.4279 10
      vertex 27.8723 -18.1072 4
      vertex 27.8723 -18.1072 10
    endloop
  endfacet
  facet normal 0.98078 -0.195116 0
    outer loop
      vertex 27.8723 -18.1072 4
      vertex 27.8085 -18.4279 10
      vertex 27.8085 -18.4279 4
    endloop
  endfacet
  facet normal -0.896921 0.442191 0
    outer loop
      vertex 23.084 -16.8242 4
      vertex 23.2286 -16.5309 10
      vertex 23.2286 -16.5309 4
    endloop
  endfacet
  facet normal -0.896921 0.442191 0
    outer loop
      vertex 23.2286 -16.5309 10
      vertex 23.084 -16.8242 4
      vertex 23.084 -16.8242 10
    endloop
  endfacet
  facet normal -0.98078 -0.195116 0
    outer loop
      vertex 22.9789 -18.4279 4
      vertex 22.9151 -18.1072 10
      vertex 22.9151 -18.1072 4
    endloop
  endfacet
  facet normal -0.98078 -0.195116 0
    outer loop
      vertex 22.9151 -18.1072 10
      vertex 22.9789 -18.4279 4
      vertex 22.9789 -18.4279 10
    endloop
  endfacet
  facet normal -0.946926 0.321453 0
    outer loop
      vertex 22.9789 -17.1338 4
      vertex 23.084 -16.8242 10
      vertex 23.084 -16.8242 4
    endloop
  endfacet
  facet normal -0.946926 0.321453 0
    outer loop
      vertex 23.084 -16.8242 10
      vertex 22.9789 -17.1338 4
      vertex 22.9789 -17.1338 10
    endloop
  endfacet
  facet normal 0.896921 0.442191 0
    outer loop
      vertex 27.7034 -16.8242 10
      vertex 27.5588 -16.5309 4
      vertex 27.5588 -16.5309 10
    endloop
  endfacet
  facet normal 0.896921 0.442191 0
    outer loop
      vertex 27.5588 -16.5309 4
      vertex 27.7034 -16.8242 10
      vertex 27.7034 -16.8242 4
    endloop
  endfacet
  facet normal 0.75178 -0.659414 0
    outer loop
      vertex 27.1615 -19.5486 10
      vertex 27.3771 -19.3028 4
      vertex 27.3771 -19.3028 10
    endloop
  endfacet
  facet normal 0.75178 -0.659414 0
    outer loop
      vertex 27.3771 -19.3028 4
      vertex 27.1615 -19.5486 10
      vertex 27.1615 -19.5486 4
    endloop
  endfacet
  facet normal 0.980792 0.195058 0
    outer loop
      vertex 27.8723 -17.4546 10
      vertex 27.8085 -17.1338 4
      vertex 27.8085 -17.1338 10
    endloop
  endfacet
  facet normal 0.980792 0.195058 0
    outer loop
      vertex 27.8085 -17.1338 4
      vertex 27.8723 -17.4546 10
      vertex 27.8723 -17.4546 4
    endloop
  endfacet
  facet normal 0.659435 -0.751762 0
    outer loop
      vertex 26.9156 -19.7643 4
      vertex 27.1615 -19.5486 10
      vertex 26.9156 -19.7643 10
    endloop
  endfacet
  facet normal 0.659435 -0.751762 0
    outer loop
      vertex 27.1615 -19.5486 10
      vertex 26.9156 -19.7643 4
      vertex 27.1615 -19.5486 4
    endloop
  endfacet
  facet normal -0.32136 -0.946957 0
    outer loop
      vertex 24.437 -20.0906 4
      vertex 24.7467 -20.1957 10
      vertex 24.437 -20.0906 10
    endloop
  endfacet
  facet normal -0.32136 -0.946957 -0
    outer loop
      vertex 24.7467 -20.1957 10
      vertex 24.437 -20.0906 4
      vertex 24.7467 -20.1957 4
    endloop
  endfacet
  facet normal 0 0 1
    outer loop
      vertex 27.8723 -17.4546 10
      vertex 27.8723 -18.1072 10
      vertex 27.8937 -17.7809 10
    endloop
  endfacet
  facet normal 0 0 1
    outer loop
      vertex 27.8085 -17.1338 10
      vertex 27.8723 -18.1072 10
      vertex 27.8723 -17.4546 10
    endloop
  endfacet
  facet normal 0 0 1
    outer loop
      vertex 27.8085 -17.1338 10
      vertex 27.8085 -18.4279 10
      vertex 27.8723 -18.1072 10
    endloop
  endfacet
  facet normal 0 0 1
    outer loop
      vertex 27.7034 -16.8242 10
      vertex 27.8085 -18.4279 10
      vertex 27.8085 -17.1338 10
    endloop
  endfacet
  facet normal 0 0 1
    outer loop
      vertex 27.7034 -16.8242 10
      vertex 27.7034 -18.7376 10
      vertex 27.8085 -18.4279 10
    endloop
  endfacet
  facet normal 0 0 1
    outer loop
      vertex 27.5588 -16.5309 10
      vertex 27.7034 -18.7376 10
      vertex 27.7034 -16.8242 10
    endloop
  endfacet
  facet normal 0 0 1
    outer loop
      vertex 27.5588 -16.5309 10
      vertex 27.5588 -19.0309 10
      vertex 27.7034 -18.7376 10
    endloop
  endfacet
  facet normal 0 0 1
    outer loop
      vertex 27.3771 -16.259 10
      vertex 27.5588 -19.0309 10
      vertex 27.5588 -16.5309 10
    endloop
  endfacet
  facet normal 0 0 1
    outer loop
      vertex 27.3771 -16.259 10
      vertex 27.3771 -19.3028 10
      vertex 27.5588 -19.0309 10
    endloop
  endfacet
  facet normal 0 0 1
    outer loop
      vertex 27.1615 -16.0131 10
      vertex 27.3771 -19.3028 10
      vertex 27.3771 -16.259 10
    endloop
  endfacet
  facet normal 0 0 1
    outer loop
      vertex 27.1615 -16.0131 10
      vertex 27.1615 -19.5486 10
      vertex 27.3771 -19.3028 10
    endloop
  endfacet
  facet normal 0 0 1
    outer loop
      vertex 26.9156 -15.7975 10
      vertex 27.1615 -19.5486 10
      vertex 27.1615 -16.0131 10
    endloop
  endfacet
  facet normal 0 0 1
    outer loop
      vertex 26.9156 -15.7975 10
      vertex 26.9156 -19.7643 10
      vertex 27.1615 -19.5486 10
    endloop
  endfacet
  facet normal 0 0 1
    outer loop
      vertex 26.6437 -15.6158 10
      vertex 26.9156 -19.7643 10
      vertex 26.9156 -15.7975 10
    endloop
  endfacet
  facet normal 0 0 1
    outer loop
      vertex 26.6437 -15.6158 10
      vertex 26.6437 -19.9459 10
      vertex 26.9156 -19.7643 10
    endloop
  endfacet
  facet normal 0 0 1
    outer loop
      vertex 26.3504 -15.4712 10
      vertex 26.6437 -19.9459 10
      vertex 26.6437 -15.6158 10
    endloop
  endfacet
  facet normal 0 0 1
    outer loop
      vertex 26.3504 -15.4712 10
      vertex 26.3504 -20.0906 10
      vertex 26.6437 -19.9459 10
    endloop
  endfacet
  facet normal 0 0 1
    outer loop
      vertex 26.0408 -15.3661 10
      vertex 26.3504 -20.0906 10
      vertex 26.3504 -15.4712 10
    endloop
  endfacet
  facet normal 0 0 1
    outer loop
      vertex 26.0408 -15.3661 10
      vertex 26.0408 -20.1957 10
      vertex 26.3504 -20.0906 10
    endloop
  endfacet
  facet normal 0 0 1
    outer loop
      vertex 25.72 -15.3023 10
      vertex 26.0408 -20.1957 10
      vertex 26.0408 -15.3661 10
    endloop
  endfacet
  facet normal 0 0 1
    outer loop
      vertex 25.72 -15.3023 10
      vertex 25.72 -20.2595 10
      vertex 26.0408 -20.1957 10
    endloop
  endfacet
  facet normal 0 0 1
    outer loop
      vertex 25.3937 -15.2809 10
      vertex 25.72 -20.2595 10
      vertex 25.72 -15.3023 10
    endloop
  endfacet
  facet normal 0 0 1
    outer loop
      vertex 25.3937 -15.2809 10
      vertex 25.3937 -20.2809 10
      vertex 25.72 -20.2595 10
    endloop
  endfacet
  facet normal -0 0 1
    outer loop
      vertex 25.0674 -15.3023 10
      vertex 25.3937 -20.2809 10
      vertex 25.3937 -15.2809 10
    endloop
  endfacet
  facet normal 0 0 1
    outer loop
      vertex 25.0674 -15.3023 10
      vertex 25.0674 -20.2595 10
      vertex 25.3937 -20.2809 10
    endloop
  endfacet
  facet normal -0 0 1
    outer loop
      vertex 24.7467 -15.3661 10
      vertex 25.0674 -20.2595 10
      vertex 25.0674 -15.3023 10
    endloop
  endfacet
  facet normal 0 0 1
    outer loop
      vertex 24.7467 -15.3661 10
      vertex 24.7467 -20.1957 10
      vertex 25.0674 -20.2595 10
    endloop
  endfacet
  facet normal -0 0 1
    outer loop
      vertex 24.437 -15.4712 10
      vertex 24.7467 -20.1957 10
      vertex 24.7467 -15.3661 10
    endloop
  endfacet
  facet normal 0 0 1
    outer loop
      vertex 24.437 -15.4712 10
      vertex 24.437 -20.0906 10
      vertex 24.7467 -20.1957 10
    endloop
  endfacet
  facet normal -0 0 1
    outer loop
      vertex 24.1437 -15.6158 10
      vertex 24.437 -20.0906 10
      vertex 24.437 -15.4712 10
    endloop
  endfacet
  facet normal 0 0 1
    outer loop
      vertex 24.1437 -15.6158 10
      vertex 24.1437 -19.9459 10
      vertex 24.437 -20.0906 10
    endloop
  endfacet
  facet normal -0 0 1
    outer loop
      vertex 23.8718 -15.7975 10
      vertex 24.1437 -19.9459 10
      vertex 24.1437 -15.6158 10
    endloop
  endfacet
  facet normal 0 0 1
    outer loop
      vertex 23.8718 -15.7975 10
      vertex 23.8718 -19.7643 10
      vertex 24.1437 -19.9459 10
    endloop
  endfacet
  facet normal -0 0 1
    outer loop
      vertex 23.6259 -16.0131 10
      vertex 23.8718 -19.7643 10
      vertex 23.8718 -15.7975 10
    endloop
  endfacet
  facet normal 0 0 1
    outer loop
      vertex 23.6259 -16.0131 10
      vertex 23.6259 -19.5486 10
      vertex 23.8718 -19.7643 10
    endloop
  endfacet
  facet normal -0 0 1
    outer loop
      vertex 23.4103 -16.259 10
      vertex 23.6259 -19.5486 10
      vertex 23.6259 -16.0131 10
    endloop
  endfacet
  facet normal 0 0 1
    outer loop
      vertex 23.4103 -16.259 10
      vertex 23.4103 -19.3028 10
      vertex 23.6259 -19.5486 10
    endloop
  endfacet
  facet normal -0 0 1
    outer loop
      vertex 23.2286 -16.5309 10
      vertex 23.4103 -19.3028 10
      vertex 23.4103 -16.259 10
    endloop
  endfacet
  facet normal 0 0 1
    outer loop
      vertex 23.2286 -16.5309 10
      vertex 23.2286 -19.0309 10
      vertex 23.4103 -19.3028 10
    endloop
  endfacet
  facet normal -0 0 1
    outer loop
      vertex 23.084 -16.8242 10
      vertex 23.2286 -19.0309 10
      vertex 23.2286 -16.5309 10
    endloop
  endfacet
  facet normal 0 0 1
    outer loop
      vertex 23.084 -16.8242 10
      vertex 23.084 -18.7376 10
      vertex 23.2286 -19.0309 10
    endloop
  endfacet
  facet normal -0 0 1
    outer loop
      vertex 22.9789 -17.1338 10
      vertex 23.084 -18.7376 10
      vertex 23.084 -16.8242 10
    endloop
  endfacet
  facet normal 0 0 1
    outer loop
      vertex 22.9789 -17.1338 10
      vertex 22.9789 -18.4279 10
      vertex 23.084 -18.7376 10
    endloop
  endfacet
  facet normal -0 0 1
    outer loop
      vertex 22.9151 -17.4546 10
      vertex 22.9789 -18.4279 10
      vertex 22.9789 -17.1338 10
    endloop
  endfacet
  facet normal 0 0 1
    outer loop
      vertex 22.9151 -17.4546 10
      vertex 22.9151 -18.1072 10
      vertex 22.9789 -18.4279 10
    endloop
  endfacet
  facet normal 0 -0 1
    outer loop
      vertex 22.9151 -18.1072 10
      vertex 22.9151 -17.4546 10
      vertex 22.8937 -17.7809 10
    endloop
  endfacet
  facet normal -0.321574 -0.946885 0
    outer loop
      vertex -51.048 -47.6716 -4.74303e-07
      vertex -50.6764 -47.7978 4
      vertex -51.048 -47.6716 4
    endloop
  endfacet
  facet normal -0.321574 -0.946885 -0
    outer loop
      vertex -50.6764 -47.7978 4
      vertex -51.048 -47.6716 -4.74303e-07
      vertex -50.6764 -47.7978 -4.74303e-07
    endloop
  endfacet
  facet normal -0.896911 -0.442211 0
    outer loop
      vertex -52.4981 -46.4 -4.74303e-07
      vertex -52.6716 -46.0481 4
      vertex -52.6716 -46.0481 -4.74303e-07
    endloop
  endfacet
  facet normal -0.896911 -0.442211 0
    outer loop
      vertex -52.6716 -46.0481 4
      vertex -52.4981 -46.4 -4.74303e-07
      vertex -52.4981 -46.4 4
    endloop
  endfacet
  facet normal 0 -1 0
    outer loop
      vertex -49.9 -47.9 -4.74303e-07
      vertex 49.9 -47.9 4
      vertex -49.9 -47.9 4
    endloop
  endfacet
  facet normal 0 -1 -0
    outer loop
      vertex 49.9 -47.9 4
      vertex -49.9 -47.9 -4.74303e-07
      vertex 49.9 -47.9 -4.74303e-07
    endloop
  endfacet
  facet normal -0.194989 -0.980806 0
    outer loop
      vertex -50.6764 -47.7978 -4.74303e-07
      vertex -50.2916 -47.8743 4
      vertex -50.6764 -47.7978 4
    endloop
  endfacet
  facet normal -0.194989 -0.980806 -0
    outer loop
      vertex -50.2916 -47.8743 4
      vertex -50.6764 -47.7978 -4.74303e-07
      vertex -50.2916 -47.8743 -4.74303e-07
    endloop
  endfacet
  facet normal -0.0654873 0.997853 0
    outer loop
      vertex -49.9 47.9 -4.74303e-07
      vertex -50.2916 47.8743 4
      vertex -49.9 47.9 4
    endloop
  endfacet
  facet normal -0.0654873 0.997853 0
    outer loop
      vertex -50.2916 47.8743 4
      vertex -49.9 47.9 -4.74303e-07
      vertex -50.2916 47.8743 -4.74303e-07
    endloop
  endfacet
  facet normal 0.980815 -0.19494 0
    outer loop
      vertex 52.7978 -45.6765 4
      vertex 52.8743 -45.2916 -4.74303e-07
      vertex 52.8743 -45.2916 4
    endloop
  endfacet
  facet normal 0.980815 -0.19494 0
    outer loop
      vertex 52.8743 -45.2916 -4.74303e-07
      vertex 52.7978 -45.6765 4
      vertex 52.7978 -45.6765 -4.74303e-07
    endloop
  endfacet
  facet normal -0.0654873 -0.997853 0
    outer loop
      vertex -50.2916 -47.8743 -4.74303e-07
      vertex -49.9 -47.9 4
      vertex -50.2916 -47.8743 4
    endloop
  endfacet
  facet normal -0.0654873 -0.997853 -0
    outer loop
      vertex -49.9 -47.9 4
      vertex -50.2916 -47.8743 -4.74303e-07
      vertex -49.9 -47.9 -4.74303e-07
    endloop
  endfacet
  facet normal 0.442211 -0.896911 0
    outer loop
      vertex 51.0481 -47.6716 -4.74303e-07
      vertex 51.4 -47.4981 4
      vertex 51.0481 -47.6716 4
    endloop
  endfacet
  facet normal 0.442211 -0.896911 0
    outer loop
      vertex 51.4 -47.4981 4
      vertex 51.0481 -47.6716 -4.74303e-07
      vertex 51.4 -47.4981 -4.74303e-07
    endloop
  endfacet
  facet normal 0.659478 -0.751724 0
    outer loop
      vertex 51.7263 -47.2801 -4.74303e-07
      vertex 52.0213 -47.0213 4
      vertex 51.7263 -47.2801 4
    endloop
  endfacet
  facet normal 0.659478 -0.751724 0
    outer loop
      vertex 52.0213 -47.0213 4
      vertex 51.7263 -47.2801 -4.74303e-07
      vertex 52.0213 -47.0213 -4.74303e-07
    endloop
  endfacet
  facet normal -0.896961 0.44211 0
    outer loop
      vertex -52.6716 46.048 -4.74303e-07
      vertex -52.4981 46.4 4
      vertex -52.4981 46.4 -4.74303e-07
    endloop
  endfacet
  facet normal -0.896961 0.44211 0
    outer loop
      vertex -52.4981 46.4 4
      vertex -52.6716 46.048 -4.74303e-07
      vertex -52.6716 46.048 4
    endloop
  endfacet
  facet normal 0.555523 -0.831501 0
    outer loop
      vertex 51.4 -47.4981 -4.74303e-07
      vertex 51.7263 -47.2801 4
      vertex 51.4 -47.4981 4
    endloop
  endfacet
  facet normal 0.555523 -0.831501 0
    outer loop
      vertex 51.7263 -47.2801 4
      vertex 51.4 -47.4981 -4.74303e-07
      vertex 51.7263 -47.2801 -4.74303e-07
    endloop
  endfacet
  facet normal 0.659478 0.751724 -0
    outer loop
      vertex 52.0213 47.0213 -4.74303e-07
      vertex 51.7263 47.2801 4
      vertex 52.0213 47.0213 4
    endloop
  endfacet
  facet normal 0.659478 0.751724 0
    outer loop
      vertex 51.7263 47.2801 4
      vertex 52.0213 47.0213 -4.74303e-07
      vertex 51.7263 47.2801 -4.74303e-07
    endloop
  endfacet
  facet normal 0.896911 -0.442211 0
    outer loop
      vertex 52.4981 -46.4 4
      vertex 52.6716 -46.0481 -4.74303e-07
      vertex 52.6716 -46.0481 4
    endloop
  endfacet
  facet normal 0.896911 -0.442211 0
    outer loop
      vertex 52.6716 -46.0481 -4.74303e-07
      vertex 52.4981 -46.4 4
      vertex 52.4981 -46.4 -4.74303e-07
    endloop
  endfacet
  facet normal -1 0 0
    outer loop
      vertex -52.9 -44.9 -4.74303e-07
      vertex -52.9 44.9 4
      vertex -52.9 44.9 -4.74303e-07
    endloop
  endfacet
  facet normal -1 -0 0
    outer loop
      vertex -52.9 44.9 4
      vertex -52.9 -44.9 -4.74303e-07
      vertex -52.9 -44.9 4
    endloop
  endfacet
  facet normal -0.44211 0.896961 0
    outer loop
      vertex -51.048 47.6716 -4.74303e-07
      vertex -51.4 47.4981 4
      vertex -51.048 47.6716 4
    endloop
  endfacet
  facet normal -0.44211 0.896961 0
    outer loop
      vertex -51.4 47.4981 4
      vertex -51.048 47.6716 -4.74303e-07
      vertex -51.4 47.4981 -4.74303e-07
    endloop
  endfacet
  facet normal 1 -0 0
    outer loop
      vertex 52.9 -44.9 4
      vertex 52.9 44.9 -4.74303e-07
      vertex 52.9 44.9 4
    endloop
  endfacet
  facet normal 1 0 0
    outer loop
      vertex 52.9 44.9 -4.74303e-07
      vertex 52.9 -44.9 4
      vertex 52.9 -44.9 -4.74303e-07
    endloop
  endfacet
  facet normal 0.442211 0.896911 -0
    outer loop
      vertex 51.4 47.4981 -4.74303e-07
      vertex 51.0481 47.6716 4
      vertex 51.4 47.4981 4
    endloop
  endfacet
  facet normal 0.442211 0.896911 0
    outer loop
      vertex 51.0481 47.6716 4
      vertex 51.4 47.4981 -4.74303e-07
      vertex 51.0481 47.6716 -4.74303e-07
    endloop
  endfacet
  facet normal 0 0 1
    outer loop
      vertex 46.8518 -39.221 4
      vertex 27.8723 -17.4546 4
      vertex 27.8937 -17.7809 4
    endloop
  endfacet
  facet normal 0 0 1
    outer loop
      vertex 28.3534 3.15045 4
      vertex 27.8085 -17.1338 4
      vertex 27.8723 -17.4546 4
    endloop
  endfacet
  facet normal 0 0 1
    outer loop
      vertex 28.3534 3.15045 4
      vertex 27.7034 -16.8242 4
      vertex 27.8085 -17.1338 4
    endloop
  endfacet
  facet normal 0 0 1
    outer loop
      vertex 23.9486 1.56967 4
      vertex 27.9965 3.38895 4
      vertex 27.6737 3.67199 4
    endloop
  endfacet
  facet normal 0 0 1
    outer loop
      vertex 23.9486 1.56967 4
      vertex 27.6737 3.67199 4
      vertex 27.6728 3.6728 4
    endloop
  endfacet
  facet normal 0 0 1
    outer loop
      vertex 23.9486 1.56967 4
      vertex 27.6728 3.6728 4
      vertex 27.672 3.67372 4
    endloop
  endfacet
  facet normal 0 0 1
    outer loop
      vertex 28.3534 3.15045 4
      vertex 27.5588 -16.5309 4
      vertex 27.7034 -16.8242 4
    endloop
  endfacet
  facet normal 0 0 1
    outer loop
      vertex 23.9486 1.56967 4
      vertex 27.672 3.67372 4
      vertex 27.3889 3.99647 4
    endloop
  endfacet
  facet normal 0 0 1
    outer loop
      vertex 28.3534 3.15045 4
      vertex 27.3771 -16.259 4
      vertex 27.5588 -16.5309 4
    endloop
  endfacet
  facet normal 0 0 1
    outer loop
      vertex 28.3534 3.15045 4
      vertex 27.1615 -16.0131 4
      vertex 27.3771 -16.259 4
    endloop
  endfacet
  facet normal 0 0 1
    outer loop
      vertex 23.7947 3.13263 4
      vertex 27.3889 3.99647 4
      vertex 27.1505 4.3534 4
    endloop
  endfacet
  facet normal 0 0 1
    outer loop
      vertex 23.7947 3.13263 4
      vertex 27.1505 4.3534 4
      vertex 27.1498 4.35442 4
    endloop
  endfacet
  facet normal 0 0 1
    outer loop
      vertex 23.7947 3.13263 4
      vertex 27.1498 4.35442 4
      vertex 27.1492 4.35552 4
    endloop
  endfacet
  facet normal 0 0 1
    outer loop
      vertex 23.7947 3.13263 4
      vertex 27.1492 4.35552 4
      vertex 26.9594 4.74053 4
    endloop
  endfacet
  facet normal 0 0 1
    outer loop
      vertex 23.7947 3.13263 4
      vertex 26.9594 4.74053 4
      vertex 26.959 4.74169 4
    endloop
  endfacet
  facet normal 0 0 1
    outer loop
      vertex 28.3534 3.15045 4
      vertex 23.7947 -3.13263 4
      vertex 23.5388 -4.68217 4
    endloop
  endfacet
  facet normal 0 0 1
    outer loop
      vertex 23.5388 4.68217 4
      vertex 26.959 4.74169 4
      vertex 26.821 5.14818 4
    endloop
  endfacet
  facet normal 0 0 1
    outer loop
      vertex 23.5388 4.68217 4
      vertex 26.821 5.14818 4
      vertex 26.7372 5.56921 4
    endloop
  endfacet
  facet normal 0 0 1
    outer loop
      vertex 23.5388 4.68217 4
      vertex 26.7372 5.56921 4
      vertex 26.737 5.57042 4
    endloop
  endfacet
  facet normal 0 0 1
    outer loop
      vertex 23.5388 4.68217 4
      vertex 26.737 5.57042 4
      vertex 26.7369 5.57164 4
    endloop
  endfacet
  facet normal 0 0 1
    outer loop
      vertex 23.5388 4.68217 4
      vertex 26.7369 5.57164 4
      vertex 26.7088 6 4
    endloop
  endfacet
  facet normal 0 0 1
    outer loop
      vertex 28.3534 3.15045 4
      vertex 23.5388 -4.68217 4
      vertex 27.1615 -16.0131 4
    endloop
  endfacet
  facet normal 0 0 1
    outer loop
      vertex 49.9 47.9 4
      vertex 52.9 44.9 4
      vertex 52.8743 45.2916 4
    endloop
  endfacet
  facet normal 0 0 1
    outer loop
      vertex 52.9 44.9 4
      vertex 48.6111 -40.3965 4
      vertex 52.9 -44.9 4
    endloop
  endfacet
  facet normal 0 0 1
    outer loop
      vertex 49.9 47.9 4
      vertex 52.8743 45.2916 4
      vertex 52.7978 45.6764 4
    endloop
  endfacet
  facet normal -0 -0 1
    outer loop
      vertex 48.8495 -40.7534 4
      vertex 52.9 -44.9 4
      vertex 48.6111 -40.3965 4
    endloop
  endfacet
  facet normal 0 0 1
    outer loop
      vertex 49.9 47.9 4
      vertex 52.7978 45.6764 4
      vertex 52.6716 46.048 4
    endloop
  endfacet
  facet normal -0 -0 1
    outer loop
      vertex 48.8502 -40.7544 4
      vertex 52.9 -44.9 4
      vertex 48.8495 -40.7534 4
    endloop
  endfacet
  facet normal 0 0 1
    outer loop
      vertex 49.9 47.9 4
      vertex 52.6716 46.048 4
      vertex 52.4981 46.4 4
    endloop
  endfacet
  facet normal -0 -0 1
    outer loop
      vertex 49.041 -41.1417 4
      vertex 52.9 -44.9 4
      vertex 49.0406 -41.1405 4
    endloop
  endfacet
  facet normal 0 0 1
    outer loop
      vertex 49.9 47.9 4
      vertex 52.4981 46.4 4
      vertex 52.2801 46.7263 4
    endloop
  endfacet
  facet normal -0 -0 1
    outer loop
      vertex 49.179 -41.5482 4
      vertex 52.9 -44.9 4
      vertex 49.041 -41.1417 4
    endloop
  endfacet
  facet normal 0 0 1
    outer loop
      vertex 49.9 47.9 4
      vertex 52.2801 46.7263 4
      vertex 52.0213 47.0213 4
    endloop
  endfacet
  facet normal -0 -0 1
    outer loop
      vertex 49.2628 -41.9692 4
      vertex 52.9 -44.9 4
      vertex 49.179 -41.5482 4
    endloop
  endfacet
  facet normal 0 0 1
    outer loop
      vertex 49.9 47.9 4
      vertex 52.0213 47.0213 4
      vertex 51.7263 47.2801 4
    endloop
  endfacet
  facet normal -0 -0 1
    outer loop
      vertex 49.2912 -42.4 4
      vertex 52.9 -44.9 4
      vertex 49.2631 -41.9716 4
    endloop
  endfacet
  facet normal 0 0 1
    outer loop
      vertex 49.9 47.9 4
      vertex 51.7263 47.2801 4
      vertex 51.4 47.4981 4
    endloop
  endfacet
  facet normal -0 0 1
    outer loop
      vertex 49.2631 -42.8284 4
      vertex 52.9 -44.9 4
      vertex 49.2912 -42.4 4
    endloop
  endfacet
  facet normal 0 0 1
    outer loop
      vertex 49.9 47.9 4
      vertex 51.4 47.4981 4
      vertex 51.0481 47.6716 4
    endloop
  endfacet
  facet normal -0 0 1
    outer loop
      vertex 49.179 -43.2518 4
      vertex 52.9 -44.9 4
      vertex 49.2628 -42.8308 4
    endloop
  endfacet
  facet normal 0 0 1
    outer loop
      vertex 49.9 47.9 4
      vertex 51.0481 47.6716 4
      vertex 50.6765 47.7978 4
    endloop
  endfacet
  facet normal -0 0 1
    outer loop
      vertex 49.041 -43.6583 4
      vertex 52.9 -44.9 4
      vertex 49.179 -43.2518 4
    endloop
  endfacet
  facet normal 0 0 1
    outer loop
      vertex 49.9 47.9 4
      vertex 50.6765 47.7978 4
      vertex 50.2916 47.8743 4
    endloop
  endfacet
  facet normal -0 0 1
    outer loop
      vertex 49.0406 -43.6595 4
      vertex 52.9 -44.9 4
      vertex 49.041 -43.6583 4
    endloop
  endfacet
  facet normal 0 0 1
    outer loop
      vertex 52.9 44.9 4
      vertex 49.9 47.9 4
      vertex 30.8518 9.17902 4
    endloop
  endfacet
  facet normal 0 0 1
    outer loop
      vertex 52.9 -44.9 4
      vertex 48.8502 -44.0456 4
      vertex 52.8743 -45.2916 4
    endloop
  endfacet
  facet normal 0 0 1
    outer loop
      vertex 52.8743 -45.2916 4
      vertex 48.8502 -44.0456 4
      vertex 52.7978 -45.6765 4
    endloop
  endfacet
  facet normal 0 0 1
    outer loop
      vertex 52.6716 -46.0481 4
      vertex 48.8502 -44.0456 4
      vertex 52.4981 -46.4 4
    endloop
  endfacet
  facet normal 0 0 1
    outer loop
      vertex 52.7978 -45.6765 4
      vertex 48.8502 -44.0456 4
      vertex 52.6716 -46.0481 4
    endloop
  endfacet
  facet normal -0 0 1
    outer loop
      vertex 48.8502 -44.0456 4
      vertex 52.9 -44.9 4
      vertex 49.0401 -43.6606 4
    endloop
  endfacet
  facet normal -0 0 1
    outer loop
      vertex 49.0401 -43.6606 4
      vertex 52.9 -44.9 4
      vertex 49.0406 -43.6595 4
    endloop
  endfacet
  facet normal -0 0 1
    outer loop
      vertex 49.2628 -42.8308 4
      vertex 52.9 -44.9 4
      vertex 49.263 -42.8296 4
    endloop
  endfacet
  facet normal -0 0 1
    outer loop
      vertex 49.263 -42.8296 4
      vertex 52.9 -44.9 4
      vertex 49.2631 -42.8284 4
    endloop
  endfacet
  facet normal -0 -0 1
    outer loop
      vertex 49.2631 -41.9716 4
      vertex 52.9 -44.9 4
      vertex 49.263 -41.9704 4
    endloop
  endfacet
  facet normal -0 -0 1
    outer loop
      vertex 49.263 -41.9704 4
      vertex 52.9 -44.9 4
      vertex 49.2628 -41.9692 4
    endloop
  endfacet
  facet normal -0 -0 1
    outer loop
      vertex 49.0406 -41.1405 4
      vertex 52.9 -44.9 4
      vertex 48.8508 -40.7555 4
    endloop
  endfacet
  facet normal -0 -0 1
    outer loop
      vertex 48.8508 -40.7555 4
      vertex 52.9 -44.9 4
      vertex 48.8502 -40.7544 4
    endloop
  endfacet
  facet normal 0 0 1
    outer loop
      vertex 52.9 44.9 4
      vertex 33.2912 6 4
      vertex 33.2631 5.57164 4
    endloop
  endfacet
  facet normal 0 0 1
    outer loop
      vertex 52.9 44.9 4
      vertex 33.2631 5.57164 4
      vertex 33.263 5.57042 4
    endloop
  endfacet
  facet normal 0 -0 1
    outer loop
      vertex 48.328 -40.0737 4
      vertex 52.9 44.9 4
      vertex 33.263 5.57042 4
    endloop
  endfacet
  facet normal 0 0 1
    outer loop
      vertex 52.9 44.9 4
      vertex 48.328 -40.0737 4
      vertex 48.6111 -40.3965 4
    endloop
  endfacet
  facet normal 0 0 1
    outer loop
      vertex 48.328 -40.0737 4
      vertex 33.263 5.57042 4
      vertex 48.3272 -40.0728 4
    endloop
  endfacet
  facet normal -0 0 1
    outer loop
      vertex 33.2628 5.56921 4
      vertex 48.3272 -40.0728 4
      vertex 33.263 5.57042 4
    endloop
  endfacet
  facet normal -0 0 1
    outer loop
      vertex 33.179 5.14818 4
      vertex 48.3272 -40.0728 4
      vertex 33.2628 5.56921 4
    endloop
  endfacet
  facet normal 0 0 1
    outer loop
      vertex 48.3272 -40.0728 4
      vertex 33.179 5.14818 4
      vertex 48.3263 -40.072 4
    endloop
  endfacet
  facet normal 0 0 1
    outer loop
      vertex 48.3263 -40.072 4
      vertex 33.179 5.14818 4
      vertex 48.0035 -39.7889 4
    endloop
  endfacet
  facet normal -0 0 1
    outer loop
      vertex 33.041 4.74169 4
      vertex 48.0035 -39.7889 4
      vertex 33.179 5.14818 4
    endloop
  endfacet
  facet normal 0 0 1
    outer loop
      vertex 48.0035 -39.7889 4
      vertex 33.041 4.74169 4
      vertex 48.0025 -39.7883 4
    endloop
  endfacet
  facet normal -0 0 1
    outer loop
      vertex 33.0406 4.74053 4
      vertex 48.0025 -39.7883 4
      vertex 33.041 4.74169 4
    endloop
  endfacet
  facet normal 0 0 1
    outer loop
      vertex 48.0025 -39.7883 4
      vertex 33.0406 4.74053 4
      vertex 47.6456 -39.5498 4
    endloop
  endfacet
  facet normal -0 0 1
    outer loop
      vertex 32.8508 4.35552 4
      vertex 47.6456 -39.5498 4
      vertex 33.0406 4.74053 4
    endloop
  endfacet
  facet normal 0 0 1
    outer loop
      vertex 47.6456 -39.5498 4
      vertex 32.8508 4.35552 4
      vertex 47.6445 -39.5492 4
    endloop
  endfacet
  facet normal 0 0 1
    outer loop
      vertex 47.6445 -39.5492 4
      vertex 32.8508 4.35552 4
      vertex 47.2595 -39.3594 4
    endloop
  endfacet
  facet normal -0 0 1
    outer loop
      vertex 32.6111 3.99647 4
      vertex 47.2595 -39.3594 4
      vertex 32.8495 4.3534 4
    endloop
  endfacet
  facet normal 0 0 1
    outer loop
      vertex 47.2595 -39.3594 4
      vertex 32.6111 3.99647 4
      vertex 46.853 -39.2214 4
    endloop
  endfacet
  facet normal 0 0 1
    outer loop
      vertex 46.853 -39.2214 4
      vertex 32.6111 3.99647 4
      vertex 46.8518 -39.221 4
    endloop
  endfacet
  facet normal -0 0 1
    outer loop
      vertex 27.8723 -17.4546 4
      vertex 46.8518 -39.221 4
      vertex 32.6111 3.99647 4
    endloop
  endfacet
  facet normal 0 0 1
    outer loop
      vertex 46.8518 -39.221 4
      vertex 27.8937 -17.7809 4
      vertex 46.8506 -39.2207 4
    endloop
  endfacet
  facet normal 0 0 1
    outer loop
      vertex 46.8506 -39.2207 4
      vertex 27.8937 -17.7809 4
      vertex 46.4296 -39.137 4
    endloop
  endfacet
  facet normal -0 0 1
    outer loop
      vertex 27.8723 -18.1072 4
      vertex 46.4296 -39.137 4
      vertex 27.8937 -17.7809 4
    endloop
  endfacet
  facet normal 0 0 1
    outer loop
      vertex 46.4296 -39.137 4
      vertex 27.8723 -18.1072 4
      vertex 46.0012 -39.1089 4
    endloop
  endfacet
  facet normal 0 0 1
    outer loop
      vertex 46.0012 -39.1089 4
      vertex 27.8723 -18.1072 4
      vertex 46 -39.1088 4
    endloop
  endfacet
  facet normal 0 0 1
    outer loop
      vertex 46 -39.1088 4
      vertex 27.8723 -18.1072 4
      vertex 45.9988 -39.1089 4
    endloop
  endfacet
  facet normal -0 0 1
    outer loop
      vertex 27.8085 -18.4279 4
      vertex 45.9988 -39.1089 4
      vertex 27.8723 -18.1072 4
    endloop
  endfacet
  facet normal 0 0 1
    outer loop
      vertex 45.9988 -39.1089 4
      vertex 27.8085 -18.4279 4
      vertex 45.5704 -39.137 4
    endloop
  endfacet
  facet normal -0 0 1
    outer loop
      vertex 27.7034 -18.7376 4
      vertex 45.5704 -39.137 4
      vertex 27.8085 -18.4279 4
    endloop
  endfacet
  facet normal 0 0 1
    outer loop
      vertex 45.5704 -39.137 4
      vertex 27.7034 -18.7376 4
      vertex 45.1494 -39.2207 4
    endloop
  endfacet
  facet normal 0 0 1
    outer loop
      vertex 45.1494 -39.2207 4
      vertex 27.7034 -18.7376 4
      vertex 45.1482 -39.221 4
    endloop
  endfacet
  facet normal 0 0 1
    outer loop
      vertex 45.1482 -39.221 4
      vertex 27.5588 -19.0309 4
      vertex 45.147 -39.2214 4
    endloop
  endfacet
  facet normal -0 0 1
    outer loop
      vertex 27.3771 -19.3028 4
      vertex 44.7405 -39.3594 4
      vertex 27.5588 -19.0309 4
    endloop
  endfacet
  facet normal 0 0 1
    outer loop
      vertex 44.7405 -39.3594 4
      vertex 27.3771 -19.3028 4
      vertex 44.3555 -39.5492 4
    endloop
  endfacet
  facet normal 0 0 1
    outer loop
      vertex 44.3555 -39.5492 4
      vertex 27.3771 -19.3028 4
      vertex 44.3544 -39.5498 4
    endloop
  endfacet
  facet normal -0 0 1
    outer loop
      vertex 27.1615 -19.5486 4
      vertex 44.3544 -39.5498 4
      vertex 27.3771 -19.3028 4
    endloop
  endfacet
  facet normal 0 0 1
    outer loop
      vertex 25.0674 -20.2595 4
      vertex 42.7369 -41.9716 4
      vertex 42.737 -41.9704 4
    endloop
  endfacet
  facet normal -0 0 1
    outer loop
      vertex 32.8495 4.3534 4
      vertex 47.2595 -39.3594 4
      vertex 32.8502 4.35442 4
    endloop
  endfacet
  facet normal -0 0 1
    outer loop
      vertex 32.8502 4.35442 4
      vertex 47.2595 -39.3594 4
      vertex 32.8508 4.35552 4
    endloop
  endfacet
  facet normal 0 0 1
    outer loop
      vertex 52.9 44.9 4
      vertex 33.2631 6.42836 4
      vertex 33.2912 6 4
    endloop
  endfacet
  facet normal 0 0 1
    outer loop
      vertex 52.9 44.9 4
      vertex 33.263 6.42958 4
      vertex 33.2631 6.42836 4
    endloop
  endfacet
  facet normal 0 0 1
    outer loop
      vertex 52.9 44.9 4
      vertex 33.2628 6.43079 4
      vertex 33.263 6.42958 4
    endloop
  endfacet
  facet normal 0 0 1
    outer loop
      vertex 52.9 44.9 4
      vertex 33.179 6.85181 4
      vertex 33.2628 6.43079 4
    endloop
  endfacet
  facet normal 0 0 1
    outer loop
      vertex 52.9 44.9 4
      vertex 33.041 7.25831 4
      vertex 33.179 6.85181 4
    endloop
  endfacet
  facet normal 0 0 1
    outer loop
      vertex 52.9 44.9 4
      vertex 33.0406 7.25947 4
      vertex 33.041 7.25831 4
    endloop
  endfacet
  facet normal 0 0 1
    outer loop
      vertex 52.9 44.9 4
      vertex 32.8508 7.64448 4
      vertex 33.0406 7.25947 4
    endloop
  endfacet
  facet normal 0 0 1
    outer loop
      vertex 52.9 44.9 4
      vertex 32.8502 7.64558 4
      vertex 32.8508 7.64448 4
    endloop
  endfacet
  facet normal 0 0 1
    outer loop
      vertex 52.9 44.9 4
      vertex 32.8495 7.6466 4
      vertex 32.8502 7.64558 4
    endloop
  endfacet
  facet normal 0 0 1
    outer loop
      vertex 52.9 44.9 4
      vertex 32.6111 8.00353 4
      vertex 32.8495 7.6466 4
    endloop
  endfacet
  facet normal 0 0 1
    outer loop
      vertex 52.9 44.9 4
      vertex 32.328 8.32628 4
      vertex 32.6111 8.00353 4
    endloop
  endfacet
  facet normal 0 0 1
    outer loop
      vertex 52.9 44.9 4
      vertex 32.3272 8.3272 4
      vertex 32.328 8.32628 4
    endloop
  endfacet
  facet normal 0 0 1
    outer loop
      vertex 52.9 44.9 4
      vertex 32.3263 8.32801 4
      vertex 32.3272 8.3272 4
    endloop
  endfacet
  facet normal 0 0 1
    outer loop
      vertex 52.9 44.9 4
      vertex 32.0035 8.61105 4
      vertex 32.3263 8.32801 4
    endloop
  endfacet
  facet normal 0 0 1
    outer loop
      vertex 52.9 44.9 4
      vertex 31.6466 8.84955 4
      vertex 32.0035 8.61105 4
    endloop
  endfacet
  facet normal 0 0 1
    outer loop
      vertex 52.9 44.9 4
      vertex 31.6456 8.85023 4
      vertex 31.6466 8.84955 4
    endloop
  endfacet
  facet normal 0 0 1
    outer loop
      vertex 52.9 44.9 4
      vertex 31.6445 8.85077 4
      vertex 31.6456 8.85023 4
    endloop
  endfacet
  facet normal 0 0 1
    outer loop
      vertex 52.9 44.9 4
      vertex 31.2595 9.04064 4
      vertex 31.6445 8.85077 4
    endloop
  endfacet
  facet normal 0 0 1
    outer loop
      vertex 52.9 44.9 4
      vertex 31.2583 9.04103 4
      vertex 31.2595 9.04064 4
    endloop
  endfacet
  facet normal 0 0 1
    outer loop
      vertex 52.9 44.9 4
      vertex 30.8518 9.17902 4
      vertex 31.2583 9.04103 4
    endloop
  endfacet
  facet normal 0 0 1
    outer loop
      vertex 49.9 47.9 4
      vertex 30.4308 9.26276 4
      vertex 30.8518 9.17902 4
    endloop
  endfacet
  facet normal 0 0 1
    outer loop
      vertex 49.9 47.9 4
      vertex 30.4296 9.263 4
      vertex 30.4308 9.26276 4
    endloop
  endfacet
  facet normal -0 0 1
    outer loop
      vertex 18.0442 15.8243 4
      vertex 30.4296 9.263 4
      vertex 49.9 47.9 4
    endloop
  endfacet
  facet normal 0 0 1
    outer loop
      vertex 30.4296 9.263 4
      vertex 18.0442 15.8243 4
      vertex 30.4284 9.26308 4
    endloop
  endfacet
  facet normal 0 0 1
    outer loop
      vertex 30.4284 9.26308 4
      vertex 18.0442 15.8243 4
      vertex 30 9.29116 4
    endloop
  endfacet
  facet normal -0 -0 1
    outer loop
      vertex 19.0405 14.6103 4
      vertex 30 9.29116 4
      vertex 18.0442 15.8243 4
    endloop
  endfacet
  facet normal 0 0 1
    outer loop
      vertex 30 9.29116 4
      vertex 19.0405 14.6103 4
      vertex 29.5716 9.26308 4
    endloop
  endfacet
  facet normal 0 0 1
    outer loop
      vertex 29.5716 9.26308 4
      vertex 19.0405 14.6103 4
      vertex 29.5704 9.263 4
    endloop
  endfacet
  facet normal -0 -0 1
    outer loop
      vertex 19.9553 13.3337 4
      vertex 29.5704 9.263 4
      vertex 19.0405 14.6103 4
    endloop
  endfacet
  facet normal 0 0 1
    outer loop
      vertex 29.5704 9.263 4
      vertex 19.9553 13.3337 4
      vertex 29.5692 9.26276 4
    endloop
  endfacet
  facet normal 0 0 1
    outer loop
      vertex 29.5692 9.26276 4
      vertex 19.9553 13.3337 4
      vertex 29.1482 9.17902 4
    endloop
  endfacet
  facet normal -0 -0 1
    outer loop
      vertex 20.7846 12 4
      vertex 29.1482 9.17902 4
      vertex 19.9553 13.3337 4
    endloop
  endfacet
  facet normal 0 0 1
    outer loop
      vertex 29.1482 9.17902 4
      vertex 20.7846 12 4
      vertex 28.7417 9.04103 4
    endloop
  endfacet
  facet normal 0 0 1
    outer loop
      vertex 28.7417 9.04103 4
      vertex 20.7846 12 4
      vertex 28.7405 9.04064 4
    endloop
  endfacet
  facet normal 0 0 1
    outer loop
      vertex 28.7405 9.04064 4
      vertex 20.7846 12 4
      vertex 28.3555 8.85077 4
    endloop
  endfacet
  facet normal 0 0 1
    outer loop
      vertex 28.3555 8.85077 4
      vertex 21.5249 10.6149 4
      vertex 28.3544 8.85023 4
    endloop
  endfacet
  facet normal 0 0 1
    outer loop
      vertex 28.3544 8.85023 4
      vertex 21.5249 10.6149 4
      vertex 28.3534 8.84955 4
    endloop
  endfacet
  facet normal 0 0 1
    outer loop
      vertex 28.3534 8.84955 4
      vertex 21.5249 10.6149 4
      vertex 27.9965 8.61105 4
    endloop
  endfacet
  facet normal -0 -0 1
    outer loop
      vertex 22.1731 9.1844 4
      vertex 27.9965 8.61105 4
      vertex 21.5249 10.6149 4
    endloop
  endfacet
  facet normal 0 0 1
    outer loop
      vertex 27.9965 8.61105 4
      vertex 22.1731 9.1844 4
      vertex 27.6737 8.32801 4
    endloop
  endfacet
  facet normal 0 0 1
    outer loop
      vertex 22.7263 7.71455 4
      vertex 26.959 7.25831 4
      vertex 26.9594 7.25947 4
    endloop
  endfacet
  facet normal 0 0 1
    outer loop
      vertex 23.1822 6.21166 4
      vertex 26.7372 6.43079 4
      vertex 26.821 6.85181 4
    endloop
  endfacet
  facet normal 0 0 1
    outer loop
      vertex 23.1822 6.21166 4
      vertex 26.7369 6.42836 4
      vertex 26.737 6.42958 4
    endloop
  endfacet
  facet normal 0 0 1
    outer loop
      vertex 27.1615 -16.0131 4
      vertex 23.5388 -4.68217 4
      vertex 26.9156 -15.7975 4
    endloop
  endfacet
  facet normal -0 0 1
    outer loop
      vertex 23.1822 -6.21166 4
      vertex 26.9156 -15.7975 4
      vertex 23.5388 -4.68217 4
    endloop
  endfacet
  facet normal 0 0 1
    outer loop
      vertex 26.9156 -15.7975 4
      vertex 23.1822 -6.21166 4
      vertex 26.6437 -15.6158 4
    endloop
  endfacet
  facet normal -0 0 1
    outer loop
      vertex 22.7263 -7.71455 4
      vertex 26.6437 -15.6158 4
      vertex 23.1822 -6.21166 4
    endloop
  endfacet
  facet normal 0 0 1
    outer loop
      vertex 26.6437 -15.6158 4
      vertex 22.7263 -7.71455 4
      vertex 26.3504 -15.4712 4
    endloop
  endfacet
  facet normal 0 0 1
    outer loop
      vertex 26.7369 6.42836 4
      vertex 23.1822 6.21166 4
      vertex 26.7088 6 4
    endloop
  endfacet
  facet normal 0 0 1
    outer loop
      vertex 26.3504 -15.4712 4
      vertex 22.7263 -7.71455 4
      vertex 26.0408 -15.3661 4
    endloop
  endfacet
  facet normal -0 0 1
    outer loop
      vertex 22.1731 -9.1844 4
      vertex 26.0408 -15.3661 4
      vertex 22.7263 -7.71455 4
    endloop
  endfacet
  facet normal 0 0 1
    outer loop
      vertex 26.0408 -15.3661 4
      vertex 22.1731 -9.1844 4
      vertex 25.72 -15.3023 4
    endloop
  endfacet
  facet normal 0 0 1
    outer loop
      vertex 28.3534 3.15045 4
      vertex 24 0 4
      vertex 23.9486 -1.56967 4
    endloop
  endfacet
  facet normal 0 0 1
    outer loop
      vertex 26.7372 6.43079 4
      vertex 23.1822 6.21166 4
      vertex 26.737 6.42958 4
    endloop
  endfacet
  facet normal 0 0 1
    outer loop
      vertex 26.959 7.25831 4
      vertex 22.7263 7.71455 4
      vertex 26.821 6.85181 4
    endloop
  endfacet
  facet normal 0 0 1
    outer loop
      vertex 28.3534 3.15045 4
      vertex 23.9486 1.56967 4
      vertex 24 0 4
    endloop
  endfacet
  facet normal 0 0 1
    outer loop
      vertex 22.7263 7.71455 4
      vertex 26.9594 7.25947 4
      vertex 27.1492 7.64448 4
    endloop
  endfacet
  facet normal 0 0 1
    outer loop
      vertex 22.7263 7.71455 4
      vertex 27.1492 7.64448 4
      vertex 27.1498 7.64558 4
    endloop
  endfacet
  facet normal 0 0 1
    outer loop
      vertex 27.3889 3.99647 4
      vertex 23.7947 3.13263 4
      vertex 23.9486 1.56967 4
    endloop
  endfacet
  facet normal 0 0 1
    outer loop
      vertex 27.6737 8.32801 4
      vertex 22.1731 9.1844 4
      vertex 27.6728 8.3272 4
    endloop
  endfacet
  facet normal 0 0 1
    outer loop
      vertex 26.959 4.74169 4
      vertex 23.5388 4.68217 4
      vertex 23.7947 3.13263 4
    endloop
  endfacet
  facet normal 0 0 1
    outer loop
      vertex 26.7088 6 4
      vertex 23.1822 6.21166 4
      vertex 23.5388 4.68217 4
    endloop
  endfacet
  facet normal 0 0 1
    outer loop
      vertex 26.821 6.85181 4
      vertex 22.7263 7.71455 4
      vertex 23.1822 6.21166 4
    endloop
  endfacet
  facet normal 0 0 1
    outer loop
      vertex 27.1505 7.6466 4
      vertex 22.7263 7.71455 4
      vertex 27.1498 7.64558 4
    endloop
  endfacet
  facet normal -0 -0 1
    outer loop
      vertex 22.7263 7.71455 4
      vertex 27.1505 7.6466 4
      vertex 22.1731 9.1844 4
    endloop
  endfacet
  facet normal 0 0 1
    outer loop
      vertex 27.3889 8.00353 4
      vertex 22.1731 9.1844 4
      vertex 27.1505 7.6466 4
    endloop
  endfacet
  facet normal 0 0 1
    outer loop
      vertex 27.672 8.32628 4
      vertex 22.1731 9.1844 4
      vertex 27.3889 8.00353 4
    endloop
  endfacet
  facet normal 0 0 1
    outer loop
      vertex 27.6728 8.3272 4
      vertex 22.1731 9.1844 4
      vertex 27.672 8.32628 4
    endloop
  endfacet
  facet normal -0 -0 1
    outer loop
      vertex 21.5249 10.6149 4
      vertex 28.3555 8.85077 4
      vertex 20.7846 12 4
    endloop
  endfacet
  facet normal 0 0 1
    outer loop
      vertex 49.9 47.9 4
      vertex 16.9706 16.9706 4
      vertex 18.0442 15.8243 4
    endloop
  endfacet
  facet normal 0 0 1
    outer loop
      vertex 49.9 47.9 4
      vertex 15.8243 18.0442 4
      vertex 16.9706 16.9706 4
    endloop
  endfacet
  facet normal 0 0 1
    outer loop
      vertex 49.9 47.9 4
      vertex 14.6103 19.0405 4
      vertex 15.8243 18.0442 4
    endloop
  endfacet
  facet normal 0 0 1
    outer loop
      vertex 49.9 47.9 4
      vertex 13.3337 19.9553 4
      vertex 14.6103 19.0405 4
    endloop
  endfacet
  facet normal 0 0 1
    outer loop
      vertex 49.9 47.9 4
      vertex 12 20.7846 4
      vertex 13.3337 19.9553 4
    endloop
  endfacet
  facet normal 0 0 1
    outer loop
      vertex 49.9 47.9 4
      vertex 10.6149 21.5249 4
      vertex 12 20.7846 4
    endloop
  endfacet
  facet normal 0 0 1
    outer loop
      vertex 49.9 47.9 4
      vertex 9.1844 22.1731 4
      vertex 10.6149 21.5249 4
    endloop
  endfacet
  facet normal 0 0 1
    outer loop
      vertex 49.9 47.9 4
      vertex 7.71455 22.7263 4
      vertex 9.1844 22.1731 4
    endloop
  endfacet
  facet normal 0 0 1
    outer loop
      vertex 49.9 47.9 4
      vertex 6.21166 23.1822 4
      vertex 7.71455 22.7263 4
    endloop
  endfacet
  facet normal 0 0 1
    outer loop
      vertex 49.9 47.9 4
      vertex 4.68217 23.5388 4
      vertex 6.21166 23.1822 4
    endloop
  endfacet
  facet normal 0 0 1
    outer loop
      vertex 49.9 47.9 4
      vertex 3.13263 23.7947 4
      vertex 4.68217 23.5388 4
    endloop
  endfacet
  facet normal 0 0 1
    outer loop
      vertex 49.9 47.9 4
      vertex 1.56967 23.9486 4
      vertex 3.13263 23.7947 4
    endloop
  endfacet
  facet normal 0 0 1
    outer loop
      vertex 49.9 47.9 4
      vertex 0 24 4
      vertex 1.56967 23.9486 4
    endloop
  endfacet
  facet normal -0 0 1
    outer loop
      vertex -49.9 47.9 4
      vertex 0 24 4
      vertex 49.9 47.9 4
    endloop
  endfacet
  facet normal 0 0 1
    outer loop
      vertex 0 24 4
      vertex -49.9 47.9 4
      vertex -1.56967 23.9486 4
    endloop
  endfacet
  facet normal 0 0 1
    outer loop
      vertex -1.56967 23.9486 4
      vertex -49.9 47.9 4
      vertex -3.13263 23.7947 4
    endloop
  endfacet
  facet normal 0 0 1
    outer loop
      vertex -3.13263 23.7947 4
      vertex -49.9 47.9 4
      vertex -4.68217 23.5388 4
    endloop
  endfacet
  facet normal 0 0 1
    outer loop
      vertex -4.68217 23.5388 4
      vertex -49.9 47.9 4
      vertex -6.21166 23.1822 4
    endloop
  endfacet
  facet normal 0 0 1
    outer loop
      vertex -6.21166 23.1822 4
      vertex -49.9 47.9 4
      vertex -7.71455 22.7263 4
    endloop
  endfacet
  facet normal 0 0 1
    outer loop
      vertex -22.1731 -9.1844 4
      vertex -24.437 -15.4712 4
      vertex -24.1437 -15.6158 4
    endloop
  endfacet
  facet normal 0 0 1
    outer loop
      vertex -23.9486 -1.56967 4
      vertex -24.7467 -15.3661 4
      vertex -24.437 -15.4712 4
    endloop
  endfacet
  facet normal 0 0 1
    outer loop
      vertex -28.3534 3.15045 4
      vertex -24 0 4
      vertex -23.9486 1.56967 4
    endloop
  endfacet
  facet normal 0 0 1
    outer loop
      vertex -23.9486 -1.56967 4
      vertex -25.0674 -15.3023 4
      vertex -24.7467 -15.3661 4
    endloop
  endfacet
  facet normal 0 0 1
    outer loop
      vertex -23.9486 -1.56967 4
      vertex -25.3937 -15.2809 4
      vertex -25.0674 -15.3023 4
    endloop
  endfacet
  facet normal 0 0 1
    outer loop
      vertex -23.9486 -1.56967 4
      vertex -25.72 -15.3023 4
      vertex -25.3937 -15.2809 4
    endloop
  endfacet
  facet normal 0 0 1
    outer loop
      vertex -27.3889 3.99647 4
      vertex -23.9486 1.56967 4
      vertex -23.7947 3.13263 4
    endloop
  endfacet
  facet normal 0 0 1
    outer loop
      vertex -24 0 4
      vertex -28.7417 2.95897 4
      vertex -29.1482 2.82098 4
    endloop
  endfacet
  facet normal 0 0 1
    outer loop
      vertex -23.9486 -1.56967 4
      vertex -29.1482 2.82098 4
      vertex -29.5692 2.73724 4
    endloop
  endfacet
  facet normal 0 0 1
    outer loop
      vertex -23.9486 -1.56967 4
      vertex -29.5692 2.73724 4
      vertex -29.5704 2.737 4
    endloop
  endfacet
  facet normal -0 0 1
    outer loop
      vertex -26.737 5.57042 4
      vertex -23.5388 4.68217 4
      vertex -26.7369 5.57164 4
    endloop
  endfacet
  facet normal -0 0 1
    outer loop
      vertex -26.7369 5.57164 4
      vertex -23.5388 4.68217 4
      vertex -26.7088 6 4
    endloop
  endfacet
  facet normal 0 0 1
    outer loop
      vertex -23.1822 6.21166 4
      vertex -26.7088 6 4
      vertex -23.5388 4.68217 4
    endloop
  endfacet
  facet normal -0 0 1
    outer loop
      vertex -26.821 6.85181 4
      vertex -23.1822 6.21166 4
      vertex -22.7263 7.71455 4
    endloop
  endfacet
  facet normal 0 0 1
    outer loop
      vertex -27.1505 7.6466 4
      vertex -22.7263 7.71455 4
      vertex -22.1731 9.1844 4
    endloop
  endfacet
  facet normal 0 0 1
    outer loop
      vertex -27.9965 8.61105 4
      vertex -22.1731 9.1844 4
      vertex -21.5249 10.6149 4
    endloop
  endfacet
  facet normal 0 0 1
    outer loop
      vertex -28.3555 8.85077 4
      vertex -21.5249 10.6149 4
      vertex -20.7846 12 4
    endloop
  endfacet
  facet normal 0 0 1
    outer loop
      vertex -29.1482 9.17902 4
      vertex -20.7846 12 4
      vertex -19.9553 13.3337 4
    endloop
  endfacet
  facet normal 0 0 1
    outer loop
      vertex -29.5704 9.263 4
      vertex -19.9553 13.3337 4
      vertex -19.0405 14.6103 4
    endloop
  endfacet
  facet normal 0 0 1
    outer loop
      vertex -30 9.29116 4
      vertex -19.0405 14.6103 4
      vertex -18.0442 15.8243 4
    endloop
  endfacet
  facet normal 0 0 1
    outer loop
      vertex -23.1822 6.21166 4
      vertex -26.7369 6.42836 4
      vertex -26.7088 6 4
    endloop
  endfacet
  facet normal 0 0 1
    outer loop
      vertex -23.1822 6.21166 4
      vertex -26.737 6.42958 4
      vertex -26.7369 6.42836 4
    endloop
  endfacet
  facet normal 0 0 1
    outer loop
      vertex -23.1822 6.21166 4
      vertex -26.7372 6.43079 4
      vertex -26.737 6.42958 4
    endloop
  endfacet
  facet normal 0 0 1
    outer loop
      vertex -23.1822 6.21166 4
      vertex -26.821 6.85181 4
      vertex -26.7372 6.43079 4
    endloop
  endfacet
  facet normal 0 0 1
    outer loop
      vertex -49.9 47.9 4
      vertex -18.0442 15.8243 4
      vertex -16.9706 16.9706 4
    endloop
  endfacet
  facet normal 0 0 1
    outer loop
      vertex -22.7263 7.71455 4
      vertex -26.959 7.25831 4
      vertex -26.821 6.85181 4
    endloop
  endfacet
  facet normal 0 0 1
    outer loop
      vertex -22.7263 7.71455 4
      vertex -26.9594 7.25947 4
      vertex -26.959 7.25831 4
    endloop
  endfacet
  facet normal 0 0 1
    outer loop
      vertex -22.7263 7.71455 4
      vertex -27.1492 7.64448 4
      vertex -26.9594 7.25947 4
    endloop
  endfacet
  facet normal 0 0 1
    outer loop
      vertex -49.9 47.9 4
      vertex -16.9706 16.9706 4
      vertex -15.8243 18.0442 4
    endloop
  endfacet
  facet normal 0 0 1
    outer loop
      vertex -22.7263 7.71455 4
      vertex -27.1498 7.64558 4
      vertex -27.1492 7.64448 4
    endloop
  endfacet
  facet normal 0 0 1
    outer loop
      vertex -22.7263 7.71455 4
      vertex -27.1505 7.6466 4
      vertex -27.1498 7.64558 4
    endloop
  endfacet
  facet normal 0 0 1
    outer loop
      vertex -22.1731 9.1844 4
      vertex -27.3889 8.00353 4
      vertex -27.1505 7.6466 4
    endloop
  endfacet
  facet normal 0 0 1
    outer loop
      vertex -22.1731 9.1844 4
      vertex -27.672 8.32628 4
      vertex -27.3889 8.00353 4
    endloop
  endfacet
  facet normal 0 0 1
    outer loop
      vertex -49.9 47.9 4
      vertex -15.8243 18.0442 4
      vertex -14.6103 19.0405 4
    endloop
  endfacet
  facet normal 0 0 1
    outer loop
      vertex -22.1731 9.1844 4
      vertex -27.6728 8.3272 4
      vertex -27.672 8.32628 4
    endloop
  endfacet
  facet normal 0 0 1
    outer loop
      vertex -22.1731 9.1844 4
      vertex -27.6737 8.32801 4
      vertex -27.6728 8.3272 4
    endloop
  endfacet
  facet normal 0 0 1
    outer loop
      vertex -22.1731 9.1844 4
      vertex -27.9965 8.61105 4
      vertex -27.6737 8.32801 4
    endloop
  endfacet
  facet normal 0 0 1
    outer loop
      vertex -21.5249 10.6149 4
      vertex -28.3534 8.84955 4
      vertex -27.9965 8.61105 4
    endloop
  endfacet
  facet normal 0 0 1
    outer loop
      vertex -21.5249 10.6149 4
      vertex -28.3544 8.85023 4
      vertex -28.3534 8.84955 4
    endloop
  endfacet
  facet normal 0 0 1
    outer loop
      vertex -21.5249 10.6149 4
      vertex -28.3555 8.85077 4
      vertex -28.3544 8.85023 4
    endloop
  endfacet
  facet normal 0 0 1
    outer loop
      vertex -20.7846 12 4
      vertex -28.7405 9.04064 4
      vertex -28.3555 8.85077 4
    endloop
  endfacet
  facet normal 0 0 1
    outer loop
      vertex -49.9 47.9 4
      vertex -14.6103 19.0405 4
      vertex -13.3337 19.9553 4
    endloop
  endfacet
  facet normal 0 0 1
    outer loop
      vertex -20.7846 12 4
      vertex -28.7417 9.04103 4
      vertex -28.7405 9.04064 4
    endloop
  endfacet
  facet normal 0 0 1
    outer loop
      vertex -20.7846 12 4
      vertex -29.1482 9.17902 4
      vertex -28.7417 9.04103 4
    endloop
  endfacet
  facet normal 0 0 1
    outer loop
      vertex -19.9553 13.3337 4
      vertex -29.5692 9.26276 4
      vertex -29.1482 9.17902 4
    endloop
  endfacet
  facet normal 0 0 1
    outer loop
      vertex -19.9553 13.3337 4
      vertex -29.5704 9.263 4
      vertex -29.5692 9.26276 4
    endloop
  endfacet
  facet normal 0 0 1
    outer loop
      vertex -19.0405 14.6103 4
      vertex -29.5716 9.26308 4
      vertex -29.5704 9.263 4
    endloop
  endfacet
  facet normal 0 0 1
    outer loop
      vertex -19.0405 14.6103 4
      vertex -30 9.29116 4
      vertex -29.5716 9.26308 4
    endloop
  endfacet
  facet normal 0 0 1
    outer loop
      vertex -18.0442 15.8243 4
      vertex -30.4284 9.26308 4
      vertex -30 9.29116 4
    endloop
  endfacet
  facet normal 0 0 1
    outer loop
      vertex -18.0442 15.8243 4
      vertex -30.4296 9.263 4
      vertex -30.4284 9.26308 4
    endloop
  endfacet
  facet normal 0 0 1
    outer loop
      vertex -18.0442 15.8243 4
      vertex -49.9 47.9 4
      vertex -30.4296 9.263 4
    endloop
  endfacet
  facet normal 0 0 1
    outer loop
      vertex -30.4296 9.263 4
      vertex -49.9 47.9 4
      vertex -30.4308 9.26276 4
    endloop
  endfacet
  facet normal 0 0 1
    outer loop
      vertex -49.9 47.9 4
      vertex -13.3337 19.9553 4
      vertex -12 20.7846 4
    endloop
  endfacet
  facet normal 0 0 1
    outer loop
      vertex -30.4308 9.26276 4
      vertex -49.9 47.9 4
      vertex -30.8518 9.17902 4
    endloop
  endfacet
  facet normal -0 0 1
    outer loop
      vertex -52.9 44.9 4
      vertex -30.8518 9.17902 4
      vertex -49.9 47.9 4
    endloop
  endfacet
  facet normal 0 0 1
    outer loop
      vertex -30.8518 9.17902 4
      vertex -52.9 44.9 4
      vertex -31.2583 9.04103 4
    endloop
  endfacet
  facet normal 0 0 1
    outer loop
      vertex -31.2583 9.04103 4
      vertex -52.9 44.9 4
      vertex -31.2595 9.04064 4
    endloop
  endfacet
  facet normal 0 0 1
    outer loop
      vertex -52.9 44.9 4
      vertex -31.6466 8.84955 4
      vertex -31.6456 8.85023 4
    endloop
  endfacet
  facet normal 0 0 1
    outer loop
      vertex -32.3272 8.3272 4
      vertex -32.6111 8.00353 4
      vertex -32.328 8.32628 4
    endloop
  endfacet
  facet normal 0 0 1
    outer loop
      vertex -32.6111 8.00353 4
      vertex -32.8502 7.64558 4
      vertex -32.8495 7.6466 4
    endloop
  endfacet
  facet normal 0 0 -1
    outer loop
      vertex -33.179 6.85181 4
      vertex -33.263 6.42958 4
      vertex -33.2628 6.43079 4
    endloop
  endfacet
  facet normal 0 0 -1
    outer loop
      vertex -33.263 6.42958 4
      vertex -33.2912 6 4
      vertex -33.2631 6.42836 4
    endloop
  endfacet
  facet normal 0 0 1
    outer loop
      vertex -52.9 44.9 4
      vertex -33.2912 6 4
      vertex -33.263 6.42958 4
    endloop
  endfacet
  facet normal 0 0 1
    outer loop
      vertex -52.9 44.9 4
      vertex -33.263 6.42958 4
      vertex -33.179 6.85181 4
    endloop
  endfacet
  facet normal -0 0 1
    outer loop
      vertex -43.3889 -40.3965 4
      vertex -39.5 -43.5 4
      vertex -39.5 -24.5 4
    endloop
  endfacet
  facet normal 0 0 1
    outer loop
      vertex -39.5 -43.5 4
      vertex -42.7369 -41.9716 4
      vertex -42.7088 -42.4 4
    endloop
  endfacet
  facet normal 0 0 1
    outer loop
      vertex -39.5 -43.5 4
      vertex -42.737 -41.9704 4
      vertex -42.7369 -41.9716 4
    endloop
  endfacet
  facet normal 0 0 1
    outer loop
      vertex -39.5 -43.5 4
      vertex -42.7372 -41.9692 4
      vertex -42.737 -41.9704 4
    endloop
  endfacet
  facet normal 0 0 1
    outer loop
      vertex -39.5 -43.5 4
      vertex -42.821 -41.5482 4
      vertex -42.7372 -41.9692 4
    endloop
  endfacet
  facet normal 0 0 1
    outer loop
      vertex -39.5 -43.5 4
      vertex -42.959 -41.1417 4
      vertex -42.821 -41.5482 4
    endloop
  endfacet
  facet normal 0 0 1
    outer loop
      vertex -33.2912 6 4
      vertex -52.9 44.9 4
      vertex -39.5 -24.5 4
    endloop
  endfacet
  facet normal 0 0 1
    outer loop
      vertex -39.5 -43.5 4
      vertex -42.9594 -41.1405 4
      vertex -42.959 -41.1417 4
    endloop
  endfacet
  facet normal 0 0 1
    outer loop
      vertex -39.5 -43.5 4
      vertex -43.1492 -40.7555 4
      vertex -42.9594 -41.1405 4
    endloop
  endfacet
  facet normal 0 0 1
    outer loop
      vertex -39.5 -43.5 4
      vertex -43.1498 -40.7544 4
      vertex -43.1492 -40.7555 4
    endloop
  endfacet
  facet normal 0 0 1
    outer loop
      vertex -39.5 -43.5 4
      vertex -43.1505 -40.7534 4
      vertex -43.1498 -40.7544 4
    endloop
  endfacet
  facet normal 0 0 1
    outer loop
      vertex -39.5 -43.5 4
      vertex -43.3889 -40.3965 4
      vertex -43.1505 -40.7534 4
    endloop
  endfacet
  facet normal 0 0 1
    outer loop
      vertex -39.5 -24.5 4
      vertex -43.672 -40.0737 4
      vertex -43.3889 -40.3965 4
    endloop
  endfacet
  facet normal 0 0 1
    outer loop
      vertex -39.5 -24.5 4
      vertex -43.6728 -40.0728 4
      vertex -43.672 -40.0737 4
    endloop
  endfacet
  facet normal 0 0 1
    outer loop
      vertex -39.5 -24.5 4
      vertex -43.6737 -40.072 4
      vertex -43.6728 -40.0728 4
    endloop
  endfacet
  facet normal 0 0 1
    outer loop
      vertex -39.5 -24.5 4
      vertex -43.9965 -39.7889 4
      vertex -43.6737 -40.072 4
    endloop
  endfacet
  facet normal 0 0 1
    outer loop
      vertex -39.5 -24.5 4
      vertex -43.9975 -39.7883 4
      vertex -43.9965 -39.7889 4
    endloop
  endfacet
  facet normal 0 0 1
    outer loop
      vertex -39.5 -24.5 4
      vertex -44.3544 -39.5498 4
      vertex -43.9975 -39.7883 4
    endloop
  endfacet
  facet normal 0 0 1
    outer loop
      vertex -39.5 -24.5 4
      vertex -44.3555 -39.5492 4
      vertex -44.3544 -39.5498 4
    endloop
  endfacet
  facet normal 0 0 1
    outer loop
      vertex -39.5 -24.5 4
      vertex -44.7405 -39.3594 4
      vertex -44.3555 -39.5492 4
    endloop
  endfacet
  facet normal 0 0 1
    outer loop
      vertex -39.5 -24.5 4
      vertex -45.147 -39.2214 4
      vertex -44.7405 -39.3594 4
    endloop
  endfacet
  facet normal 0 0 1
    outer loop
      vertex -39.5 -24.5 4
      vertex -45.1482 -39.221 4
      vertex -45.147 -39.2214 4
    endloop
  endfacet
  facet normal 0 0 1
    outer loop
      vertex -39.5 -24.5 4
      vertex -45.1494 -39.2207 4
      vertex -45.1482 -39.221 4
    endloop
  endfacet
  facet normal 0 0 1
    outer loop
      vertex -39.5 -24.5 4
      vertex -45.5704 -39.137 4
      vertex -45.1494 -39.2207 4
    endloop
  endfacet
  facet normal 0 0 1
    outer loop
      vertex -39.5 -24.5 4
      vertex -45.9988 -39.1089 4
      vertex -45.5704 -39.137 4
    endloop
  endfacet
  facet normal 0 0 1
    outer loop
      vertex -39.5 -24.5 4
      vertex -46 -39.1088 4
      vertex -45.9988 -39.1089 4
    endloop
  endfacet
  facet normal 0 0 1
    outer loop
      vertex -39.5 -24.5 4
      vertex -46.0012 -39.1089 4
      vertex -46 -39.1088 4
    endloop
  endfacet
  facet normal 0 0 1
    outer loop
      vertex -39.5 -24.5 4
      vertex -46.4296 -39.137 4
      vertex -46.0012 -39.1089 4
    endloop
  endfacet
  facet normal 0 0 1
    outer loop
      vertex -39.5 -24.5 4
      vertex -46.8506 -39.2207 4
      vertex -46.4296 -39.137 4
    endloop
  endfacet
  facet normal 0 0 1
    outer loop
      vertex -39.5 -24.5 4
      vertex -46.8518 -39.221 4
      vertex -46.8506 -39.2207 4
    endloop
  endfacet
  facet normal 0 0 1
    outer loop
      vertex -39.5 -24.5 4
      vertex -46.853 -39.2214 4
      vertex -46.8518 -39.221 4
    endloop
  endfacet
  facet normal 0 0 1
    outer loop
      vertex -39.5 -24.5 4
      vertex -47.2595 -39.3594 4
      vertex -46.853 -39.2214 4
    endloop
  endfacet
  facet normal 0 0 1
    outer loop
      vertex -39.5 -24.5 4
      vertex -47.6445 -39.5492 4
      vertex -47.2595 -39.3594 4
    endloop
  endfacet
  facet normal 0 0 1
    outer loop
      vertex -39.5 -24.5 4
      vertex -47.6456 -39.5498 4
      vertex -47.6445 -39.5492 4
    endloop
  endfacet
  facet normal 0 0 1
    outer loop
      vertex -39.5 -24.5 4
      vertex -48.0025 -39.7883 4
      vertex -47.6456 -39.5498 4
    endloop
  endfacet
  facet normal 0 0 1
    outer loop
      vertex -39.5 -24.5 4
      vertex -48.0035 -39.7889 4
      vertex -48.0025 -39.7883 4
    endloop
  endfacet
  facet normal 0 0 1
    outer loop
      vertex -39.5 -24.5 4
      vertex -48.3263 -40.072 4
      vertex -48.0035 -39.7889 4
    endloop
  endfacet
  facet normal 0 0 1
    outer loop
      vertex -39.5 -24.5 4
      vertex -48.3272 -40.0728 4
      vertex -48.3263 -40.072 4
    endloop
  endfacet
  facet normal 0 0 1
    outer loop
      vertex -52.9 -44.9 4
      vertex -39.5 -24.5 4
      vertex -52.9 44.9 4
    endloop
  endfacet
  facet normal 0 0 1
    outer loop
      vertex -39.5 -24.5 4
      vertex -48.328 -40.0737 4
      vertex -48.3272 -40.0728 4
    endloop
  endfacet
  facet normal 0 0 1
    outer loop
      vertex -39.5 -24.5 4
      vertex -48.6111 -40.3965 4
      vertex -48.328 -40.0737 4
    endloop
  endfacet
  facet normal 0 0 1
    outer loop
      vertex -39.5 -24.5 4
      vertex -52.9 -44.9 4
      vertex -48.6111 -40.3965 4
    endloop
  endfacet
  facet normal 0 0 1
    outer loop
      vertex -48.6111 -40.3965 4
      vertex -52.9 -44.9 4
      vertex -48.8495 -40.7534 4
    endloop
  endfacet
  facet normal 0 0 1
    outer loop
      vertex -48.8495 -40.7534 4
      vertex -52.9 -44.9 4
      vertex -48.8502 -40.7544 4
    endloop
  endfacet
  facet normal 0 0 1
    outer loop
      vertex -48.8508 -40.7555 4
      vertex -52.9 -44.9 4
      vertex -49.0406 -41.1405 4
    endloop
  endfacet
  facet normal 0 0 1
    outer loop
      vertex -49.0406 -41.1405 4
      vertex -52.9 -44.9 4
      vertex -49.041 -41.1417 4
    endloop
  endfacet
  facet normal 0 0 1
    outer loop
      vertex -52.9 -44.9 4
      vertex -49.2628 -41.9692 4
      vertex -49.179 -41.5482 4
    endloop
  endfacet
  facet normal 0 0 1
    outer loop
      vertex -52.9 -44.9 4
      vertex -49.2631 -41.9716 4
      vertex -49.263 -41.9704 4
    endloop
  endfacet
  facet normal 0 0 1
    outer loop
      vertex -49.041 -41.1417 4
      vertex -52.9 -44.9 4
      vertex -49.179 -41.5482 4
    endloop
  endfacet
  facet normal 0 0 1
    outer loop
      vertex -48.8502 -40.7544 4
      vertex -52.9 -44.9 4
      vertex -48.8508 -40.7555 4
    endloop
  endfacet
  facet normal 0 0 1
    outer loop
      vertex -33.041 7.25831 4
      vertex -52.9 44.9 4
      vertex -33.179 6.85181 4
    endloop
  endfacet
  facet normal 0 0 1
    outer loop
      vertex -33.0406 7.25947 4
      vertex -52.9 44.9 4
      vertex -33.041 7.25831 4
    endloop
  endfacet
  facet normal 0 0 1
    outer loop
      vertex -32.8508 7.64448 4
      vertex -52.9 44.9 4
      vertex -33.0406 7.25947 4
    endloop
  endfacet
  facet normal 0 0 1
    outer loop
      vertex -32.8502 7.64558 4
      vertex -52.9 44.9 4
      vertex -32.8508 7.64448 4
    endloop
  endfacet
  facet normal 0 0 1
    outer loop
      vertex -32.6111 8.00353 4
      vertex -52.9 44.9 4
      vertex -32.8502 7.64558 4
    endloop
  endfacet
  facet normal 0 0 1
    outer loop
      vertex -32.3272 8.3272 4
      vertex -52.9 44.9 4
      vertex -32.6111 8.00353 4
    endloop
  endfacet
  facet normal 0 0 1
    outer loop
      vertex -32.3263 8.32801 4
      vertex -52.9 44.9 4
      vertex -32.3272 8.3272 4
    endloop
  endfacet
  facet normal 0 0 1
    outer loop
      vertex -32.0035 8.61105 4
      vertex -52.9 44.9 4
      vertex -32.3263 8.32801 4
    endloop
  endfacet
  facet normal 0 0 1
    outer loop
      vertex -31.6466 8.84955 4
      vertex -52.9 44.9 4
      vertex -32.0035 8.61105 4
    endloop
  endfacet
  facet normal 0 0 1
    outer loop
      vertex -31.6445 8.85077 4
      vertex -52.9 44.9 4
      vertex -31.6456 8.85023 4
    endloop
  endfacet
  facet normal 0 0 1
    outer loop
      vertex -31.2595 9.04064 4
      vertex -52.9 44.9 4
      vertex -31.6445 8.85077 4
    endloop
  endfacet
  facet normal 0 0 1
    outer loop
      vertex -10.6149 21.5249 4
      vertex -49.9 47.9 4
      vertex -12 20.7846 4
    endloop
  endfacet
  facet normal 0 0 1
    outer loop
      vertex -9.1844 22.1731 4
      vertex -49.9 47.9 4
      vertex -10.6149 21.5249 4
    endloop
  endfacet
  facet normal 0 0 1
    outer loop
      vertex -7.71455 22.7263 4
      vertex -49.9 47.9 4
      vertex -9.1844 22.1731 4
    endloop
  endfacet
  facet normal 0 0 1
    outer loop
      vertex 52.4981 -46.4 4
      vertex 48.8502 -44.0456 4
      vertex 52.2801 -46.7263 4
    endloop
  endfacet
  facet normal 0 0 1
    outer loop
      vertex 52.2801 -46.7263 4
      vertex 48.8502 -44.0456 4
      vertex 52.0213 -47.0213 4
    endloop
  endfacet
  facet normal -0 0 1
    outer loop
      vertex 48.6117 -44.4025 4
      vertex 52.0213 -47.0213 4
      vertex 48.8502 -44.0456 4
    endloop
  endfacet
  facet normal 0 0 1
    outer loop
      vertex 52.0213 -47.0213 4
      vertex 48.6117 -44.4025 4
      vertex 51.7263 -47.2801 4
    endloop
  endfacet
  facet normal -0 0 1
    outer loop
      vertex 48.6111 -44.4035 4
      vertex 51.7263 -47.2801 4
      vertex 48.6117 -44.4025 4
    endloop
  endfacet
  facet normal 0 0 1
    outer loop
      vertex 51.7263 -47.2801 4
      vertex 48.6111 -44.4035 4
      vertex 51.4 -47.4981 4
    endloop
  endfacet
  facet normal 0 0 1
    outer loop
      vertex 51.4 -47.4981 4
      vertex 48.6111 -44.4035 4
      vertex 51.0481 -47.6716 4
    endloop
  endfacet
  facet normal 0 0 1
    outer loop
      vertex 51.0481 -47.6716 4
      vertex 48.6111 -44.4035 4
      vertex 50.6765 -47.7978 4
    endloop
  endfacet
  facet normal -0 0 1
    outer loop
      vertex 48.6102 -44.4045 4
      vertex 50.6765 -47.7978 4
      vertex 48.6111 -44.4035 4
    endloop
  endfacet
  facet normal 0 0 1
    outer loop
      vertex 50.6765 -47.7978 4
      vertex 48.6102 -44.4045 4
      vertex 50.2916 -47.8743 4
    endloop
  endfacet
  facet normal 0 0 1
    outer loop
      vertex 50.2916 -47.8743 4
      vertex 48.6102 -44.4045 4
      vertex 49.9 -47.9 4
    endloop
  endfacet
  facet normal -0 0 1
    outer loop
      vertex 48.3272 -44.7272 4
      vertex 49.9 -47.9 4
      vertex 48.6102 -44.4045 4
    endloop
  endfacet
  facet normal -0 0 1
    outer loop
      vertex 48.3263 -44.728 4
      vertex 49.9 -47.9 4
      vertex 48.3272 -44.7272 4
    endloop
  endfacet
  facet normal -0 0 1
    outer loop
      vertex 48.0035 -45.0111 4
      vertex 49.9 -47.9 4
      vertex 48.3263 -44.728 4
    endloop
  endfacet
  facet normal -0 0 1
    outer loop
      vertex 48.0025 -45.0117 4
      vertex 49.9 -47.9 4
      vertex 48.0035 -45.0111 4
    endloop
  endfacet
  facet normal -0 0 1
    outer loop
      vertex 47.6456 -45.2502 4
      vertex 49.9 -47.9 4
      vertex 48.0025 -45.0117 4
    endloop
  endfacet
  facet normal -0 0 1
    outer loop
      vertex 47.2606 -45.4401 4
      vertex 49.9 -47.9 4
      vertex 47.6456 -45.2502 4
    endloop
  endfacet
  facet normal -0 0 1
    outer loop
      vertex 47.2595 -45.4406 4
      vertex 49.9 -47.9 4
      vertex 47.2606 -45.4401 4
    endloop
  endfacet
  facet normal -0 0 1
    outer loop
      vertex 47.2583 -45.441 4
      vertex 49.9 -47.9 4
      vertex 47.2595 -45.4406 4
    endloop
  endfacet
  facet normal -0 0 1
    outer loop
      vertex 46.8518 -45.579 4
      vertex 49.9 -47.9 4
      vertex 47.2583 -45.441 4
    endloop
  endfacet
  facet normal -0 0 1
    outer loop
      vertex 46.8506 -45.5793 4
      vertex 49.9 -47.9 4
      vertex 46.8518 -45.579 4
    endloop
  endfacet
  facet normal -0 0 1
    outer loop
      vertex 46.4296 -45.663 4
      vertex 49.9 -47.9 4
      vertex 46.8506 -45.5793 4
    endloop
  endfacet
  facet normal -0 0 1
    outer loop
      vertex 46.0012 -45.6911 4
      vertex 49.9 -47.9 4
      vertex 46.4296 -45.663 4
    endloop
  endfacet
  facet normal -0 0 1
    outer loop
      vertex 46 -45.6912 4
      vertex 49.9 -47.9 4
      vertex 46.0012 -45.6911 4
    endloop
  endfacet
  facet normal 0 0 1
    outer loop
      vertex 45.9988 -45.6911 4
      vertex 49.9 -47.9 4
      vertex 46 -45.6912 4
    endloop
  endfacet
  facet normal 0 0 1
    outer loop
      vertex 45.5704 -45.663 4
      vertex 49.9 -47.9 4
      vertex 45.9988 -45.6911 4
    endloop
  endfacet
  facet normal 0 0 1
    outer loop
      vertex 45.1494 -45.5793 4
      vertex 49.9 -47.9 4
      vertex 45.5704 -45.663 4
    endloop
  endfacet
  facet normal 0 0 1
    outer loop
      vertex 45.1482 -45.579 4
      vertex 49.9 -47.9 4
      vertex 45.1494 -45.5793 4
    endloop
  endfacet
  facet normal 0 0 1
    outer loop
      vertex 44.7417 -45.441 4
      vertex 49.9 -47.9 4
      vertex 45.1482 -45.579 4
    endloop
  endfacet
  facet normal 0 0 1
    outer loop
      vertex 44.7405 -45.4406 4
      vertex 49.9 -47.9 4
      vertex 44.7417 -45.441 4
    endloop
  endfacet
  facet normal 0 0 -1
    outer loop
      vertex 44.3544 -45.2502 4
      vertex 44.7405 -45.4406 4
      vertex 44.7394 -45.4401 4
    endloop
  endfacet
  facet normal 0 0 1
    outer loop
      vertex 43.9965 -45.0111 4
      vertex 44.3544 -45.2502 4
      vertex 43.9975 -45.0117 4
    endloop
  endfacet
  facet normal 0 0 1
    outer loop
      vertex 43.1498 -44.0456 4
      vertex 43.3889 -44.4035 4
      vertex 43.3883 -44.4025 4
    endloop
  endfacet
  facet normal 0 0 -1
    outer loop
      vertex 42.9594 -43.6595 4
      vertex 43.1498 -44.0456 4
      vertex 42.9599 -43.6606 4
    endloop
  endfacet
  facet normal 0 0 1
    outer loop
      vertex 42.821 -43.2518 4
      vertex 42.9594 -43.6595 4
      vertex 42.959 -43.6583 4
    endloop
  endfacet
  facet normal 0 0 -1
    outer loop
      vertex 42.737 -42.8296 4
      vertex 42.821 -43.2518 4
      vertex 42.7372 -42.8308 4
    endloop
  endfacet
  facet normal 0 0 -1
    outer loop
      vertex 42.7088 -42.4 4
      vertex 42.737 -42.8296 4
      vertex 42.7369 -42.8284 4
    endloop
  endfacet
  facet normal 0 0 1
    outer loop
      vertex 44.3544 -39.5498 4
      vertex 27.1615 -19.5486 4
      vertex 43.9975 -39.7883 4
    endloop
  endfacet
  facet normal 0 0 1
    outer loop
      vertex 43.9975 -39.7883 4
      vertex 27.1615 -19.5486 4
      vertex 43.9965 -39.7889 4
    endloop
  endfacet
  facet normal -0 0 1
    outer loop
      vertex 26.9156 -19.7643 4
      vertex 43.9965 -39.7889 4
      vertex 27.1615 -19.5486 4
    endloop
  endfacet
  facet normal 0 0 1
    outer loop
      vertex 43.9965 -39.7889 4
      vertex 26.9156 -19.7643 4
      vertex 43.6737 -40.072 4
    endloop
  endfacet
  facet normal 0 0 1
    outer loop
      vertex 43.6737 -40.072 4
      vertex 26.9156 -19.7643 4
      vertex 43.6728 -40.0728 4
    endloop
  endfacet
  facet normal -0 0 1
    outer loop
      vertex 26.6437 -19.9459 4
      vertex 43.6728 -40.0728 4
      vertex 26.9156 -19.7643 4
    endloop
  endfacet
  facet normal 0 0 1
    outer loop
      vertex 43.6728 -40.0728 4
      vertex 26.6437 -19.9459 4
      vertex 43.672 -40.0737 4
    endloop
  endfacet
  facet normal 0 0 1
    outer loop
      vertex 43.672 -40.0737 4
      vertex 26.6437 -19.9459 4
      vertex 43.3889 -40.3965 4
    endloop
  endfacet
  facet normal -0 0 1
    outer loop
      vertex 26.3504 -20.0906 4
      vertex 43.3889 -40.3965 4
      vertex 26.6437 -19.9459 4
    endloop
  endfacet
  facet normal 0 0 1
    outer loop
      vertex 43.3889 -40.3965 4
      vertex 26.3504 -20.0906 4
      vertex 43.1505 -40.7534 4
    endloop
  endfacet
  facet normal 0 0 1
    outer loop
      vertex 45.147 -39.2214 4
      vertex 27.5588 -19.0309 4
      vertex 44.7405 -39.3594 4
    endloop
  endfacet
  facet normal -0 0 1
    outer loop
      vertex 27.5588 -19.0309 4
      vertex 45.1482 -39.221 4
      vertex 27.7034 -18.7376 4
    endloop
  endfacet
  facet normal 0 0 1
    outer loop
      vertex 27.8723 -17.4546 4
      vertex 32.6111 3.99647 4
      vertex 32.328 3.67372 4
    endloop
  endfacet
  facet normal 0 0 1
    outer loop
      vertex 27.8723 -17.4546 4
      vertex 32.328 3.67372 4
      vertex 32.3272 3.6728 4
    endloop
  endfacet
  facet normal 0 0 1
    outer loop
      vertex 27.8723 -17.4546 4
      vertex 32.3272 3.6728 4
      vertex 32.3263 3.67199 4
    endloop
  endfacet
  facet normal 0 0 1
    outer loop
      vertex 27.8723 -17.4546 4
      vertex 32.3263 3.67199 4
      vertex 32.0035 3.38895 4
    endloop
  endfacet
  facet normal 0 0 1
    outer loop
      vertex 27.8723 -17.4546 4
      vertex 32.0035 3.38895 4
      vertex 31.6466 3.15045 4
    endloop
  endfacet
  facet normal 0 0 1
    outer loop
      vertex 27.8723 -17.4546 4
      vertex 31.6466 3.15045 4
      vertex 31.6456 3.14977 4
    endloop
  endfacet
  facet normal 0 0 1
    outer loop
      vertex 27.8723 -17.4546 4
      vertex 31.6456 3.14977 4
      vertex 31.6445 3.14923 4
    endloop
  endfacet
  facet normal 0 0 1
    outer loop
      vertex 27.8723 -17.4546 4
      vertex 31.6445 3.14923 4
      vertex 31.2595 2.95936 4
    endloop
  endfacet
  facet normal 0 0 1
    outer loop
      vertex 27.8723 -17.4546 4
      vertex 31.2595 2.95936 4
      vertex 31.2583 2.95897 4
    endloop
  endfacet
  facet normal 0 0 1
    outer loop
      vertex 27.8723 -17.4546 4
      vertex 31.2583 2.95897 4
      vertex 30.8518 2.82098 4
    endloop
  endfacet
  facet normal 0 0 1
    outer loop
      vertex 27.8723 -17.4546 4
      vertex 30.8518 2.82098 4
      vertex 30.4308 2.73724 4
    endloop
  endfacet
  facet normal 0 0 1
    outer loop
      vertex 27.8723 -17.4546 4
      vertex 30.4308 2.73724 4
      vertex 30.4296 2.737 4
    endloop
  endfacet
  facet normal 0 0 1
    outer loop
      vertex 27.8723 -17.4546 4
      vertex 30.4296 2.737 4
      vertex 30.4284 2.73692 4
    endloop
  endfacet
  facet normal 0 0 1
    outer loop
      vertex 27.8723 -17.4546 4
      vertex 30.4284 2.73692 4
      vertex 30 2.70884 4
    endloop
  endfacet
  facet normal 0 0 1
    outer loop
      vertex 27.8723 -17.4546 4
      vertex 30 2.70884 4
      vertex 29.5716 2.73692 4
    endloop
  endfacet
  facet normal 0 0 1
    outer loop
      vertex 27.8723 -17.4546 4
      vertex 29.5716 2.73692 4
      vertex 29.5704 2.737 4
    endloop
  endfacet
  facet normal 0 0 1
    outer loop
      vertex 27.8723 -17.4546 4
      vertex 29.5704 2.737 4
      vertex 29.5692 2.73724 4
    endloop
  endfacet
  facet normal 0 0 1
    outer loop
      vertex 27.8723 -17.4546 4
      vertex 29.5692 2.73724 4
      vertex 29.1482 2.82098 4
    endloop
  endfacet
  facet normal 0 0 1
    outer loop
      vertex 27.8723 -17.4546 4
      vertex 29.1482 2.82098 4
      vertex 28.7417 2.95897 4
    endloop
  endfacet
  facet normal 0 0 1
    outer loop
      vertex 27.8723 -17.4546 4
      vertex 28.7417 2.95897 4
      vertex 28.7405 2.95936 4
    endloop
  endfacet
  facet normal 0 0 1
    outer loop
      vertex 27.8723 -17.4546 4
      vertex 28.7405 2.95936 4
      vertex 28.3555 3.14923 4
    endloop
  endfacet
  facet normal 0 0 1
    outer loop
      vertex 27.8723 -17.4546 4
      vertex 28.3555 3.14923 4
      vertex 28.3544 3.14977 4
    endloop
  endfacet
  facet normal 0 0 1
    outer loop
      vertex 27.8723 -17.4546 4
      vertex 28.3544 3.14977 4
      vertex 28.3534 3.15045 4
    endloop
  endfacet
  facet normal 0 0 1
    outer loop
      vertex 23.9486 1.56967 4
      vertex 28.3534 3.15045 4
      vertex 27.9965 3.38895 4
    endloop
  endfacet
  facet normal 0 0 1
    outer loop
      vertex 43.1505 -40.7534 4
      vertex 26.3504 -20.0906 4
      vertex 43.1498 -40.7544 4
    endloop
  endfacet
  facet normal -0 0 1
    outer loop
      vertex 26.0408 -20.1957 4
      vertex 43.1498 -40.7544 4
      vertex 26.3504 -20.0906 4
    endloop
  endfacet
  facet normal 0 0 1
    outer loop
      vertex 43.1498 -40.7544 4
      vertex 26.0408 -20.1957 4
      vertex 43.1492 -40.7555 4
    endloop
  endfacet
  facet normal 0 0 1
    outer loop
      vertex 43.1492 -40.7555 4
      vertex 26.0408 -20.1957 4
      vertex 42.9594 -41.1405 4
    endloop
  endfacet
  facet normal -0 0 1
    outer loop
      vertex 25.72 -20.2595 4
      vertex 42.9594 -41.1405 4
      vertex 26.0408 -20.1957 4
    endloop
  endfacet
  facet normal 0 0 1
    outer loop
      vertex 42.9594 -41.1405 4
      vertex 25.72 -20.2595 4
      vertex 42.959 -41.1417 4
    endloop
  endfacet
  facet normal 0 0 1
    outer loop
      vertex 42.959 -41.1417 4
      vertex 25.72 -20.2595 4
      vertex 42.821 -41.5482 4
    endloop
  endfacet
  facet normal -0 0 1
    outer loop
      vertex 25.3937 -20.2809 4
      vertex 42.821 -41.5482 4
      vertex 25.72 -20.2595 4
    endloop
  endfacet
  facet normal 0 0 1
    outer loop
      vertex 42.821 -41.5482 4
      vertex 25.3937 -20.2809 4
      vertex 42.7372 -41.9692 4
    endloop
  endfacet
  facet normal 0 0 1
    outer loop
      vertex 42.7372 -41.9692 4
      vertex 25.3937 -20.2809 4
      vertex 42.737 -41.9704 4
    endloop
  endfacet
  facet normal 0 0 1
    outer loop
      vertex 25.0674 -20.2595 4
      vertex 42.737 -41.9704 4
      vertex 25.3937 -20.2809 4
    endloop
  endfacet
  facet normal 0 0 1
    outer loop
      vertex 42.7369 -41.9716 4
      vertex 25.0674 -20.2595 4
      vertex 42.7088 -42.4 4
    endloop
  endfacet
  facet normal 0 0 1
    outer loop
      vertex 24.7467 -20.1957 4
      vertex 42.7088 -42.4 4
      vertex 25.0674 -20.2595 4
    endloop
  endfacet
  facet normal -0 0 1
    outer loop
      vertex 10.6149 -21.5249 4
      vertex 42.7088 -42.4 4
      vertex 24.7467 -20.1957 4
    endloop
  endfacet
  facet normal -0 0 1
    outer loop
      vertex 9.1844 -22.1731 4
      vertex 42.7088 -42.4 4
      vertex 10.6149 -21.5249 4
    endloop
  endfacet
  facet normal 0 0 1
    outer loop
      vertex 42.7088 -42.4 4
      vertex 9.1844 -22.1731 4
      vertex 42.737 -42.8296 4
    endloop
  endfacet
  facet normal -0 0 1
    outer loop
      vertex 7.71455 -22.7263 4
      vertex 42.737 -42.8296 4
      vertex 9.1844 -22.1731 4
    endloop
  endfacet
  facet normal 0 0 1
    outer loop
      vertex 42.737 -42.8296 4
      vertex 7.71455 -22.7263 4
      vertex 42.821 -43.2518 4
    endloop
  endfacet
  facet normal 0 0 1
    outer loop
      vertex 10.6149 -21.5249 4
      vertex 24.7467 -20.1957 4
      vertex 24.437 -20.0906 4
    endloop
  endfacet
  facet normal 0 0 1
    outer loop
      vertex 12 -20.7846 4
      vertex 24.437 -20.0906 4
      vertex 24.1437 -19.9459 4
    endloop
  endfacet
  facet normal 0 0 1
    outer loop
      vertex 13.3337 -19.9553 4
      vertex 24.1437 -19.9459 4
      vertex 23.8718 -19.7643 4
    endloop
  endfacet
  facet normal 0 0 1
    outer loop
      vertex 14.6103 -19.0405 4
      vertex 23.8718 -19.7643 4
      vertex 23.6259 -19.5486 4
    endloop
  endfacet
  facet normal 0 0 1
    outer loop
      vertex 14.6103 -19.0405 4
      vertex 23.6259 -19.5486 4
      vertex 23.4103 -19.3028 4
    endloop
  endfacet
  facet normal -0 0 1
    outer loop
      vertex 19.0405 -14.6103 4
      vertex 23.2286 -16.5309 4
      vertex 19.9553 -13.3337 4
    endloop
  endfacet
  facet normal 0 0 1
    outer loop
      vertex 23.2286 -16.5309 4
      vertex 19.0405 -14.6103 4
      vertex 23.084 -16.8242 4
    endloop
  endfacet
  facet normal 0 0 1
    outer loop
      vertex 23.084 -16.8242 4
      vertex 19.0405 -14.6103 4
      vertex 22.9789 -17.1338 4
    endloop
  endfacet
  facet normal 0 0 1
    outer loop
      vertex 22.9789 -17.1338 4
      vertex 19.0405 -14.6103 4
      vertex 22.9151 -17.4546 4
    endloop
  endfacet
  facet normal -0 0 1
    outer loop
      vertex 18.0442 -15.8243 4
      vertex 22.9151 -17.4546 4
      vertex 19.0405 -14.6103 4
    endloop
  endfacet
  facet normal 0 0 1
    outer loop
      vertex 22.9151 -17.4546 4
      vertex 18.0442 -15.8243 4
      vertex 22.8937 -17.7809 4
    endloop
  endfacet
  facet normal 0 0 1
    outer loop
      vertex 22.8937 -17.7809 4
      vertex 18.0442 -15.8243 4
      vertex 22.9151 -18.1072 4
    endloop
  endfacet
  facet normal -0 0 1
    outer loop
      vertex 16.9706 -16.9706 4
      vertex 22.9151 -18.1072 4
      vertex 18.0442 -15.8243 4
    endloop
  endfacet
  facet normal 0 0 1
    outer loop
      vertex 22.9151 -18.1072 4
      vertex 16.9706 -16.9706 4
      vertex 22.9789 -18.4279 4
    endloop
  endfacet
  facet normal 0 0 1
    outer loop
      vertex 22.9789 -18.4279 4
      vertex 16.9706 -16.9706 4
      vertex 23.084 -18.7376 4
    endloop
  endfacet
  facet normal -0 0 1
    outer loop
      vertex 15.8243 -18.0442 4
      vertex 23.084 -18.7376 4
      vertex 16.9706 -16.9706 4
    endloop
  endfacet
  facet normal 0 0 1
    outer loop
      vertex 23.084 -18.7376 4
      vertex 15.8243 -18.0442 4
      vertex 23.2286 -19.0309 4
    endloop
  endfacet
  facet normal 0 0 1
    outer loop
      vertex 23.2286 -19.0309 4
      vertex 15.8243 -18.0442 4
      vertex 23.4103 -19.3028 4
    endloop
  endfacet
  facet normal -0 0 1
    outer loop
      vertex 14.6103 -19.0405 4
      vertex 23.4103 -19.3028 4
      vertex 15.8243 -18.0442 4
    endloop
  endfacet
  facet normal 0 0 1
    outer loop
      vertex 23.8718 -19.7643 4
      vertex 14.6103 -19.0405 4
      vertex 13.3337 -19.9553 4
    endloop
  endfacet
  facet normal 0 0 1
    outer loop
      vertex 24.1437 -19.9459 4
      vertex 13.3337 -19.9553 4
      vertex 12 -20.7846 4
    endloop
  endfacet
  facet normal 0 0 1
    outer loop
      vertex 24.437 -20.0906 4
      vertex 12 -20.7846 4
      vertex 10.6149 -21.5249 4
    endloop
  endfacet
  facet normal -0 0 1
    outer loop
      vertex 6.21166 -23.1822 4
      vertex 42.821 -43.2518 4
      vertex 7.71455 -22.7263 4
    endloop
  endfacet
  facet normal 0 0 1
    outer loop
      vertex 42.821 -43.2518 4
      vertex 6.21166 -23.1822 4
      vertex 42.9594 -43.6595 4
    endloop
  endfacet
  facet normal -0 0 1
    outer loop
      vertex 4.68217 -23.5388 4
      vertex 42.9594 -43.6595 4
      vertex 6.21166 -23.1822 4
    endloop
  endfacet
  facet normal 0 0 1
    outer loop
      vertex 42.9594 -43.6595 4
      vertex 4.68217 -23.5388 4
      vertex 43.1498 -44.0456 4
    endloop
  endfacet
  facet normal -0 0 1
    outer loop
      vertex 3.13263 -23.7947 4
      vertex 43.1498 -44.0456 4
      vertex 4.68217 -23.5388 4
    endloop
  endfacet
  facet normal -0 0 1
    outer loop
      vertex -26.5 -43.5 4
      vertex 43.1498 -44.0456 4
      vertex 3.13263 -23.7947 4
    endloop
  endfacet
  facet normal 0 0 1
    outer loop
      vertex 43.1498 -44.0456 4
      vertex -26.5 -43.5 4
      vertex 43.3889 -44.4035 4
    endloop
  endfacet
  facet normal 0 0 1
    outer loop
      vertex 43.3889 -44.4035 4
      vertex -26.5 -43.5 4
      vertex 43.3898 -44.4045 4
    endloop
  endfacet
  facet normal 0 0 1
    outer loop
      vertex 43.3898 -44.4045 4
      vertex -26.5 -43.5 4
      vertex 43.6728 -44.7272 4
    endloop
  endfacet
  facet normal 0 0 1
    outer loop
      vertex 43.6728 -44.7272 4
      vertex -26.5 -43.5 4
      vertex 43.6737 -44.728 4
    endloop
  endfacet
  facet normal 0 0 1
    outer loop
      vertex 43.6737 -44.728 4
      vertex -26.5 -43.5 4
      vertex 43.9965 -45.0111 4
    endloop
  endfacet
  facet normal 0 0 1
    outer loop
      vertex -26.5 -43.5 4
      vertex 3.13263 -23.7947 4
      vertex 1.56967 -23.9486 4
    endloop
  endfacet
  facet normal 0 0 1
    outer loop
      vertex -26.5 -43.5 4
      vertex 1.56967 -23.9486 4
      vertex 0 -24 4
    endloop
  endfacet
  facet normal 0 0 1
    outer loop
      vertex 43.9965 -45.0111 4
      vertex -26.5 -43.5 4
      vertex 44.3544 -45.2502 4
    endloop
  endfacet
  facet normal 0 0 1
    outer loop
      vertex -26.5 -43.5 4
      vertex 0 -24 4
      vertex -1.56967 -23.9486 4
    endloop
  endfacet
  facet normal 0 0 1
    outer loop
      vertex 44.3544 -45.2502 4
      vertex -26.5 -43.5 4
      vertex 44.7405 -45.4406 4
    endloop
  endfacet
  facet normal 0 0 1
    outer loop
      vertex -26.5 -43.5 4
      vertex -1.56967 -23.9486 4
      vertex -3.13263 -23.7947 4
    endloop
  endfacet
  facet normal 0 0 1
    outer loop
      vertex -26.5 -43.5 4
      vertex -3.13263 -23.7947 4
      vertex -4.68217 -23.5388 4
    endloop
  endfacet
  facet normal 0 0 1
    outer loop
      vertex -26.5 -43.5 4
      vertex -4.68217 -23.5388 4
      vertex -6.21166 -23.1822 4
    endloop
  endfacet
  facet normal 0 0 1
    outer loop
      vertex -26.5 -43.5 4
      vertex -6.21166 -23.1822 4
      vertex -7.71455 -22.7263 4
    endloop
  endfacet
  facet normal 0 0 1
    outer loop
      vertex -26.5 -43.5 4
      vertex -7.71455 -22.7263 4
      vertex -9.1844 -22.1731 4
    endloop
  endfacet
  facet normal 0 0 1
    outer loop
      vertex -24.437 -15.4712 4
      vertex -22.1731 -9.1844 4
      vertex -22.7263 -7.71455 4
    endloop
  endfacet
  facet normal 0 0 1
    outer loop
      vertex -22.9151 -17.4546 4
      vertex -21.5249 -10.6149 4
      vertex -22.1731 -9.1844 4
    endloop
  endfacet
  facet normal 0 0 1
    outer loop
      vertex -22.9151 -17.4546 4
      vertex -20.7846 -12 4
      vertex -21.5249 -10.6149 4
    endloop
  endfacet
  facet normal 0 0 1
    outer loop
      vertex -22.9151 -17.4546 4
      vertex -19.9553 -13.3337 4
      vertex -20.7846 -12 4
    endloop
  endfacet
  facet normal 0 0 1
    outer loop
      vertex -22.9151 -17.4546 4
      vertex -19.0405 -14.6103 4
      vertex -19.9553 -13.3337 4
    endloop
  endfacet
  facet normal 0 0 1
    outer loop
      vertex -22.9151 -17.4546 4
      vertex -18.0442 -15.8243 4
      vertex -19.0405 -14.6103 4
    endloop
  endfacet
  facet normal 0 0 1
    outer loop
      vertex -22.9151 -18.1072 4
      vertex -18.0442 -15.8243 4
      vertex -22.8937 -17.7809 4
    endloop
  endfacet
  facet normal 0 0 1
    outer loop
      vertex -18.0442 -15.8243 4
      vertex -22.9151 -18.1072 4
      vertex -16.9706 -16.9706 4
    endloop
  endfacet
  facet normal 0 0 1
    outer loop
      vertex -22.9789 -18.4279 4
      vertex -16.9706 -16.9706 4
      vertex -22.9151 -18.1072 4
    endloop
  endfacet
  facet normal 0 0 1
    outer loop
      vertex -23.084 -18.7376 4
      vertex -16.9706 -16.9706 4
      vertex -22.9789 -18.4279 4
    endloop
  endfacet
  facet normal 0 0 1
    outer loop
      vertex -16.9706 -16.9706 4
      vertex -23.084 -18.7376 4
      vertex -15.8243 -18.0442 4
    endloop
  endfacet
  facet normal 0 0 1
    outer loop
      vertex -23.2286 -19.0309 4
      vertex -15.8243 -18.0442 4
      vertex -23.084 -18.7376 4
    endloop
  endfacet
  facet normal 0 0 1
    outer loop
      vertex -23.4103 -19.3028 4
      vertex -15.8243 -18.0442 4
      vertex -23.2286 -19.0309 4
    endloop
  endfacet
  facet normal 0 0 1
    outer loop
      vertex -15.8243 -18.0442 4
      vertex -23.4103 -19.3028 4
      vertex -14.6103 -19.0405 4
    endloop
  endfacet
  facet normal 0 0 1
    outer loop
      vertex -23.6259 -19.5486 4
      vertex -14.6103 -19.0405 4
      vertex -23.4103 -19.3028 4
    endloop
  endfacet
  facet normal 0 0 1
    outer loop
      vertex -23.8718 -19.7643 4
      vertex -14.6103 -19.0405 4
      vertex -23.6259 -19.5486 4
    endloop
  endfacet
  facet normal 0 0 1
    outer loop
      vertex -26.5 -24.5 4
      vertex -14.6103 -19.0405 4
      vertex -23.8718 -19.7643 4
    endloop
  endfacet
  facet normal 0 0 1
    outer loop
      vertex -14.6103 -19.0405 4
      vertex -26.5 -24.5 4
      vertex -13.3337 -19.9553 4
    endloop
  endfacet
  facet normal 0 0 1
    outer loop
      vertex -12 -20.7846 4
      vertex -26.5 -24.5 4
      vertex -10.6149 -21.5249 4
    endloop
  endfacet
  facet normal 0 0 1
    outer loop
      vertex -26.5 -43.5 4
      vertex -10.6149 -21.5249 4
      vertex -26.5 -24.5 4
    endloop
  endfacet
  facet normal 0 0 1
    outer loop
      vertex -13.3337 -19.9553 4
      vertex -26.5 -24.5 4
      vertex -12 -20.7846 4
    endloop
  endfacet
  facet normal 0 0 1
    outer loop
      vertex -26.5 -24.5 4
      vertex -23.8718 -19.7643 4
      vertex -24.1437 -19.9459 4
    endloop
  endfacet
  facet normal 0 0 1
    outer loop
      vertex -26.5 -24.5 4
      vertex -24.1437 -19.9459 4
      vertex -24.437 -20.0906 4
    endloop
  endfacet
  facet normal 0 0 1
    outer loop
      vertex -26.5 -24.5 4
      vertex -24.437 -20.0906 4
      vertex -24.7467 -20.1957 4
    endloop
  endfacet
  facet normal 0 0 1
    outer loop
      vertex -26.5 -24.5 4
      vertex -24.7467 -20.1957 4
      vertex -25.0674 -20.2595 4
    endloop
  endfacet
  facet normal 0 0 1
    outer loop
      vertex -26.5 -24.5 4
      vertex -25.0674 -20.2595 4
      vertex -25.3937 -20.2809 4
    endloop
  endfacet
  facet normal 0 0 1
    outer loop
      vertex -26.5 -24.5 4
      vertex -25.3937 -20.2809 4
      vertex -25.72 -20.2595 4
    endloop
  endfacet
  facet normal 0 0 1
    outer loop
      vertex -26.5 -24.5 4
      vertex -25.72 -20.2595 4
      vertex -26.0408 -20.1957 4
    endloop
  endfacet
  facet normal 0 0 1
    outer loop
      vertex -26.5 -24.5 4
      vertex -26.0408 -20.1957 4
      vertex -26.3504 -20.0906 4
    endloop
  endfacet
  facet normal 0 0 1
    outer loop
      vertex -10.6149 -21.5249 4
      vertex -26.5 -43.5 4
      vertex -9.1844 -22.1731 4
    endloop
  endfacet
  facet normal 0 0 1
    outer loop
      vertex 44.7405 -45.4406 4
      vertex -26.5 -43.5 4
      vertex 49.9 -47.9 4
    endloop
  endfacet
  facet normal 0 0 1
    outer loop
      vertex -44.7405 -45.4406 4
      vertex -26.5 -43.5 4
      vertex -39.5 -43.5 4
    endloop
  endfacet
  facet normal -0 0 1
    outer loop
      vertex -42.7369 -42.8284 4
      vertex -39.5 -43.5 4
      vertex -42.7088 -42.4 4
    endloop
  endfacet
  facet normal -0 0 1
    outer loop
      vertex -42.737 -42.8296 4
      vertex -39.5 -43.5 4
      vertex -42.7369 -42.8284 4
    endloop
  endfacet
  facet normal -0 0 1
    outer loop
      vertex -42.7372 -42.8308 4
      vertex -39.5 -43.5 4
      vertex -42.737 -42.8296 4
    endloop
  endfacet
  facet normal -0 0 1
    outer loop
      vertex -42.821 -43.2518 4
      vertex -39.5 -43.5 4
      vertex -42.7372 -42.8308 4
    endloop
  endfacet
  facet normal 0 0 1
    outer loop
      vertex -42.959 -43.6583 4
      vertex -39.5 -43.5 4
      vertex -42.821 -43.2518 4
    endloop
  endfacet
  facet normal 0 0 1
    outer loop
      vertex -42.9594 -43.6595 4
      vertex -39.5 -43.5 4
      vertex -42.959 -43.6583 4
    endloop
  endfacet
  facet normal 0 0 1
    outer loop
      vertex -42.9599 -43.6606 4
      vertex -39.5 -43.5 4
      vertex -42.9594 -43.6595 4
    endloop
  endfacet
  facet normal 0 0 1
    outer loop
      vertex -43.1498 -44.0456 4
      vertex -39.5 -43.5 4
      vertex -42.9599 -43.6606 4
    endloop
  endfacet
  facet normal 0 0 1
    outer loop
      vertex -43.3883 -44.4025 4
      vertex -39.5 -43.5 4
      vertex -43.1498 -44.0456 4
    endloop
  endfacet
  facet normal 0 0 1
    outer loop
      vertex -43.3889 -44.4035 4
      vertex -39.5 -43.5 4
      vertex -43.3883 -44.4025 4
    endloop
  endfacet
  facet normal 0 0 1
    outer loop
      vertex -43.3898 -44.4045 4
      vertex -39.5 -43.5 4
      vertex -43.3889 -44.4035 4
    endloop
  endfacet
  facet normal 0 0 1
    outer loop
      vertex -43.6728 -44.7272 4
      vertex -39.5 -43.5 4
      vertex -43.3898 -44.4045 4
    endloop
  endfacet
  facet normal 0 0 1
    outer loop
      vertex -43.6737 -44.728 4
      vertex -39.5 -43.5 4
      vertex -43.6728 -44.7272 4
    endloop
  endfacet
  facet normal 0 0 1
    outer loop
      vertex -43.9965 -45.0111 4
      vertex -39.5 -43.5 4
      vertex -43.6737 -44.728 4
    endloop
  endfacet
  facet normal 0 0 1
    outer loop
      vertex -43.9975 -45.0117 4
      vertex -39.5 -43.5 4
      vertex -43.9965 -45.0111 4
    endloop
  endfacet
  facet normal 0 0 1
    outer loop
      vertex -44.3544 -45.2502 4
      vertex -39.5 -43.5 4
      vertex -43.9975 -45.0117 4
    endloop
  endfacet
  facet normal 0 0 1
    outer loop
      vertex -44.7394 -45.4401 4
      vertex -39.5 -43.5 4
      vertex -44.3544 -45.2502 4
    endloop
  endfacet
  facet normal 0 0 1
    outer loop
      vertex -44.7405 -45.4406 4
      vertex -39.5 -43.5 4
      vertex -44.7394 -45.4401 4
    endloop
  endfacet
  facet normal 0 0 1
    outer loop
      vertex -26.5 -43.5 4
      vertex -44.7405 -45.4406 4
      vertex -49.9 -47.9 4
    endloop
  endfacet
  facet normal 0 0 1
    outer loop
      vertex -49.9 -47.9 4
      vertex -44.7405 -45.4406 4
      vertex -44.7417 -45.441 4
    endloop
  endfacet
  facet normal 0 0 1
    outer loop
      vertex -49.9 -47.9 4
      vertex -44.7417 -45.441 4
      vertex -45.1482 -45.579 4
    endloop
  endfacet
  facet normal 0 0 1
    outer loop
      vertex -49.9 -47.9 4
      vertex -45.1482 -45.579 4
      vertex -45.1494 -45.5793 4
    endloop
  endfacet
  facet normal 0 0 1
    outer loop
      vertex -49.9 -47.9 4
      vertex -45.1494 -45.5793 4
      vertex -45.5704 -45.663 4
    endloop
  endfacet
  facet normal 0 0 1
    outer loop
      vertex -49.9 -47.9 4
      vertex -45.5704 -45.663 4
      vertex -45.9988 -45.6911 4
    endloop
  endfacet
  facet normal 0 0 1
    outer loop
      vertex -49.9 -47.9 4
      vertex -45.9988 -45.6911 4
      vertex -46 -45.6912 4
    endloop
  endfacet
  facet normal 0 0 1
    outer loop
      vertex -49.9 -47.9 4
      vertex -46.8506 -45.5793 4
      vertex -46.8518 -45.579 4
    endloop
  endfacet
  facet normal 0 0 1
    outer loop
      vertex -49.9 -47.9 4
      vertex -47.2583 -45.441 4
      vertex -47.2595 -45.4406 4
    endloop
  endfacet
  facet normal 0 0 1
    outer loop
      vertex -49.9 -47.9 4
      vertex -47.2606 -45.4401 4
      vertex -47.6456 -45.2502 4
    endloop
  endfacet
  facet normal 0 0 1
    outer loop
      vertex -49.9 -47.9 4
      vertex -48.0025 -45.0117 4
      vertex -48.0035 -45.0111 4
    endloop
  endfacet
  facet normal 0 0 1
    outer loop
      vertex -50.6764 -47.7978 4
      vertex -48.6102 -44.4045 4
      vertex -48.6111 -44.4035 4
    endloop
  endfacet
  facet normal 0 0 1
    outer loop
      vertex -52.0213 -47.0213 4
      vertex -48.6117 -44.4025 4
      vertex -48.8502 -44.0456 4
    endloop
  endfacet
  facet normal 0 0 1
    outer loop
      vertex -52.9 -44.9 4
      vertex -49.2628 -42.8308 4
      vertex -49.263 -42.8296 4
    endloop
  endfacet
  facet normal 0 0 1
    outer loop
      vertex -52.9 -44.9 4
      vertex -49.2631 -42.8284 4
      vertex -49.2912 -42.4 4
    endloop
  endfacet
  facet normal 0 0 1
    outer loop
      vertex -26.5 -43.5 4
      vertex -49.9 -47.9 4
      vertex 49.9 -47.9 4
    endloop
  endfacet
  facet normal 0 0 1
    outer loop
      vertex -46.0012 -45.6911 4
      vertex -49.9 -47.9 4
      vertex -46 -45.6912 4
    endloop
  endfacet
  facet normal 0 0 1
    outer loop
      vertex -46.4296 -45.663 4
      vertex -49.9 -47.9 4
      vertex -46.0012 -45.6911 4
    endloop
  endfacet
  facet normal 0 0 1
    outer loop
      vertex -46.8506 -45.5793 4
      vertex -49.9 -47.9 4
      vertex -46.4296 -45.663 4
    endloop
  endfacet
  facet normal 0 0 1
    outer loop
      vertex -47.2583 -45.441 4
      vertex -49.9 -47.9 4
      vertex -46.8518 -45.579 4
    endloop
  endfacet
  facet normal 0 0 1
    outer loop
      vertex -47.2606 -45.4401 4
      vertex -49.9 -47.9 4
      vertex -47.2595 -45.4406 4
    endloop
  endfacet
  facet normal 0 0 1
    outer loop
      vertex -48.0025 -45.0117 4
      vertex -49.9 -47.9 4
      vertex -47.6456 -45.2502 4
    endloop
  endfacet
  facet normal 0 0 1
    outer loop
      vertex -48.3263 -44.728 4
      vertex -49.9 -47.9 4
      vertex -48.0035 -45.0111 4
    endloop
  endfacet
  facet normal 0 0 1
    outer loop
      vertex -48.3272 -44.7272 4
      vertex -49.9 -47.9 4
      vertex -48.3263 -44.728 4
    endloop
  endfacet
  facet normal 0 0 1
    outer loop
      vertex -48.6102 -44.4045 4
      vertex -49.9 -47.9 4
      vertex -48.3272 -44.7272 4
    endloop
  endfacet
  facet normal 0 -0 1
    outer loop
      vertex -51.7263 -47.2801 4
      vertex -48.6117 -44.4025 4
      vertex -52.0213 -47.0213 4
    endloop
  endfacet
  facet normal 0 0 1
    outer loop
      vertex -52.9 -44.9 4
      vertex -48.8502 -44.0456 4
      vertex -49.0401 -43.6606 4
    endloop
  endfacet
  facet normal 0 0 1
    outer loop
      vertex -52.9 -44.9 4
      vertex -49.0401 -43.6606 4
      vertex -49.0406 -43.6595 4
    endloop
  endfacet
  facet normal 0 0 1
    outer loop
      vertex -52.9 -44.9 4
      vertex -49.0406 -43.6595 4
      vertex -49.041 -43.6583 4
    endloop
  endfacet
  facet normal 0 0 1
    outer loop
      vertex -52.9 -44.9 4
      vertex -49.041 -43.6583 4
      vertex -49.179 -43.2518 4
    endloop
  endfacet
  facet normal 0 0 1
    outer loop
      vertex -49.2628 -42.8308 4
      vertex -52.9 -44.9 4
      vertex -49.179 -43.2518 4
    endloop
  endfacet
  facet normal 0 0 1
    outer loop
      vertex -49.2631 -42.8284 4
      vertex -52.9 -44.9 4
      vertex -49.263 -42.8296 4
    endloop
  endfacet
  facet normal 0 0 1
    outer loop
      vertex -49.2628 -41.9692 4
      vertex -52.9 -44.9 4
      vertex -49.263 -41.9704 4
    endloop
  endfacet
  facet normal 0 0 1
    outer loop
      vertex -52.9 44.9 4
      vertex -49.9 47.9 4
      vertex -50.2916 47.8743 4
    endloop
  endfacet
  facet normal 0 0 1
    outer loop
      vertex -49.2631 -41.9716 4
      vertex -52.9 -44.9 4
      vertex -49.2912 -42.4 4
    endloop
  endfacet
  facet normal 0 0 1
    outer loop
      vertex -52.9 44.9 4
      vertex -50.2916 47.8743 4
      vertex -50.6764 47.7978 4
    endloop
  endfacet
  facet normal 0 0 1
    outer loop
      vertex -48.8502 -44.0456 4
      vertex -52.9 -44.9 4
      vertex -52.8743 -45.2916 4
    endloop
  endfacet
  facet normal 0 0 1
    outer loop
      vertex -52.9 44.9 4
      vertex -50.6764 47.7978 4
      vertex -51.048 47.6716 4
    endloop
  endfacet
  facet normal 0 0 1
    outer loop
      vertex -48.6102 -44.4045 4
      vertex -50.2916 -47.8743 4
      vertex -49.9 -47.9 4
    endloop
  endfacet
  facet normal 0 0 1
    outer loop
      vertex -52.9 44.9 4
      vertex -51.048 47.6716 4
      vertex -51.4 47.4981 4
    endloop
  endfacet
  facet normal 0 0 1
    outer loop
      vertex -48.6102 -44.4045 4
      vertex -50.6764 -47.7978 4
      vertex -50.2916 -47.8743 4
    endloop
  endfacet
  facet normal 0 0 1
    outer loop
      vertex -52.9 44.9 4
      vertex -51.4 47.4981 4
      vertex -51.7263 47.2801 4
    endloop
  endfacet
  facet normal 0 0 1
    outer loop
      vertex -48.6111 -44.4035 4
      vertex -51.048 -47.6716 4
      vertex -50.6764 -47.7978 4
    endloop
  endfacet
  facet normal 0 0 1
    outer loop
      vertex -52.9 44.9 4
      vertex -51.7263 47.2801 4
      vertex -52.0213 47.0213 4
    endloop
  endfacet
  facet normal 0 0 1
    outer loop
      vertex -48.6111 -44.4035 4
      vertex -51.4 -47.4981 4
      vertex -51.048 -47.6716 4
    endloop
  endfacet
  facet normal 0 0 1
    outer loop
      vertex -52.9 44.9 4
      vertex -52.0213 47.0213 4
      vertex -52.2801 46.7263 4
    endloop
  endfacet
  facet normal 0 0 1
    outer loop
      vertex -48.6111 -44.4035 4
      vertex -51.7263 -47.2801 4
      vertex -51.4 -47.4981 4
    endloop
  endfacet
  facet normal 0 0 1
    outer loop
      vertex -52.9 44.9 4
      vertex -52.2801 46.7263 4
      vertex -52.4981 46.4 4
    endloop
  endfacet
  facet normal 0 0 1
    outer loop
      vertex -48.6117 -44.4025 4
      vertex -51.7263 -47.2801 4
      vertex -48.6111 -44.4035 4
    endloop
  endfacet
  facet normal 0 0 1
    outer loop
      vertex -52.9 44.9 4
      vertex -52.4981 46.4 4
      vertex -52.6716 46.048 4
    endloop
  endfacet
  facet normal 0 0 1
    outer loop
      vertex -48.8502 -44.0456 4
      vertex -52.2801 -46.7263 4
      vertex -52.0213 -47.0213 4
    endloop
  endfacet
  facet normal 0 0 1
    outer loop
      vertex -52.9 44.9 4
      vertex -52.6716 46.048 4
      vertex -52.7978 45.6764 4
    endloop
  endfacet
  facet normal 0 0 1
    outer loop
      vertex -48.8502 -44.0456 4
      vertex -52.4981 -46.4 4
      vertex -52.2801 -46.7263 4
    endloop
  endfacet
  facet normal 0 0 1
    outer loop
      vertex -52.9 44.9 4
      vertex -52.7978 45.6764 4
      vertex -52.8743 45.2916 4
    endloop
  endfacet
  facet normal 0 0 1
    outer loop
      vertex -48.8502 -44.0456 4
      vertex -52.6716 -46.0481 4
      vertex -52.4981 -46.4 4
    endloop
  endfacet
  facet normal 0 0 1
    outer loop
      vertex -48.8502 -44.0456 4
      vertex -52.7978 -45.6765 4
      vertex -52.6716 -46.0481 4
    endloop
  endfacet
  facet normal 0 0 1
    outer loop
      vertex -48.8502 -44.0456 4
      vertex -52.8743 -45.2916 4
      vertex -52.7978 -45.6765 4
    endloop
  endfacet
  facet normal 0 0 1
    outer loop
      vertex 28.3534 3.15045 4
      vertex 23.9486 -1.56967 4
      vertex 23.7947 -3.13263 4
    endloop
  endfacet
  facet normal 0 0 1
    outer loop
      vertex 25.72 -15.3023 4
      vertex 22.1731 -9.1844 4
      vertex 25.3937 -15.2809 4
    endloop
  endfacet
  facet normal -0 0 1
    outer loop
      vertex 21.5249 -10.6149 4
      vertex 25.3937 -15.2809 4
      vertex 22.1731 -9.1844 4
    endloop
  endfacet
  facet normal 0 0 1
    outer loop
      vertex 25.3937 -15.2809 4
      vertex 21.5249 -10.6149 4
      vertex 25.0674 -15.3023 4
    endloop
  endfacet
  facet normal 0 0 1
    outer loop
      vertex 25.0674 -15.3023 4
      vertex 21.5249 -10.6149 4
      vertex 24.7467 -15.3661 4
    endloop
  endfacet
  facet normal 0 0 1
    outer loop
      vertex 24.7467 -15.3661 4
      vertex 21.5249 -10.6149 4
      vertex 24.437 -15.4712 4
    endloop
  endfacet
  facet normal -0 0 1
    outer loop
      vertex 20.7846 -12 4
      vertex 24.437 -15.4712 4
      vertex 21.5249 -10.6149 4
    endloop
  endfacet
  facet normal 0 0 1
    outer loop
      vertex 24.437 -15.4712 4
      vertex 20.7846 -12 4
      vertex 24.1437 -15.6158 4
    endloop
  endfacet
  facet normal 0 0 1
    outer loop
      vertex 24.1437 -15.6158 4
      vertex 20.7846 -12 4
      vertex 23.8718 -15.7975 4
    endloop
  endfacet
  facet normal -0 0 1
    outer loop
      vertex 19.9553 -13.3337 4
      vertex 23.8718 -15.7975 4
      vertex 20.7846 -12 4
    endloop
  endfacet
  facet normal 0 0 1
    outer loop
      vertex 23.8718 -15.7975 4
      vertex 19.9553 -13.3337 4
      vertex 23.6259 -16.0131 4
    endloop
  endfacet
  facet normal 0 0 1
    outer loop
      vertex 23.6259 -16.0131 4
      vertex 19.9553 -13.3337 4
      vertex 23.4103 -16.259 4
    endloop
  endfacet
  facet normal 0 0 1
    outer loop
      vertex 23.4103 -16.259 4
      vertex 19.9553 -13.3337 4
      vertex 23.2286 -16.5309 4
    endloop
  endfacet
  facet normal 0 0 1
    outer loop
      vertex -26.6437 -19.9459 4
      vertex -26.5 -24.5 4
      vertex -26.3504 -20.0906 4
    endloop
  endfacet
  facet normal 0 0 1
    outer loop
      vertex -26.9156 -19.7643 4
      vertex -26.5 -24.5 4
      vertex -26.6437 -19.9459 4
    endloop
  endfacet
  facet normal 0 0 1
    outer loop
      vertex -27.1615 -19.5486 4
      vertex -26.5 -24.5 4
      vertex -26.9156 -19.7643 4
    endloop
  endfacet
  facet normal 0 0 1
    outer loop
      vertex -27.3771 -19.3028 4
      vertex -26.5 -24.5 4
      vertex -27.1615 -19.5486 4
    endloop
  endfacet
  facet normal 0 0 1
    outer loop
      vertex -27.5588 -19.0309 4
      vertex -26.5 -24.5 4
      vertex -27.3771 -19.3028 4
    endloop
  endfacet
  facet normal 0 0 1
    outer loop
      vertex -39.5 -24.5 4
      vertex -27.5588 -19.0309 4
      vertex -27.7034 -18.7376 4
    endloop
  endfacet
  facet normal 0 0 1
    outer loop
      vertex -39.5 -24.5 4
      vertex -27.7034 -18.7376 4
      vertex -27.8085 -18.4279 4
    endloop
  endfacet
  facet normal 0 0 1
    outer loop
      vertex -30.4284 2.73692 4
      vertex -23.9486 -1.56967 4
      vertex -30 2.70884 4
    endloop
  endfacet
  facet normal 0 0 1
    outer loop
      vertex -23.9486 -1.56967 4
      vertex -26.6437 -15.6158 4
      vertex -26.3504 -15.4712 4
    endloop
  endfacet
  facet normal 0 0 1
    outer loop
      vertex -30.4296 2.737 4
      vertex -23.9486 -1.56967 4
      vertex -30.4284 2.73692 4
    endloop
  endfacet
  facet normal 0 0 1
    outer loop
      vertex -23.9486 -1.56967 4
      vertex -30.4296 2.737 4
      vertex -26.6437 -15.6158 4
    endloop
  endfacet
  facet normal 0 0 1
    outer loop
      vertex -26.6437 -15.6158 4
      vertex -30.4296 2.737 4
      vertex -26.9156 -15.7975 4
    endloop
  endfacet
  facet normal 0 0 1
    outer loop
      vertex -30.4308 2.73724 4
      vertex -26.9156 -15.7975 4
      vertex -30.4296 2.737 4
    endloop
  endfacet
  facet normal 0 0 1
    outer loop
      vertex -30.8518 2.82098 4
      vertex -26.9156 -15.7975 4
      vertex -30.4308 2.73724 4
    endloop
  endfacet
  facet normal 0 0 1
    outer loop
      vertex -26.9156 -15.7975 4
      vertex -30.8518 2.82098 4
      vertex -27.1615 -16.0131 4
    endloop
  endfacet
  facet normal 0 0 1
    outer loop
      vertex -31.2583 2.95897 4
      vertex -27.1615 -16.0131 4
      vertex -30.8518 2.82098 4
    endloop
  endfacet
  facet normal 0 0 1
    outer loop
      vertex -31.2595 2.95936 4
      vertex -27.1615 -16.0131 4
      vertex -31.2583 2.95897 4
    endloop
  endfacet
  facet normal 0 0 1
    outer loop
      vertex -27.1615 -16.0131 4
      vertex -31.2595 2.95936 4
      vertex -27.3771 -16.259 4
    endloop
  endfacet
  facet normal 0 0 1
    outer loop
      vertex -31.6445 3.14923 4
      vertex -27.3771 -16.259 4
      vertex -31.2595 2.95936 4
    endloop
  endfacet
  facet normal 0 0 1
    outer loop
      vertex -31.6456 3.14977 4
      vertex -27.3771 -16.259 4
      vertex -31.6445 3.14923 4
    endloop
  endfacet
  facet normal 0 0 1
    outer loop
      vertex -27.3771 -16.259 4
      vertex -31.6456 3.14977 4
      vertex -27.5588 -16.5309 4
    endloop
  endfacet
  facet normal 0 0 1
    outer loop
      vertex -31.6466 3.15045 4
      vertex -27.5588 -16.5309 4
      vertex -31.6456 3.14977 4
    endloop
  endfacet
  facet normal 0 0 1
    outer loop
      vertex -32.0035 3.38895 4
      vertex -27.5588 -16.5309 4
      vertex -31.6466 3.15045 4
    endloop
  endfacet
  facet normal 0 0 1
    outer loop
      vertex -39.5 -24.5 4
      vertex -27.5588 -16.5309 4
      vertex -32.0035 3.38895 4
    endloop
  endfacet
  facet normal 0 0 1
    outer loop
      vertex -27.5588 -16.5309 4
      vertex -39.5 -24.5 4
      vertex -27.7034 -16.8242 4
    endloop
  endfacet
  facet normal 0 0 1
    outer loop
      vertex -27.7034 -16.8242 4
      vertex -39.5 -24.5 4
      vertex -27.8085 -17.1338 4
    endloop
  endfacet
  facet normal 0 0 1
    outer loop
      vertex -27.8085 -17.1338 4
      vertex -39.5 -24.5 4
      vertex -27.8723 -17.4546 4
    endloop
  endfacet
  facet normal 0 0 1
    outer loop
      vertex -27.8723 -17.4546 4
      vertex -39.5 -24.5 4
      vertex -27.8937 -17.7809 4
    endloop
  endfacet
  facet normal 0 0 1
    outer loop
      vertex -39.5 -24.5 4
      vertex -32.0035 3.38895 4
      vertex -32.3263 3.67199 4
    endloop
  endfacet
  facet normal 0 0 1
    outer loop
      vertex -27.8937 -17.7809 4
      vertex -39.5 -24.5 4
      vertex -27.8723 -18.1072 4
    endloop
  endfacet
  facet normal 0 0 1
    outer loop
      vertex -39.5 -24.5 4
      vertex -32.3263 3.67199 4
      vertex -32.3272 3.6728 4
    endloop
  endfacet
  facet normal 0 0 1
    outer loop
      vertex -39.5 -24.5 4
      vertex -32.3272 3.6728 4
      vertex -32.328 3.67372 4
    endloop
  endfacet
  facet normal 0 0 1
    outer loop
      vertex -39.5 -24.5 4
      vertex -32.328 3.67372 4
      vertex -32.6111 3.99647 4
    endloop
  endfacet
  facet normal 0 0 1
    outer loop
      vertex -39.5 -24.5 4
      vertex -32.6111 3.99647 4
      vertex -32.8495 4.3534 4
    endloop
  endfacet
  facet normal 0 0 1
    outer loop
      vertex -27.8723 -18.1072 4
      vertex -39.5 -24.5 4
      vertex -27.8085 -18.4279 4
    endloop
  endfacet
  facet normal 0 0 1
    outer loop
      vertex -39.5 -24.5 4
      vertex -32.8495 4.3534 4
      vertex -32.8502 4.35442 4
    endloop
  endfacet
  facet normal 0 0 1
    outer loop
      vertex -39.5 -24.5 4
      vertex -32.8502 4.35442 4
      vertex -32.8508 4.35552 4
    endloop
  endfacet
  facet normal 0 0 1
    outer loop
      vertex -39.5 -24.5 4
      vertex -32.8508 4.35552 4
      vertex -33.0406 4.74053 4
    endloop
  endfacet
  facet normal 0 0 1
    outer loop
      vertex -39.5 -24.5 4
      vertex -33.0406 4.74053 4
      vertex -33.041 4.74169 4
    endloop
  endfacet
  facet normal 0 0 1
    outer loop
      vertex -39.5 -24.5 4
      vertex -33.041 4.74169 4
      vertex -33.179 5.14818 4
    endloop
  endfacet
  facet normal 0 0 -1
    outer loop
      vertex -33.263 5.57042 4
      vertex -33.179 5.14818 4
      vertex -33.2628 5.56921 4
    endloop
  endfacet
  facet normal 0 0 -1
    outer loop
      vertex -33.2912 6 4
      vertex -33.263 5.57042 4
      vertex -33.2631 5.57164 4
    endloop
  endfacet
  facet normal 0 0 1
    outer loop
      vertex -27.5588 -19.0309 4
      vertex -39.5 -24.5 4
      vertex -26.5 -24.5 4
    endloop
  endfacet
  facet normal 0 0 1
    outer loop
      vertex -33.263 5.57042 4
      vertex -39.5 -24.5 4
      vertex -33.179 5.14818 4
    endloop
  endfacet
  facet normal 0 0 1
    outer loop
      vertex -39.5 -24.5 4
      vertex -33.263 5.57042 4
      vertex -33.2912 6 4
    endloop
  endfacet
  facet normal 0 0 1
    outer loop
      vertex -18.0442 -15.8243 4
      vertex -22.9151 -17.4546 4
      vertex -22.8937 -17.7809 4
    endloop
  endfacet
  facet normal 0 0 1
    outer loop
      vertex -22.1731 -9.1844 4
      vertex -22.9789 -17.1338 4
      vertex -22.9151 -17.4546 4
    endloop
  endfacet
  facet normal 0 0 1
    outer loop
      vertex -22.1731 -9.1844 4
      vertex -23.084 -16.8242 4
      vertex -22.9789 -17.1338 4
    endloop
  endfacet
  facet normal 0 0 1
    outer loop
      vertex -24.437 -15.4712 4
      vertex -22.7263 -7.71455 4
      vertex -23.1822 -6.21166 4
    endloop
  endfacet
  facet normal 0 0 1
    outer loop
      vertex -22.1731 -9.1844 4
      vertex -23.2286 -16.5309 4
      vertex -23.084 -16.8242 4
    endloop
  endfacet
  facet normal 0 0 1
    outer loop
      vertex -22.1731 -9.1844 4
      vertex -23.4103 -16.259 4
      vertex -23.2286 -16.5309 4
    endloop
  endfacet
  facet normal 0 0 1
    outer loop
      vertex -24.437 -15.4712 4
      vertex -23.1822 -6.21166 4
      vertex -23.5388 -4.68217 4
    endloop
  endfacet
  facet normal 0 0 1
    outer loop
      vertex -22.1731 -9.1844 4
      vertex -23.6259 -16.0131 4
      vertex -23.4103 -16.259 4
    endloop
  endfacet
  facet normal 0 0 1
    outer loop
      vertex -24.437 -15.4712 4
      vertex -23.5388 -4.68217 4
      vertex -23.7947 -3.13263 4
    endloop
  endfacet
  facet normal 0 0 1
    outer loop
      vertex -22.1731 -9.1844 4
      vertex -23.8718 -15.7975 4
      vertex -23.6259 -16.0131 4
    endloop
  endfacet
  facet normal 0 0 1
    outer loop
      vertex -24.437 -15.4712 4
      vertex -23.7947 -3.13263 4
      vertex -23.9486 -1.56967 4
    endloop
  endfacet
  facet normal 0 0 1
    outer loop
      vertex -29.1482 2.82098 4
      vertex -23.9486 -1.56967 4
      vertex -24 0 4
    endloop
  endfacet
  facet normal 0 0 1
    outer loop
      vertex -22.1731 -9.1844 4
      vertex -24.1437 -15.6158 4
      vertex -23.8718 -15.7975 4
    endloop
  endfacet
  facet normal -0 0 1
    outer loop
      vertex -26.7372 5.56921 4
      vertex -23.5388 4.68217 4
      vertex -26.737 5.57042 4
    endloop
  endfacet
  facet normal -0 0 1
    outer loop
      vertex -26.821 5.14818 4
      vertex -23.5388 4.68217 4
      vertex -26.7372 5.56921 4
    endloop
  endfacet
  facet normal -0 0 1
    outer loop
      vertex -26.959 4.74169 4
      vertex -23.5388 4.68217 4
      vertex -26.821 5.14818 4
    endloop
  endfacet
  facet normal 0 0 1
    outer loop
      vertex -23.5388 4.68217 4
      vertex -26.959 4.74169 4
      vertex -23.7947 3.13263 4
    endloop
  endfacet
  facet normal -0 0 1
    outer loop
      vertex -26.9594 4.74053 4
      vertex -23.7947 3.13263 4
      vertex -26.959 4.74169 4
    endloop
  endfacet
  facet normal -0 0 1
    outer loop
      vertex -27.1492 4.35552 4
      vertex -23.7947 3.13263 4
      vertex -26.9594 4.74053 4
    endloop
  endfacet
  facet normal -0 0 1
    outer loop
      vertex -27.1498 4.35442 4
      vertex -23.7947 3.13263 4
      vertex -27.1492 4.35552 4
    endloop
  endfacet
  facet normal -0 0 1
    outer loop
      vertex -27.1505 4.3534 4
      vertex -23.7947 3.13263 4
      vertex -27.1498 4.35442 4
    endloop
  endfacet
  facet normal -0 0 1
    outer loop
      vertex -27.3889 3.99647 4
      vertex -23.7947 3.13263 4
      vertex -27.1505 4.3534 4
    endloop
  endfacet
  facet normal 0 0 1
    outer loop
      vertex -23.9486 1.56967 4
      vertex -27.3889 3.99647 4
      vertex -27.672 3.67372 4
    endloop
  endfacet
  facet normal 0 0 1
    outer loop
      vertex -23.9486 1.56967 4
      vertex -27.672 3.67372 4
      vertex -27.6728 3.6728 4
    endloop
  endfacet
  facet normal 0 0 1
    outer loop
      vertex -23.9486 1.56967 4
      vertex -27.6728 3.6728 4
      vertex -27.6737 3.67199 4
    endloop
  endfacet
  facet normal 0 0 1
    outer loop
      vertex -23.9486 1.56967 4
      vertex -27.6737 3.67199 4
      vertex -27.9965 3.38895 4
    endloop
  endfacet
  facet normal 0 0 1
    outer loop
      vertex -23.9486 1.56967 4
      vertex -27.9965 3.38895 4
      vertex -28.3534 3.15045 4
    endloop
  endfacet
  facet normal 0 0 1
    outer loop
      vertex -24 0 4
      vertex -28.3534 3.15045 4
      vertex -28.3544 3.14977 4
    endloop
  endfacet
  facet normal 0 0 1
    outer loop
      vertex -24 0 4
      vertex -28.3544 3.14977 4
      vertex -28.3555 3.14923 4
    endloop
  endfacet
  facet normal 0 0 1
    outer loop
      vertex -24 0 4
      vertex -28.3555 3.14923 4
      vertex -28.7405 2.95936 4
    endloop
  endfacet
  facet normal 0 0 1
    outer loop
      vertex -24 0 4
      vertex -28.7405 2.95936 4
      vertex -28.7417 2.95897 4
    endloop
  endfacet
  facet normal 0 0 1
    outer loop
      vertex -23.9486 -1.56967 4
      vertex -26.0408 -15.3661 4
      vertex -25.72 -15.3023 4
    endloop
  endfacet
  facet normal 0 0 1
    outer loop
      vertex -23.9486 -1.56967 4
      vertex -29.5704 2.737 4
      vertex -29.5716 2.73692 4
    endloop
  endfacet
  facet normal 0 0 1
    outer loop
      vertex -23.9486 -1.56967 4
      vertex -29.5716 2.73692 4
      vertex -30 2.70884 4
    endloop
  endfacet
  facet normal 0 0 1
    outer loop
      vertex -23.9486 -1.56967 4
      vertex -26.3504 -15.4712 4
      vertex -26.0408 -15.3661 4
    endloop
  endfacet
  facet normal 0 0 1
    outer loop
      vertex 18.8343 9.28806 4
      vertex 6.09572 5.81526 4
      vertex 6.09999 5.75 4
    endloop
  endfacet
  facet normal 0 0 1
    outer loop
      vertex 8.03635 19.4015 4
      vertex 6.08295 5.87941 4
      vertex 6.09572 5.81526 4
    endloop
  endfacet
  facet normal 0 0 1
    outer loop
      vertex 8.03635 19.4015 4
      vertex 6.06194 5.94135 4
      vertex 6.08295 5.87941 4
    endloop
  endfacet
  facet normal 0 0 1
    outer loop
      vertex 8.03635 19.4015 4
      vertex 6.033 6 4
      vertex 6.06194 5.94135 4
    endloop
  endfacet
  facet normal 0 0 1
    outer loop
      vertex 8.03635 19.4015 4
      vertex 5.99667 6.05438 4
      vertex 6.033 6 4
    endloop
  endfacet
  facet normal 0 0 1
    outer loop
      vertex 8.03635 19.4015 4
      vertex 5.95354 6.10355 4
      vertex 5.99667 6.05438 4
    endloop
  endfacet
  facet normal 0 0 1
    outer loop
      vertex 8.03635 19.4015 4
      vertex 5.90437 6.14668 4
      vertex 5.95354 6.10355 4
    endloop
  endfacet
  facet normal 0 0 1
    outer loop
      vertex 8.03635 19.4015 4
      vertex 5.84999 6.18301 4
      vertex 5.90437 6.14668 4
    endloop
  endfacet
  facet normal 0 0 1
    outer loop
      vertex 8.03635 19.4015 4
      vertex 5.79134 6.21194 4
      vertex 5.84999 6.18301 4
    endloop
  endfacet
  facet normal 0 0 1
    outer loop
      vertex 8.03635 19.4015 4
      vertex 5.7294 6.23296 4
      vertex 5.79134 6.21194 4
    endloop
  endfacet
  facet normal 0 0 1
    outer loop
      vertex 8.03635 19.4015 4
      vertex 5.66525 6.24573 4
      vertex 5.7294 6.23296 4
    endloop
  endfacet
  facet normal 0 0 1
    outer loop
      vertex 8.03635 19.4015 4
      vertex 5.59999 6.25 4
      vertex 5.66525 6.24573 4
    endloop
  endfacet
  facet normal 0 0 1
    outer loop
      vertex 5.4352 20.2844 4
      vertex 5.59999 6.25 4
      vertex 6.75023 19.8855 4
    endloop
  endfacet
  facet normal 0 0 1
    outer loop
      vertex 4.0969 20.5965 4
      vertex 5.59999 6.25 4
      vertex 5.4352 20.2844 4
    endloop
  endfacet
  facet normal 0 0 1
    outer loop
      vertex 2.74105 20.8203 4
      vertex 5.59999 6.25 4
      vertex 4.0969 20.5965 4
    endloop
  endfacet
  facet normal 0 0 1
    outer loop
      vertex 1.37347 20.955 4
      vertex 5.59999 6.25 4
      vertex 2.74105 20.8203 4
    endloop
  endfacet
  facet normal 0 0 1
    outer loop
      vertex 0 21 4
      vertex 5.59999 6.25 4
      vertex 1.37347 20.955 4
    endloop
  endfacet
  facet normal -0 0 1
    outer loop
      vertex -1.37347 20.955 4
      vertex 5.59999 6.25 4
      vertex 0 21 4
    endloop
  endfacet
  facet normal -0 0 1
    outer loop
      vertex -2.74105 20.8203 4
      vertex 5.59999 6.25 4
      vertex -1.37347 20.955 4
    endloop
  endfacet
  facet normal -0 0 1
    outer loop
      vertex -4.0969 20.5965 4
      vertex 5.59999 6.25 4
      vertex -2.74105 20.8203 4
    endloop
  endfacet
  facet normal -0 0 1
    outer loop
      vertex -5.4352 20.2844 4
      vertex 5.59999 6.25 4
      vertex -4.0969 20.5965 4
    endloop
  endfacet
  facet normal -0 0 1
    outer loop
      vertex -6.75023 19.8855 4
      vertex 5.59999 6.25 4
      vertex -5.4352 20.2844 4
    endloop
  endfacet
  facet normal -0 0 1
    outer loop
      vertex -8.03635 19.4015 4
      vertex 5.59999 6.25 4
      vertex -6.75023 19.8855 4
    endloop
  endfacet
  facet normal -0 0 1
    outer loop
      vertex -9.28806 18.8343 4
      vertex 5.59999 6.25 4
      vertex -8.03635 19.4015 4
    endloop
  endfacet
  facet normal -0 0 1
    outer loop
      vertex -10.5 18.1865 4
      vertex 5.59999 6.25 4
      vertex -9.28806 18.8343 4
    endloop
  endfacet
  facet normal -0 0 1
    outer loop
      vertex -11.667 17.4609 4
      vertex 5.59999 6.25 4
      vertex -10.5 18.1865 4
    endloop
  endfacet
  facet normal -0 0 1
    outer loop
      vertex -12.784 16.6604 4
      vertex 5.59999 6.25 4
      vertex -11.667 17.4609 4
    endloop
  endfacet
  facet normal 0 0 1
    outer loop
      vertex -17 6.25 4
      vertex -12.784 16.6604 4
      vertex -13.8463 15.7886 4
    endloop
  endfacet
  facet normal 0 0 1
    outer loop
      vertex -17 6.25 4
      vertex -13.8463 15.7886 4
      vertex -14.8492 14.8492 4
    endloop
  endfacet
  facet normal 0 0 1
    outer loop
      vertex -17 6.25 4
      vertex -14.8492 14.8492 4
      vertex -15.7886 13.8463 4
    endloop
  endfacet
  facet normal 0 0 1
    outer loop
      vertex -17 6.25 4
      vertex -15.7886 13.8463 4
      vertex -16.6604 12.784 4
    endloop
  endfacet
  facet normal 0 0 1
    outer loop
      vertex -12.784 16.6604 4
      vertex -17 6.25 4
      vertex 5.59999 6.25 4
    endloop
  endfacet
  facet normal -0 0 1
    outer loop
      vertex -17.4609 11.667 4
      vertex -17 6.25 4
      vertex -16.6604 12.784 4
    endloop
  endfacet
  facet normal -0 0 1
    outer loop
      vertex -18.1865 10.5 4
      vertex -17 6.25 4
      vertex -17.4609 11.667 4
    endloop
  endfacet
  facet normal -0 0 1
    outer loop
      vertex -18.8343 9.28806 4
      vertex -17 6.25 4
      vertex -18.1865 10.5 4
    endloop
  endfacet
  facet normal 0 0 1
    outer loop
      vertex -17 6.25 4
      vertex -18.8343 9.28806 4
      vertex -17.0652 6.24573 4
    endloop
  endfacet
  facet normal 0 0 1
    outer loop
      vertex -17.0652 6.24573 4
      vertex -18.8343 9.28806 4
      vertex -17.1294 6.23296 4
    endloop
  endfacet
  facet normal -0 0 1
    outer loop
      vertex -19.4015 8.03635 4
      vertex -17.1294 6.23296 4
      vertex -18.8343 9.28806 4
    endloop
  endfacet
  facet normal 0 0 1
    outer loop
      vertex -17.1294 6.23296 4
      vertex -19.4015 8.03635 4
      vertex -17.1913 6.21194 4
    endloop
  endfacet
  facet normal 0 0 1
    outer loop
      vertex -17.1913 6.21194 4
      vertex -19.4015 8.03635 4
      vertex -17.25 6.18301 4
    endloop
  endfacet
  facet normal 0 0 1
    outer loop
      vertex -17.25 6.18301 4
      vertex -19.4015 8.03635 4
      vertex -17.3044 6.14668 4
    endloop
  endfacet
  facet normal 0 0 1
    outer loop
      vertex -17.3044 6.14668 4
      vertex -19.4015 8.03635 4
      vertex -17.3535 6.10355 4
    endloop
  endfacet
  facet normal 0 0 1
    outer loop
      vertex -17.3535 6.10355 4
      vertex -19.4015 8.03635 4
      vertex -17.3967 6.05438 4
    endloop
  endfacet
  facet normal -0 0 1
    outer loop
      vertex -19.8855 6.75023 4
      vertex -17.3967 6.05438 4
      vertex -19.4015 8.03635 4
    endloop
  endfacet
  facet normal 0 0 1
    outer loop
      vertex -17.3967 6.05438 4
      vertex -19.8855 6.75023 4
      vertex -17.433 6 4
    endloop
  endfacet
  facet normal 0 0 1
    outer loop
      vertex -17.4619 5.94135 4
      vertex -19.8855 6.75023 4
      vertex -17.4829 5.87941 4
    endloop
  endfacet
  facet normal 0 0 1
    outer loop
      vertex -17.433 6 4
      vertex -19.8855 6.75023 4
      vertex -17.4619 5.94135 4
    endloop
  endfacet
  facet normal 0 0 1
    outer loop
      vertex 6.09999 5.75 4
      vertex 21 0 4
      vertex 20.955 1.37347 4
    endloop
  endfacet
  facet normal 0 0 1
    outer loop
      vertex 6.09999 5.75 4
      vertex 20.955 1.37347 4
      vertex 20.8203 2.74105 4
    endloop
  endfacet
  facet normal 0 0 1
    outer loop
      vertex 6.09999 -5.75 4
      vertex 21 0 4
      vertex 6.09999 5.75 4
    endloop
  endfacet
  facet normal 0 0 1
    outer loop
      vertex 6.09999 5.75 4
      vertex 20.8203 2.74105 4
      vertex 20.5965 4.0969 4
    endloop
  endfacet
  facet normal 0 0 1
    outer loop
      vertex 21 0 4
      vertex 6.09999 -5.75 4
      vertex 20.955 -1.37347 4
    endloop
  endfacet
  facet normal 0 0 1
    outer loop
      vertex 6.09999 5.75 4
      vertex 20.5965 4.0969 4
      vertex 20.2844 5.4352 4
    endloop
  endfacet
  facet normal 0 0 1
    outer loop
      vertex 20.955 -1.37347 4
      vertex 6.09999 -5.75 4
      vertex 20.8203 -2.74105 4
    endloop
  endfacet
  facet normal -0 0 1
    outer loop
      vertex 6.09999 5.75 4
      vertex 20.2844 5.4352 4
      vertex 19.8855 6.75023 4
    endloop
  endfacet
  facet normal 0 0 1
    outer loop
      vertex 20.8203 -2.74105 4
      vertex 6.09999 -5.75 4
      vertex 20.5965 -4.0969 4
    endloop
  endfacet
  facet normal 0 0 1
    outer loop
      vertex 6.09999 5.75 4
      vertex 19.8855 6.75023 4
      vertex 19.4015 8.03635 4
    endloop
  endfacet
  facet normal 0 -0 1
    outer loop
      vertex 19.0788 -7.5 4
      vertex 20.5965 -4.0969 4
      vertex 6.09999 -5.75 4
    endloop
  endfacet
  facet normal 0 0 1
    outer loop
      vertex 19.8855 -6.75023 4
      vertex 19.0788 -7.5 4
      vertex 19.4015 -8.03635 4
    endloop
  endfacet
  facet normal 0 0 1
    outer loop
      vertex 6.09999 5.75 4
      vertex 19.4015 8.03635 4
      vertex 18.8343 9.28806 4
    endloop
  endfacet
  facet normal 0 0 1
    outer loop
      vertex 6.09572 5.81526 4
      vertex 18.8343 9.28806 4
      vertex 18.1865 10.5 4
    endloop
  endfacet
  facet normal 0 0 1
    outer loop
      vertex 6.09572 5.81526 4
      vertex 18.1865 10.5 4
      vertex 17.4609 11.667 4
    endloop
  endfacet
  facet normal 0 0 1
    outer loop
      vertex 6.09572 5.81526 4
      vertex 17.4609 11.667 4
      vertex 16.6604 12.784 4
    endloop
  endfacet
  facet normal 0 0 1
    outer loop
      vertex 6.09572 5.81526 4
      vertex 16.6604 12.784 4
      vertex 15.7886 13.8463 4
    endloop
  endfacet
  facet normal 0 0 1
    outer loop
      vertex 6.09572 5.81526 4
      vertex 15.7886 13.8463 4
      vertex 14.8492 14.8492 4
    endloop
  endfacet
  facet normal 0 0 1
    outer loop
      vertex 6.09572 5.81526 4
      vertex 14.8492 14.8492 4
      vertex 13.8463 15.7886 4
    endloop
  endfacet
  facet normal 0 0 1
    outer loop
      vertex 6.09572 5.81526 4
      vertex 13.8463 15.7886 4
      vertex 12.784 16.6604 4
    endloop
  endfacet
  facet normal 0 0 1
    outer loop
      vertex 6.09572 5.81526 4
      vertex 12.784 16.6604 4
      vertex 11.667 17.4609 4
    endloop
  endfacet
  facet normal 0 0 1
    outer loop
      vertex 6.09572 5.81526 4
      vertex 11.667 17.4609 4
      vertex 10.5 18.1865 4
    endloop
  endfacet
  facet normal 0 0 1
    outer loop
      vertex 6.09572 5.81526 4
      vertex 10.5 18.1865 4
      vertex 9.28806 18.8343 4
    endloop
  endfacet
  facet normal 0 0 1
    outer loop
      vertex 6.09572 5.81526 4
      vertex 9.28806 18.8343 4
      vertex 8.03635 19.4015 4
    endloop
  endfacet
  facet normal 0 0 1
    outer loop
      vertex 5.59999 6.25 4
      vertex 8.03635 19.4015 4
      vertex 6.75023 19.8855 4
    endloop
  endfacet
  facet normal 0 0 1
    outer loop
      vertex 20.5965 -4.0969 4
      vertex 19.0788 -7.5 4
      vertex 20.2844 -5.4352 4
    endloop
  endfacet
  facet normal 0 0 1
    outer loop
      vertex 20.2844 -5.4352 4
      vertex 19.0788 -7.5 4
      vertex 19.8855 -6.75023 4
    endloop
  endfacet
  facet normal -0 0 1
    outer loop
      vertex 6.09572 -5.81526 4
      vertex 19.0788 -7.5 4
      vertex 6.09999 -5.75 4
    endloop
  endfacet
  facet normal -0 0 1
    outer loop
      vertex 6.08295 -5.87941 4
      vertex 19.0788 -7.5 4
      vertex 6.09572 -5.81526 4
    endloop
  endfacet
  facet normal -0 0 1
    outer loop
      vertex 6.06194 -5.94135 4
      vertex 19.0788 -7.5 4
      vertex 6.08295 -5.87941 4
    endloop
  endfacet
  facet normal -0 0 1
    outer loop
      vertex 6.033 -6 4
      vertex 19.0788 -7.5 4
      vertex 6.06194 -5.94135 4
    endloop
  endfacet
  facet normal -0 0 1
    outer loop
      vertex 5.99667 -6.05438 4
      vertex 19.0788 -7.5 4
      vertex 6.033 -6 4
    endloop
  endfacet
  facet normal -0 0 1
    outer loop
      vertex 5.95354 -6.10355 4
      vertex 19.0788 -7.5 4
      vertex 5.99667 -6.05438 4
    endloop
  endfacet
  facet normal 0 0 1
    outer loop
      vertex 4.97493 -7.5 4
      vertex 5.95354 -6.10355 4
      vertex 5.90437 -6.14668 4
    endloop
  endfacet
  facet normal 0 0 1
    outer loop
      vertex 4.97493 -7.5 4
      vertex 5.90437 -6.14668 4
      vertex 5.84999 -6.18301 4
    endloop
  endfacet
  facet normal 0 0 1
    outer loop
      vertex 4.97493 -7.5 4
      vertex 5.84999 -6.18301 4
      vertex 5.79134 -6.21194 4
    endloop
  endfacet
  facet normal 0 0 1
    outer loop
      vertex 4.97493 -7.5 4
      vertex 5.79134 -6.21194 4
      vertex 5.7294 -6.23296 4
    endloop
  endfacet
  facet normal 0 0 1
    outer loop
      vertex 4.97493 -7.5 4
      vertex 5.7294 -6.23296 4
      vertex 5.66525 -6.24573 4
    endloop
  endfacet
  facet normal 0 0 1
    outer loop
      vertex 4.97493 -7.5 4
      vertex 5.66525 -6.24573 4
      vertex 5.59999 -6.25 4
    endloop
  endfacet
  facet normal 0 0 1
    outer loop
      vertex 5.95354 -6.10355 4
      vertex 4.97493 -7.5 4
      vertex 19.0788 -7.5 4
    endloop
  endfacet
  facet normal 0 0 1
    outer loop
      vertex 5.59999 -6.25 4
      vertex 4.22031 -7.94914 4
      vertex 4.97493 -7.5 4
    endloop
  endfacet
  facet normal 0 0 1
    outer loop
      vertex 5.59999 -6.25 4
      vertex 3.42549 -8.32262 4
      vertex 4.22031 -7.94914 4
    endloop
  endfacet
  facet normal 0 0 1
    outer loop
      vertex 5.59999 -6.25 4
      vertex 2.59807 -8.61684 4
      vertex 3.42549 -8.32262 4
    endloop
  endfacet
  facet normal 0 0 1
    outer loop
      vertex 5.59999 -6.25 4
      vertex 1.74591 -8.82903 4
      vertex 2.59807 -8.61684 4
    endloop
  endfacet
  facet normal 0 0 1
    outer loop
      vertex 5.59999 -6.25 4
      vertex 0.877121 -8.95715 4
      vertex 1.74591 -8.82903 4
    endloop
  endfacet
  facet normal 0 0 1
    outer loop
      vertex 5.59999 -6.25 4
      vertex 0 -9 4
      vertex 0.877121 -8.95715 4
    endloop
  endfacet
  facet normal 0 0 1
    outer loop
      vertex 5.59999 -6.25 4
      vertex -0.877121 -8.95715 4
      vertex 0 -9 4
    endloop
  endfacet
  facet normal 0 0 1
    outer loop
      vertex 5.59999 -6.25 4
      vertex -1.74591 -8.82903 4
      vertex -0.877121 -8.95715 4
    endloop
  endfacet
  facet normal 0 0 1
    outer loop
      vertex 5.59999 -6.25 4
      vertex -2.59807 -8.61684 4
      vertex -1.74591 -8.82903 4
    endloop
  endfacet
  facet normal 0 0 1
    outer loop
      vertex 5.59999 -6.25 4
      vertex -3.42549 -8.32262 4
      vertex -2.59807 -8.61684 4
    endloop
  endfacet
  facet normal 0 0 1
    outer loop
      vertex 5.59999 -6.25 4
      vertex -4.22031 -7.94914 4
      vertex -3.42549 -8.32262 4
    endloop
  endfacet
  facet normal 0 0 1
    outer loop
      vertex 5.59999 -6.25 4
      vertex -4.97493 -7.5 4
      vertex -4.22031 -7.94914 4
    endloop
  endfacet
  facet normal -0 0 1
    outer loop
      vertex -17 -6.25 4
      vertex -4.97493 -7.5 4
      vertex 5.59999 -6.25 4
    endloop
  endfacet
  facet normal 0 0 1
    outer loop
      vertex -19.0788 -7.5 4
      vertex -17 -6.25 4
      vertex -17.0652 -6.24573 4
    endloop
  endfacet
  facet normal 0 0 1
    outer loop
      vertex -17.4829 5.87941 4
      vertex -19.8855 6.75023 4
      vertex -17.4957 5.81526 4
    endloop
  endfacet
  facet normal 0 0 1
    outer loop
      vertex -17.4957 5.81526 4
      vertex -19.8855 6.75023 4
      vertex -17.5 5.75 4
    endloop
  endfacet
  facet normal 0 0 1
    outer loop
      vertex -17 -6.25 4
      vertex -19.0788 -7.5 4
      vertex -4.97493 -7.5 4
    endloop
  endfacet
  facet normal 0 0 1
    outer loop
      vertex -17.1294 -6.23296 4
      vertex -19.0788 -7.5 4
      vertex -17.0652 -6.24573 4
    endloop
  endfacet
  facet normal 0 0 1
    outer loop
      vertex -17.1913 -6.21194 4
      vertex -19.0788 -7.5 4
      vertex -17.1294 -6.23296 4
    endloop
  endfacet
  facet normal 0 0 1
    outer loop
      vertex -17.25 -6.18301 4
      vertex -19.0788 -7.5 4
      vertex -17.1913 -6.21194 4
    endloop
  endfacet
  facet normal 0 0 1
    outer loop
      vertex -17.3044 -6.14668 4
      vertex -19.0788 -7.5 4
      vertex -17.25 -6.18301 4
    endloop
  endfacet
  facet normal 0 0 1
    outer loop
      vertex -17.3535 -6.10355 4
      vertex -19.0788 -7.5 4
      vertex -17.3044 -6.14668 4
    endloop
  endfacet
  facet normal 0 0 1
    outer loop
      vertex -17.3967 -6.05438 4
      vertex -19.0788 -7.5 4
      vertex -17.3535 -6.10355 4
    endloop
  endfacet
  facet normal 0 0 1
    outer loop
      vertex -17.433 -6 4
      vertex -19.0788 -7.5 4
      vertex -17.3967 -6.05438 4
    endloop
  endfacet
  facet normal 0 0 1
    outer loop
      vertex -17.4619 -5.94135 4
      vertex -19.0788 -7.5 4
      vertex -17.433 -6 4
    endloop
  endfacet
  facet normal 0 0 1
    outer loop
      vertex -17.4829 -5.87941 4
      vertex -19.0788 -7.5 4
      vertex -17.4619 -5.94135 4
    endloop
  endfacet
  facet normal 0 0 1
    outer loop
      vertex -19.8855 -6.75023 4
      vertex -17.4829 -5.87941 4
      vertex -17.4957 -5.81526 4
    endloop
  endfacet
  facet normal 0 0 1
    outer loop
      vertex -20.2844 5.4352 4
      vertex -17.5 5.75 4
      vertex -19.8855 6.75023 4
    endloop
  endfacet
  facet normal 0 0 1
    outer loop
      vertex -20.5965 4.0969 4
      vertex -17.5 5.75 4
      vertex -20.2844 5.4352 4
    endloop
  endfacet
  facet normal 0 0 1
    outer loop
      vertex 18.2376 -9.36153 4
      vertex 19.4015 -8.03635 4
      vertex 19.0788 -7.5 4
    endloop
  endfacet
  facet normal 0 0 1
    outer loop
      vertex 19.4015 -8.03635 4
      vertex 18.2376 -9.36153 4
      vertex 18.8343 -9.28806 4
    endloop
  endfacet
  facet normal -0 0 1
    outer loop
      vertex 18.2376 -9.36153 4
      vertex 18.1865 -10.5 4
      vertex 18.8343 -9.28806 4
    endloop
  endfacet
  facet normal 0 0 1
    outer loop
      vertex 17.2154 -11.1301 4
      vertex 18.1865 -10.5 4
      vertex 18.2376 -9.36153 4
    endloop
  endfacet
  facet normal 0 0 1
    outer loop
      vertex 18.1865 -10.5 4
      vertex 17.2154 -11.1301 4
      vertex 17.4609 -11.667 4
    endloop
  endfacet
  facet normal 0 0 1
    outer loop
      vertex 17.2154 -11.1301 4
      vertex 16.6604 -12.784 4
      vertex 17.4609 -11.667 4
    endloop
  endfacet
  facet normal 0 0 1
    outer loop
      vertex 16.0223 -12.7881 4
      vertex 16.6604 -12.784 4
      vertex 17.2154 -11.1301 4
    endloop
  endfacet
  facet normal -0 0 1
    outer loop
      vertex 16.0223 -12.7881 4
      vertex 15.7886 -13.8463 4
      vertex 16.6604 -12.784 4
    endloop
  endfacet
  facet normal 0 0 1
    outer loop
      vertex 14.67 -14.3192 4
      vertex 15.7886 -13.8463 4
      vertex 16.0223 -12.7881 4
    endloop
  endfacet
  facet normal 0 0 1
    outer loop
      vertex 15.7886 -13.8463 4
      vertex 14.67 -14.3192 4
      vertex 14.8492 -14.8492 4
    endloop
  endfacet
  facet normal 0 0 1
    outer loop
      vertex 14.67 -14.3192 4
      vertex 13.8463 -15.7886 4
      vertex 14.8492 -14.8492 4
    endloop
  endfacet
  facet normal -0 0 1
    outer loop
      vertex 13.1721 -15.7081 4
      vertex 13.8463 -15.7886 4
      vertex 14.67 -14.3192 4
    endloop
  endfacet
  facet normal 0 0 1
    outer loop
      vertex 13.1721 -15.7081 4
      vertex 12.784 -16.6604 4
      vertex 13.8463 -15.7886 4
    endloop
  endfacet
  facet normal 0 0 1
    outer loop
      vertex 11.5434 -16.9411 4
      vertex 12.784 -16.6604 4
      vertex 13.1721 -15.7081 4
    endloop
  endfacet
  facet normal 0 0 1
    outer loop
      vertex 12.784 -16.6604 4
      vertex 11.5434 -16.9411 4
      vertex 11.667 -17.4609 4
    endloop
  endfacet
  facet normal 0 0 1
    outer loop
      vertex 11.5434 -16.9411 4
      vertex 10.5 -18.1865 4
      vertex 11.667 -17.4609 4
    endloop
  endfacet
  facet normal -0 0 1
    outer loop
      vertex 9.80006 -18.0058 4
      vertex 10.5 -18.1865 4
      vertex 11.5434 -16.9411 4
    endloop
  endfacet
  facet normal 0 0 1
    outer loop
      vertex 9.80006 -18.0058 4
      vertex 9.28806 -18.8343 4
      vertex 10.5 -18.1865 4
    endloop
  endfacet
  facet normal 0 0 1
    outer loop
      vertex 7.95944 -18.8917 4
      vertex 9.28806 -18.8343 4
      vertex 9.80006 -18.0058 4
    endloop
  endfacet
  facet normal 0 0 1
    outer loop
      vertex 9.28806 -18.8343 4
      vertex 7.95944 -18.8917 4
      vertex 8.03635 -19.4015 4
    endloop
  endfacet
  facet normal 0 0 1
    outer loop
      vertex 7.95944 -18.8917 4
      vertex 6.75023 -19.8855 4
      vertex 8.03635 -19.4015 4
    endloop
  endfacet
  facet normal -0 0 1
    outer loop
      vertex 6.03978 -19.5901 4
      vertex 6.75023 -19.8855 4
      vertex 7.95944 -18.8917 4
    endloop
  endfacet
  facet normal 0 0 1
    outer loop
      vertex 6.03978 -19.5901 4
      vertex 5.4352 -20.2844 4
      vertex 6.75023 -19.8855 4
    endloop
  endfacet
  facet normal -0 0 1
    outer loop
      vertex 4.06015 -20.0939 4
      vertex 5.4352 -20.2844 4
      vertex 6.03978 -19.5901 4
    endloop
  endfacet
  facet normal 0 0 1
    outer loop
      vertex 5.4352 -20.2844 4
      vertex 4.06015 -20.0939 4
      vertex 4.0969 -20.5965 4
    endloop
  endfacet
  facet normal 0 0 1
    outer loop
      vertex 4.06015 -20.0939 4
      vertex 2.74105 -20.8203 4
      vertex 4.0969 -20.5965 4
    endloop
  endfacet
  facet normal -0 0 1
    outer loop
      vertex 2.04019 -20.3982 4
      vertex 2.74105 -20.8203 4
      vertex 4.06015 -20.0939 4
    endloop
  endfacet
  facet normal 0 0 1
    outer loop
      vertex 2.04019 -20.3982 4
      vertex 1.37347 -20.955 4
      vertex 2.74105 -20.8203 4
    endloop
  endfacet
  facet normal -0 0 1
    outer loop
      vertex 0 -20.5 4
      vertex 1.37347 -20.955 4
      vertex 2.04019 -20.3982 4
    endloop
  endfacet
  facet normal 0 0 1
    outer loop
      vertex 0 -20.5 4
      vertex 0 -21 4
      vertex 1.37347 -20.955 4
    endloop
  endfacet
  facet normal 0 0 1
    outer loop
      vertex 0 -20.5 4
      vertex -1.37347 -20.955 4
      vertex 0 -21 4
    endloop
  endfacet
  facet normal 0 0 1
    outer loop
      vertex -2.04019 -20.3982 4
      vertex -1.37347 -20.955 4
      vertex 0 -20.5 4
    endloop
  endfacet
  facet normal 0 0 1
    outer loop
      vertex -2.04019 -20.3982 4
      vertex -2.74105 -20.8203 4
      vertex -1.37347 -20.955 4
    endloop
  endfacet
  facet normal 0 0 1
    outer loop
      vertex -4.06015 -20.0939 4
      vertex -2.74105 -20.8203 4
      vertex -2.04019 -20.3982 4
    endloop
  endfacet
  facet normal 0 0 1
    outer loop
      vertex -4.06015 -20.0939 4
      vertex -4.0969 -20.5965 4
      vertex -2.74105 -20.8203 4
    endloop
  endfacet
  facet normal 0 0 1
    outer loop
      vertex -4.06015 -20.0939 4
      vertex -5.4352 -20.2844 4
      vertex -4.0969 -20.5965 4
    endloop
  endfacet
  facet normal 0 0 1
    outer loop
      vertex -6.03978 -19.5901 4
      vertex -5.4352 -20.2844 4
      vertex -4.06015 -20.0939 4
    endloop
  endfacet
  facet normal 0 0 1
    outer loop
      vertex -6.03978 -19.5901 4
      vertex -6.75023 -19.8855 4
      vertex -5.4352 -20.2844 4
    endloop
  endfacet
  facet normal 0 0 1
    outer loop
      vertex -7.95944 -18.8917 4
      vertex -6.75023 -19.8855 4
      vertex -6.03978 -19.5901 4
    endloop
  endfacet
  facet normal 0 0 1
    outer loop
      vertex -7.95944 -18.8917 4
      vertex -8.03635 -19.4015 4
      vertex -6.75023 -19.8855 4
    endloop
  endfacet
  facet normal 0 0 1
    outer loop
      vertex -7.95944 -18.8917 4
      vertex -9.28806 -18.8343 4
      vertex -8.03635 -19.4015 4
    endloop
  endfacet
  facet normal 0 0 1
    outer loop
      vertex -9.80006 -18.0058 4
      vertex -9.28806 -18.8343 4
      vertex -7.95944 -18.8917 4
    endloop
  endfacet
  facet normal 0 0 1
    outer loop
      vertex -9.80006 -18.0058 4
      vertex -10.5 -18.1865 4
      vertex -9.28806 -18.8343 4
    endloop
  endfacet
  facet normal 0 0 1
    outer loop
      vertex -11.5434 -16.9411 4
      vertex -10.5 -18.1865 4
      vertex -9.80006 -18.0058 4
    endloop
  endfacet
  facet normal 0 0 1
    outer loop
      vertex -11.5434 -16.9411 4
      vertex -11.667 -17.4609 4
      vertex -10.5 -18.1865 4
    endloop
  endfacet
  facet normal 0 0 1
    outer loop
      vertex -11.5434 -16.9411 4
      vertex -12.784 -16.6604 4
      vertex -11.667 -17.4609 4
    endloop
  endfacet
  facet normal 0 0 1
    outer loop
      vertex -13.1721 -15.7081 4
      vertex -12.784 -16.6604 4
      vertex -11.5434 -16.9411 4
    endloop
  endfacet
  facet normal 0 0 1
    outer loop
      vertex -13.1721 -15.7081 4
      vertex -13.8463 -15.7886 4
      vertex -12.784 -16.6604 4
    endloop
  endfacet
  facet normal 0 0 1
    outer loop
      vertex -14.67 -14.3192 4
      vertex -13.8463 -15.7886 4
      vertex -13.1721 -15.7081 4
    endloop
  endfacet
  facet normal 0 0 1
    outer loop
      vertex -14.67 -14.3192 4
      vertex -14.8492 -14.8492 4
      vertex -13.8463 -15.7886 4
    endloop
  endfacet
  facet normal 0 0 1
    outer loop
      vertex -14.67 -14.3192 4
      vertex -15.7886 -13.8463 4
      vertex -14.8492 -14.8492 4
    endloop
  endfacet
  facet normal 0 0 1
    outer loop
      vertex -16.0223 -12.7881 4
      vertex -15.7886 -13.8463 4
      vertex -14.67 -14.3192 4
    endloop
  endfacet
  facet normal 0 0 1
    outer loop
      vertex -16.0223 -12.7881 4
      vertex -16.6604 -12.784 4
      vertex -15.7886 -13.8463 4
    endloop
  endfacet
  facet normal 0 0 1
    outer loop
      vertex -17.2154 -11.1301 4
      vertex -16.6604 -12.784 4
      vertex -16.0223 -12.7881 4
    endloop
  endfacet
  facet normal 0 0 1
    outer loop
      vertex -17.2154 -11.1301 4
      vertex -17.4609 -11.667 4
      vertex -16.6604 -12.784 4
    endloop
  endfacet
  facet normal 0 0 1
    outer loop
      vertex -17.2154 -11.1301 4
      vertex -18.1865 -10.5 4
      vertex -17.4609 -11.667 4
    endloop
  endfacet
  facet normal 0 0 1
    outer loop
      vertex -18.2376 -9.36153 4
      vertex -18.1865 -10.5 4
      vertex -17.2154 -11.1301 4
    endloop
  endfacet
  facet normal 0 0 1
    outer loop
      vertex -18.2376 -9.36153 4
      vertex -18.8343 -9.28806 4
      vertex -18.1865 -10.5 4
    endloop
  endfacet
  facet normal -0 0 1
    outer loop
      vertex -19.4015 -8.03635 4
      vertex -18.2376 -9.36153 4
      vertex -19.0788 -7.5 4
    endloop
  endfacet
  facet normal 0 0 1
    outer loop
      vertex -18.2376 -9.36153 4
      vertex -19.4015 -8.03635 4
      vertex -18.8343 -9.28806 4
    endloop
  endfacet
  facet normal 0 0 1
    outer loop
      vertex -20.8203 2.74105 4
      vertex -17.5 5.75 4
      vertex -20.5965 4.0969 4
    endloop
  endfacet
  facet normal 0 0 1
    outer loop
      vertex -20.955 1.37347 4
      vertex -17.5 5.75 4
      vertex -20.8203 2.74105 4
    endloop
  endfacet
  facet normal 0 0 1
    outer loop
      vertex -19.0788 -7.5 4
      vertex -19.8855 -6.75023 4
      vertex -19.4015 -8.03635 4
    endloop
  endfacet
  facet normal 0 0 1
    outer loop
      vertex -21 0 4
      vertex -17.5 5.75 4
      vertex -20.955 1.37347 4
    endloop
  endfacet
  facet normal 0 0 1
    outer loop
      vertex -17.4829 -5.87941 4
      vertex -19.8855 -6.75023 4
      vertex -19.0788 -7.5 4
    endloop
  endfacet
  facet normal 0 0 1
    outer loop
      vertex -17.5 5.75 4
      vertex -21 0 4
      vertex -17.5 -5.75 4
    endloop
  endfacet
  facet normal 0 0 1
    outer loop
      vertex -17.5 -5.75 4
      vertex -19.8855 -6.75023 4
      vertex -17.4957 -5.81526 4
    endloop
  endfacet
  facet normal -0 -0 1
    outer loop
      vertex -20.955 -1.37347 4
      vertex -17.5 -5.75 4
      vertex -21 0 4
    endloop
  endfacet
  facet normal 0 -0 1
    outer loop
      vertex -19.8855 -6.75023 4
      vertex -17.5 -5.75 4
      vertex -20.2844 -5.4352 4
    endloop
  endfacet
  facet normal -0 -0 1
    outer loop
      vertex -20.8203 -2.74105 4
      vertex -17.5 -5.75 4
      vertex -20.955 -1.37347 4
    endloop
  endfacet
  facet normal -0 -0 1
    outer loop
      vertex -20.2844 -5.4352 4
      vertex -17.5 -5.75 4
      vertex -20.5965 -4.0969 4
    endloop
  endfacet
  facet normal -0 -0 1
    outer loop
      vertex -20.5965 -4.0969 4
      vertex -17.5 -5.75 4
      vertex -20.8203 -2.74105 4
    endloop
  endfacet
  facet normal 0.946885 -0.321574 0
    outer loop
      vertex 52.6716 -46.0481 4
      vertex 52.7978 -45.6765 -4.74303e-07
      vertex 52.7978 -45.6765 4
    endloop
  endfacet
  facet normal 0.946885 -0.321574 0
    outer loop
      vertex 52.7978 -45.6765 -4.74303e-07
      vertex 52.6716 -46.0481 4
      vertex 52.6716 -46.0481 -4.74303e-07
    endloop
  endfacet
  facet normal 0.321574 -0.946885 0
    outer loop
      vertex 50.6765 -47.7978 -4.74303e-07
      vertex 51.0481 -47.6716 4
      vertex 50.6765 -47.7978 4
    endloop
  endfacet
  facet normal 0.321574 -0.946885 0
    outer loop
      vertex 51.0481 -47.6716 4
      vertex 50.6765 -47.7978 -4.74303e-07
      vertex 51.0481 -47.6716 -4.74303e-07
    endloop
  endfacet
  facet normal 0.0654873 -0.997853 0
    outer loop
      vertex 49.9 -47.9 -4.74303e-07
      vertex 50.2916 -47.8743 4
      vertex 49.9 -47.9 4
    endloop
  endfacet
  facet normal 0.0654873 -0.997853 0
    outer loop
      vertex 50.2916 -47.8743 4
      vertex 49.9 -47.9 -4.74303e-07
      vertex 50.2916 -47.8743 -4.74303e-07
    endloop
  endfacet
  facet normal -0.555523 0.831501 0
    outer loop
      vertex -51.4 47.4981 -4.74303e-07
      vertex -51.7263 47.2801 4
      vertex -51.4 47.4981 4
    endloop
  endfacet
  facet normal -0.555523 0.831501 0
    outer loop
      vertex -51.7263 47.2801 4
      vertex -51.4 47.4981 -4.74303e-07
      vertex -51.7263 47.2801 -4.74303e-07
    endloop
  endfacet
  facet normal 0.946885 0.321574 0
    outer loop
      vertex 52.7978 45.6764 4
      vertex 52.6716 46.048 -4.74303e-07
      vertex 52.6716 46.048 4
    endloop
  endfacet
  facet normal 0.946885 0.321574 0
    outer loop
      vertex 52.6716 46.048 -4.74303e-07
      vertex 52.7978 45.6764 4
      vertex 52.7978 45.6764 -4.74303e-07
    endloop
  endfacet
  facet normal 0 0 -1
    outer loop
      vertex -17.5 5.75 -4.74303e-07
      vertex -28.3145 5.7781 -4.74303e-07
      vertex -28.3 6 -4.74303e-07
    endloop
  endfacet
  facet normal 0 0 -1
    outer loop
      vertex -19.0788 -7.5 -4.74303e-07
      vertex -28.3579 5.56001 -4.74303e-07
      vertex -28.3145 5.7781 -4.74303e-07
    endloop
  endfacet
  facet normal 0 0 -1
    outer loop
      vertex -19.0788 -7.5 -4.74303e-07
      vertex -28.4294 5.34944 -4.74303e-07
      vertex -28.3579 5.56001 -4.74303e-07
    endloop
  endfacet
  facet normal 0 0 -1
    outer loop
      vertex -19.0788 -7.5 -4.74303e-07
      vertex -28.5278 5.15 -4.74303e-07
      vertex -28.4294 5.34944 -4.74303e-07
    endloop
  endfacet
  facet normal 0 0 -1
    outer loop
      vertex -19.0788 -7.5 -4.74303e-07
      vertex -28.6513 4.96511 -4.74303e-07
      vertex -28.5278 5.15 -4.74303e-07
    endloop
  endfacet
  facet normal 0 0 -1
    outer loop
      vertex -19.0788 -7.5 -4.74303e-07
      vertex -28.7979 4.79792 -4.74303e-07
      vertex -28.6513 4.96511 -4.74303e-07
    endloop
  endfacet
  facet normal 0 0 -1
    outer loop
      vertex -19.0788 -7.5 -4.74303e-07
      vertex -28.9651 4.6513 -4.74303e-07
      vertex -28.7979 4.79792 -4.74303e-07
    endloop
  endfacet
  facet normal 0 0 -1
    outer loop
      vertex -19.0788 -7.5 -4.74303e-07
      vertex -29.15 4.52776 -4.74303e-07
      vertex -28.9651 4.6513 -4.74303e-07
    endloop
  endfacet
  facet normal 0 0 -1
    outer loop
      vertex -19.0788 -7.5 -4.74303e-07
      vertex -29.3494 4.4294 -4.74303e-07
      vertex -29.15 4.52776 -4.74303e-07
    endloop
  endfacet
  facet normal 0 0 -1
    outer loop
      vertex -19.0788 -7.5 -4.74303e-07
      vertex -29.56 4.35793 -4.74303e-07
      vertex -29.3494 4.4294 -4.74303e-07
    endloop
  endfacet
  facet normal 0 0 -1
    outer loop
      vertex -19.0788 -7.5 -4.74303e-07
      vertex -29.7781 4.31454 -4.74303e-07
      vertex -29.56 4.35793 -4.74303e-07
    endloop
  endfacet
  facet normal 0 0 -1
    outer loop
      vertex -19.0788 -7.5 -4.74303e-07
      vertex -30 4.3 -4.74303e-07
      vertex -29.7781 4.31454 -4.74303e-07
    endloop
  endfacet
  facet normal 0 0 -1
    outer loop
      vertex -19.0788 -7.5 -4.74303e-07
      vertex -30.2219 4.31454 -4.74303e-07
      vertex -30 4.3 -4.74303e-07
    endloop
  endfacet
  facet normal 0 -0 -1
    outer loop
      vertex -30.44 4.35793 -4.74303e-07
      vertex -19.0788 -7.5 -4.74303e-07
      vertex -39.5 -24.5 -4.74303e-07
    endloop
  endfacet
  facet normal 0 0 -1
    outer loop
      vertex -19.0788 -7.5 -4.74303e-07
      vertex -30.44 4.35793 -4.74303e-07
      vertex -30.2219 4.31454 -4.74303e-07
    endloop
  endfacet
  facet normal -0 0 -1
    outer loop
      vertex -30.44 4.35793 -4.74303e-07
      vertex -39.5 -24.5 -4.74303e-07
      vertex -30.6506 4.4294 -4.74303e-07
    endloop
  endfacet
  facet normal -0 0 -1
    outer loop
      vertex -30.6506 4.4294 -4.74303e-07
      vertex -39.5 -24.5 -4.74303e-07
      vertex -30.85 4.52776 -4.74303e-07
    endloop
  endfacet
  facet normal -0 0 -1
    outer loop
      vertex -30.85 4.52776 -4.74303e-07
      vertex -39.5 -24.5 -4.74303e-07
      vertex -31.0349 4.6513 -4.74303e-07
    endloop
  endfacet
  facet normal -0 0 -1
    outer loop
      vertex -31.0349 4.6513 -4.74303e-07
      vertex -39.5 -24.5 -4.74303e-07
      vertex -31.2021 4.79792 -4.74303e-07
    endloop
  endfacet
  facet normal -0 0 -1
    outer loop
      vertex -31.2021 4.79792 -4.74303e-07
      vertex -39.5 -24.5 -4.74303e-07
      vertex -31.3487 4.96511 -4.74303e-07
    endloop
  endfacet
  facet normal -0 0 -1
    outer loop
      vertex -31.3487 4.96511 -4.74303e-07
      vertex -39.5 -24.5 -4.74303e-07
      vertex -31.4722 5.15 -4.74303e-07
    endloop
  endfacet
  facet normal -0 0 -1
    outer loop
      vertex -31.4722 5.15 -4.74303e-07
      vertex -39.5 -24.5 -4.74303e-07
      vertex -31.5706 5.34944 -4.74303e-07
    endloop
  endfacet
  facet normal -0 0 -1
    outer loop
      vertex -31.5706 5.34944 -4.74303e-07
      vertex -39.5 -24.5 -4.74303e-07
      vertex -31.6421 5.56001 -4.74303e-07
    endloop
  endfacet
  facet normal -0 0 -1
    outer loop
      vertex -31.6855 5.7781 -4.74303e-07
      vertex -39.5 -24.5 -4.74303e-07
      vertex -31.7 6 -4.74303e-07
    endloop
  endfacet
  facet normal -0 0 -1
    outer loop
      vertex -31.6421 5.56001 -4.74303e-07
      vertex -39.5 -24.5 -4.74303e-07
      vertex -31.6855 5.7781 -4.74303e-07
    endloop
  endfacet
  facet normal 0 0 -1
    outer loop
      vertex 19.0788 -7.5 -4.74303e-07
      vertex 8.9391 -0.306147 -4.74303e-07
      vertex 9 0 -4.74303e-07
    endloop
  endfacet
  facet normal 0 0 -1
    outer loop
      vertex 19.0788 -7.5 -4.74303e-07
      vertex 8.76569 -0.565685 -4.74303e-07
      vertex 8.9391 -0.306147 -4.74303e-07
    endloop
  endfacet
  facet normal 0 0 -1
    outer loop
      vertex 6.09999 -5.75 -4.74303e-07
      vertex 8.76569 -0.565685 -4.74303e-07
      vertex 19.0788 -7.5 -4.74303e-07
    endloop
  endfacet
  facet normal 0 0 -1
    outer loop
      vertex 8.76569 -0.565685 -4.74303e-07
      vertex 6.09999 -5.75 -4.74303e-07
      vertex 8.50615 -0.739103 -4.74303e-07
    endloop
  endfacet
  facet normal 0 0 -1
    outer loop
      vertex 8.50615 -0.739103 -4.74303e-07
      vertex 6.09999 -5.75 -4.74303e-07
      vertex 8.2 -0.799999 -4.74303e-07
    endloop
  endfacet
  facet normal -0 0 -1
    outer loop
      vertex 7.4609 -0.306147 -4.74303e-07
      vertex 6.09999 -5.75 -4.74303e-07
      vertex 7.4 0 -4.74303e-07
    endloop
  endfacet
  facet normal -0 0 -1
    outer loop
      vertex 7.63431 -0.565685 -4.74303e-07
      vertex 6.09999 -5.75 -4.74303e-07
      vertex 7.4609 -0.306147 -4.74303e-07
    endloop
  endfacet
  facet normal -0 0 -1
    outer loop
      vertex 7.89385 -0.739103 -4.74303e-07
      vertex 6.09999 -5.75 -4.74303e-07
      vertex 7.63431 -0.565685 -4.74303e-07
    endloop
  endfacet
  facet normal -0 0 -1
    outer loop
      vertex 8.2 -0.799999 -4.74303e-07
      vertex 6.09999 -5.75 -4.74303e-07
      vertex 7.89385 -0.739103 -4.74303e-07
    endloop
  endfacet
  facet normal 0 0 -1
    outer loop
      vertex 19.0788 -7.5 -4.74303e-07
      vertex 6.09572 -5.81526 -4.74303e-07
      vertex 6.09999 -5.75 -4.74303e-07
    endloop
  endfacet
  facet normal 0 0 -1
    outer loop
      vertex 19.0788 -7.5 -4.74303e-07
      vertex 6.08295 -5.87941 -4.74303e-07
      vertex 6.09572 -5.81526 -4.74303e-07
    endloop
  endfacet
  facet normal 0 0 -1
    outer loop
      vertex 19.0788 -7.5 -4.74303e-07
      vertex 6.06194 -5.94135 -4.74303e-07
      vertex 6.08295 -5.87941 -4.74303e-07
    endloop
  endfacet
  facet normal 0 0 -1
    outer loop
      vertex 19.0788 -7.5 -4.74303e-07
      vertex 6.033 -6 -4.74303e-07
      vertex 6.06194 -5.94135 -4.74303e-07
    endloop
  endfacet
  facet normal 0 0 -1
    outer loop
      vertex 19.0788 -7.5 -4.74303e-07
      vertex 5.99667 -6.05438 -4.74303e-07
      vertex 6.033 -6 -4.74303e-07
    endloop
  endfacet
  facet normal 0 0 -1
    outer loop
      vertex 19.0788 -7.5 -4.74303e-07
      vertex 5.95354 -6.10355 -4.74303e-07
      vertex 5.99667 -6.05438 -4.74303e-07
    endloop
  endfacet
  facet normal 0 0 -1
    outer loop
      vertex 4.97493 -7.5 -4.74303e-07
      vertex 5.95354 -6.10355 -4.74303e-07
      vertex 19.0788 -7.5 -4.74303e-07
    endloop
  endfacet
  facet normal 0 0 -1
    outer loop
      vertex 5.95354 -6.10355 -4.74303e-07
      vertex 4.97493 -7.5 -4.74303e-07
      vertex 5.90437 -6.14668 -4.74303e-07
    endloop
  endfacet
  facet normal 0 0 -1
    outer loop
      vertex 5.90437 -6.14668 -4.74303e-07
      vertex 4.97493 -7.5 -4.74303e-07
      vertex 5.84999 -6.18301 -4.74303e-07
    endloop
  endfacet
  facet normal 0 0 -1
    outer loop
      vertex 5.84999 -6.18301 -4.74303e-07
      vertex 4.97493 -7.5 -4.74303e-07
      vertex 5.79134 -6.21194 -4.74303e-07
    endloop
  endfacet
  facet normal 0 0 -1
    outer loop
      vertex 5.79134 -6.21194 -4.74303e-07
      vertex 4.97493 -7.5 -4.74303e-07
      vertex 5.7294 -6.23296 -4.74303e-07
    endloop
  endfacet
  facet normal 0 0 -1
    outer loop
      vertex 5.7294 -6.23296 -4.74303e-07
      vertex 4.97493 -7.5 -4.74303e-07
      vertex 5.66525 -6.24573 -4.74303e-07
    endloop
  endfacet
  facet normal 0 0 -1
    outer loop
      vertex 5.66525 -6.24573 -4.74303e-07
      vertex 4.97493 -7.5 -4.74303e-07
      vertex 5.59999 -6.25 -4.74303e-07
    endloop
  endfacet
  facet normal 0 0 -1
    outer loop
      vertex 4.22031 -7.94914 -4.74303e-07
      vertex 5.59999 -6.25 -4.74303e-07
      vertex 4.97493 -7.5 -4.74303e-07
    endloop
  endfacet
  facet normal 0 0 -1
    outer loop
      vertex 3.42549 -8.32262 -4.74303e-07
      vertex 5.59999 -6.25 -4.74303e-07
      vertex 4.22031 -7.94914 -4.74303e-07
    endloop
  endfacet
  facet normal 0 0 -1
    outer loop
      vertex 2.59807 -8.61684 -4.74303e-07
      vertex 5.59999 -6.25 -4.74303e-07
      vertex 3.42549 -8.32262 -4.74303e-07
    endloop
  endfacet
  facet normal 0 0 -1
    outer loop
      vertex 1.74591 -8.82903 -4.74303e-07
      vertex 5.59999 -6.25 -4.74303e-07
      vertex 2.59807 -8.61684 -4.74303e-07
    endloop
  endfacet
  facet normal 0 0 -1
    outer loop
      vertex 0.877121 -8.95715 -4.74303e-07
      vertex 5.59999 -6.25 -4.74303e-07
      vertex 1.74591 -8.82903 -4.74303e-07
    endloop
  endfacet
  facet normal 0 0 -1
    outer loop
      vertex 0 -9 -4.74303e-07
      vertex 5.59999 -6.25 -4.74303e-07
      vertex 0.877121 -8.95715 -4.74303e-07
    endloop
  endfacet
  facet normal 0 0 -1
    outer loop
      vertex -0.877121 -8.95715 -4.74303e-07
      vertex 5.59999 -6.25 -4.74303e-07
      vertex 0 -9 -4.74303e-07
    endloop
  endfacet
  facet normal 0 0 -1
    outer loop
      vertex -1.74591 -8.82903 -4.74303e-07
      vertex 5.59999 -6.25 -4.74303e-07
      vertex -0.877121 -8.95715 -4.74303e-07
    endloop
  endfacet
  facet normal 0 0 -1
    outer loop
      vertex -2.59807 -8.61684 -4.74303e-07
      vertex 5.59999 -6.25 -4.74303e-07
      vertex -1.74591 -8.82903 -4.74303e-07
    endloop
  endfacet
  facet normal 0 0 -1
    outer loop
      vertex -3.42549 -8.32262 -4.74303e-07
      vertex 5.59999 -6.25 -4.74303e-07
      vertex -2.59807 -8.61684 -4.74303e-07
    endloop
  endfacet
  facet normal 0 0 -1
    outer loop
      vertex -4.22031 -7.94914 -4.74303e-07
      vertex 5.59999 -6.25 -4.74303e-07
      vertex -3.42549 -8.32262 -4.74303e-07
    endloop
  endfacet
  facet normal 0 0 -1
    outer loop
      vertex -4.97493 -7.5 -4.74303e-07
      vertex 5.59999 -6.25 -4.74303e-07
      vertex -4.22031 -7.94914 -4.74303e-07
    endloop
  endfacet
  facet normal 0 0 -1
    outer loop
      vertex -4.97493 -7.5 -4.74303e-07
      vertex -17 -6.25 -4.74303e-07
      vertex 5.59999 -6.25 -4.74303e-07
    endloop
  endfacet
  facet normal 0 0 -1
    outer loop
      vertex -19.0788 -7.5 -4.74303e-07
      vertex -17 -6.25 -4.74303e-07
      vertex -4.97493 -7.5 -4.74303e-07
    endloop
  endfacet
  facet normal 0 0 -1
    outer loop
      vertex -17.5 -5.75 -4.74303e-07
      vertex -18.8 0 -4.74303e-07
      vertex -17.5 5.75 -4.74303e-07
    endloop
  endfacet
  facet normal 0 0 -1
    outer loop
      vertex -19.0788 -7.5 -4.74303e-07
      vertex -17.5 -5.75 -4.74303e-07
      vertex -17.4957 -5.81526 -4.74303e-07
    endloop
  endfacet
  facet normal 0 0 -1
    outer loop
      vertex -19.0788 -7.5 -4.74303e-07
      vertex -17.4957 -5.81526 -4.74303e-07
      vertex -17.4829 -5.87941 -4.74303e-07
    endloop
  endfacet
  facet normal 0 0 -1
    outer loop
      vertex -17.5 -5.75 -4.74303e-07
      vertex -18.8609 -0.306147 -4.74303e-07
      vertex -18.8 0 -4.74303e-07
    endloop
  endfacet
  facet normal 0 0 -1
    outer loop
      vertex -17.5 -5.75 -4.74303e-07
      vertex -19.0343 -0.565685 -4.74303e-07
      vertex -18.8609 -0.306147 -4.74303e-07
    endloop
  endfacet
  facet normal -0 0 -1
    outer loop
      vertex -17 -6.25 -4.74303e-07
      vertex -19.0788 -7.5 -4.74303e-07
      vertex -17.0652 -6.24573 -4.74303e-07
    endloop
  endfacet
  facet normal 0 0 -1
    outer loop
      vertex -19.0788 -7.5 -4.74303e-07
      vertex -17.1294 -6.23296 -4.74303e-07
      vertex -17.0652 -6.24573 -4.74303e-07
    endloop
  endfacet
  facet normal 0 0 -1
    outer loop
      vertex -19.0788 -7.5 -4.74303e-07
      vertex -17.1913 -6.21194 -4.74303e-07
      vertex -17.1294 -6.23296 -4.74303e-07
    endloop
  endfacet
  facet normal 0 0 -1
    outer loop
      vertex -19.0788 -7.5 -4.74303e-07
      vertex -17.25 -6.18301 -4.74303e-07
      vertex -17.1913 -6.21194 -4.74303e-07
    endloop
  endfacet
  facet normal 0 0 -1
    outer loop
      vertex -19.0788 -7.5 -4.74303e-07
      vertex -17.3044 -6.14668 -4.74303e-07
      vertex -17.25 -6.18301 -4.74303e-07
    endloop
  endfacet
  facet normal 0 0 -1
    outer loop
      vertex -19.0788 -7.5 -4.74303e-07
      vertex -17.3535 -6.10355 -4.74303e-07
      vertex -17.3044 -6.14668 -4.74303e-07
    endloop
  endfacet
  facet normal 0 0 -1
    outer loop
      vertex -19.0788 -7.5 -4.74303e-07
      vertex -17.3967 -6.05438 -4.74303e-07
      vertex -17.3535 -6.10355 -4.74303e-07
    endloop
  endfacet
  facet normal 0 0 -1
    outer loop
      vertex -19.0788 -7.5 -4.74303e-07
      vertex -17.433 -6 -4.74303e-07
      vertex -17.3967 -6.05438 -4.74303e-07
    endloop
  endfacet
  facet normal 0 0 -1
    outer loop
      vertex -19.0788 -7.5 -4.74303e-07
      vertex -17.4619 -5.94135 -4.74303e-07
      vertex -17.433 -6 -4.74303e-07
    endloop
  endfacet
  facet normal 0 0 -1
    outer loop
      vertex -19.0788 -7.5 -4.74303e-07
      vertex -17.4829 -5.87941 -4.74303e-07
      vertex -17.4619 -5.94135 -4.74303e-07
    endloop
  endfacet
  facet normal -0 0 -1
    outer loop
      vertex -17.5 -5.75 -4.74303e-07
      vertex -19.0788 -7.5 -4.74303e-07
      vertex -19.9061 -0.739103 -4.74303e-07
    endloop
  endfacet
  facet normal 0 0 -1
    outer loop
      vertex -17.5 -5.75 -4.74303e-07
      vertex -19.2939 -0.739103 -4.74303e-07
      vertex -19.0343 -0.565685 -4.74303e-07
    endloop
  endfacet
  facet normal 0 0 -1
    outer loop
      vertex 47.4722 -43.25 -4.74303e-07
      vertex 52.9 -44.9 -4.74303e-07
      vertex 52.8743 -45.2916 -4.74303e-07
    endloop
  endfacet
  facet normal 0 0 -1
    outer loop
      vertex 52.9 -44.9 -4.74303e-07
      vertex 31.7 6 -4.74303e-07
      vertex 52.9 44.9 -4.74303e-07
    endloop
  endfacet
  facet normal 0 0 -1
    outer loop
      vertex 47.4722 -43.25 -4.74303e-07
      vertex 52.8743 -45.2916 -4.74303e-07
      vertex 52.7978 -45.6765 -4.74303e-07
    endloop
  endfacet
  facet normal 0 0 -1
    outer loop
      vertex 31.6855 6.22189 -4.74303e-07
      vertex 52.9 44.9 -4.74303e-07
      vertex 31.7 6 -4.74303e-07
    endloop
  endfacet
  facet normal 0 0 -1
    outer loop
      vertex 47.4722 -43.25 -4.74303e-07
      vertex 52.7978 -45.6765 -4.74303e-07
      vertex 52.6716 -46.0481 -4.74303e-07
    endloop
  endfacet
  facet normal 0 0 -1
    outer loop
      vertex 31.6421 6.43999 -4.74303e-07
      vertex 52.9 44.9 -4.74303e-07
      vertex 31.6855 6.22189 -4.74303e-07
    endloop
  endfacet
  facet normal 0 0 -1
    outer loop
      vertex 47.4722 -43.25 -4.74303e-07
      vertex 52.6716 -46.0481 -4.74303e-07
      vertex 52.4981 -46.4 -4.74303e-07
    endloop
  endfacet
  facet normal 0 0 -1
    outer loop
      vertex 52.9 -44.9 -4.74303e-07
      vertex 47.2021 -41.1979 -4.74303e-07
      vertex 47.0349 -41.0513 -4.74303e-07
    endloop
  endfacet
  facet normal 0 0 -1
    outer loop
      vertex 47.4722 -43.25 -4.74303e-07
      vertex 52.4981 -46.4 -4.74303e-07
      vertex 52.2801 -46.7263 -4.74303e-07
    endloop
  endfacet
  facet normal 0 0 -1
    outer loop
      vertex 52.9 -44.9 -4.74303e-07
      vertex 47.3487 -41.3651 -4.74303e-07
      vertex 47.2021 -41.1979 -4.74303e-07
    endloop
  endfacet
  facet normal 0 0 -1
    outer loop
      vertex 47.4722 -43.25 -4.74303e-07
      vertex 52.2801 -46.7263 -4.74303e-07
      vertex 52.0213 -47.0213 -4.74303e-07
    endloop
  endfacet
  facet normal 0 0 -1
    outer loop
      vertex 31.5706 6.65056 -4.74303e-07
      vertex 52.9 44.9 -4.74303e-07
      vertex 31.6421 6.43999 -4.74303e-07
    endloop
  endfacet
  facet normal 0 0 -1
    outer loop
      vertex 47.4722 -43.25 -4.74303e-07
      vertex 52.0213 -47.0213 -4.74303e-07
      vertex 51.7263 -47.2801 -4.74303e-07
    endloop
  endfacet
  facet normal 0 0 -1
    outer loop
      vertex 52.9 -44.9 -4.74303e-07
      vertex 47.4722 -41.55 -4.74303e-07
      vertex 47.3487 -41.3651 -4.74303e-07
    endloop
  endfacet
  facet normal 0 0 -1
    outer loop
      vertex 47.4722 -43.25 -4.74303e-07
      vertex 51.7263 -47.2801 -4.74303e-07
      vertex 51.4 -47.4981 -4.74303e-07
    endloop
  endfacet
  facet normal 0 0 -1
    outer loop
      vertex 31.3487 7.03489 -4.74303e-07
      vertex 52.9 44.9 -4.74303e-07
      vertex 31.4722 6.85 -4.74303e-07
    endloop
  endfacet
  facet normal 0 0 -1
    outer loop
      vertex 47.4722 -43.25 -4.74303e-07
      vertex 51.4 -47.4981 -4.74303e-07
      vertex 51.0481 -47.6716 -4.74303e-07
    endloop
  endfacet
  facet normal 0 0 -1
    outer loop
      vertex 31.2021 7.20208 -4.74303e-07
      vertex 52.9 44.9 -4.74303e-07
      vertex 31.3487 7.03489 -4.74303e-07
    endloop
  endfacet
  facet normal 0 0 -1
    outer loop
      vertex 47.4722 -43.25 -4.74303e-07
      vertex 51.0481 -47.6716 -4.74303e-07
      vertex 50.6765 -47.7978 -4.74303e-07
    endloop
  endfacet
  facet normal 0 0 -1
    outer loop
      vertex 52.9 -44.9 -4.74303e-07
      vertex 47.5706 -41.7494 -4.74303e-07
      vertex 47.4722 -41.55 -4.74303e-07
    endloop
  endfacet
  facet normal 0 0 -1
    outer loop
      vertex 47.4722 -43.25 -4.74303e-07
      vertex 50.6765 -47.7978 -4.74303e-07
      vertex 50.2916 -47.8743 -4.74303e-07
    endloop
  endfacet
  facet normal 0 0 -1
    outer loop
      vertex 31.0349 7.3487 -4.74303e-07
      vertex 52.9 44.9 -4.74303e-07
      vertex 31.2021 7.20208 -4.74303e-07
    endloop
  endfacet
  facet normal 0 0 -1
    outer loop
      vertex 47.4722 -43.25 -4.74303e-07
      vertex 50.2916 -47.8743 -4.74303e-07
      vertex 49.9 -47.9 -4.74303e-07
    endloop
  endfacet
  facet normal 0 0 -1
    outer loop
      vertex 30.85 7.47224 -4.74303e-07
      vertex 52.9 44.9 -4.74303e-07
      vertex 31.0349 7.3487 -4.74303e-07
    endloop
  endfacet
  facet normal 0 0 -1
    outer loop
      vertex 52.9 -44.9 -4.74303e-07
      vertex 47.7 -42.4 -4.74303e-07
      vertex 47.6855 -42.1781 -4.74303e-07
    endloop
  endfacet
  facet normal 0 0 -1
    outer loop
      vertex 52.9 -44.9 -4.74303e-07
      vertex 47.6855 -42.6219 -4.74303e-07
      vertex 47.7 -42.4 -4.74303e-07
    endloop
  endfacet
  facet normal 0 0 -1
    outer loop
      vertex 52.9 -44.9 -4.74303e-07
      vertex 47.6421 -42.84 -4.74303e-07
      vertex 47.6855 -42.6219 -4.74303e-07
    endloop
  endfacet
  facet normal 0 0 -1
    outer loop
      vertex 52.9 -44.9 -4.74303e-07
      vertex 47.5706 -43.0506 -4.74303e-07
      vertex 47.6421 -42.84 -4.74303e-07
    endloop
  endfacet
  facet normal 0 0 -1
    outer loop
      vertex 52.9 -44.9 -4.74303e-07
      vertex 47.4722 -43.25 -4.74303e-07
      vertex 47.5706 -43.0506 -4.74303e-07
    endloop
  endfacet
  facet normal 0 0 -1
    outer loop
      vertex 49.9 -47.9 -4.74303e-07
      vertex 47.3487 -43.4349 -4.74303e-07
      vertex 47.4722 -43.25 -4.74303e-07
    endloop
  endfacet
  facet normal 0 0 -1
    outer loop
      vertex 49.9 -47.9 -4.74303e-07
      vertex 47.2021 -43.6021 -4.74303e-07
      vertex 47.3487 -43.4349 -4.74303e-07
    endloop
  endfacet
  facet normal 0 0 -1
    outer loop
      vertex 49.9 -47.9 -4.74303e-07
      vertex 47.0349 -43.7487 -4.74303e-07
      vertex 47.2021 -43.6021 -4.74303e-07
    endloop
  endfacet
  facet normal 0 0 -1
    outer loop
      vertex 49.9 -47.9 -4.74303e-07
      vertex 46.85 -43.8722 -4.74303e-07
      vertex 47.0349 -43.7487 -4.74303e-07
    endloop
  endfacet
  facet normal 0 0 -1
    outer loop
      vertex 49.9 -47.9 -4.74303e-07
      vertex 46.6506 -43.9706 -4.74303e-07
      vertex 46.85 -43.8722 -4.74303e-07
    endloop
  endfacet
  facet normal 0 0 -1
    outer loop
      vertex 49.9 -47.9 -4.74303e-07
      vertex 46.44 -44.0421 -4.74303e-07
      vertex 46.6506 -43.9706 -4.74303e-07
    endloop
  endfacet
  facet normal 0 0 -1
    outer loop
      vertex 49.9 -47.9 -4.74303e-07
      vertex 46.2219 -44.0855 -4.74303e-07
      vertex 46.44 -44.0421 -4.74303e-07
    endloop
  endfacet
  facet normal 0 0 -1
    outer loop
      vertex 49.9 -47.9 -4.74303e-07
      vertex 46 -44.1 -4.74303e-07
      vertex 46.2219 -44.0855 -4.74303e-07
    endloop
  endfacet
  facet normal 0 0 -1
    outer loop
      vertex 49.9 -47.9 -4.74303e-07
      vertex 45.7781 -44.0855 -4.74303e-07
      vertex 46 -44.1 -4.74303e-07
    endloop
  endfacet
  facet normal 0 0 -1
    outer loop
      vertex 49.9 -47.9 -4.74303e-07
      vertex 45.56 -44.0421 -4.74303e-07
      vertex 45.7781 -44.0855 -4.74303e-07
    endloop
  endfacet
  facet normal 0 0 -1
    outer loop
      vertex 49.9 -47.9 -4.74303e-07
      vertex 45.3494 -43.9706 -4.74303e-07
      vertex 45.56 -44.0421 -4.74303e-07
    endloop
  endfacet
  facet normal 0 0 -1
    outer loop
      vertex 49.9 -47.9 -4.74303e-07
      vertex 45.15 -43.8722 -4.74303e-07
      vertex 45.3494 -43.9706 -4.74303e-07
    endloop
  endfacet
  facet normal 0 0 -1
    outer loop
      vertex 49.9 -47.9 -4.74303e-07
      vertex 44.9651 -43.7487 -4.74303e-07
      vertex 45.15 -43.8722 -4.74303e-07
    endloop
  endfacet
  facet normal 0 0 -1
    outer loop
      vertex 7.95944 -18.8917 -4.74303e-07
      vertex 44.3 -42.4 -4.74303e-07
      vertex 44.3145 -42.6219 -4.74303e-07
    endloop
  endfacet
  facet normal 0 0 -1
    outer loop
      vertex 6.03978 -19.5901 -4.74303e-07
      vertex 44.3145 -42.6219 -4.74303e-07
      vertex 44.3579 -42.84 -4.74303e-07
    endloop
  endfacet
  facet normal 0 0 -1
    outer loop
      vertex 44.3 -42.4 -4.74303e-07
      vertex 31.6855 5.7781 -4.74303e-07
      vertex 31.7 6 -4.74303e-07
    endloop
  endfacet
  facet normal 0 0 -1
    outer loop
      vertex 44.3 -42.4 -4.74303e-07
      vertex 31.6421 5.56001 -4.74303e-07
      vertex 31.6855 5.7781 -4.74303e-07
    endloop
  endfacet
  facet normal 0 0 -1
    outer loop
      vertex 44.3 -42.4 -4.74303e-07
      vertex 31.5706 5.34944 -4.74303e-07
      vertex 31.6421 5.56001 -4.74303e-07
    endloop
  endfacet
  facet normal 0 0 -1
    outer loop
      vertex 44.3 -42.4 -4.74303e-07
      vertex 31.4722 5.15 -4.74303e-07
      vertex 31.5706 5.34944 -4.74303e-07
    endloop
  endfacet
  facet normal 0 0 -1
    outer loop
      vertex 44.3 -42.4 -4.74303e-07
      vertex 31.3487 4.96511 -4.74303e-07
      vertex 31.4722 5.15 -4.74303e-07
    endloop
  endfacet
  facet normal 0 0 -1
    outer loop
      vertex 44.3 -42.4 -4.74303e-07
      vertex 31.2021 4.79792 -4.74303e-07
      vertex 31.3487 4.96511 -4.74303e-07
    endloop
  endfacet
  facet normal 0 0 -1
    outer loop
      vertex 44.3 -42.4 -4.74303e-07
      vertex 31.0349 4.6513 -4.74303e-07
      vertex 31.2021 4.79792 -4.74303e-07
    endloop
  endfacet
  facet normal 0 0 -1
    outer loop
      vertex 44.3 -42.4 -4.74303e-07
      vertex 30.85 4.52776 -4.74303e-07
      vertex 31.0349 4.6513 -4.74303e-07
    endloop
  endfacet
  facet normal 0 0 -1
    outer loop
      vertex 44.3 -42.4 -4.74303e-07
      vertex 30.6506 4.4294 -4.74303e-07
      vertex 30.85 4.52776 -4.74303e-07
    endloop
  endfacet
  facet normal 0 0 -1
    outer loop
      vertex 44.3 -42.4 -4.74303e-07
      vertex 19.0788 -7.5 -4.74303e-07
      vertex 30.6506 4.4294 -4.74303e-07
    endloop
  endfacet
  facet normal 0 0 -1
    outer loop
      vertex 30.6506 4.4294 -4.74303e-07
      vertex 19.0788 -7.5 -4.74303e-07
      vertex 30.44 4.35793 -4.74303e-07
    endloop
  endfacet
  facet normal 0 0 -1
    outer loop
      vertex 30.44 4.35793 -4.74303e-07
      vertex 19.0788 -7.5 -4.74303e-07
      vertex 30.2219 4.31454 -4.74303e-07
    endloop
  endfacet
  facet normal 0 0 -1
    outer loop
      vertex 30.2219 4.31454 -4.74303e-07
      vertex 19.0788 -7.5 -4.74303e-07
      vertex 30 4.3 -4.74303e-07
    endloop
  endfacet
  facet normal -0 0 -1
    outer loop
      vertex 30 4.3 -4.74303e-07
      vertex 19.0788 -7.5 -4.74303e-07
      vertex 29.7781 4.31454 -4.74303e-07
    endloop
  endfacet
  facet normal -0 0 -1
    outer loop
      vertex 29.7781 4.31454 -4.74303e-07
      vertex 19.0788 -7.5 -4.74303e-07
      vertex 29.56 4.35793 -4.74303e-07
    endloop
  endfacet
  facet normal -0 0 -1
    outer loop
      vertex 29.56 4.35793 -4.74303e-07
      vertex 19.0788 -7.5 -4.74303e-07
      vertex 29.3494 4.4294 -4.74303e-07
    endloop
  endfacet
  facet normal -0 0 -1
    outer loop
      vertex 29.3494 4.4294 -4.74303e-07
      vertex 19.0788 -7.5 -4.74303e-07
      vertex 29.15 4.52776 -4.74303e-07
    endloop
  endfacet
  facet normal -0 0 -1
    outer loop
      vertex 29.15 4.52776 -4.74303e-07
      vertex 19.0788 -7.5 -4.74303e-07
      vertex 28.9651 4.6513 -4.74303e-07
    endloop
  endfacet
  facet normal -0 0 -1
    outer loop
      vertex 28.9651 4.6513 -4.74303e-07
      vertex 19.0788 -7.5 -4.74303e-07
      vertex 28.7979 4.79792 -4.74303e-07
    endloop
  endfacet
  facet normal -0 0 -1
    outer loop
      vertex 28.7979 4.79792 -4.74303e-07
      vertex 19.0788 -7.5 -4.74303e-07
      vertex 28.6513 4.96511 -4.74303e-07
    endloop
  endfacet
  facet normal -0 0 -1
    outer loop
      vertex 28.6513 4.96511 -4.74303e-07
      vertex 19.0788 -7.5 -4.74303e-07
      vertex 28.5278 5.15 -4.74303e-07
    endloop
  endfacet
  facet normal -0 0 -1
    outer loop
      vertex 28.5278 5.15 -4.74303e-07
      vertex 19.0788 -7.5 -4.74303e-07
      vertex 28.4294 5.34944 -4.74303e-07
    endloop
  endfacet
  facet normal -0 0 -1
    outer loop
      vertex 28.3579 5.56001 -4.74303e-07
      vertex 8.9391 0.306147 -4.74303e-07
      vertex 28.3145 5.7781 -4.74303e-07
    endloop
  endfacet
  facet normal 0 0 -1
    outer loop
      vertex 8.9391 0.306147 -4.74303e-07
      vertex 28.3579 5.56001 -4.74303e-07
      vertex 19.0788 -7.5 -4.74303e-07
    endloop
  endfacet
  facet normal -0 0 -1
    outer loop
      vertex 28.4294 5.34944 -4.74303e-07
      vertex 19.0788 -7.5 -4.74303e-07
      vertex 28.3579 5.56001 -4.74303e-07
    endloop
  endfacet
  facet normal 0 0 -1
    outer loop
      vertex 4.06015 -20.0939 -4.74303e-07
      vertex 44.3579 -42.84 -4.74303e-07
      vertex 44.4294 -43.0506 -4.74303e-07
    endloop
  endfacet
  facet normal 0 0 -1
    outer loop
      vertex -26.5 -43.5 -4.74303e-07
      vertex 44.4294 -43.0506 -4.74303e-07
      vertex 44.5278 -43.25 -4.74303e-07
    endloop
  endfacet
  facet normal 0 0 -1
    outer loop
      vertex -26.5 -43.5 -4.74303e-07
      vertex 44.5278 -43.25 -4.74303e-07
      vertex 44.6513 -43.4349 -4.74303e-07
    endloop
  endfacet
  facet normal 0 0 -1
    outer loop
      vertex 44.3 -42.4 -4.74303e-07
      vertex 18.2376 -9.36153 -4.74303e-07
      vertex 19.0788 -7.5 -4.74303e-07
    endloop
  endfacet
  facet normal 0 0 -1
    outer loop
      vertex 44.3 -42.4 -4.74303e-07
      vertex 17.2154 -11.1301 -4.74303e-07
      vertex 18.2376 -9.36153 -4.74303e-07
    endloop
  endfacet
  facet normal 0 0 -1
    outer loop
      vertex 44.3 -42.4 -4.74303e-07
      vertex 16.0223 -12.7881 -4.74303e-07
      vertex 17.2154 -11.1301 -4.74303e-07
    endloop
  endfacet
  facet normal 0 0 -1
    outer loop
      vertex -26.5 -43.5 -4.74303e-07
      vertex 44.6513 -43.4349 -4.74303e-07
      vertex 44.7979 -43.6021 -4.74303e-07
    endloop
  endfacet
  facet normal 0 0 -1
    outer loop
      vertex 44.3 -42.4 -4.74303e-07
      vertex 14.67 -14.3192 -4.74303e-07
      vertex 16.0223 -12.7881 -4.74303e-07
    endloop
  endfacet
  facet normal 0 0 -1
    outer loop
      vertex 44.3 -42.4 -4.74303e-07
      vertex 13.1721 -15.7081 -4.74303e-07
      vertex 14.67 -14.3192 -4.74303e-07
    endloop
  endfacet
  facet normal 0 0 -1
    outer loop
      vertex 44.3 -42.4 -4.74303e-07
      vertex 11.5434 -16.9411 -4.74303e-07
      vertex 13.1721 -15.7081 -4.74303e-07
    endloop
  endfacet
  facet normal 0 0 -1
    outer loop
      vertex -26.5 -43.5 -4.74303e-07
      vertex 44.7979 -43.6021 -4.74303e-07
      vertex 44.9651 -43.7487 -4.74303e-07
    endloop
  endfacet
  facet normal 0 0 -1
    outer loop
      vertex -26.5 -43.5 -4.74303e-07
      vertex 44.9651 -43.7487 -4.74303e-07
      vertex 49.9 -47.9 -4.74303e-07
    endloop
  endfacet
  facet normal 0 0 -1
    outer loop
      vertex 44.3 -42.4 -4.74303e-07
      vertex 9.80006 -18.0058 -4.74303e-07
      vertex 11.5434 -16.9411 -4.74303e-07
    endloop
  endfacet
  facet normal 0 0 -1
    outer loop
      vertex 44.3 -42.4 -4.74303e-07
      vertex 7.95944 -18.8917 -4.74303e-07
      vertex 9.80006 -18.0058 -4.74303e-07
    endloop
  endfacet
  facet normal 0 0 -1
    outer loop
      vertex 44.3145 -42.6219 -4.74303e-07
      vertex 6.03978 -19.5901 -4.74303e-07
      vertex 7.95944 -18.8917 -4.74303e-07
    endloop
  endfacet
  facet normal 0 0 -1
    outer loop
      vertex 44.3579 -42.84 -4.74303e-07
      vertex 4.06015 -20.0939 -4.74303e-07
      vertex 6.03978 -19.5901 -4.74303e-07
    endloop
  endfacet
  facet normal -0 0 -1
    outer loop
      vertex 44.4294 -43.0506 -4.74303e-07
      vertex -26.5 -43.5 -4.74303e-07
      vertex 4.06015 -20.0939 -4.74303e-07
    endloop
  endfacet
  facet normal 0 0 -1
    outer loop
      vertex 4.06015 -20.0939 -4.74303e-07
      vertex -26.5 -43.5 -4.74303e-07
      vertex 2.04019 -20.3982 -4.74303e-07
    endloop
  endfacet
  facet normal 0 0 -1
    outer loop
      vertex 2.04019 -20.3982 -4.74303e-07
      vertex -26.5 -43.5 -4.74303e-07
      vertex 0 -20.5 -4.74303e-07
    endloop
  endfacet
  facet normal -0 0 -1
    outer loop
      vertex 0 -20.5 -4.74303e-07
      vertex -26.5 -43.5 -4.74303e-07
      vertex -2.04019 -20.3982 -4.74303e-07
    endloop
  endfacet
  facet normal -0 0 -1
    outer loop
      vertex -2.04019 -20.3982 -4.74303e-07
      vertex -26.5 -43.5 -4.74303e-07
      vertex -4.06015 -20.0939 -4.74303e-07
    endloop
  endfacet
  facet normal -0 0 -1
    outer loop
      vertex -4.06015 -20.0939 -4.74303e-07
      vertex -26.5 -43.5 -4.74303e-07
      vertex -6.03978 -19.5901 -4.74303e-07
    endloop
  endfacet
  facet normal -0 0 -1
    outer loop
      vertex -6.03978 -19.5901 -4.74303e-07
      vertex -26.5 -43.5 -4.74303e-07
      vertex -7.95944 -18.8917 -4.74303e-07
    endloop
  endfacet
  facet normal 0 0 -1
    outer loop
      vertex -17.5 -5.75 -4.74303e-07
      vertex -19.6 -0.799999 -4.74303e-07
      vertex -19.2939 -0.739103 -4.74303e-07
    endloop
  endfacet
  facet normal 0 0 -1
    outer loop
      vertex -17.5 -5.75 -4.74303e-07
      vertex -19.9061 -0.739103 -4.74303e-07
      vertex -19.6 -0.799999 -4.74303e-07
    endloop
  endfacet
  facet normal 0 0 -1
    outer loop
      vertex -19.0788 -7.5 -4.74303e-07
      vertex -20.1657 -0.565685 -4.74303e-07
      vertex -19.9061 -0.739103 -4.74303e-07
    endloop
  endfacet
  facet normal 0 0 -1
    outer loop
      vertex -19.0788 -7.5 -4.74303e-07
      vertex -20.3391 -0.306147 -4.74303e-07
      vertex -20.1657 -0.565685 -4.74303e-07
    endloop
  endfacet
  facet normal 0 0 -1
    outer loop
      vertex -28.3145 5.7781 -4.74303e-07
      vertex -20.3391 -0.306147 -4.74303e-07
      vertex -19.0788 -7.5 -4.74303e-07
    endloop
  endfacet
  facet normal -0 0 -1
    outer loop
      vertex -18.2376 -9.36153 -4.74303e-07
      vertex -26.5 -24.5 -4.74303e-07
      vertex -19.0788 -7.5 -4.74303e-07
    endloop
  endfacet
  facet normal -0 0 -1
    outer loop
      vertex -17.2154 -11.1301 -4.74303e-07
      vertex -26.5 -24.5 -4.74303e-07
      vertex -18.2376 -9.36153 -4.74303e-07
    endloop
  endfacet
  facet normal -0 0 -1
    outer loop
      vertex -16.0223 -12.7881 -4.74303e-07
      vertex -26.5 -24.5 -4.74303e-07
      vertex -17.2154 -11.1301 -4.74303e-07
    endloop
  endfacet
  facet normal -0 0 -1
    outer loop
      vertex -14.67 -14.3192 -4.74303e-07
      vertex -26.5 -24.5 -4.74303e-07
      vertex -16.0223 -12.7881 -4.74303e-07
    endloop
  endfacet
  facet normal -0 0 -1
    outer loop
      vertex -13.1721 -15.7081 -4.74303e-07
      vertex -26.5 -24.5 -4.74303e-07
      vertex -14.67 -14.3192 -4.74303e-07
    endloop
  endfacet
  facet normal -0 0 -1
    outer loop
      vertex -11.5434 -16.9411 -4.74303e-07
      vertex -26.5 -24.5 -4.74303e-07
      vertex -13.1721 -15.7081 -4.74303e-07
    endloop
  endfacet
  facet normal -0 0 -1
    outer loop
      vertex -9.80006 -18.0058 -4.74303e-07
      vertex -26.5 -24.5 -4.74303e-07
      vertex -11.5434 -16.9411 -4.74303e-07
    endloop
  endfacet
  facet normal -0 0 -1
    outer loop
      vertex -7.95944 -18.8917 -4.74303e-07
      vertex -26.5 -24.5 -4.74303e-07
      vertex -9.80006 -18.0058 -4.74303e-07
    endloop
  endfacet
  facet normal 0 0 -1
    outer loop
      vertex -26.5 -24.5 -4.74303e-07
      vertex -7.95944 -18.8917 -4.74303e-07
      vertex -26.5 -43.5 -4.74303e-07
    endloop
  endfacet
  facet normal 0 0 -1
    outer loop
      vertex -49.9 -47.9 -4.74303e-07
      vertex -26.5 -43.5 -4.74303e-07
      vertex 49.9 -47.9 -4.74303e-07
    endloop
  endfacet
  facet normal 0 0 -1
    outer loop
      vertex -44.3145 -42.1781 -4.74303e-07
      vertex -39.5 -43.5 -4.74303e-07
      vertex -44.3 -42.4 -4.74303e-07
    endloop
  endfacet
  facet normal 0 0 -1
    outer loop
      vertex -39.5 -43.5 -4.74303e-07
      vertex -44.3145 -42.6219 -4.74303e-07
      vertex -44.3 -42.4 -4.74303e-07
    endloop
  endfacet
  facet normal 0 0 -1
    outer loop
      vertex -39.5 -43.5 -4.74303e-07
      vertex -44.3579 -42.84 -4.74303e-07
      vertex -44.3145 -42.6219 -4.74303e-07
    endloop
  endfacet
  facet normal 0 0 -1
    outer loop
      vertex -39.5 -43.5 -4.74303e-07
      vertex -44.4294 -43.0506 -4.74303e-07
      vertex -44.3579 -42.84 -4.74303e-07
    endloop
  endfacet
  facet normal 0 0 -1
    outer loop
      vertex -39.5 -43.5 -4.74303e-07
      vertex -44.5278 -43.25 -4.74303e-07
      vertex -44.4294 -43.0506 -4.74303e-07
    endloop
  endfacet
  facet normal 0 0 -1
    outer loop
      vertex -39.5 -43.5 -4.74303e-07
      vertex -44.6513 -43.4349 -4.74303e-07
      vertex -44.5278 -43.25 -4.74303e-07
    endloop
  endfacet
  facet normal -0 0 -1
    outer loop
      vertex -26.5 -43.5 -4.74303e-07
      vertex -49.9 -47.9 -4.74303e-07
      vertex -39.5 -43.5 -4.74303e-07
    endloop
  endfacet
  facet normal -0 0 -1
    outer loop
      vertex -39.5 -43.5 -4.74303e-07
      vertex -44.7979 -43.6021 -4.74303e-07
      vertex -44.6513 -43.4349 -4.74303e-07
    endloop
  endfacet
  facet normal 0 0 -1
    outer loop
      vertex -39.5 -43.5 -4.74303e-07
      vertex -44.9651 -43.7487 -4.74303e-07
      vertex -44.7979 -43.6021 -4.74303e-07
    endloop
  endfacet
  facet normal 0 -0 -1
    outer loop
      vertex -45.3494 -43.9706 -4.74303e-07
      vertex -39.5 -43.5 -4.74303e-07
      vertex -49.9 -47.9 -4.74303e-07
    endloop
  endfacet
  facet normal 0 0 -1
    outer loop
      vertex -39.5 -43.5 -4.74303e-07
      vertex -45.15 -43.8722 -4.74303e-07
      vertex -44.9651 -43.7487 -4.74303e-07
    endloop
  endfacet
  facet normal 0 0 -1
    outer loop
      vertex -39.5 -43.5 -4.74303e-07
      vertex -45.3494 -43.9706 -4.74303e-07
      vertex -45.15 -43.8722 -4.74303e-07
    endloop
  endfacet
  facet normal 0 0 -1
    outer loop
      vertex -45.3494 -43.9706 -4.74303e-07
      vertex -49.9 -47.9 -4.74303e-07
      vertex -45.56 -44.0421 -4.74303e-07
    endloop
  endfacet
  facet normal 0 0 -1
    outer loop
      vertex -45.56 -44.0421 -4.74303e-07
      vertex -49.9 -47.9 -4.74303e-07
      vertex -45.7781 -44.0855 -4.74303e-07
    endloop
  endfacet
  facet normal -0 0 -1
    outer loop
      vertex -47.6421 -42.84 -4.74303e-07
      vertex -52.9 -44.9 -4.74303e-07
      vertex -47.6855 -42.6219 -4.74303e-07
    endloop
  endfacet
  facet normal -0 0 -1
    outer loop
      vertex -47.5706 -43.0506 -4.74303e-07
      vertex -52.9 -44.9 -4.74303e-07
      vertex -47.6421 -42.84 -4.74303e-07
    endloop
  endfacet
  facet normal -0 0 -1
    outer loop
      vertex -47.4722 -43.25 -4.74303e-07
      vertex -52.9 -44.9 -4.74303e-07
      vertex -47.5706 -43.0506 -4.74303e-07
    endloop
  endfacet
  facet normal 0 0 -1
    outer loop
      vertex -52.9 -44.9 -4.74303e-07
      vertex -47.4722 -43.25 -4.74303e-07
      vertex -49.9 -47.9 -4.74303e-07
    endloop
  endfacet
  facet normal -0 0 -1
    outer loop
      vertex -47.3487 -43.4349 -4.74303e-07
      vertex -49.9 -47.9 -4.74303e-07
      vertex -47.4722 -43.25 -4.74303e-07
    endloop
  endfacet
  facet normal -0 0 -1
    outer loop
      vertex -47.2021 -43.6021 -4.74303e-07
      vertex -49.9 -47.9 -4.74303e-07
      vertex -47.3487 -43.4349 -4.74303e-07
    endloop
  endfacet
  facet normal -0 0 -1
    outer loop
      vertex -47.0349 -43.7487 -4.74303e-07
      vertex -49.9 -47.9 -4.74303e-07
      vertex -47.2021 -43.6021 -4.74303e-07
    endloop
  endfacet
  facet normal -0 0 -1
    outer loop
      vertex -46.85 -43.8722 -4.74303e-07
      vertex -49.9 -47.9 -4.74303e-07
      vertex -47.0349 -43.7487 -4.74303e-07
    endloop
  endfacet
  facet normal -0 0 -1
    outer loop
      vertex -46.6506 -43.9706 -4.74303e-07
      vertex -49.9 -47.9 -4.74303e-07
      vertex -46.85 -43.8722 -4.74303e-07
    endloop
  endfacet
  facet normal -0 0 -1
    outer loop
      vertex -46.44 -44.0421 -4.74303e-07
      vertex -49.9 -47.9 -4.74303e-07
      vertex -46.6506 -43.9706 -4.74303e-07
    endloop
  endfacet
  facet normal -0 0 -1
    outer loop
      vertex -46.2219 -44.0855 -4.74303e-07
      vertex -49.9 -47.9 -4.74303e-07
      vertex -46.44 -44.0421 -4.74303e-07
    endloop
  endfacet
  facet normal -0 0 -1
    outer loop
      vertex -46 -44.1 -4.74303e-07
      vertex -49.9 -47.9 -4.74303e-07
      vertex -46.2219 -44.0855 -4.74303e-07
    endloop
  endfacet
  facet normal 0 0 -1
    outer loop
      vertex -45.7781 -44.0855 -4.74303e-07
      vertex -49.9 -47.9 -4.74303e-07
      vertex -46 -44.1 -4.74303e-07
    endloop
  endfacet
  facet normal 0 0 -1
    outer loop
      vertex 52.9 -44.9 -4.74303e-07
      vertex 47.6855 -42.1781 -4.74303e-07
      vertex 47.6421 -41.96 -4.74303e-07
    endloop
  endfacet
  facet normal 0 0 -1
    outer loop
      vertex 52.9 -44.9 -4.74303e-07
      vertex 47.6421 -41.96 -4.74303e-07
      vertex 47.5706 -41.7494 -4.74303e-07
    endloop
  endfacet
  facet normal 0 0 -1
    outer loop
      vertex 30.6506 7.57059 -4.74303e-07
      vertex 52.9 44.9 -4.74303e-07
      vertex 30.85 7.47224 -4.74303e-07
    endloop
  endfacet
  facet normal 0 0 -1
    outer loop
      vertex 30.44 7.64207 -4.74303e-07
      vertex 52.9 44.9 -4.74303e-07
      vertex 30.6506 7.57059 -4.74303e-07
    endloop
  endfacet
  facet normal 0 -0 -1
    outer loop
      vertex 49.9 47.9 -4.74303e-07
      vertex 52.9 44.9 -4.74303e-07
      vertex 30.44 7.64207 -4.74303e-07
    endloop
  endfacet
  facet normal 0 0 -1
    outer loop
      vertex 31.4722 6.85 -4.74303e-07
      vertex 52.9 44.9 -4.74303e-07
      vertex 31.5706 6.65056 -4.74303e-07
    endloop
  endfacet
  facet normal 0 0 -1
    outer loop
      vertex 52.9 -44.9 -4.74303e-07
      vertex 47.0349 -41.0513 -4.74303e-07
      vertex 31.7 6 -4.74303e-07
    endloop
  endfacet
  facet normal 0 0 -1
    outer loop
      vertex 31.7 6 -4.74303e-07
      vertex 47.0349 -41.0513 -4.74303e-07
      vertex 46.85 -40.9278 -4.74303e-07
    endloop
  endfacet
  facet normal 0 0 -1
    outer loop
      vertex 31.7 6 -4.74303e-07
      vertex 46.85 -40.9278 -4.74303e-07
      vertex 46.6506 -40.8294 -4.74303e-07
    endloop
  endfacet
  facet normal 0 0 -1
    outer loop
      vertex 31.7 6 -4.74303e-07
      vertex 46.6506 -40.8294 -4.74303e-07
      vertex 46.44 -40.7579 -4.74303e-07
    endloop
  endfacet
  facet normal 0 0 -1
    outer loop
      vertex 31.7 6 -4.74303e-07
      vertex 46.44 -40.7579 -4.74303e-07
      vertex 46.2219 -40.7145 -4.74303e-07
    endloop
  endfacet
  facet normal 0 0 -1
    outer loop
      vertex 31.7 6 -4.74303e-07
      vertex 46.2219 -40.7145 -4.74303e-07
      vertex 46 -40.7 -4.74303e-07
    endloop
  endfacet
  facet normal 0 0 -1
    outer loop
      vertex 31.7 6 -4.74303e-07
      vertex 46 -40.7 -4.74303e-07
      vertex 45.7781 -40.7145 -4.74303e-07
    endloop
  endfacet
  facet normal 0 0 -1
    outer loop
      vertex 31.7 6 -4.74303e-07
      vertex 45.7781 -40.7145 -4.74303e-07
      vertex 45.56 -40.7579 -4.74303e-07
    endloop
  endfacet
  facet normal 0 0 -1
    outer loop
      vertex 31.7 6 -4.74303e-07
      vertex 45.56 -40.7579 -4.74303e-07
      vertex 45.3494 -40.8294 -4.74303e-07
    endloop
  endfacet
  facet normal 0 0 -1
    outer loop
      vertex 31.7 6 -4.74303e-07
      vertex 45.3494 -40.8294 -4.74303e-07
      vertex 45.15 -40.9278 -4.74303e-07
    endloop
  endfacet
  facet normal 0 0 -1
    outer loop
      vertex 31.7 6 -4.74303e-07
      vertex 45.15 -40.9278 -4.74303e-07
      vertex 44.9651 -41.0513 -4.74303e-07
    endloop
  endfacet
  facet normal 0 0 -1
    outer loop
      vertex 31.7 6 -4.74303e-07
      vertex 44.9651 -41.0513 -4.74303e-07
      vertex 44.7979 -41.1979 -4.74303e-07
    endloop
  endfacet
  facet normal 0 0 -1
    outer loop
      vertex 31.7 6 -4.74303e-07
      vertex 44.7979 -41.1979 -4.74303e-07
      vertex 44.6513 -41.3651 -4.74303e-07
    endloop
  endfacet
  facet normal 0 0 -1
    outer loop
      vertex 31.7 6 -4.74303e-07
      vertex 44.6513 -41.3651 -4.74303e-07
      vertex 44.5278 -41.55 -4.74303e-07
    endloop
  endfacet
  facet normal 0 0 -1
    outer loop
      vertex 31.7 6 -4.74303e-07
      vertex 44.5278 -41.55 -4.74303e-07
      vertex 44.4294 -41.7494 -4.74303e-07
    endloop
  endfacet
  facet normal 0 0 -1
    outer loop
      vertex 31.7 6 -4.74303e-07
      vertex 44.4294 -41.7494 -4.74303e-07
      vertex 44.3579 -41.96 -4.74303e-07
    endloop
  endfacet
  facet normal 0 0 -1
    outer loop
      vertex 31.7 6 -4.74303e-07
      vertex 44.3579 -41.96 -4.74303e-07
      vertex 44.3145 -42.1781 -4.74303e-07
    endloop
  endfacet
  facet normal 0 0 -1
    outer loop
      vertex 31.7 6 -4.74303e-07
      vertex 44.3145 -42.1781 -4.74303e-07
      vertex 44.3 -42.4 -4.74303e-07
    endloop
  endfacet
  facet normal 0 0 -1
    outer loop
      vertex 52.8743 45.2916 -4.74303e-07
      vertex 49.9 47.9 -4.74303e-07
      vertex 52.7978 45.6764 -4.74303e-07
    endloop
  endfacet
  facet normal 0 0 -1
    outer loop
      vertex 52.7978 45.6764 -4.74303e-07
      vertex 49.9 47.9 -4.74303e-07
      vertex 52.6716 46.048 -4.74303e-07
    endloop
  endfacet
  facet normal 0 0 -1
    outer loop
      vertex 52.4981 46.4 -4.74303e-07
      vertex 49.9 47.9 -4.74303e-07
      vertex 52.2801 46.7263 -4.74303e-07
    endloop
  endfacet
  facet normal 0 0 -1
    outer loop
      vertex 52.0213 47.0213 -4.74303e-07
      vertex 49.9 47.9 -4.74303e-07
      vertex 51.7263 47.2801 -4.74303e-07
    endloop
  endfacet
  facet normal 0 0 -1
    outer loop
      vertex 51.7263 47.2801 -4.74303e-07
      vertex 49.9 47.9 -4.74303e-07
      vertex 51.4 47.4981 -4.74303e-07
    endloop
  endfacet
  facet normal 0 0 -1
    outer loop
      vertex 51.0481 47.6716 -4.74303e-07
      vertex 49.9 47.9 -4.74303e-07
      vertex 50.6765 47.7978 -4.74303e-07
    endloop
  endfacet
  facet normal 0 0 -1
    outer loop
      vertex 50.6765 47.7978 -4.74303e-07
      vertex 49.9 47.9 -4.74303e-07
      vertex 50.2916 47.8743 -4.74303e-07
    endloop
  endfacet
  facet normal 0 0 -1
    outer loop
      vertex 51.4 47.4981 -4.74303e-07
      vertex 49.9 47.9 -4.74303e-07
      vertex 51.0481 47.6716 -4.74303e-07
    endloop
  endfacet
  facet normal 0 0 -1
    outer loop
      vertex 52.2801 46.7263 -4.74303e-07
      vertex 49.9 47.9 -4.74303e-07
      vertex 52.0213 47.0213 -4.74303e-07
    endloop
  endfacet
  facet normal 0 0 -1
    outer loop
      vertex 52.6716 46.048 -4.74303e-07
      vertex 49.9 47.9 -4.74303e-07
      vertex 52.4981 46.4 -4.74303e-07
    endloop
  endfacet
  facet normal 0 0 -1
    outer loop
      vertex 52.9 44.9 -4.74303e-07
      vertex 49.9 47.9 -4.74303e-07
      vertex 52.8743 45.2916 -4.74303e-07
    endloop
  endfacet
  facet normal 0 0 -1
    outer loop
      vertex 30.2219 7.68546 -4.74303e-07
      vertex 49.9 47.9 -4.74303e-07
      vertex 30.44 7.64207 -4.74303e-07
    endloop
  endfacet
  facet normal 0 0 -1
    outer loop
      vertex 30 7.7 -4.74303e-07
      vertex 49.9 47.9 -4.74303e-07
      vertex 30.2219 7.68546 -4.74303e-07
    endloop
  endfacet
  facet normal 0 0 -1
    outer loop
      vertex 29.7781 7.68546 -4.74303e-07
      vertex 49.9 47.9 -4.74303e-07
      vertex 30 7.7 -4.74303e-07
    endloop
  endfacet
  facet normal 0 0 -1
    outer loop
      vertex 29.56 7.64207 -4.74303e-07
      vertex 49.9 47.9 -4.74303e-07
      vertex 29.7781 7.68546 -4.74303e-07
    endloop
  endfacet
  facet normal 0 0 -1
    outer loop
      vertex 29.3494 7.57059 -4.74303e-07
      vertex 49.9 47.9 -4.74303e-07
      vertex 29.56 7.64207 -4.74303e-07
    endloop
  endfacet
  facet normal 0 0 -1
    outer loop
      vertex 5.79134 6.21194 -4.74303e-07
      vertex 29.3494 7.57059 -4.74303e-07
      vertex 29.15 7.47224 -4.74303e-07
    endloop
  endfacet
  facet normal 0 0 -1
    outer loop
      vertex 5.84999 6.18301 -4.74303e-07
      vertex 29.15 7.47224 -4.74303e-07
      vertex 28.9651 7.3487 -4.74303e-07
    endloop
  endfacet
  facet normal 0 0 -1
    outer loop
      vertex 5.90437 6.14668 -4.74303e-07
      vertex 28.9651 7.3487 -4.74303e-07
      vertex 28.7979 7.20208 -4.74303e-07
    endloop
  endfacet
  facet normal 0 0 -1
    outer loop
      vertex 5.95354 6.10355 -4.74303e-07
      vertex 28.7979 7.20208 -4.74303e-07
      vertex 28.6513 7.03489 -4.74303e-07
    endloop
  endfacet
  facet normal 0 0 -1
    outer loop
      vertex 5.99667 6.05438 -4.74303e-07
      vertex 28.6513 7.03489 -4.74303e-07
      vertex 28.5278 6.85 -4.74303e-07
    endloop
  endfacet
  facet normal -0 0 -1
    outer loop
      vertex 28.3145 5.7781 -4.74303e-07
      vertex 8.9391 0.306147 -4.74303e-07
      vertex 28.3 6 -4.74303e-07
    endloop
  endfacet
  facet normal 0 0 -1
    outer loop
      vertex 8.76569 0.565685 -4.74303e-07
      vertex 28.3 6 -4.74303e-07
      vertex 8.9391 0.306147 -4.74303e-07
    endloop
  endfacet
  facet normal -0 0 -1
    outer loop
      vertex 28.3 6 -4.74303e-07
      vertex 8.76569 0.565685 -4.74303e-07
      vertex 28.3145 6.22189 -4.74303e-07
    endloop
  endfacet
  facet normal 0 0 -1
    outer loop
      vertex 6.08295 5.87941 -4.74303e-07
      vertex 28.3145 6.22189 -4.74303e-07
      vertex 8.76569 0.565685 -4.74303e-07
    endloop
  endfacet
  facet normal -0 0 -1
    outer loop
      vertex 28.3145 6.22189 -4.74303e-07
      vertex 6.08295 5.87941 -4.74303e-07
      vertex 28.3579 6.43999 -4.74303e-07
    endloop
  endfacet
  facet normal 0 0 -1
    outer loop
      vertex 8.9391 0.306147 -4.74303e-07
      vertex 19.0788 -7.5 -4.74303e-07
      vertex 9 0 -4.74303e-07
    endloop
  endfacet
  facet normal 0 0 -1
    outer loop
      vertex 6.06194 5.94135 -4.74303e-07
      vertex 28.3579 6.43999 -4.74303e-07
      vertex 6.08295 5.87941 -4.74303e-07
    endloop
  endfacet
  facet normal -0 0 -1
    outer loop
      vertex 28.3579 6.43999 -4.74303e-07
      vertex 6.06194 5.94135 -4.74303e-07
      vertex 28.4294 6.65056 -4.74303e-07
    endloop
  endfacet
  facet normal 0 0 -1
    outer loop
      vertex 6.09999 5.75 -4.74303e-07
      vertex 8.76569 0.565685 -4.74303e-07
      vertex 8.50615 0.739103 -4.74303e-07
    endloop
  endfacet
  facet normal 0 0 -1
    outer loop
      vertex 6.09999 5.75 -4.74303e-07
      vertex 8.50615 0.739103 -4.74303e-07
      vertex 8.2 0.799999 -4.74303e-07
    endloop
  endfacet
  facet normal 0 0 -1
    outer loop
      vertex 6.09999 5.75 -4.74303e-07
      vertex 8.2 0.799999 -4.74303e-07
      vertex 7.89385 0.739103 -4.74303e-07
    endloop
  endfacet
  facet normal 0 0 -1
    outer loop
      vertex 6.09999 5.75 -4.74303e-07
      vertex 7.89385 0.739103 -4.74303e-07
      vertex 7.63431 0.565685 -4.74303e-07
    endloop
  endfacet
  facet normal 0 0 -1
    outer loop
      vertex 6.09999 5.75 -4.74303e-07
      vertex 7.4 0 -4.74303e-07
      vertex 6.09999 -5.75 -4.74303e-07
    endloop
  endfacet
  facet normal 0 0 -1
    outer loop
      vertex 7.4 0 -4.74303e-07
      vertex 6.09999 5.75 -4.74303e-07
      vertex 7.4609 0.306147 -4.74303e-07
    endloop
  endfacet
  facet normal 0 0 -1
    outer loop
      vertex 6.09999 5.75 -4.74303e-07
      vertex 7.63431 0.565685 -4.74303e-07
      vertex 7.4609 0.306147 -4.74303e-07
    endloop
  endfacet
  facet normal 0 0 -1
    outer loop
      vertex 8.76569 0.565685 -4.74303e-07
      vertex 6.09999 5.75 -4.74303e-07
      vertex 6.09572 5.81526 -4.74303e-07
    endloop
  endfacet
  facet normal 0 0 -1
    outer loop
      vertex 8.76569 0.565685 -4.74303e-07
      vertex 6.09572 5.81526 -4.74303e-07
      vertex 6.08295 5.87941 -4.74303e-07
    endloop
  endfacet
  facet normal 0 0 -1
    outer loop
      vertex 6.033 6 -4.74303e-07
      vertex 28.4294 6.65056 -4.74303e-07
      vertex 6.06194 5.94135 -4.74303e-07
    endloop
  endfacet
  facet normal -0 0 -1
    outer loop
      vertex 28.4294 6.65056 -4.74303e-07
      vertex 6.033 6 -4.74303e-07
      vertex 28.5278 6.85 -4.74303e-07
    endloop
  endfacet
  facet normal 0 0 -1
    outer loop
      vertex 5.99667 6.05438 -4.74303e-07
      vertex 28.5278 6.85 -4.74303e-07
      vertex 6.033 6 -4.74303e-07
    endloop
  endfacet
  facet normal 0 0 -1
    outer loop
      vertex 28.6513 7.03489 -4.74303e-07
      vertex 5.99667 6.05438 -4.74303e-07
      vertex 5.95354 6.10355 -4.74303e-07
    endloop
  endfacet
  facet normal 0 0 -1
    outer loop
      vertex 28.7979 7.20208 -4.74303e-07
      vertex 5.95354 6.10355 -4.74303e-07
      vertex 5.90437 6.14668 -4.74303e-07
    endloop
  endfacet
  facet normal 0 0 -1
    outer loop
      vertex 28.9651 7.3487 -4.74303e-07
      vertex 5.90437 6.14668 -4.74303e-07
      vertex 5.84999 6.18301 -4.74303e-07
    endloop
  endfacet
  facet normal 0 0 -1
    outer loop
      vertex 29.15 7.47224 -4.74303e-07
      vertex 5.84999 6.18301 -4.74303e-07
      vertex 5.79134 6.21194 -4.74303e-07
    endloop
  endfacet
  facet normal 0 0 -1
    outer loop
      vertex 29.3494 7.57059 -4.74303e-07
      vertex 5.79134 6.21194 -4.74303e-07
      vertex 5.7294 6.23296 -4.74303e-07
    endloop
  endfacet
  facet normal -0 0 -1
    outer loop
      vertex 29.3494 7.57059 -4.74303e-07
      vertex 5.7294 6.23296 -4.74303e-07
      vertex 49.9 47.9 -4.74303e-07
    endloop
  endfacet
  facet normal 0 0 -1
    outer loop
      vertex 5.66525 6.24573 -4.74303e-07
      vertex 49.9 47.9 -4.74303e-07
      vertex 5.7294 6.23296 -4.74303e-07
    endloop
  endfacet
  facet normal 0 0 -1
    outer loop
      vertex 5.59999 6.25 -4.74303e-07
      vertex 49.9 47.9 -4.74303e-07
      vertex 5.66525 6.24573 -4.74303e-07
    endloop
  endfacet
  facet normal 0 0 -1
    outer loop
      vertex -49.9 47.9 -4.74303e-07
      vertex 5.59999 6.25 -4.74303e-07
      vertex -17 6.25 -4.74303e-07
    endloop
  endfacet
  facet normal 0 0 -1
    outer loop
      vertex -49.9 47.9 -4.74303e-07
      vertex -17 6.25 -4.74303e-07
      vertex -17.0652 6.24573 -4.74303e-07
    endloop
  endfacet
  facet normal 0 0 -1
    outer loop
      vertex -29.3494 7.57059 -4.74303e-07
      vertex -17.0652 6.24573 -4.74303e-07
      vertex -17.1294 6.23296 -4.74303e-07
    endloop
  endfacet
  facet normal 0 0 -1
    outer loop
      vertex -29.15 7.47224 -4.74303e-07
      vertex -17.1294 6.23296 -4.74303e-07
      vertex -17.1913 6.21194 -4.74303e-07
    endloop
  endfacet
  facet normal 0 0 -1
    outer loop
      vertex -28.9651 7.3487 -4.74303e-07
      vertex -17.1913 6.21194 -4.74303e-07
      vertex -17.25 6.18301 -4.74303e-07
    endloop
  endfacet
  facet normal 0 0 -1
    outer loop
      vertex -18.8609 0.306147 -4.74303e-07
      vertex -17.5 5.75 -4.74303e-07
      vertex -18.8 0 -4.74303e-07
    endloop
  endfacet
  facet normal 0 0 -1
    outer loop
      vertex -19.0343 0.565685 -4.74303e-07
      vertex -17.5 5.75 -4.74303e-07
      vertex -18.8609 0.306147 -4.74303e-07
    endloop
  endfacet
  facet normal 0 0 -1
    outer loop
      vertex -19.2939 0.739103 -4.74303e-07
      vertex -17.5 5.75 -4.74303e-07
      vertex -19.0343 0.565685 -4.74303e-07
    endloop
  endfacet
  facet normal 0 0 -1
    outer loop
      vertex -19.6 0.799999 -4.74303e-07
      vertex -17.5 5.75 -4.74303e-07
      vertex -19.2939 0.739103 -4.74303e-07
    endloop
  endfacet
  facet normal 0 0 -1
    outer loop
      vertex -19.9061 0.739103 -4.74303e-07
      vertex -17.5 5.75 -4.74303e-07
      vertex -19.6 0.799999 -4.74303e-07
    endloop
  endfacet
  facet normal 0 0 -1
    outer loop
      vertex -28.3145 5.7781 -4.74303e-07
      vertex -17.5 5.75 -4.74303e-07
      vertex -19.9061 0.739103 -4.74303e-07
    endloop
  endfacet
  facet normal 0 0 -1
    outer loop
      vertex -17.5 5.75 -4.74303e-07
      vertex -28.3 6 -4.74303e-07
      vertex -17.4957 5.81526 -4.74303e-07
    endloop
  endfacet
  facet normal 0 0 -1
    outer loop
      vertex -28.3145 6.22189 -4.74303e-07
      vertex -17.4957 5.81526 -4.74303e-07
      vertex -28.3 6 -4.74303e-07
    endloop
  endfacet
  facet normal 0 0 -1
    outer loop
      vertex -28.3145 5.7781 -4.74303e-07
      vertex -19.9061 0.739103 -4.74303e-07
      vertex -20.1657 0.565685 -4.74303e-07
    endloop
  endfacet
  facet normal 0 0 -1
    outer loop
      vertex -17.4957 5.81526 -4.74303e-07
      vertex -28.3145 6.22189 -4.74303e-07
      vertex -17.4829 5.87941 -4.74303e-07
    endloop
  endfacet
  facet normal 0 0 -1
    outer loop
      vertex -28.3145 5.7781 -4.74303e-07
      vertex -20.1657 0.565685 -4.74303e-07
      vertex -20.3391 0.306147 -4.74303e-07
    endloop
  endfacet
  facet normal 0 0 -1
    outer loop
      vertex -39.5 -24.5 -4.74303e-07
      vertex -19.0788 -7.5 -4.74303e-07
      vertex -26.5 -24.5 -4.74303e-07
    endloop
  endfacet
  facet normal 0 0 -1
    outer loop
      vertex -28.3145 5.7781 -4.74303e-07
      vertex -20.4 0 -4.74303e-07
      vertex -20.3391 -0.306147 -4.74303e-07
    endloop
  endfacet
  facet normal 0 0 -1
    outer loop
      vertex -28.3145 5.7781 -4.74303e-07
      vertex -20.3391 0.306147 -4.74303e-07
      vertex -20.4 0 -4.74303e-07
    endloop
  endfacet
  facet normal 0 0 -1
    outer loop
      vertex -28.3579 6.43999 -4.74303e-07
      vertex -17.4829 5.87941 -4.74303e-07
      vertex -28.3145 6.22189 -4.74303e-07
    endloop
  endfacet
  facet normal 0 0 -1
    outer loop
      vertex -17.4829 5.87941 -4.74303e-07
      vertex -28.3579 6.43999 -4.74303e-07
      vertex -17.4619 5.94135 -4.74303e-07
    endloop
  endfacet
  facet normal 0 0 -1
    outer loop
      vertex -28.4294 6.65056 -4.74303e-07
      vertex -17.4619 5.94135 -4.74303e-07
      vertex -28.3579 6.43999 -4.74303e-07
    endloop
  endfacet
  facet normal 0 0 -1
    outer loop
      vertex -17.4619 5.94135 -4.74303e-07
      vertex -28.4294 6.65056 -4.74303e-07
      vertex -17.433 6 -4.74303e-07
    endloop
  endfacet
  facet normal 0 0 -1
    outer loop
      vertex -17.433 6 -4.74303e-07
      vertex -28.4294 6.65056 -4.74303e-07
      vertex -17.3967 6.05438 -4.74303e-07
    endloop
  endfacet
  facet normal 0 0 -1
    outer loop
      vertex -28.5278 6.85 -4.74303e-07
      vertex -17.3967 6.05438 -4.74303e-07
      vertex -28.4294 6.65056 -4.74303e-07
    endloop
  endfacet
  facet normal 0 0 -1
    outer loop
      vertex -17.3967 6.05438 -4.74303e-07
      vertex -28.5278 6.85 -4.74303e-07
      vertex -17.3535 6.10355 -4.74303e-07
    endloop
  endfacet
  facet normal 0 0 -1
    outer loop
      vertex -28.6513 7.03489 -4.74303e-07
      vertex -17.3535 6.10355 -4.74303e-07
      vertex -28.5278 6.85 -4.74303e-07
    endloop
  endfacet
  facet normal 0 0 -1
    outer loop
      vertex -17.3535 6.10355 -4.74303e-07
      vertex -28.6513 7.03489 -4.74303e-07
      vertex -17.3044 6.14668 -4.74303e-07
    endloop
  endfacet
  facet normal 0 0 -1
    outer loop
      vertex -28.7979 7.20208 -4.74303e-07
      vertex -17.3044 6.14668 -4.74303e-07
      vertex -28.6513 7.03489 -4.74303e-07
    endloop
  endfacet
  facet normal 0 0 -1
    outer loop
      vertex -17.3044 6.14668 -4.74303e-07
      vertex -28.7979 7.20208 -4.74303e-07
      vertex -17.25 6.18301 -4.74303e-07
    endloop
  endfacet
  facet normal 0 0 -1
    outer loop
      vertex -28.9651 7.3487 -4.74303e-07
      vertex -17.25 6.18301 -4.74303e-07
      vertex -28.7979 7.20208 -4.74303e-07
    endloop
  endfacet
  facet normal 0 0 -1
    outer loop
      vertex -17.1913 6.21194 -4.74303e-07
      vertex -28.9651 7.3487 -4.74303e-07
      vertex -29.15 7.47224 -4.74303e-07
    endloop
  endfacet
  facet normal 0 0 -1
    outer loop
      vertex -17.1294 6.23296 -4.74303e-07
      vertex -29.15 7.47224 -4.74303e-07
      vertex -29.3494 7.57059 -4.74303e-07
    endloop
  endfacet
  facet normal 0 0 -1
    outer loop
      vertex -17.0652 6.24573 -4.74303e-07
      vertex -29.3494 7.57059 -4.74303e-07
      vertex -29.56 7.64207 -4.74303e-07
    endloop
  endfacet
  facet normal 0 0 -1
    outer loop
      vertex -17.0652 6.24573 -4.74303e-07
      vertex -29.56 7.64207 -4.74303e-07
      vertex -49.9 47.9 -4.74303e-07
    endloop
  endfacet
  facet normal 0 0 -1
    outer loop
      vertex -49.9 47.9 -4.74303e-07
      vertex -29.56 7.64207 -4.74303e-07
      vertex -29.7781 7.68546 -4.74303e-07
    endloop
  endfacet
  facet normal 0 0 -1
    outer loop
      vertex -49.9 47.9 -4.74303e-07
      vertex -29.7781 7.68546 -4.74303e-07
      vertex -30 7.7 -4.74303e-07
    endloop
  endfacet
  facet normal 0 0 -1
    outer loop
      vertex -49.9 47.9 -4.74303e-07
      vertex -30 7.7 -4.74303e-07
      vertex -30.2219 7.68546 -4.74303e-07
    endloop
  endfacet
  facet normal 0 0 -1
    outer loop
      vertex -49.9 47.9 -4.74303e-07
      vertex -30.2219 7.68546 -4.74303e-07
      vertex -30.44 7.64207 -4.74303e-07
    endloop
  endfacet
  facet normal 0 0 -1
    outer loop
      vertex -52.9 44.9 -4.74303e-07
      vertex -30.44 7.64207 -4.74303e-07
      vertex -30.6506 7.57059 -4.74303e-07
    endloop
  endfacet
  facet normal 0 0 -1
    outer loop
      vertex -52.9 44.9 -4.74303e-07
      vertex -30.6506 7.57059 -4.74303e-07
      vertex -30.85 7.47224 -4.74303e-07
    endloop
  endfacet
  facet normal 0 0 -1
    outer loop
      vertex -52.9 44.9 -4.74303e-07
      vertex -31.7 6 -4.74303e-07
      vertex -39.5 -24.5 -4.74303e-07
    endloop
  endfacet
  facet normal 0 0 -1
    outer loop
      vertex -31.7 6 -4.74303e-07
      vertex -52.9 44.9 -4.74303e-07
      vertex -31.6855 6.22189 -4.74303e-07
    endloop
  endfacet
  facet normal 0 0 -1
    outer loop
      vertex -44.3579 -41.96 -4.74303e-07
      vertex -39.5 -43.5 -4.74303e-07
      vertex -44.3145 -42.1781 -4.74303e-07
    endloop
  endfacet
  facet normal 0 0 -1
    outer loop
      vertex -44.4294 -41.7494 -4.74303e-07
      vertex -39.5 -43.5 -4.74303e-07
      vertex -44.3579 -41.96 -4.74303e-07
    endloop
  endfacet
  facet normal 0 0 -1
    outer loop
      vertex -44.5278 -41.55 -4.74303e-07
      vertex -39.5 -43.5 -4.74303e-07
      vertex -44.4294 -41.7494 -4.74303e-07
    endloop
  endfacet
  facet normal 0 0 -1
    outer loop
      vertex -44.6513 -41.3651 -4.74303e-07
      vertex -39.5 -43.5 -4.74303e-07
      vertex -44.5278 -41.55 -4.74303e-07
    endloop
  endfacet
  facet normal 0 0 -1
    outer loop
      vertex -44.7979 -41.1979 -4.74303e-07
      vertex -39.5 -43.5 -4.74303e-07
      vertex -44.6513 -41.3651 -4.74303e-07
    endloop
  endfacet
  facet normal 0 0 -1
    outer loop
      vertex -39.5 -43.5 -4.74303e-07
      vertex -44.7979 -41.1979 -4.74303e-07
      vertex -39.5 -24.5 -4.74303e-07
    endloop
  endfacet
  facet normal 0 0 -1
    outer loop
      vertex -44.9651 -41.0513 -4.74303e-07
      vertex -39.5 -24.5 -4.74303e-07
      vertex -44.7979 -41.1979 -4.74303e-07
    endloop
  endfacet
  facet normal 0 0 -1
    outer loop
      vertex -45.15 -40.9278 -4.74303e-07
      vertex -39.5 -24.5 -4.74303e-07
      vertex -44.9651 -41.0513 -4.74303e-07
    endloop
  endfacet
  facet normal 0 0 -1
    outer loop
      vertex -45.3494 -40.8294 -4.74303e-07
      vertex -39.5 -24.5 -4.74303e-07
      vertex -45.15 -40.9278 -4.74303e-07
    endloop
  endfacet
  facet normal 0 0 -1
    outer loop
      vertex -45.56 -40.7579 -4.74303e-07
      vertex -39.5 -24.5 -4.74303e-07
      vertex -45.3494 -40.8294 -4.74303e-07
    endloop
  endfacet
  facet normal 0 0 -1
    outer loop
      vertex -45.7781 -40.7145 -4.74303e-07
      vertex -39.5 -24.5 -4.74303e-07
      vertex -45.56 -40.7579 -4.74303e-07
    endloop
  endfacet
  facet normal 0 0 -1
    outer loop
      vertex -46 -40.7 -4.74303e-07
      vertex -39.5 -24.5 -4.74303e-07
      vertex -45.7781 -40.7145 -4.74303e-07
    endloop
  endfacet
  facet normal 0 0 -1
    outer loop
      vertex -46.2219 -40.7145 -4.74303e-07
      vertex -39.5 -24.5 -4.74303e-07
      vertex -46 -40.7 -4.74303e-07
    endloop
  endfacet
  facet normal 0 0 -1
    outer loop
      vertex -46.44 -40.7579 -4.74303e-07
      vertex -39.5 -24.5 -4.74303e-07
      vertex -46.2219 -40.7145 -4.74303e-07
    endloop
  endfacet
  facet normal 0 0 -1
    outer loop
      vertex -46.6506 -40.8294 -4.74303e-07
      vertex -39.5 -24.5 -4.74303e-07
      vertex -46.44 -40.7579 -4.74303e-07
    endloop
  endfacet
  facet normal 0 0 -1
    outer loop
      vertex -46.85 -40.9278 -4.74303e-07
      vertex -39.5 -24.5 -4.74303e-07
      vertex -46.6506 -40.8294 -4.74303e-07
    endloop
  endfacet
  facet normal 0 0 -1
    outer loop
      vertex -47.0349 -41.0513 -4.74303e-07
      vertex -39.5 -24.5 -4.74303e-07
      vertex -46.85 -40.9278 -4.74303e-07
    endloop
  endfacet
  facet normal 0 0 -1
    outer loop
      vertex -47.2021 -41.1979 -4.74303e-07
      vertex -39.5 -24.5 -4.74303e-07
      vertex -47.0349 -41.0513 -4.74303e-07
    endloop
  endfacet
  facet normal 0 0 -1
    outer loop
      vertex -39.5 -24.5 -4.74303e-07
      vertex -47.2021 -41.1979 -4.74303e-07
      vertex -52.9 -44.9 -4.74303e-07
    endloop
  endfacet
  facet normal 0 0 -1
    outer loop
      vertex -52.9 -44.9 -4.74303e-07
      vertex -47.2021 -41.1979 -4.74303e-07
      vertex -47.3487 -41.3651 -4.74303e-07
    endloop
  endfacet
  facet normal 0 0 -1
    outer loop
      vertex -52.9 -44.9 -4.74303e-07
      vertex -47.3487 -41.3651 -4.74303e-07
      vertex -47.4722 -41.55 -4.74303e-07
    endloop
  endfacet
  facet normal 0 0 -1
    outer loop
      vertex -52.9 -44.9 -4.74303e-07
      vertex -47.4722 -41.55 -4.74303e-07
      vertex -47.5706 -41.7494 -4.74303e-07
    endloop
  endfacet
  facet normal 0 0 -1
    outer loop
      vertex -52.9 -44.9 -4.74303e-07
      vertex -47.5706 -41.7494 -4.74303e-07
      vertex -47.6421 -41.96 -4.74303e-07
    endloop
  endfacet
  facet normal -0 0 -1
    outer loop
      vertex -47.6855 -42.6219 -4.74303e-07
      vertex -52.9 -44.9 -4.74303e-07
      vertex -47.7 -42.4 -4.74303e-07
    endloop
  endfacet
  facet normal -0 0 -1
    outer loop
      vertex -47.7 -42.4 -4.74303e-07
      vertex -52.9 -44.9 -4.74303e-07
      vertex -47.6855 -42.1781 -4.74303e-07
    endloop
  endfacet
  facet normal -0 0 -1
    outer loop
      vertex -47.6855 -42.1781 -4.74303e-07
      vertex -52.9 -44.9 -4.74303e-07
      vertex -47.6421 -41.96 -4.74303e-07
    endloop
  endfacet
  facet normal 0 0 -1
    outer loop
      vertex 5.59999 6.25 -4.74303e-07
      vertex -49.9 47.9 -4.74303e-07
      vertex 49.9 47.9 -4.74303e-07
    endloop
  endfacet
  facet normal 0 0 -1
    outer loop
      vertex -52.9 44.9 -4.74303e-07
      vertex -30.85 7.47224 -4.74303e-07
      vertex -31.0349 7.3487 -4.74303e-07
    endloop
  endfacet
  facet normal 0 0 -1
    outer loop
      vertex -52.9 44.9 -4.74303e-07
      vertex -31.0349 7.3487 -4.74303e-07
      vertex -31.2021 7.20208 -4.74303e-07
    endloop
  endfacet
  facet normal 0 0 -1
    outer loop
      vertex -52.9 44.9 -4.74303e-07
      vertex -31.2021 7.20208 -4.74303e-07
      vertex -31.3487 7.03489 -4.74303e-07
    endloop
  endfacet
  facet normal 0 0 -1
    outer loop
      vertex -52.9 44.9 -4.74303e-07
      vertex -31.3487 7.03489 -4.74303e-07
      vertex -31.4722 6.85 -4.74303e-07
    endloop
  endfacet
  facet normal 0 0 -1
    outer loop
      vertex -52.9 44.9 -4.74303e-07
      vertex -31.4722 6.85 -4.74303e-07
      vertex -31.5706 6.65056 -4.74303e-07
    endloop
  endfacet
  facet normal 0 0 -1
    outer loop
      vertex -52.9 44.9 -4.74303e-07
      vertex -31.5706 6.65056 -4.74303e-07
      vertex -31.6421 6.43999 -4.74303e-07
    endloop
  endfacet
  facet normal 0 0 -1
    outer loop
      vertex -52.9 44.9 -4.74303e-07
      vertex -39.5 -24.5 -4.74303e-07
      vertex -52.9 -44.9 -4.74303e-07
    endloop
  endfacet
  facet normal 0 0 -1
    outer loop
      vertex -52.9 -44.9 -4.74303e-07
      vertex -49.9 -47.9 -4.74303e-07
      vertex -50.2916 -47.8743 -4.74303e-07
    endloop
  endfacet
  facet normal 0 0 -1
    outer loop
      vertex -31.6855 6.22189 -4.74303e-07
      vertex -52.9 44.9 -4.74303e-07
      vertex -31.6421 6.43999 -4.74303e-07
    endloop
  endfacet
  facet normal 0 0 -1
    outer loop
      vertex -52.9 -44.9 -4.74303e-07
      vertex -50.2916 -47.8743 -4.74303e-07
      vertex -50.6764 -47.7978 -4.74303e-07
    endloop
  endfacet
  facet normal 0 0 -1
    outer loop
      vertex -30.44 7.64207 -4.74303e-07
      vertex -52.9 44.9 -4.74303e-07
      vertex -49.9 47.9 -4.74303e-07
    endloop
  endfacet
  facet normal 0 0 -1
    outer loop
      vertex -52.9 -44.9 -4.74303e-07
      vertex -50.6764 -47.7978 -4.74303e-07
      vertex -51.048 -47.6716 -4.74303e-07
    endloop
  endfacet
  facet normal 0 0 -1
    outer loop
      vertex -49.9 47.9 -4.74303e-07
      vertex -52.9 44.9 -4.74303e-07
      vertex -50.2916 47.8743 -4.74303e-07
    endloop
  endfacet
  facet normal 0 0 -1
    outer loop
      vertex -52.9 -44.9 -4.74303e-07
      vertex -51.048 -47.6716 -4.74303e-07
      vertex -51.4 -47.4981 -4.74303e-07
    endloop
  endfacet
  facet normal 0 0 -1
    outer loop
      vertex -50.2916 47.8743 -4.74303e-07
      vertex -52.9 44.9 -4.74303e-07
      vertex -50.6764 47.7978 -4.74303e-07
    endloop
  endfacet
  facet normal 0 0 -1
    outer loop
      vertex -52.9 -44.9 -4.74303e-07
      vertex -51.4 -47.4981 -4.74303e-07
      vertex -51.7263 -47.2801 -4.74303e-07
    endloop
  endfacet
  facet normal 0 0 -1
    outer loop
      vertex -50.6764 47.7978 -4.74303e-07
      vertex -52.9 44.9 -4.74303e-07
      vertex -51.048 47.6716 -4.74303e-07
    endloop
  endfacet
  facet normal 0 0 -1
    outer loop
      vertex -52.9 -44.9 -4.74303e-07
      vertex -51.7263 -47.2801 -4.74303e-07
      vertex -52.0213 -47.0213 -4.74303e-07
    endloop
  endfacet
  facet normal 0 0 -1
    outer loop
      vertex -51.048 47.6716 -4.74303e-07
      vertex -52.9 44.9 -4.74303e-07
      vertex -51.4 47.4981 -4.74303e-07
    endloop
  endfacet
  facet normal 0 0 -1
    outer loop
      vertex -52.9 -44.9 -4.74303e-07
      vertex -52.0213 -47.0213 -4.74303e-07
      vertex -52.2801 -46.7263 -4.74303e-07
    endloop
  endfacet
  facet normal 0 0 -1
    outer loop
      vertex -51.4 47.4981 -4.74303e-07
      vertex -52.9 44.9 -4.74303e-07
      vertex -51.7263 47.2801 -4.74303e-07
    endloop
  endfacet
  facet normal 0 0 -1
    outer loop
      vertex -52.9 -44.9 -4.74303e-07
      vertex -52.2801 -46.7263 -4.74303e-07
      vertex -52.4981 -46.4 -4.74303e-07
    endloop
  endfacet
  facet normal 0 0 -1
    outer loop
      vertex -51.7263 47.2801 -4.74303e-07
      vertex -52.9 44.9 -4.74303e-07
      vertex -52.0213 47.0213 -4.74303e-07
    endloop
  endfacet
  facet normal 0 0 -1
    outer loop
      vertex -52.9 -44.9 -4.74303e-07
      vertex -52.4981 -46.4 -4.74303e-07
      vertex -52.6716 -46.0481 -4.74303e-07
    endloop
  endfacet
  facet normal 0 0 -1
    outer loop
      vertex -52.0213 47.0213 -4.74303e-07
      vertex -52.9 44.9 -4.74303e-07
      vertex -52.2801 46.7263 -4.74303e-07
    endloop
  endfacet
  facet normal 0 0 -1
    outer loop
      vertex -52.9 -44.9 -4.74303e-07
      vertex -52.6716 -46.0481 -4.74303e-07
      vertex -52.7978 -45.6765 -4.74303e-07
    endloop
  endfacet
  facet normal 0 0 -1
    outer loop
      vertex -52.2801 46.7263 -4.74303e-07
      vertex -52.9 44.9 -4.74303e-07
      vertex -52.4981 46.4 -4.74303e-07
    endloop
  endfacet
  facet normal 0 0 -1
    outer loop
      vertex -52.9 -44.9 -4.74303e-07
      vertex -52.7978 -45.6765 -4.74303e-07
      vertex -52.8743 -45.2916 -4.74303e-07
    endloop
  endfacet
  facet normal 0 0 -1
    outer loop
      vertex -52.4981 46.4 -4.74303e-07
      vertex -52.9 44.9 -4.74303e-07
      vertex -52.6716 46.048 -4.74303e-07
    endloop
  endfacet
  facet normal 0 0 -1
    outer loop
      vertex -52.6716 46.048 -4.74303e-07
      vertex -52.9 44.9 -4.74303e-07
      vertex -52.7978 45.6764 -4.74303e-07
    endloop
  endfacet
  facet normal 0 0 -1
    outer loop
      vertex -52.7978 45.6764 -4.74303e-07
      vertex -52.9 44.9 -4.74303e-07
      vertex -52.8743 45.2916 -4.74303e-07
    endloop
  endfacet
  facet normal -0.831501 0.555523 0
    outer loop
      vertex -52.4981 46.4 -4.74303e-07
      vertex -52.2801 46.7263 4
      vertex -52.2801 46.7263 -4.74303e-07
    endloop
  endfacet
  facet normal -0.831501 0.555523 0
    outer loop
      vertex -52.2801 46.7263 4
      vertex -52.4981 46.4 -4.74303e-07
      vertex -52.4981 46.4 4
    endloop
  endfacet
  facet normal 0 1 -0
    outer loop
      vertex 49.9 47.9 -4.74303e-07
      vertex -49.9 47.9 4
      vertex 49.9 47.9 4
    endloop
  endfacet
  facet normal 0 1 0
    outer loop
      vertex -49.9 47.9 4
      vertex 49.9 47.9 -4.74303e-07
      vertex -49.9 47.9 -4.74303e-07
    endloop
  endfacet
  facet normal 0.980806 0.194989 0
    outer loop
      vertex 52.8743 45.2916 4
      vertex 52.7978 45.6764 -4.74303e-07
      vertex 52.7978 45.6764 4
    endloop
  endfacet
  facet normal 0.980806 0.194989 0
    outer loop
      vertex 52.7978 45.6764 -4.74303e-07
      vertex 52.8743 45.2916 4
      vertex 52.8743 45.2916 -4.74303e-07
    endloop
  endfacet
  facet normal 0.19494 -0.980815 0
    outer loop
      vertex 50.2916 -47.8743 -4.74303e-07
      vertex 50.6765 -47.7978 4
      vertex 50.2916 -47.8743 4
    endloop
  endfacet
  facet normal 0.19494 -0.980815 0
    outer loop
      vertex 50.6765 -47.7978 4
      vertex 50.2916 -47.8743 -4.74303e-07
      vertex 50.6765 -47.7978 -4.74303e-07
    endloop
  endfacet
  facet normal 0.321574 0.946885 -0
    outer loop
      vertex 51.0481 47.6716 -4.74303e-07
      vertex 50.6765 47.7978 4
      vertex 51.0481 47.6716 4
    endloop
  endfacet
  facet normal 0.321574 0.946885 0
    outer loop
      vertex 50.6765 47.7978 4
      vertex 51.0481 47.6716 -4.74303e-07
      vertex 50.6765 47.7978 -4.74303e-07
    endloop
  endfacet
  facet normal 0.896961 0.44211 0
    outer loop
      vertex 52.6716 46.048 4
      vertex 52.4981 46.4 -4.74303e-07
      vertex 52.4981 46.4 4
    endloop
  endfacet
  facet normal 0.896961 0.44211 0
    outer loop
      vertex 52.4981 46.4 -4.74303e-07
      vertex 52.6716 46.048 4
      vertex 52.6716 46.048 -4.74303e-07
    endloop
  endfacet
  facet normal 0.831501 0.555523 0
    outer loop
      vertex 52.4981 46.4 4
      vertex 52.2801 46.7263 -4.74303e-07
      vertex 52.2801 46.7263 4
    endloop
  endfacet
  facet normal 0.831501 0.555523 0
    outer loop
      vertex 52.2801 46.7263 -4.74303e-07
      vertex 52.4981 46.4 4
      vertex 52.4981 46.4 -4.74303e-07
    endloop
  endfacet
  facet normal 0.0654873 0.997853 -0
    outer loop
      vertex 50.2916 47.8743 -4.74303e-07
      vertex 49.9 47.9 4
      vertex 50.2916 47.8743 4
    endloop
  endfacet
  facet normal 0.0654873 0.997853 0
    outer loop
      vertex 49.9 47.9 4
      vertex 50.2916 47.8743 -4.74303e-07
      vertex 49.9 47.9 -4.74303e-07
    endloop
  endfacet
  facet normal -0.980815 -0.19494 0
    outer loop
      vertex -52.7978 -45.6765 -4.74303e-07
      vertex -52.8743 -45.2916 4
      vertex -52.8743 -45.2916 -4.74303e-07
    endloop
  endfacet
  facet normal -0.980815 -0.19494 0
    outer loop
      vertex -52.8743 -45.2916 4
      vertex -52.7978 -45.6765 -4.74303e-07
      vertex -52.7978 -45.6765 4
    endloop
  endfacet
  facet normal 0.751724 0.659478 0
    outer loop
      vertex 52.2801 46.7263 4
      vertex 52.0213 47.0213 -4.74303e-07
      vertex 52.0213 47.0213 4
    endloop
  endfacet
  facet normal 0.751724 0.659478 0
    outer loop
      vertex 52.0213 47.0213 -4.74303e-07
      vertex 52.2801 46.7263 4
      vertex 52.2801 46.7263 -4.74303e-07
    endloop
  endfacet
  facet normal 0.19494 0.980815 -0
    outer loop
      vertex 50.6765 47.7978 -4.74303e-07
      vertex 50.2916 47.8743 4
      vertex 50.6765 47.7978 4
    endloop
  endfacet
  facet normal 0.19494 0.980815 0
    outer loop
      vertex 50.2916 47.8743 4
      vertex 50.6765 47.7978 -4.74303e-07
      vertex 50.2916 47.8743 -4.74303e-07
    endloop
  endfacet
  facet normal -0.946885 0.321574 0
    outer loop
      vertex -52.7978 45.6764 -4.74303e-07
      vertex -52.6716 46.048 4
      vertex -52.6716 46.048 -4.74303e-07
    endloop
  endfacet
  facet normal -0.946885 0.321574 0
    outer loop
      vertex -52.6716 46.048 4
      vertex -52.7978 45.6764 -4.74303e-07
      vertex -52.7978 45.6764 4
    endloop
  endfacet
  facet normal -0.321574 0.946885 0
    outer loop
      vertex -50.6764 47.7978 -4.74303e-07
      vertex -51.048 47.6716 4
      vertex -50.6764 47.7978 4
    endloop
  endfacet
  facet normal -0.321574 0.946885 0
    outer loop
      vertex -51.048 47.6716 4
      vertex -50.6764 47.7978 -4.74303e-07
      vertex -51.048 47.6716 -4.74303e-07
    endloop
  endfacet
  facet normal -0.659478 0.751724 0
    outer loop
      vertex -51.7263 47.2801 -4.74303e-07
      vertex -52.0213 47.0213 4
      vertex -51.7263 47.2801 4
    endloop
  endfacet
  facet normal -0.659478 0.751724 0
    outer loop
      vertex -52.0213 47.0213 4
      vertex -51.7263 47.2801 -4.74303e-07
      vertex -52.0213 47.0213 -4.74303e-07
    endloop
  endfacet
  facet normal -0.194989 0.980806 0
    outer loop
      vertex -50.2916 47.8743 -4.74303e-07
      vertex -50.6764 47.7978 4
      vertex -50.2916 47.8743 4
    endloop
  endfacet
  facet normal -0.194989 0.980806 0
    outer loop
      vertex -50.6764 47.7978 4
      vertex -50.2916 47.8743 -4.74303e-07
      vertex -50.6764 47.7978 -4.74303e-07
    endloop
  endfacet
  facet normal -0.751724 0.659478 0
    outer loop
      vertex -52.2801 46.7263 -4.74303e-07
      vertex -52.0213 47.0213 4
      vertex -52.0213 47.0213 -4.74303e-07
    endloop
  endfacet
  facet normal -0.751724 0.659478 0
    outer loop
      vertex -52.0213 47.0213 4
      vertex -52.2801 46.7263 -4.74303e-07
      vertex -52.2801 46.7263 4
    endloop
  endfacet
  facet normal -0.831501 -0.555523 0
    outer loop
      vertex -52.2801 -46.7263 -4.74303e-07
      vertex -52.4981 -46.4 4
      vertex -52.4981 -46.4 -4.74303e-07
    endloop
  endfacet
  facet normal -0.831501 -0.555523 0
    outer loop
      vertex -52.4981 -46.4 4
      vertex -52.2801 -46.7263 -4.74303e-07
      vertex -52.2801 -46.7263 4
    endloop
  endfacet
  facet normal 0.831501 -0.555523 0
    outer loop
      vertex 52.2801 -46.7263 4
      vertex 52.4981 -46.4 -4.74303e-07
      vertex 52.4981 -46.4 4
    endloop
  endfacet
  facet normal 0.831501 -0.555523 0
    outer loop
      vertex 52.4981 -46.4 -4.74303e-07
      vertex 52.2801 -46.7263 4
      vertex 52.2801 -46.7263 -4.74303e-07
    endloop
  endfacet
  facet normal -0.946885 -0.321574 0
    outer loop
      vertex -52.6716 -46.0481 -4.74303e-07
      vertex -52.7978 -45.6765 4
      vertex -52.7978 -45.6765 -4.74303e-07
    endloop
  endfacet
  facet normal -0.946885 -0.321574 0
    outer loop
      vertex -52.7978 -45.6765 4
      vertex -52.6716 -46.0481 -4.74303e-07
      vertex -52.6716 -46.0481 4
    endloop
  endfacet
  facet normal 0.555523 0.831501 -0
    outer loop
      vertex 51.7263 47.2801 -4.74303e-07
      vertex 51.4 47.4981 4
      vertex 51.7263 47.2801 4
    endloop
  endfacet
  facet normal 0.555523 0.831501 0
    outer loop
      vertex 51.4 47.4981 4
      vertex 51.7263 47.2801 -4.74303e-07
      vertex 51.4 47.4981 -4.74303e-07
    endloop
  endfacet
  facet normal 0.751724 -0.659478 0
    outer loop
      vertex 52.0213 -47.0213 4
      vertex 52.2801 -46.7263 -4.74303e-07
      vertex 52.2801 -46.7263 4
    endloop
  endfacet
  facet normal 0.751724 -0.659478 0
    outer loop
      vertex 52.2801 -46.7263 -4.74303e-07
      vertex 52.0213 -47.0213 4
      vertex 52.0213 -47.0213 -4.74303e-07
    endloop
  endfacet
  facet normal -0.751724 -0.659478 0
    outer loop
      vertex -52.0213 -47.0213 -4.74303e-07
      vertex -52.2801 -46.7263 4
      vertex -52.2801 -46.7263 -4.74303e-07
    endloop
  endfacet
  facet normal -0.751724 -0.659478 0
    outer loop
      vertex -52.2801 -46.7263 4
      vertex -52.0213 -47.0213 -4.74303e-07
      vertex -52.0213 -47.0213 4
    endloop
  endfacet
  facet normal -0.997853 0.0654873 0
    outer loop
      vertex -52.9 44.9 -4.74303e-07
      vertex -52.8743 45.2916 4
      vertex -52.8743 45.2916 -4.74303e-07
    endloop
  endfacet
  facet normal -0.997853 0.0654873 0
    outer loop
      vertex -52.8743 45.2916 4
      vertex -52.9 44.9 -4.74303e-07
      vertex -52.9 44.9 4
    endloop
  endfacet
  facet normal 0.997853 0.0654873 0
    outer loop
      vertex 52.9 44.9 4
      vertex 52.8743 45.2916 -4.74303e-07
      vertex 52.8743 45.2916 4
    endloop
  endfacet
  facet normal 0.997853 0.0654873 0
    outer loop
      vertex 52.8743 45.2916 -4.74303e-07
      vertex 52.9 44.9 4
      vertex 52.9 44.9 -4.74303e-07
    endloop
  endfacet
  facet normal -0.659478 -0.751724 0
    outer loop
      vertex -52.0213 -47.0213 -4.74303e-07
      vertex -51.7263 -47.2801 4
      vertex -52.0213 -47.0213 4
    endloop
  endfacet
  facet normal -0.659478 -0.751724 -0
    outer loop
      vertex -51.7263 -47.2801 4
      vertex -52.0213 -47.0213 -4.74303e-07
      vertex -51.7263 -47.2801 -4.74303e-07
    endloop
  endfacet
  facet normal -0.980806 0.194989 0
    outer loop
      vertex -52.8743 45.2916 -4.74303e-07
      vertex -52.7978 45.6764 4
      vertex -52.7978 45.6764 -4.74303e-07
    endloop
  endfacet
  facet normal -0.980806 0.194989 0
    outer loop
      vertex -52.7978 45.6764 4
      vertex -52.8743 45.2916 -4.74303e-07
      vertex -52.8743 45.2916 4
    endloop
  endfacet
  facet normal 0.997853 -0.0654873 0
    outer loop
      vertex 52.8743 -45.2916 4
      vertex 52.9 -44.9 -4.74303e-07
      vertex 52.9 -44.9 4
    endloop
  endfacet
  facet normal 0.997853 -0.0654873 0
    outer loop
      vertex 52.9 -44.9 -4.74303e-07
      vertex 52.8743 -45.2916 4
      vertex 52.8743 -45.2916 -4.74303e-07
    endloop
  endfacet
  facet normal -0.997853 -0.0654873 0
    outer loop
      vertex -52.8743 -45.2916 -4.74303e-07
      vertex -52.9 -44.9 4
      vertex -52.9 -44.9 -4.74303e-07
    endloop
  endfacet
  facet normal -0.997853 -0.0654873 0
    outer loop
      vertex -52.9 -44.9 4
      vertex -52.8743 -45.2916 -4.74303e-07
      vertex -52.8743 -45.2916 4
    endloop
  endfacet
  facet normal -0.44211 -0.896961 0
    outer loop
      vertex -51.4 -47.4981 -4.74303e-07
      vertex -51.048 -47.6716 4
      vertex -51.4 -47.4981 4
    endloop
  endfacet
  facet normal -0.44211 -0.896961 -0
    outer loop
      vertex -51.048 -47.6716 4
      vertex -51.4 -47.4981 -4.74303e-07
      vertex -51.048 -47.6716 -4.74303e-07
    endloop
  endfacet
  facet normal -0.555523 -0.831501 0
    outer loop
      vertex -51.7263 -47.2801 -4.74303e-07
      vertex -51.4 -47.4981 4
      vertex -51.7263 -47.2801 4
    endloop
  endfacet
  facet normal -0.555523 -0.831501 -0
    outer loop
      vertex -51.4 -47.4981 4
      vertex -51.7263 -47.2801 -4.74303e-07
      vertex -51.4 -47.4981 -4.74303e-07
    endloop
  endfacet
  facet normal -0.980783 -0.195101 0
    outer loop
      vertex 9 0 -4.74303e-07
      vertex 8.9391 0.306147 3.5
      vertex 8.9391 0.306147 -4.74303e-07
    endloop
  endfacet
  facet normal -0.980783 -0.195101 0
    outer loop
      vertex 8.9391 0.306147 3.5
      vertex 9 0 -4.74303e-07
      vertex 9 0 3.5
    endloop
  endfacet
  facet normal 0.831481 -0.555553 0
    outer loop
      vertex 7.4609 0.306147 3.5
      vertex 7.63431 0.565685 -4.74303e-07
      vertex 7.63431 0.565685 3.5
    endloop
  endfacet
  facet normal 0.831481 -0.555553 0
    outer loop
      vertex 7.63431 0.565685 -4.74303e-07
      vertex 7.4609 0.306147 3.5
      vertex 7.4609 0.306147 -4.74303e-07
    endloop
  endfacet
  facet normal 0.980783 -0.195101 0
    outer loop
      vertex 7.4 0 3.5
      vertex 7.4609 0.306147 -4.74303e-07
      vertex 7.4609 0.306147 3.5
    endloop
  endfacet
  facet normal 0.980783 -0.195101 0
    outer loop
      vertex 7.4609 0.306147 -4.74303e-07
      vertex 7.4 0 3.5
      vertex 7.4 0 -4.74303e-07
    endloop
  endfacet
  facet normal 0.555568 -0.831471 0
    outer loop
      vertex 7.63431 0.565685 -4.74303e-07
      vertex 7.89385 0.739103 3.5
      vertex 7.63431 0.565685 3.5
    endloop
  endfacet
  facet normal 0.555568 -0.831471 0
    outer loop
      vertex 7.89385 0.739103 3.5
      vertex 7.63431 0.565685 -4.74303e-07
      vertex 7.89385 0.739103 -4.74303e-07
    endloop
  endfacet
  facet normal 0.831481 0.555553 0
    outer loop
      vertex 7.63431 -0.565685 3.5
      vertex 7.4609 -0.306147 -4.74303e-07
      vertex 7.4609 -0.306147 3.5
    endloop
  endfacet
  facet normal 0.831481 0.555553 0
    outer loop
      vertex 7.4609 -0.306147 -4.74303e-07
      vertex 7.63431 -0.565685 3.5
      vertex 7.63431 -0.565685 -4.74303e-07
    endloop
  endfacet
  facet normal 0.555568 0.831471 -0
    outer loop
      vertex 7.89385 -0.739103 -4.74303e-07
      vertex 7.63431 -0.565685 3.5
      vertex 7.89385 -0.739103 3.5
    endloop
  endfacet
  facet normal 0.555568 0.831471 0
    outer loop
      vertex 7.63431 -0.565685 3.5
      vertex 7.89385 -0.739103 -4.74303e-07
      vertex 7.63431 -0.565685 -4.74303e-07
    endloop
  endfacet
  facet normal -0.555568 -0.831471 0
    outer loop
      vertex 8.50615 0.739103 -4.74303e-07
      vertex 8.76569 0.565685 3.5
      vertex 8.50615 0.739103 3.5
    endloop
  endfacet
  facet normal -0.555568 -0.831471 -0
    outer loop
      vertex 8.76569 0.565685 3.5
      vertex 8.50615 0.739103 -4.74303e-07
      vertex 8.76569 0.565685 -4.74303e-07
    endloop
  endfacet
  facet normal -0.195087 0.980786 0
    outer loop
      vertex 8.50615 -0.739103 -4.74303e-07
      vertex 8.2 -0.799999 3.5
      vertex 8.50615 -0.739103 3.5
    endloop
  endfacet
  facet normal -0.195087 0.980786 0
    outer loop
      vertex 8.2 -0.799999 3.5
      vertex 8.50615 -0.739103 -4.74303e-07
      vertex 8.2 -0.799999 -4.74303e-07
    endloop
  endfacet
  facet normal 0.195087 0.980786 -0
    outer loop
      vertex 8.2 -0.799999 -4.74303e-07
      vertex 7.89385 -0.739103 3.5
      vertex 8.2 -0.799999 3.5
    endloop
  endfacet
  facet normal 0.195087 0.980786 0
    outer loop
      vertex 7.89385 -0.739103 3.5
      vertex 8.2 -0.799999 -4.74303e-07
      vertex 7.89385 -0.739103 -4.74303e-07
    endloop
  endfacet
  facet normal -0.195087 -0.980786 0
    outer loop
      vertex 8.2 0.799999 -4.74303e-07
      vertex 8.50615 0.739103 3.5
      vertex 8.2 0.799999 3.5
    endloop
  endfacet
  facet normal -0.195087 -0.980786 -0
    outer loop
      vertex 8.50615 0.739103 3.5
      vertex 8.2 0.799999 -4.74303e-07
      vertex 8.50615 0.739103 -4.74303e-07
    endloop
  endfacet
  facet normal 0.195087 -0.980786 0
    outer loop
      vertex 7.89385 0.739103 -4.74303e-07
      vertex 8.2 0.799999 3.5
      vertex 7.89385 0.739103 3.5
    endloop
  endfacet
  facet normal 0.195087 -0.980786 0
    outer loop
      vertex 8.2 0.799999 3.5
      vertex 7.89385 0.739103 -4.74303e-07
      vertex 8.2 0.799999 -4.74303e-07
    endloop
  endfacet
  facet normal 0.980783 0.195101 0
    outer loop
      vertex 7.4609 -0.306147 3.5
      vertex 7.4 0 -4.74303e-07
      vertex 7.4 0 3.5
    endloop
  endfacet
  facet normal 0.980783 0.195101 0
    outer loop
      vertex 7.4 0 -4.74303e-07
      vertex 7.4609 -0.306147 3.5
      vertex 7.4609 -0.306147 -4.74303e-07
    endloop
  endfacet
  facet normal 0 0 -1
    outer loop
      vertex 8.9391 -0.306147 3.5
      vertex 8.9391 0.306147 3.5
      vertex 9 0 3.5
    endloop
  endfacet
  facet normal 0 0 -1
    outer loop
      vertex 8.76569 -0.565685 3.5
      vertex 8.9391 0.306147 3.5
      vertex 8.9391 -0.306147 3.5
    endloop
  endfacet
  facet normal 0 0 -1
    outer loop
      vertex 8.76569 -0.565685 3.5
      vertex 8.76569 0.565685 3.5
      vertex 8.9391 0.306147 3.5
    endloop
  endfacet
  facet normal 0 0 -1
    outer loop
      vertex 8.50615 -0.739103 3.5
      vertex 8.76569 0.565685 3.5
      vertex 8.76569 -0.565685 3.5
    endloop
  endfacet
  facet normal 0 0 -1
    outer loop
      vertex 8.50615 -0.739103 3.5
      vertex 8.50615 0.739103 3.5
      vertex 8.76569 0.565685 3.5
    endloop
  endfacet
  facet normal 0 0 -1
    outer loop
      vertex 8.2 -0.799999 3.5
      vertex 8.50615 0.739103 3.5
      vertex 8.50615 -0.739103 3.5
    endloop
  endfacet
  facet normal 0 0 -1
    outer loop
      vertex 8.2 -0.799999 3.5
      vertex 8.2 0.799999 3.5
      vertex 8.50615 0.739103 3.5
    endloop
  endfacet
  facet normal 0 0 -1
    outer loop
      vertex 7.89385 -0.739103 3.5
      vertex 8.2 0.799999 3.5
      vertex 8.2 -0.799999 3.5
    endloop
  endfacet
  facet normal 0 0 -1
    outer loop
      vertex 7.89385 -0.739103 3.5
      vertex 7.89385 0.739103 3.5
      vertex 8.2 0.799999 3.5
    endloop
  endfacet
  facet normal 0 0 -1
    outer loop
      vertex 7.63431 -0.565685 3.5
      vertex 7.89385 0.739103 3.5
      vertex 7.89385 -0.739103 3.5
    endloop
  endfacet
  facet normal 0 0 -1
    outer loop
      vertex 7.63431 -0.565685 3.5
      vertex 7.63431 0.565685 3.5
      vertex 7.89385 0.739103 3.5
    endloop
  endfacet
  facet normal 0 0 -1
    outer loop
      vertex 7.4609 -0.306147 3.5
      vertex 7.63431 0.565685 3.5
      vertex 7.63431 -0.565685 3.5
    endloop
  endfacet
  facet normal 0 0 -1
    outer loop
      vertex 7.4609 -0.306147 3.5
      vertex 7.4609 0.306147 3.5
      vertex 7.63431 0.565685 3.5
    endloop
  endfacet
  facet normal 0 -0 -1
    outer loop
      vertex 7.4609 0.306147 3.5
      vertex 7.4609 -0.306147 3.5
      vertex 7.4 0 3.5
    endloop
  endfacet
  facet normal -0.831481 -0.555553 0
    outer loop
      vertex 8.9391 0.306147 -4.74303e-07
      vertex 8.76569 0.565685 3.5
      vertex 8.76569 0.565685 -4.74303e-07
    endloop
  endfacet
  facet normal -0.831481 -0.555553 0
    outer loop
      vertex 8.76569 0.565685 3.5
      vertex 8.9391 0.306147 -4.74303e-07
      vertex 8.9391 0.306147 3.5
    endloop
  endfacet
  facet normal -0.831481 0.555553 0
    outer loop
      vertex 8.76569 -0.565685 -4.74303e-07
      vertex 8.9391 -0.306147 3.5
      vertex 8.9391 -0.306147 -4.74303e-07
    endloop
  endfacet
  facet normal -0.831481 0.555553 0
    outer loop
      vertex 8.9391 -0.306147 3.5
      vertex 8.76569 -0.565685 -4.74303e-07
      vertex 8.76569 -0.565685 3.5
    endloop
  endfacet
  facet normal -0.980783 0.195101 0
    outer loop
      vertex 8.9391 -0.306147 -4.74303e-07
      vertex 9 0 3.5
      vertex 9 0 -4.74303e-07
    endloop
  endfacet
  facet normal -0.980783 0.195101 0
    outer loop
      vertex 9 0 3.5
      vertex 8.9391 -0.306147 -4.74303e-07
      vertex 8.9391 -0.306147 3.5
    endloop
  endfacet
  facet normal -0.555568 0.831471 0
    outer loop
      vertex 8.76569 -0.565685 -4.74303e-07
      vertex 8.50615 -0.739103 3.5
      vertex 8.76569 -0.565685 3.5
    endloop
  endfacet
  facet normal -0.555568 0.831471 0
    outer loop
      vertex 8.50615 -0.739103 3.5
      vertex 8.76569 -0.565685 -4.74303e-07
      vertex 8.50615 -0.739103 -4.74303e-07
    endloop
  endfacet
  facet normal 0.831496 -0.555531 0
    outer loop
      vertex -20.3391 0.306147 3.5
      vertex -20.1657 0.565685 -4.74303e-07
      vertex -20.1657 0.565685 3.5
    endloop
  endfacet
  facet normal 0.831496 -0.555531 0
    outer loop
      vertex -20.1657 0.565685 -4.74303e-07
      vertex -20.3391 0.306147 3.5
      vertex -20.3391 0.306147 -4.74303e-07
    endloop
  endfacet
  facet normal 0.980783 -0.195101 0
    outer loop
      vertex -20.4 0 3.5
      vertex -20.3391 0.306147 -4.74303e-07
      vertex -20.3391 0.306147 3.5
    endloop
  endfacet
  facet normal 0.980783 -0.195101 0
    outer loop
      vertex -20.3391 0.306147 -4.74303e-07
      vertex -20.4 0 3.5
      vertex -20.4 0 -4.74303e-07
    endloop
  endfacet
  facet normal 0.555479 -0.831531 0
    outer loop
      vertex -20.1657 0.565685 -4.74303e-07
      vertex -19.9061 0.739103 3.5
      vertex -20.1657 0.565685 3.5
    endloop
  endfacet
  facet normal 0.555479 -0.831531 0
    outer loop
      vertex -19.9061 0.739103 3.5
      vertex -20.1657 0.565685 -4.74303e-07
      vertex -19.9061 0.739103 -4.74303e-07
    endloop
  endfacet
  facet normal 0.195118 -0.98078 0
    outer loop
      vertex -19.9061 0.739103 -4.74303e-07
      vertex -19.6 0.799999 3.5
      vertex -19.9061 0.739103 3.5
    endloop
  endfacet
  facet normal 0.195118 -0.98078 0
    outer loop
      vertex -19.6 0.799999 3.5
      vertex -19.9061 0.739103 -4.74303e-07
      vertex -19.6 0.799999 -4.74303e-07
    endloop
  endfacet
  facet normal 0.555479 0.831531 -0
    outer loop
      vertex -19.9061 -0.739103 -4.74303e-07
      vertex -20.1657 -0.565685 3.5
      vertex -19.9061 -0.739103 3.5
    endloop
  endfacet
  facet normal 0.555479 0.831531 0
    outer loop
      vertex -20.1657 -0.565685 3.5
      vertex -19.9061 -0.739103 -4.74303e-07
      vertex -20.1657 -0.565685 -4.74303e-07
    endloop
  endfacet
  facet normal 0.980783 0.195101 0
    outer loop
      vertex -20.3391 -0.306147 3.5
      vertex -20.4 0 -4.74303e-07
      vertex -20.4 0 3.5
    endloop
  endfacet
  facet normal 0.980783 0.195101 0
    outer loop
      vertex -20.4 0 -4.74303e-07
      vertex -20.3391 -0.306147 3.5
      vertex -20.3391 -0.306147 -4.74303e-07
    endloop
  endfacet
  facet normal -0.980783 0.195101 0
    outer loop
      vertex -18.8609 -0.306147 -4.74303e-07
      vertex -18.8 0 3.5
      vertex -18.8 0 -4.74303e-07
    endloop
  endfacet
  facet normal -0.980783 0.195101 0
    outer loop
      vertex -18.8 0 3.5
      vertex -18.8609 -0.306147 -4.74303e-07
      vertex -18.8609 -0.306147 3.5
    endloop
  endfacet
  facet normal -0.555479 -0.831531 0
    outer loop
      vertex -19.2939 0.739103 -4.74303e-07
      vertex -19.0343 0.565685 3.5
      vertex -19.2939 0.739103 3.5
    endloop
  endfacet
  facet normal -0.555479 -0.831531 -0
    outer loop
      vertex -19.0343 0.565685 3.5
      vertex -19.2939 0.739103 -4.74303e-07
      vertex -19.0343 0.565685 -4.74303e-07
    endloop
  endfacet
  facet normal -0.831496 -0.555531 0
    outer loop
      vertex -18.8609 0.306147 -4.74303e-07
      vertex -19.0343 0.565685 3.5
      vertex -19.0343 0.565685 -4.74303e-07
    endloop
  endfacet
  facet normal -0.831496 -0.555531 0
    outer loop
      vertex -19.0343 0.565685 3.5
      vertex -18.8609 0.306147 -4.74303e-07
      vertex -18.8609 0.306147 3.5
    endloop
  endfacet
  facet normal -0.195118 0.98078 0
    outer loop
      vertex -19.2939 -0.739103 -4.74303e-07
      vertex -19.6 -0.799999 3.5
      vertex -19.2939 -0.739103 3.5
    endloop
  endfacet
  facet normal -0.195118 0.98078 0
    outer loop
      vertex -19.6 -0.799999 3.5
      vertex -19.2939 -0.739103 -4.74303e-07
      vertex -19.6 -0.799999 -4.74303e-07
    endloop
  endfacet
  facet normal 0.831496 0.555531 0
    outer loop
      vertex -20.1657 -0.565685 3.5
      vertex -20.3391 -0.306147 -4.74303e-07
      vertex -20.3391 -0.306147 3.5
    endloop
  endfacet
  facet normal 0.831496 0.555531 0
    outer loop
      vertex -20.3391 -0.306147 -4.74303e-07
      vertex -20.1657 -0.565685 3.5
      vertex -20.1657 -0.565685 -4.74303e-07
    endloop
  endfacet
  facet normal -0.195118 -0.98078 0
    outer loop
      vertex -19.6 0.799999 -4.74303e-07
      vertex -19.2939 0.739103 3.5
      vertex -19.6 0.799999 3.5
    endloop
  endfacet
  facet normal -0.195118 -0.98078 -0
    outer loop
      vertex -19.2939 0.739103 3.5
      vertex -19.6 0.799999 -4.74303e-07
      vertex -19.2939 0.739103 -4.74303e-07
    endloop
  endfacet
  facet normal -0.980783 -0.195101 0
    outer loop
      vertex -18.8 0 -4.74303e-07
      vertex -18.8609 0.306147 3.5
      vertex -18.8609 0.306147 -4.74303e-07
    endloop
  endfacet
  facet normal -0.980783 -0.195101 0
    outer loop
      vertex -18.8609 0.306147 3.5
      vertex -18.8 0 -4.74303e-07
      vertex -18.8 0 3.5
    endloop
  endfacet
  facet normal -0.831496 0.555531 0
    outer loop
      vertex -19.0343 -0.565685 -4.74303e-07
      vertex -18.8609 -0.306147 3.5
      vertex -18.8609 -0.306147 -4.74303e-07
    endloop
  endfacet
  facet normal -0.831496 0.555531 0
    outer loop
      vertex -18.8609 -0.306147 3.5
      vertex -19.0343 -0.565685 -4.74303e-07
      vertex -19.0343 -0.565685 3.5
    endloop
  endfacet
  facet normal 0 0 -1
    outer loop
      vertex -18.8609 -0.306147 3.5
      vertex -18.8609 0.306147 3.5
      vertex -18.8 0 3.5
    endloop
  endfacet
  facet normal 0 0 -1
    outer loop
      vertex -19.0343 -0.565685 3.5
      vertex -18.8609 0.306147 3.5
      vertex -18.8609 -0.306147 3.5
    endloop
  endfacet
  facet normal 0 0 -1
    outer loop
      vertex -19.0343 -0.565685 3.5
      vertex -19.0343 0.565685 3.5
      vertex -18.8609 0.306147 3.5
    endloop
  endfacet
  facet normal 0 0 -1
    outer loop
      vertex -19.2939 -0.739103 3.5
      vertex -19.0343 0.565685 3.5
      vertex -19.0343 -0.565685 3.5
    endloop
  endfacet
  facet normal 0 0 -1
    outer loop
      vertex -19.2939 -0.739103 3.5
      vertex -19.2939 0.739103 3.5
      vertex -19.0343 0.565685 3.5
    endloop
  endfacet
  facet normal 0 0 -1
    outer loop
      vertex -19.6 -0.799999 3.5
      vertex -19.2939 0.739103 3.5
      vertex -19.2939 -0.739103 3.5
    endloop
  endfacet
  facet normal 0 0 -1
    outer loop
      vertex -19.6 -0.799999 3.5
      vertex -19.6 0.799999 3.5
      vertex -19.2939 0.739103 3.5
    endloop
  endfacet
  facet normal 0 0 -1
    outer loop
      vertex -19.9061 -0.739103 3.5
      vertex -19.6 0.799999 3.5
      vertex -19.6 -0.799999 3.5
    endloop
  endfacet
  facet normal 0 0 -1
    outer loop
      vertex -19.9061 -0.739103 3.5
      vertex -19.9061 0.739103 3.5
      vertex -19.6 0.799999 3.5
    endloop
  endfacet
  facet normal 0 0 -1
    outer loop
      vertex -20.1657 -0.565685 3.5
      vertex -19.9061 0.739103 3.5
      vertex -19.9061 -0.739103 3.5
    endloop
  endfacet
  facet normal 0 0 -1
    outer loop
      vertex -20.1657 -0.565685 3.5
      vertex -20.1657 0.565685 3.5
      vertex -19.9061 0.739103 3.5
    endloop
  endfacet
  facet normal 0 0 -1
    outer loop
      vertex -20.3391 -0.306147 3.5
      vertex -20.1657 0.565685 3.5
      vertex -20.1657 -0.565685 3.5
    endloop
  endfacet
  facet normal 0 0 -1
    outer loop
      vertex -20.3391 -0.306147 3.5
      vertex -20.3391 0.306147 3.5
      vertex -20.1657 0.565685 3.5
    endloop
  endfacet
  facet normal 0 -0 -1
    outer loop
      vertex -20.3391 0.306147 3.5
      vertex -20.3391 -0.306147 3.5
      vertex -20.4 0 3.5
    endloop
  endfacet
  facet normal 0.195118 0.98078 -0
    outer loop
      vertex -19.6 -0.799999 -4.74303e-07
      vertex -19.9061 -0.739103 3.5
      vertex -19.6 -0.799999 3.5
    endloop
  endfacet
  facet normal 0.195118 0.98078 0
    outer loop
      vertex -19.9061 -0.739103 3.5
      vertex -19.6 -0.799999 -4.74303e-07
      vertex -19.9061 -0.739103 -4.74303e-07
    endloop
  endfacet
  facet normal -0.555479 0.831531 0
    outer loop
      vertex -19.0343 -0.565685 -4.74303e-07
      vertex -19.2939 -0.739103 3.5
      vertex -19.0343 -0.565685 3.5
    endloop
  endfacet
  facet normal -0.555479 0.831531 0
    outer loop
      vertex -19.2939 -0.739103 3.5
      vertex -19.0343 -0.565685 -4.74303e-07
      vertex -19.2939 -0.739103 -4.74303e-07
    endloop
  endfacet
  facet normal 0.946915 -0.321484 0
    outer loop
      vertex -47.6421 -41.96 2.2
      vertex -47.5706 -41.7494 -4.74303e-07
      vertex -47.5706 -41.7494 2.2
    endloop
  endfacet
  facet normal 0.946915 -0.321484 0
    outer loop
      vertex -47.5706 -41.7494 -4.74303e-07
      vertex -47.6421 -41.96 2.2
      vertex -47.6421 -41.96 -4.74303e-07
    endloop
  endfacet
  facet normal 0.98077 -0.195165 0
    outer loop
      vertex -47.6855 -42.1781 2.2
      vertex -47.6421 -41.96 -4.74303e-07
      vertex -47.6421 -41.96 2.2
    endloop
  endfacet
  facet normal 0.98077 -0.195165 0
    outer loop
      vertex -47.6421 -41.96 -4.74303e-07
      vertex -47.6855 -42.1781 2.2
      vertex -47.6855 -42.1781 -4.74303e-07
    endloop
  endfacet
  facet normal 0.997872 -0.0652057 0
    outer loop
      vertex -47.7 -42.4 2.2
      vertex -47.6855 -42.1781 -4.74303e-07
      vertex -47.6855 -42.1781 2.2
    endloop
  endfacet
  facet normal 0.997872 -0.0652057 0
    outer loop
      vertex -47.6855 -42.1781 -4.74303e-07
      vertex -47.7 -42.4 2.2
      vertex -47.7 -42.4 -4.74303e-07
    endloop
  endfacet
  facet normal 0.751908 0.659268 0
    outer loop
      vertex -47.2021 -43.6021 2.2
      vertex -47.3487 -43.4349 -4.74303e-07
      vertex -47.3487 -43.4349 2.2
    endloop
  endfacet
  facet normal 0.751908 0.659268 0
    outer loop
      vertex -47.3487 -43.4349 -4.74303e-07
      vertex -47.2021 -43.6021 2.2
      vertex -47.2021 -43.6021 -4.74303e-07
    endloop
  endfacet
  facet normal -0.321484 -0.946915 0
    outer loop
      vertex -45.56 -40.7579 -4.74303e-07
      vertex -45.3494 -40.8294 2.2
      vertex -45.56 -40.7579 2.2
    endloop
  endfacet
  facet normal -0.321484 -0.946915 -0
    outer loop
      vertex -45.3494 -40.8294 2.2
      vertex -45.56 -40.7579 -4.74303e-07
      vertex -45.3494 -40.8294 -4.74303e-07
    endloop
  endfacet
  facet normal 0.0652057 -0.997872 0
    outer loop
      vertex -46.2219 -40.7145 -4.74303e-07
      vertex -46 -40.7 2.2
      vertex -46.2219 -40.7145 2.2
    endloop
  endfacet
  facet normal 0.0652057 -0.997872 0
    outer loop
      vertex -46 -40.7 2.2
      vertex -46.2219 -40.7145 -4.74303e-07
      vertex -46 -40.7 -4.74303e-07
    endloop
  endfacet
  facet normal -0.831566 -0.555426 0
    outer loop
      vertex -44.5278 -41.55 -4.74303e-07
      vertex -44.6513 -41.3651 2.2
      vertex -44.6513 -41.3651 -4.74303e-07
    endloop
  endfacet
  facet normal -0.831566 -0.555426 0
    outer loop
      vertex -44.6513 -41.3651 2.2
      vertex -44.5278 -41.55 -4.74303e-07
      vertex -44.5278 -41.55 2.2
    endloop
  endfacet
  facet normal 0.831566 -0.555426 0
    outer loop
      vertex -47.4722 -41.55 2.2
      vertex -47.3487 -41.3651 -4.74303e-07
      vertex -47.3487 -41.3651 2.2
    endloop
  endfacet
  facet normal 0.831566 -0.555426 0
    outer loop
      vertex -47.3487 -41.3651 -4.74303e-07
      vertex -47.4722 -41.55 2.2
      vertex -47.4722 -41.55 -4.74303e-07
    endloop
  endfacet
  facet normal 0.321484 0.946915 -0
    outer loop
      vertex -46.44 -44.0421 -4.74303e-07
      vertex -46.6506 -43.9706 2.2
      vertex -46.44 -44.0421 2.2
    endloop
  endfacet
  facet normal 0.321484 0.946915 0
    outer loop
      vertex -46.6506 -43.9706 2.2
      vertex -46.44 -44.0421 -4.74303e-07
      vertex -46.6506 -43.9706 -4.74303e-07
    endloop
  endfacet
  facet normal 0.896754 -0.44253 0
    outer loop
      vertex -47.5706 -41.7494 2.2
      vertex -47.4722 -41.55 -4.74303e-07
      vertex -47.4722 -41.55 2.2
    endloop
  endfacet
  facet normal 0.896754 -0.44253 0
    outer loop
      vertex -47.4722 -41.55 -4.74303e-07
      vertex -47.5706 -41.7494 2.2
      vertex -47.5706 -41.7494 -4.74303e-07
    endloop
  endfacet
  facet normal 0.44253 0.896754 -0
    outer loop
      vertex -46.6506 -43.9706 -4.74303e-07
      vertex -46.85 -43.8722 2.2
      vertex -46.6506 -43.9706 2.2
    endloop
  endfacet
  facet normal 0.44253 0.896754 0
    outer loop
      vertex -46.85 -43.8722 2.2
      vertex -46.6506 -43.9706 -4.74303e-07
      vertex -46.85 -43.8722 -4.74303e-07
    endloop
  endfacet
  facet normal 0.946915 0.321484 0
    outer loop
      vertex -47.5706 -43.0506 2.2
      vertex -47.6421 -42.84 -4.74303e-07
      vertex -47.6421 -42.84 2.2
    endloop
  endfacet
  facet normal 0.946915 0.321484 0
    outer loop
      vertex -47.6421 -42.84 -4.74303e-07
      vertex -47.5706 -43.0506 2.2
      vertex -47.5706 -43.0506 -4.74303e-07
    endloop
  endfacet
  facet normal 0.321484 -0.946915 0
    outer loop
      vertex -46.6506 -40.8294 -4.74303e-07
      vertex -46.44 -40.7579 2.2
      vertex -46.6506 -40.8294 2.2
    endloop
  endfacet
  facet normal 0.321484 -0.946915 0
    outer loop
      vertex -46.44 -40.7579 2.2
      vertex -46.6506 -40.8294 -4.74303e-07
      vertex -46.44 -40.7579 -4.74303e-07
    endloop
  endfacet
  facet normal 0.997872 0.0652057 0
    outer loop
      vertex -47.6855 -42.6219 2.2
      vertex -47.7 -42.4 -4.74303e-07
      vertex -47.7 -42.4 2.2
    endloop
  endfacet
  facet normal 0.997872 0.0652057 0
    outer loop
      vertex -47.7 -42.4 -4.74303e-07
      vertex -47.6855 -42.6219 2.2
      vertex -47.6855 -42.6219 -4.74303e-07
    endloop
  endfacet
  facet normal -0.896754 0.44253 0
    outer loop
      vertex -44.5278 -43.25 -4.74303e-07
      vertex -44.4294 -43.0506 2.2
      vertex -44.4294 -43.0506 -4.74303e-07
    endloop
  endfacet
  facet normal -0.896754 0.44253 0
    outer loop
      vertex -44.4294 -43.0506 2.2
      vertex -44.5278 -43.25 -4.74303e-07
      vertex -44.5278 -43.25 2.2
    endloop
  endfacet
  facet normal 0.44253 -0.896754 0
    outer loop
      vertex -46.85 -40.9278 -4.74303e-07
      vertex -46.6506 -40.8294 2.2
      vertex -46.85 -40.9278 2.2
    endloop
  endfacet
  facet normal 0.44253 -0.896754 0
    outer loop
      vertex -46.6506 -40.8294 2.2
      vertex -46.85 -40.9278 -4.74303e-07
      vertex -46.6506 -40.8294 -4.74303e-07
    endloop
  endfacet
  facet normal -0.555426 -0.831566 0
    outer loop
      vertex -45.15 -40.9278 -4.74303e-07
      vertex -44.9651 -41.0513 2.2
      vertex -45.15 -40.9278 2.2
    endloop
  endfacet
  facet normal -0.555426 -0.831566 -0
    outer loop
      vertex -44.9651 -41.0513 2.2
      vertex -45.15 -40.9278 -4.74303e-07
      vertex -44.9651 -41.0513 -4.74303e-07
    endloop
  endfacet
  facet normal 0.659268 0.751908 -0
    outer loop
      vertex -47.0349 -43.7487 -4.74303e-07
      vertex -47.2021 -43.6021 2.2
      vertex -47.0349 -43.7487 2.2
    endloop
  endfacet
  facet normal 0.659268 0.751908 0
    outer loop
      vertex -47.2021 -43.6021 2.2
      vertex -47.0349 -43.7487 -4.74303e-07
      vertex -47.2021 -43.6021 -4.74303e-07
    endloop
  endfacet
  facet normal 0.98077 0.195165 0
    outer loop
      vertex -47.6421 -42.84 2.2
      vertex -47.6855 -42.6219 -4.74303e-07
      vertex -47.6855 -42.6219 2.2
    endloop
  endfacet
  facet normal 0.98077 0.195165 0
    outer loop
      vertex -47.6855 -42.6219 -4.74303e-07
      vertex -47.6421 -42.84 2.2
      vertex -47.6421 -42.84 -4.74303e-07
    endloop
  endfacet
  facet normal -0.896754 -0.44253 0
    outer loop
      vertex -44.4294 -41.7494 -4.74303e-07
      vertex -44.5278 -41.55 2.2
      vertex -44.5278 -41.55 -4.74303e-07
    endloop
  endfacet
  facet normal -0.896754 -0.44253 0
    outer loop
      vertex -44.5278 -41.55 2.2
      vertex -44.4294 -41.7494 -4.74303e-07
      vertex -44.4294 -41.7494 2.2
    endloop
  endfacet
  facet normal -0.195165 0.98077 0
    outer loop
      vertex -45.56 -44.0421 -4.74303e-07
      vertex -45.7781 -44.0855 2.2
      vertex -45.56 -44.0421 2.2
    endloop
  endfacet
  facet normal -0.195165 0.98077 0
    outer loop
      vertex -45.7781 -44.0855 2.2
      vertex -45.56 -44.0421 -4.74303e-07
      vertex -45.7781 -44.0855 -4.74303e-07
    endloop
  endfacet
  facet normal -0.751908 0.659268 0
    outer loop
      vertex -44.7979 -43.6021 -4.74303e-07
      vertex -44.6513 -43.4349 2.2
      vertex -44.6513 -43.4349 -4.74303e-07
    endloop
  endfacet
  facet normal -0.751908 0.659268 0
    outer loop
      vertex -44.6513 -43.4349 2.2
      vertex -44.7979 -43.6021 -4.74303e-07
      vertex -44.7979 -43.6021 2.2
    endloop
  endfacet
  facet normal -0.831566 0.555426 0
    outer loop
      vertex -44.6513 -43.4349 -4.74303e-07
      vertex -44.5278 -43.25 2.2
      vertex -44.5278 -43.25 -4.74303e-07
    endloop
  endfacet
  facet normal -0.831566 0.555426 0
    outer loop
      vertex -44.5278 -43.25 2.2
      vertex -44.6513 -43.4349 -4.74303e-07
      vertex -44.6513 -43.4349 2.2
    endloop
  endfacet
  facet normal 0.195165 0.98077 -0
    outer loop
      vertex -46.2219 -44.0855 -4.74303e-07
      vertex -46.44 -44.0421 2.2
      vertex -46.2219 -44.0855 2.2
    endloop
  endfacet
  facet normal 0.195165 0.98077 0
    outer loop
      vertex -46.44 -44.0421 2.2
      vertex -46.2219 -44.0855 -4.74303e-07
      vertex -46.44 -44.0421 -4.74303e-07
    endloop
  endfacet
  facet normal -0.997872 0.0652057 0
    outer loop
      vertex -44.3145 -42.6219 -4.74303e-07
      vertex -44.3 -42.4 2.2
      vertex -44.3 -42.4 -4.74303e-07
    endloop
  endfacet
  facet normal -0.997872 0.0652057 0
    outer loop
      vertex -44.3 -42.4 2.2
      vertex -44.3145 -42.6219 -4.74303e-07
      vertex -44.3145 -42.6219 2.2
    endloop
  endfacet
  facet normal 0.896754 0.44253 0
    outer loop
      vertex -47.4722 -43.25 2.2
      vertex -47.5706 -43.0506 -4.74303e-07
      vertex -47.5706 -43.0506 2.2
    endloop
  endfacet
  facet normal 0.896754 0.44253 0
    outer loop
      vertex -47.5706 -43.0506 -4.74303e-07
      vertex -47.4722 -43.25 2.2
      vertex -47.4722 -43.25 -4.74303e-07
    endloop
  endfacet
  facet normal -0.0652057 -0.997872 0
    outer loop
      vertex -46 -40.7 -4.74303e-07
      vertex -45.7781 -40.7145 2.2
      vertex -46 -40.7 2.2
    endloop
  endfacet
  facet normal -0.0652057 -0.997872 -0
    outer loop
      vertex -45.7781 -40.7145 2.2
      vertex -46 -40.7 -4.74303e-07
      vertex -45.7781 -40.7145 -4.74303e-07
    endloop
  endfacet
  facet normal 0.195165 -0.98077 0
    outer loop
      vertex -46.44 -40.7579 -4.74303e-07
      vertex -46.2219 -40.7145 2.2
      vertex -46.44 -40.7579 2.2
    endloop
  endfacet
  facet normal 0.195165 -0.98077 0
    outer loop
      vertex -46.2219 -40.7145 2.2
      vertex -46.44 -40.7579 -4.74303e-07
      vertex -46.2219 -40.7145 -4.74303e-07
    endloop
  endfacet
  facet normal -0.659268 -0.751908 0
    outer loop
      vertex -44.9651 -41.0513 -4.74303e-07
      vertex -44.7979 -41.1979 2.2
      vertex -44.9651 -41.0513 2.2
    endloop
  endfacet
  facet normal -0.659268 -0.751908 -0
    outer loop
      vertex -44.7979 -41.1979 2.2
      vertex -44.9651 -41.0513 -4.74303e-07
      vertex -44.7979 -41.1979 -4.74303e-07
    endloop
  endfacet
  facet normal 0.555426 -0.831566 0
    outer loop
      vertex -47.0349 -41.0513 -4.74303e-07
      vertex -46.85 -40.9278 2.2
      vertex -47.0349 -41.0513 2.2
    endloop
  endfacet
  facet normal 0.555426 -0.831566 0
    outer loop
      vertex -46.85 -40.9278 2.2
      vertex -47.0349 -41.0513 -4.74303e-07
      vertex -46.85 -40.9278 -4.74303e-07
    endloop
  endfacet
  facet normal -0.44253 -0.896754 0
    outer loop
      vertex -45.3494 -40.8294 -4.74303e-07
      vertex -45.15 -40.9278 2.2
      vertex -45.3494 -40.8294 2.2
    endloop
  endfacet
  facet normal -0.44253 -0.896754 -0
    outer loop
      vertex -45.15 -40.9278 2.2
      vertex -45.3494 -40.8294 -4.74303e-07
      vertex -45.15 -40.9278 -4.74303e-07
    endloop
  endfacet
  facet normal 0.751908 -0.659268 0
    outer loop
      vertex -47.3487 -41.3651 2.2
      vertex -47.2021 -41.1979 -4.74303e-07
      vertex -47.2021 -41.1979 2.2
    endloop
  endfacet
  facet normal 0.751908 -0.659268 0
    outer loop
      vertex -47.2021 -41.1979 -4.74303e-07
      vertex -47.3487 -41.3651 2.2
      vertex -47.3487 -41.3651 -4.74303e-07
    endloop
  endfacet
  facet normal -0.195165 -0.98077 0
    outer loop
      vertex -45.7781 -40.7145 -4.74303e-07
      vertex -45.56 -40.7579 2.2
      vertex -45.7781 -40.7145 2.2
    endloop
  endfacet
  facet normal -0.195165 -0.98077 -0
    outer loop
      vertex -45.56 -40.7579 2.2
      vertex -45.7781 -40.7145 -4.74303e-07
      vertex -45.56 -40.7579 -4.74303e-07
    endloop
  endfacet
  facet normal -0.98077 -0.195165 0
    outer loop
      vertex -44.3145 -42.1781 -4.74303e-07
      vertex -44.3579 -41.96 2.2
      vertex -44.3579 -41.96 -4.74303e-07
    endloop
  endfacet
  facet normal -0.98077 -0.195165 0
    outer loop
      vertex -44.3579 -41.96 2.2
      vertex -44.3145 -42.1781 -4.74303e-07
      vertex -44.3145 -42.1781 2.2
    endloop
  endfacet
  facet normal -0.44253 0.896754 0
    outer loop
      vertex -45.15 -43.8722 -4.74303e-07
      vertex -45.3494 -43.9706 2.2
      vertex -45.15 -43.8722 2.2
    endloop
  endfacet
  facet normal -0.44253 0.896754 0
    outer loop
      vertex -45.3494 -43.9706 2.2
      vertex -45.15 -43.8722 -4.74303e-07
      vertex -45.3494 -43.9706 -4.74303e-07
    endloop
  endfacet
  facet normal 0.831566 0.555426 0
    outer loop
      vertex -47.3487 -43.4349 2.2
      vertex -47.4722 -43.25 -4.74303e-07
      vertex -47.4722 -43.25 2.2
    endloop
  endfacet
  facet normal 0.831566 0.555426 0
    outer loop
      vertex -47.4722 -43.25 -4.74303e-07
      vertex -47.3487 -43.4349 2.2
      vertex -47.3487 -43.4349 -4.74303e-07
    endloop
  endfacet
  facet normal 0.555426 0.831566 -0
    outer loop
      vertex -46.85 -43.8722 -4.74303e-07
      vertex -47.0349 -43.7487 2.2
      vertex -46.85 -43.8722 2.2
    endloop
  endfacet
  facet normal 0.555426 0.831566 0
    outer loop
      vertex -47.0349 -43.7487 2.2
      vertex -46.85 -43.8722 -4.74303e-07
      vertex -47.0349 -43.7487 -4.74303e-07
    endloop
  endfacet
  facet normal 0.659268 -0.751908 0
    outer loop
      vertex -47.2021 -41.1979 -4.74303e-07
      vertex -47.0349 -41.0513 2.2
      vertex -47.2021 -41.1979 2.2
    endloop
  endfacet
  facet normal 0.659268 -0.751908 0
    outer loop
      vertex -47.0349 -41.0513 2.2
      vertex -47.2021 -41.1979 -4.74303e-07
      vertex -47.0349 -41.0513 -4.74303e-07
    endloop
  endfacet
  facet normal -0.321484 0.946915 0
    outer loop
      vertex -45.3494 -43.9706 -4.74303e-07
      vertex -45.56 -44.0421 2.2
      vertex -45.3494 -43.9706 2.2
    endloop
  endfacet
  facet normal -0.321484 0.946915 0
    outer loop
      vertex -45.56 -44.0421 2.2
      vertex -45.3494 -43.9706 -4.74303e-07
      vertex -45.56 -44.0421 -4.74303e-07
    endloop
  endfacet
  facet normal -0.0652057 0.997872 0
    outer loop
      vertex -45.7781 -44.0855 -4.74303e-07
      vertex -46 -44.1 2.2
      vertex -45.7781 -44.0855 2.2
    endloop
  endfacet
  facet normal -0.0652057 0.997872 0
    outer loop
      vertex -46 -44.1 2.2
      vertex -45.7781 -44.0855 -4.74303e-07
      vertex -46 -44.1 -4.74303e-07
    endloop
  endfacet
  facet normal -0.659268 0.751908 0
    outer loop
      vertex -44.7979 -43.6021 -4.74303e-07
      vertex -44.9651 -43.7487 2.2
      vertex -44.7979 -43.6021 2.2
    endloop
  endfacet
  facet normal -0.659268 0.751908 0
    outer loop
      vertex -44.9651 -43.7487 2.2
      vertex -44.7979 -43.6021 -4.74303e-07
      vertex -44.9651 -43.7487 -4.74303e-07
    endloop
  endfacet
  facet normal -0.751908 -0.659268 0
    outer loop
      vertex -44.6513 -41.3651 -4.74303e-07
      vertex -44.7979 -41.1979 2.2
      vertex -44.7979 -41.1979 -4.74303e-07
    endloop
  endfacet
  facet normal -0.751908 -0.659268 0
    outer loop
      vertex -44.7979 -41.1979 2.2
      vertex -44.6513 -41.3651 -4.74303e-07
      vertex -44.6513 -41.3651 2.2
    endloop
  endfacet
  facet normal 0.0652057 0.997872 -0
    outer loop
      vertex -46 -44.1 -4.74303e-07
      vertex -46.2219 -44.0855 2.2
      vertex -46 -44.1 2.2
    endloop
  endfacet
  facet normal 0.0652057 0.997872 0
    outer loop
      vertex -46.2219 -44.0855 2.2
      vertex -46 -44.1 -4.74303e-07
      vertex -46.2219 -44.0855 -4.74303e-07
    endloop
  endfacet
  facet normal -0.997872 -0.0652057 0
    outer loop
      vertex -44.3 -42.4 -4.74303e-07
      vertex -44.3145 -42.1781 2.2
      vertex -44.3145 -42.1781 -4.74303e-07
    endloop
  endfacet
  facet normal -0.997872 -0.0652057 0
    outer loop
      vertex -44.3145 -42.1781 2.2
      vertex -44.3 -42.4 -4.74303e-07
      vertex -44.3 -42.4 2.2
    endloop
  endfacet
  facet normal -0.946915 0.321484 0
    outer loop
      vertex -44.4294 -43.0506 -4.74303e-07
      vertex -44.3579 -42.84 2.2
      vertex -44.3579 -42.84 -4.74303e-07
    endloop
  endfacet
  facet normal -0.946915 0.321484 0
    outer loop
      vertex -44.3579 -42.84 2.2
      vertex -44.4294 -43.0506 -4.74303e-07
      vertex -44.4294 -43.0506 2.2
    endloop
  endfacet
  facet normal -0.946915 -0.321484 0
    outer loop
      vertex -44.3579 -41.96 -4.74303e-07
      vertex -44.4294 -41.7494 2.2
      vertex -44.4294 -41.7494 -4.74303e-07
    endloop
  endfacet
  facet normal -0.946915 -0.321484 0
    outer loop
      vertex -44.4294 -41.7494 2.2
      vertex -44.3579 -41.96 -4.74303e-07
      vertex -44.3579 -41.96 2.2
    endloop
  endfacet
  facet normal -0.555426 0.831566 0
    outer loop
      vertex -44.9651 -43.7487 -4.74303e-07
      vertex -45.15 -43.8722 2.2
      vertex -44.9651 -43.7487 2.2
    endloop
  endfacet
  facet normal -0.555426 0.831566 0
    outer loop
      vertex -45.15 -43.8722 2.2
      vertex -44.9651 -43.7487 -4.74303e-07
      vertex -45.15 -43.8722 -4.74303e-07
    endloop
  endfacet
  facet normal -0.98077 0.195165 0
    outer loop
      vertex -44.3579 -42.84 -4.74303e-07
      vertex -44.3145 -42.6219 2.2
      vertex -44.3145 -42.6219 -4.74303e-07
    endloop
  endfacet
  facet normal -0.98077 0.195165 0
    outer loop
      vertex -44.3145 -42.6219 2.2
      vertex -44.3579 -42.84 -4.74303e-07
      vertex -44.3579 -42.84 2.2
    endloop
  endfacet
  facet normal -0.237193 0.711578 0.661359
    outer loop
      vertex -45.3494 -43.9706 2.2
      vertex -44.7417 -45.441 4
      vertex -44.7405 -45.4406 4
    endloop
  endfacet
  facet normal -0.241095 0.710136 0.661498
    outer loop
      vertex -44.7417 -45.441 4
      vertex -45.3494 -43.9706 2.2
      vertex -45.56 -44.0421 2.2
    endloop
  endfacet
  facet normal -0.735515 0.146404 0.661501
    outer loop
      vertex -44.3579 -42.84 2.2
      vertex -42.821 -43.2518 4
      vertex -42.7372 -42.8308 4
    endloop
  endfacet
  facet normal 0.748322 -0.0490846 0.661517
    outer loop
      vertex -49.2912 -42.4 4
      vertex -47.7 -42.4 2.2
      vertex -49.2631 -41.9716 4
    endloop
  endfacet
  facet normal 0.747029 -0.0622524 0.661871
    outer loop
      vertex -49.2631 -41.9716 4
      vertex -47.6855 -42.1781 2.2
      vertex -49.263 -41.9704 4
    endloop
  endfacet
  facet normal 0.748351 -0.0489008 0.661498
    outer loop
      vertex -47.6855 -42.1781 2.2
      vertex -49.2631 -41.9716 4
      vertex -47.7 -42.4 2.2
    endloop
  endfacet
  facet normal 0.494479 0.563821 0.661511
    outer loop
      vertex -48.3263 -44.728 4
      vertex -48.0035 -45.0111 4
      vertex -47.0349 -43.7487 2.2
    endloop
  endfacet
  facet normal 0.146361 0.735512 0.661514
    outer loop
      vertex -46.44 -44.0421 2.2
      vertex -46.8506 -45.5793 4
      vertex -46.2219 -44.0855 2.2
    endloop
  endfacet
  facet normal 0.181729 0.726918 0.662242
    outer loop
      vertex -46.8506 -45.5793 4
      vertex -46.44 -44.0421 2.2
      vertex -46.8518 -45.579 4
    endloop
  endfacet
  facet normal 0.737823 0.12297 0.663699
    outer loop
      vertex -47.6421 -42.84 2.2
      vertex -49.263 -42.8296 4
      vertex -49.2628 -42.8308 4
    endloop
  endfacet
  facet normal 0.735527 0.146363 0.661496
    outer loop
      vertex -49.263 -42.8296 4
      vertex -47.6421 -42.84 2.2
      vertex -47.6855 -42.6219 2.2
    endloop
  endfacet
  facet normal -0.557648 0.501884 0.661167
    outer loop
      vertex -44.6513 -43.4349 2.2
      vertex -43.3898 -44.4045 4
      vertex -43.3889 -44.4035 4
    endloop
  endfacet
  facet normal -0.563883 0.494409 0.66151
    outer loop
      vertex -43.3898 -44.4045 4
      vertex -44.6513 -43.4349 2.2
      vertex -44.7979 -43.6021 2.2
    endloop
  endfacet
  facet normal 0.672522 0.331876 0.661493
    outer loop
      vertex -49.0406 -43.6595 4
      vertex -47.4722 -43.25 2.2
      vertex -47.5706 -43.0506 2.2
    endloop
  endfacet
  facet normal 0.680929 0.309513 0.66373
    outer loop
      vertex -47.4722 -43.25 2.2
      vertex -49.0406 -43.6595 4
      vertex -49.0401 -43.6606 4
    endloop
  endfacet
  facet normal 0.710142 0.241081 0.661497
    outer loop
      vertex -49.179 -43.2518 4
      vertex -49.041 -43.6583 4
      vertex -47.6421 -42.84 2.2
    endloop
  endfacet
  facet normal -0.563838 0.494472 0.661502
    outer loop
      vertex -44.7979 -43.6021 2.2
      vertex -43.6728 -44.7272 4
      vertex -43.3898 -44.4045 4
    endloop
  endfacet
  facet normal -0.672566 0.331741 0.661516
    outer loop
      vertex -44.5278 -43.25 2.2
      vertex -43.1498 -44.0456 4
      vertex -42.9599 -43.6606 4
    endloop
  endfacet
  facet normal -0.710142 0.241081 0.661497
    outer loop
      vertex -44.3579 -42.84 2.2
      vertex -42.959 -43.6583 4
      vertex -42.821 -43.2518 4
    endloop
  endfacet
  facet normal 0.0488997 -0.748333 0.661518
    outer loop
      vertex -46 -40.7 2.2
      vertex -46.0012 -39.1089 4
      vertex -46.2219 -40.7145 2.2
    endloop
  endfacet
  facet normal 0.0623141 -0.747769 0.661028
    outer loop
      vertex -46.0012 -39.1089 4
      vertex -46 -40.7 2.2
      vertex -46 -39.1088 4
    endloop
  endfacet
  facet normal -0.416674 -0.623525 0.661513
    outer loop
      vertex -45.15 -40.9278 2.2
      vertex -43.9975 -39.7883 4
      vertex -44.3544 -39.5498 4
    endloop
  endfacet
  facet normal -0.0490857 -0.748338 0.661499
    outer loop
      vertex -45.9988 -39.1089 4
      vertex -45.7781 -40.7145 2.2
      vertex -45.5704 -39.137 4
    endloop
  endfacet
  facet normal 0.623525 0.416674 0.661513
    outer loop
      vertex -48.8502 -44.0456 4
      vertex -48.6117 -44.4025 4
      vertex -47.4722 -43.25 2.2
    endloop
  endfacet
  facet normal -0.498144 0.560413 0.661657
    outer loop
      vertex -44.7979 -43.6021 2.2
      vertex -43.6737 -44.728 4
      vertex -43.6728 -44.7272 4
    endloop
  endfacet
  facet normal -0.494414 0.563889 0.661501
    outer loop
      vertex -43.6737 -44.728 4
      vertex -44.7979 -43.6021 2.2
      vertex -44.9651 -43.7487 2.2
    endloop
  endfacet
  facet normal 0.748351 0.0489008 0.661498
    outer loop
      vertex -49.2631 -42.8284 4
      vertex -47.6855 -42.6219 2.2
      vertex -47.7 -42.4 2.2
    endloop
  endfacet
  facet normal 0.747029 0.0622524 0.661871
    outer loop
      vertex -47.6855 -42.6219 2.2
      vertex -49.2631 -42.8284 4
      vertex -49.263 -42.8296 4
    endloop
  endfacet
  facet normal 0.416674 0.623525 0.661513
    outer loop
      vertex -48.0025 -45.0117 4
      vertex -47.6456 -45.2502 4
      vertex -46.85 -43.8722 2.2
    endloop
  endfacet
  facet normal -0.0488997 0.748333 0.661518
    outer loop
      vertex -46 -44.1 2.2
      vertex -45.9988 -45.6911 4
      vertex -45.7781 -44.0855 2.2
    endloop
  endfacet
  facet normal -0.0623141 0.747769 0.661028
    outer loop
      vertex -45.9988 -45.6911 4
      vertex -46 -44.1 2.2
      vertex -46 -45.6912 4
    endloop
  endfacet
  facet normal 0.0623141 0.747769 0.661028
    outer loop
      vertex -46 -44.1 2.2
      vertex -46.0012 -45.6911 4
      vertex -46 -45.6912 4
    endloop
  endfacet
  facet normal 0.0488997 0.748333 0.661518
    outer loop
      vertex -46.0012 -45.6911 4
      vertex -46 -44.1 2.2
      vertex -46.2219 -44.0855 2.2
    endloop
  endfacet
  facet normal 0.241095 0.710136 0.661498
    outer loop
      vertex -46.6506 -43.9706 2.2
      vertex -47.2583 -45.441 4
      vertex -46.44 -44.0421 2.2
    endloop
  endfacet
  facet normal 0.237193 0.711578 0.661359
    outer loop
      vertex -47.2583 -45.441 4
      vertex -46.6506 -43.9706 2.2
      vertex -47.2595 -45.4406 4
    endloop
  endfacet
  facet normal 0.748322 0.0490846 0.661517
    outer loop
      vertex -49.2912 -42.4 4
      vertex -49.2631 -42.8284 4
      vertex -47.7 -42.4 2.2
    endloop
  endfacet
  facet normal 0.494414 0.563889 0.661501
    outer loop
      vertex -47.2021 -43.6021 2.2
      vertex -48.3263 -44.728 4
      vertex -47.0349 -43.7487 2.2
    endloop
  endfacet
  facet normal 0.498144 0.560413 0.661657
    outer loop
      vertex -48.3263 -44.728 4
      vertex -47.2021 -43.6021 2.2
      vertex -48.3272 -44.7272 4
    endloop
  endfacet
  facet normal 0.331741 0.672566 0.661516
    outer loop
      vertex -47.6456 -45.2502 4
      vertex -47.2606 -45.4401 4
      vertex -46.85 -43.8722 2.2
    endloop
  endfacet
  facet normal -0.146361 -0.735512 0.661514
    outer loop
      vertex -45.56 -40.7579 2.2
      vertex -45.1494 -39.2207 4
      vertex -45.7781 -40.7145 2.2
    endloop
  endfacet
  facet normal -0.181729 -0.726918 0.662242
    outer loop
      vertex -45.1494 -39.2207 4
      vertex -45.56 -40.7579 2.2
      vertex -45.1482 -39.221 4
    endloop
  endfacet
  facet normal -0.498144 -0.560413 0.661657
    outer loop
      vertex -43.6737 -40.072 4
      vertex -44.7979 -41.1979 2.2
      vertex -43.6728 -40.0728 4
    endloop
  endfacet
  facet normal -0.494414 -0.563889 0.661501
    outer loop
      vertex -44.7979 -41.1979 2.2
      vertex -43.6737 -40.072 4
      vertex -44.9651 -41.0513 2.2
    endloop
  endfacet
  facet normal 0.331876 0.672522 0.661493
    outer loop
      vertex -46.85 -43.8722 2.2
      vertex -47.2595 -45.4406 4
      vertex -46.6506 -43.9706 2.2
    endloop
  endfacet
  facet normal 0.309513 0.680929 0.66373
    outer loop
      vertex -47.2595 -45.4406 4
      vertex -46.85 -43.8722 2.2
      vertex -47.2606 -45.4401 4
    endloop
  endfacet
  facet normal -0.672522 0.331876 0.661493
    outer loop
      vertex -44.5278 -43.25 2.2
      vertex -42.9594 -43.6595 4
      vertex -44.4294 -43.0506 2.2
    endloop
  endfacet
  facet normal -0.680929 0.309513 0.66373
    outer loop
      vertex -42.9594 -43.6595 4
      vertex -44.5278 -43.25 2.2
      vertex -42.9599 -43.6606 4
    endloop
  endfacet
  facet normal -0.735527 0.146363 0.661496
    outer loop
      vertex -44.3579 -42.84 2.2
      vertex -42.737 -42.8296 4
      vertex -44.3145 -42.6219 2.2
    endloop
  endfacet
  facet normal -0.737823 0.12297 0.663699
    outer loop
      vertex -42.737 -42.8296 4
      vertex -44.3579 -42.84 2.2
      vertex -42.7372 -42.8308 4
    endloop
  endfacet
  facet normal 0.494479 -0.563821 0.661511
    outer loop
      vertex -48.3263 -40.072 4
      vertex -47.0349 -41.0513 2.2
      vertex -48.0035 -39.7889 4
    endloop
  endfacet
  facet normal 0.710136 0.241095 0.661498
    outer loop
      vertex -49.041 -43.6583 4
      vertex -47.5706 -43.0506 2.2
      vertex -47.6421 -42.84 2.2
    endloop
  endfacet
  facet normal 0.711578 0.237193 0.661359
    outer loop
      vertex -47.5706 -43.0506 2.2
      vertex -49.041 -43.6583 4
      vertex -49.0406 -43.6595 4
    endloop
  endfacet
  facet normal 0.0490857 0.748338 0.661499
    outer loop
      vertex -46.4296 -45.663 4
      vertex -46.0012 -45.6911 4
      vertex -46.2219 -44.0855 2.2
    endloop
  endfacet
  facet normal 0.146236 0.735549 0.661501
    outer loop
      vertex -46.8506 -45.5793 4
      vertex -46.4296 -45.663 4
      vertex -46.2219 -44.0855 2.2
    endloop
  endfacet
  facet normal 0.623632 0.416541 0.661496
    outer loop
      vertex -48.6117 -44.4025 4
      vertex -47.3487 -43.4349 2.2
      vertex -47.4722 -43.25 2.2
    endloop
  endfacet
  facet normal 0.644292 0.386575 0.659884
    outer loop
      vertex -47.3487 -43.4349 2.2
      vertex -48.6117 -44.4025 4
      vertex -48.6111 -44.4035 4
    endloop
  endfacet
  facet normal 0.563883 0.494409 0.66151
    outer loop
      vertex -47.3487 -43.4349 2.2
      vertex -48.6102 -44.4045 4
      vertex -47.2021 -43.6021 2.2
    endloop
  endfacet
  facet normal 0.557648 0.501884 0.661167
    outer loop
      vertex -48.6102 -44.4045 4
      vertex -47.3487 -43.4349 2.2
      vertex -48.6111 -44.4035 4
    endloop
  endfacet
  facet normal 0.563838 0.494472 0.661502
    outer loop
      vertex -48.6102 -44.4045 4
      vertex -48.3272 -44.7272 4
      vertex -47.2021 -43.6021 2.2
    endloop
  endfacet
  facet normal 0.735515 0.146404 0.661501
    outer loop
      vertex -49.2628 -42.8308 4
      vertex -49.179 -43.2518 4
      vertex -47.6421 -42.84 2.2
    endloop
  endfacet
  facet normal -0.747029 -0.0622524 0.661871
    outer loop
      vertex -44.3145 -42.1781 2.2
      vertex -42.7369 -41.9716 4
      vertex -42.737 -41.9704 4
    endloop
  endfacet
  facet normal -0.748351 -0.0489008 0.661498
    outer loop
      vertex -42.7369 -41.9716 4
      vertex -44.3145 -42.1781 2.2
      vertex -44.3 -42.4 2.2
    endloop
  endfacet
  facet normal -0.331741 0.672566 0.661516
    outer loop
      vertex -45.15 -43.8722 2.2
      vertex -44.7394 -45.4401 4
      vertex -44.3544 -45.2502 4
    endloop
  endfacet
  facet normal -0.146236 0.735549 0.661501
    outer loop
      vertex -45.7781 -44.0855 2.2
      vertex -45.5704 -45.663 4
      vertex -45.1494 -45.5793 4
    endloop
  endfacet
  facet normal -0.241081 -0.71014 0.6615
    outer loop
      vertex -45.3494 -40.8294 2.2
      vertex -44.7405 -39.3594 4
      vertex -45.147 -39.2214 4
    endloop
  endfacet
  facet normal 0.241081 0.710142 0.661497
    outer loop
      vertex -47.2583 -45.441 4
      vertex -46.8518 -45.579 4
      vertex -46.44 -44.0421 2.2
    endloop
  endfacet
  facet normal -0.614814 -0.43037 0.660898
    outer loop
      vertex -43.1505 -40.7534 4
      vertex -44.5278 -41.55 2.2
      vertex -43.1498 -40.7544 4
    endloop
  endfacet
  facet normal -0.62362 -0.416533 0.661512
    outer loop
      vertex -44.5278 -41.55 2.2
      vertex -43.1505 -40.7534 4
      vertex -44.6513 -41.3651 2.2
    endloop
  endfacet
  facet normal -0.65783 -0.358816 0.662202
    outer loop
      vertex -44.5278 -41.55 2.2
      vertex -43.1492 -40.7555 4
      vertex -43.1498 -40.7544 4
    endloop
  endfacet
  facet normal -0.67249 -0.331861 0.661532
    outer loop
      vertex -43.1492 -40.7555 4
      vertex -44.5278 -41.55 2.2
      vertex -44.4294 -41.7494 2.2
    endloop
  endfacet
  facet normal -0.309513 0.680929 0.66373
    outer loop
      vertex -45.15 -43.8722 2.2
      vertex -44.7405 -45.4406 4
      vertex -44.7394 -45.4401 4
    endloop
  endfacet
  facet normal -0.331876 0.672522 0.661493
    outer loop
      vertex -44.7405 -45.4406 4
      vertex -45.15 -43.8722 2.2
      vertex -45.3494 -43.9706 2.2
    endloop
  endfacet
  facet normal -0.0623141 -0.747769 0.661028
    outer loop
      vertex -46 -40.7 2.2
      vertex -45.9988 -39.1089 4
      vertex -46 -39.1088 4
    endloop
  endfacet
  facet normal -0.0488997 -0.748333 0.661518
    outer loop
      vertex -45.9988 -39.1089 4
      vertex -46 -40.7 2.2
      vertex -45.7781 -40.7145 2.2
    endloop
  endfacet
  facet normal -0.710136 0.241095 0.661498
    outer loop
      vertex -44.4294 -43.0506 2.2
      vertex -42.959 -43.6583 4
      vertex -44.3579 -42.84 2.2
    endloop
  endfacet
  facet normal -0.711578 0.237193 0.661359
    outer loop
      vertex -42.959 -43.6583 4
      vertex -44.4294 -43.0506 2.2
      vertex -42.9594 -43.6595 4
    endloop
  endfacet
  facet normal -0.737823 -0.12297 0.663699
    outer loop
      vertex -44.3579 -41.96 2.2
      vertex -42.737 -41.9704 4
      vertex -42.7372 -41.9692 4
    endloop
  endfacet
  facet normal -0.735527 -0.146363 0.661496
    outer loop
      vertex -42.737 -41.9704 4
      vertex -44.3579 -41.96 2.2
      vertex -44.3145 -42.1781 2.2
    endloop
  endfacet
  facet normal 0.735515 -0.146404 0.661501
    outer loop
      vertex -49.2628 -41.9692 4
      vertex -47.6421 -41.96 2.2
      vertex -49.179 -41.5482 4
    endloop
  endfacet
  facet normal -0.710142 -0.241081 0.661497
    outer loop
      vertex -44.3579 -41.96 2.2
      vertex -42.821 -41.5482 4
      vertex -42.959 -41.1417 4
    endloop
  endfacet
  facet normal -0.623632 0.416541 0.661496
    outer loop
      vertex -44.6513 -43.4349 2.2
      vertex -43.3883 -44.4025 4
      vertex -44.5278 -43.25 2.2
    endloop
  endfacet
  facet normal -0.644292 0.386575 0.659884
    outer loop
      vertex -43.3883 -44.4025 4
      vertex -44.6513 -43.4349 2.2
      vertex -43.3889 -44.4035 4
    endloop
  endfacet
  facet normal 0.416541 0.623632 0.661496
    outer loop
      vertex -47.0349 -43.7487 2.2
      vertex -48.0025 -45.0117 4
      vertex -46.85 -43.8722 2.2
    endloop
  endfacet
  facet normal 0.386575 0.644292 0.659884
    outer loop
      vertex -48.0025 -45.0117 4
      vertex -47.0349 -43.7487 2.2
      vertex -48.0035 -45.0111 4
    endloop
  endfacet
  facet normal -0.623608 -0.416554 0.66151
    outer loop
      vertex -44.6513 -41.3651 2.2
      vertex -43.1505 -40.7534 4
      vertex -43.3889 -40.3965 4
    endloop
  endfacet
  facet normal -0.560413 -0.498144 0.661657
    outer loop
      vertex -44.7979 -41.1979 2.2
      vertex -43.672 -40.0737 4
      vertex -43.6728 -40.0728 4
    endloop
  endfacet
  facet normal -0.563889 -0.494414 0.661501
    outer loop
      vertex -43.672 -40.0737 4
      vertex -44.7979 -41.1979 2.2
      vertex -44.6513 -41.3651 2.2
    endloop
  endfacet
  facet normal 0.563821 -0.494479 0.661511
    outer loop
      vertex -48.6111 -40.3965 4
      vertex -47.3487 -41.3651 2.2
      vertex -48.328 -40.0737 4
    endloop
  endfacet
  facet normal 0.672646 -0.331606 0.661502
    outer loop
      vertex -49.0406 -41.1405 4
      vertex -47.5706 -41.7494 2.2
      vertex -48.8508 -40.7555 4
    endloop
  endfacet
  facet normal 0.672566 0.331741 0.661516
    outer loop
      vertex -49.0401 -43.6606 4
      vertex -48.8502 -44.0456 4
      vertex -47.4722 -43.25 2.2
    endloop
  endfacet
  facet normal 0.237038 -0.711113 0.661915
    outer loop
      vertex -46.6506 -40.8294 2.2
      vertex -46.8518 -39.221 4
      vertex -46.853 -39.2214 4
    endloop
  endfacet
  facet normal 0.241096 -0.710137 0.661496
    outer loop
      vertex -46.8518 -39.221 4
      vertex -46.6506 -40.8294 2.2
      vertex -46.44 -40.7579 2.2
    endloop
  endfacet
  facet normal 0.416674 -0.623525 0.661513
    outer loop
      vertex -48.0025 -39.7883 4
      vertex -46.85 -40.9278 2.2
      vertex -47.6456 -39.5498 4
    endloop
  endfacet
  facet normal 0.416541 -0.623632 0.661496
    outer loop
      vertex -48.0025 -39.7883 4
      vertex -47.0349 -41.0513 2.2
      vertex -46.85 -40.9278 2.2
    endloop
  endfacet
  facet normal 0.386575 -0.644292 0.659884
    outer loop
      vertex -47.0349 -41.0513 2.2
      vertex -48.0025 -39.7883 4
      vertex -48.0035 -39.7889 4
    endloop
  endfacet
  facet normal -0.331606 -0.672646 0.661502
    outer loop
      vertex -45.3494 -40.8294 2.2
      vertex -44.3555 -39.5492 4
      vertex -44.7405 -39.3594 4
    endloop
  endfacet
  facet normal -0.241096 -0.710137 0.661496
    outer loop
      vertex -45.3494 -40.8294 2.2
      vertex -45.1482 -39.221 4
      vertex -45.56 -40.7579 2.2
    endloop
  endfacet
  facet normal -0.237038 -0.711113 0.661915
    outer loop
      vertex -45.1482 -39.221 4
      vertex -45.3494 -40.8294 2.2
      vertex -45.147 -39.2214 4
    endloop
  endfacet
  facet normal -0.416674 0.623525 0.661513
    outer loop
      vertex -45.15 -43.8722 2.2
      vertex -44.3544 -45.2502 4
      vertex -43.9975 -45.0117 4
    endloop
  endfacet
  facet normal -0.623525 0.416674 0.661513
    outer loop
      vertex -44.5278 -43.25 2.2
      vertex -43.3883 -44.4025 4
      vertex -43.1498 -44.0456 4
    endloop
  endfacet
  facet normal 0.146236 -0.735549 0.661501
    outer loop
      vertex -46.8506 -39.2207 4
      vertex -46.2219 -40.7145 2.2
      vertex -46.4296 -39.137 4
    endloop
  endfacet
  facet normal -0.241081 0.710142 0.661497
    outer loop
      vertex -45.56 -44.0421 2.2
      vertex -45.1482 -45.579 4
      vertex -44.7417 -45.441 4
    endloop
  endfacet
  facet normal -0.181729 0.726918 0.662242
    outer loop
      vertex -45.56 -44.0421 2.2
      vertex -45.1494 -45.5793 4
      vertex -45.1482 -45.579 4
    endloop
  endfacet
  facet normal -0.146361 0.735512 0.661514
    outer loop
      vertex -45.1494 -45.5793 4
      vertex -45.56 -44.0421 2.2
      vertex -45.7781 -44.0855 2.2
    endloop
  endfacet
  facet normal -0.386575 0.644292 0.659884
    outer loop
      vertex -44.9651 -43.7487 2.2
      vertex -43.9975 -45.0117 4
      vertex -43.9965 -45.0111 4
    endloop
  endfacet
  facet normal -0.416541 0.623632 0.661496
    outer loop
      vertex -43.9975 -45.0117 4
      vertex -44.9651 -43.7487 2.2
      vertex -45.15 -43.8722 2.2
    endloop
  endfacet
  facet normal -0.0490857 0.748338 0.661499
    outer loop
      vertex -45.9988 -45.6911 4
      vertex -45.5704 -45.663 4
      vertex -45.7781 -44.0855 2.2
    endloop
  endfacet
  facet normal -0.735515 -0.146404 0.661501
    outer loop
      vertex -44.3579 -41.96 2.2
      vertex -42.7372 -41.9692 4
      vertex -42.821 -41.5482 4
    endloop
  endfacet
  facet normal -0.563821 -0.494479 0.661511
    outer loop
      vertex -44.6513 -41.3651 2.2
      vertex -43.3889 -40.3965 4
      vertex -43.672 -40.0737 4
    endloop
  endfacet
  facet normal -0.494479 0.563821 0.661511
    outer loop
      vertex -44.9651 -43.7487 2.2
      vertex -43.9965 -45.0111 4
      vertex -43.6737 -44.728 4
    endloop
  endfacet
  facet normal 0.710142 -0.241081 0.661497
    outer loop
      vertex -49.179 -41.5482 4
      vertex -47.6421 -41.96 2.2
      vertex -49.041 -41.1417 4
    endloop
  endfacet
  facet normal -0.146236 -0.735549 0.661501
    outer loop
      vertex -45.7781 -40.7145 2.2
      vertex -45.1494 -39.2207 4
      vertex -45.5704 -39.137 4
    endloop
  endfacet
  facet normal -0.748322 0.0490846 0.661517
    outer loop
      vertex -44.3 -42.4 2.2
      vertex -42.7369 -42.8284 4
      vertex -42.7088 -42.4 4
    endloop
  endfacet
  facet normal -0.748322 -0.0490846 0.661517
    outer loop
      vertex -44.3 -42.4 2.2
      vertex -42.7088 -42.4 4
      vertex -42.7369 -41.9716 4
    endloop
  endfacet
  facet normal -0.748351 0.0489008 0.661498
    outer loop
      vertex -44.3145 -42.6219 2.2
      vertex -42.7369 -42.8284 4
      vertex -44.3 -42.4 2.2
    endloop
  endfacet
  facet normal -0.747029 0.0622524 0.661871
    outer loop
      vertex -42.7369 -42.8284 4
      vertex -44.3145 -42.6219 2.2
      vertex -42.737 -42.8296 4
    endloop
  endfacet
  facet normal 0.241081 -0.71014 0.6615
    outer loop
      vertex -47.2595 -39.3594 4
      vertex -46.6506 -40.8294 2.2
      vertex -46.853 -39.2214 4
    endloop
  endfacet
  facet normal -0.331861 -0.67249 0.661532
    outer loop
      vertex -45.15 -40.9278 2.2
      vertex -44.3555 -39.5492 4
      vertex -45.3494 -40.8294 2.2
    endloop
  endfacet
  facet normal -0.358816 -0.65783 0.662202
    outer loop
      vertex -44.3555 -39.5492 4
      vertex -45.15 -40.9278 2.2
      vertex -44.3544 -39.5498 4
    endloop
  endfacet
  facet normal 0.623608 -0.416554 0.66151
    outer loop
      vertex -48.8495 -40.7534 4
      vertex -47.3487 -41.3651 2.2
      vertex -48.6111 -40.3965 4
    endloop
  endfacet
  facet normal -0.386575 -0.644292 0.659884
    outer loop
      vertex -43.9975 -39.7883 4
      vertex -44.9651 -41.0513 2.2
      vertex -43.9965 -39.7889 4
    endloop
  endfacet
  facet normal -0.416541 -0.623632 0.661496
    outer loop
      vertex -44.9651 -41.0513 2.2
      vertex -43.9975 -39.7883 4
      vertex -45.15 -40.9278 2.2
    endloop
  endfacet
  facet normal -0.494479 -0.563821 0.661511
    outer loop
      vertex -44.9651 -41.0513 2.2
      vertex -43.6737 -40.072 4
      vertex -43.9965 -39.7889 4
    endloop
  endfacet
  facet normal -0.711578 -0.237193 0.661359
    outer loop
      vertex -44.4294 -41.7494 2.2
      vertex -42.959 -41.1417 4
      vertex -42.9594 -41.1405 4
    endloop
  endfacet
  facet normal -0.710136 -0.241095 0.661498
    outer loop
      vertex -42.959 -41.1417 4
      vertex -44.4294 -41.7494 2.2
      vertex -44.3579 -41.96 2.2
    endloop
  endfacet
  facet normal 0.181729 -0.726918 0.662242
    outer loop
      vertex -46.44 -40.7579 2.2
      vertex -46.8506 -39.2207 4
      vertex -46.8518 -39.221 4
    endloop
  endfacet
  facet normal 0.146361 -0.735512 0.661514
    outer loop
      vertex -46.8506 -39.2207 4
      vertex -46.44 -40.7579 2.2
      vertex -46.2219 -40.7145 2.2
    endloop
  endfacet
  facet normal 0.494414 -0.563889 0.661501
    outer loop
      vertex -48.3263 -40.072 4
      vertex -47.2021 -41.1979 2.2
      vertex -47.0349 -41.0513 2.2
    endloop
  endfacet
  facet normal 0.498144 -0.560413 0.661657
    outer loop
      vertex -47.2021 -41.1979 2.2
      vertex -48.3263 -40.072 4
      vertex -48.3272 -40.0728 4
    endloop
  endfacet
  facet normal 0.0490857 -0.748338 0.661499
    outer loop
      vertex -46.4296 -39.137 4
      vertex -46.2219 -40.7145 2.2
      vertex -46.0012 -39.1089 4
    endloop
  endfacet
  facet normal 0.331606 -0.672646 0.661502
    outer loop
      vertex -47.6445 -39.5492 4
      vertex -46.6506 -40.8294 2.2
      vertex -47.2595 -39.3594 4
    endloop
  endfacet
  facet normal 0.358816 -0.65783 0.662202
    outer loop
      vertex -46.85 -40.9278 2.2
      vertex -47.6445 -39.5492 4
      vertex -47.6456 -39.5498 4
    endloop
  endfacet
  facet normal 0.331861 -0.67249 0.661532
    outer loop
      vertex -47.6445 -39.5492 4
      vertex -46.85 -40.9278 2.2
      vertex -46.6506 -40.8294 2.2
    endloop
  endfacet
  facet normal -0.672646 -0.331606 0.661502
    outer loop
      vertex -44.4294 -41.7494 2.2
      vertex -42.9594 -41.1405 4
      vertex -43.1492 -40.7555 4
    endloop
  endfacet
  facet normal 0.62362 -0.416533 0.661512
    outer loop
      vertex -48.8495 -40.7534 4
      vertex -47.4722 -41.55 2.2
      vertex -47.3487 -41.3651 2.2
    endloop
  endfacet
  facet normal 0.614814 -0.43037 0.660898
    outer loop
      vertex -47.4722 -41.55 2.2
      vertex -48.8495 -40.7534 4
      vertex -48.8502 -40.7544 4
    endloop
  endfacet
  facet normal 0.65783 -0.358816 0.662202
    outer loop
      vertex -48.8508 -40.7555 4
      vertex -47.4722 -41.55 2.2
      vertex -48.8502 -40.7544 4
    endloop
  endfacet
  facet normal 0.67249 -0.331861 0.661532
    outer loop
      vertex -47.4722 -41.55 2.2
      vertex -48.8508 -40.7555 4
      vertex -47.5706 -41.7494 2.2
    endloop
  endfacet
  facet normal 0.737823 -0.12297 0.663699
    outer loop
      vertex -49.263 -41.9704 4
      vertex -47.6421 -41.96 2.2
      vertex -49.2628 -41.9692 4
    endloop
  endfacet
  facet normal 0.735527 -0.146363 0.661496
    outer loop
      vertex -47.6421 -41.96 2.2
      vertex -49.263 -41.9704 4
      vertex -47.6855 -42.1781 2.2
    endloop
  endfacet
  facet normal 0.560413 -0.498144 0.661657
    outer loop
      vertex -48.328 -40.0737 4
      vertex -47.2021 -41.1979 2.2
      vertex -48.3272 -40.0728 4
    endloop
  endfacet
  facet normal 0.563889 -0.494414 0.661501
    outer loop
      vertex -47.2021 -41.1979 2.2
      vertex -48.328 -40.0737 4
      vertex -47.3487 -41.3651 2.2
    endloop
  endfacet
  facet normal 0.711578 -0.237193 0.661359
    outer loop
      vertex -49.041 -41.1417 4
      vertex -47.5706 -41.7494 2.2
      vertex -49.0406 -41.1405 4
    endloop
  endfacet
  facet normal 0.710136 -0.241095 0.661498
    outer loop
      vertex -47.5706 -41.7494 2.2
      vertex -49.041 -41.1417 4
      vertex -47.6421 -41.96 2.2
    endloop
  endfacet
  facet normal 0.946915 -0.321484 0
    outer loop
      vertex 44.3579 -41.96 2.2
      vertex 44.4294 -41.7494 -4.74303e-07
      vertex 44.4294 -41.7494 2.2
    endloop
  endfacet
  facet normal 0.946915 -0.321484 0
    outer loop
      vertex 44.4294 -41.7494 -4.74303e-07
      vertex 44.3579 -41.96 2.2
      vertex 44.3579 -41.96 -4.74303e-07
    endloop
  endfacet
  facet normal 0.98077 -0.195165 0
    outer loop
      vertex 44.3145 -42.1781 2.2
      vertex 44.3579 -41.96 -4.74303e-07
      vertex 44.3579 -41.96 2.2
    endloop
  endfacet
  facet normal 0.98077 -0.195165 0
    outer loop
      vertex 44.3579 -41.96 -4.74303e-07
      vertex 44.3145 -42.1781 2.2
      vertex 44.3145 -42.1781 -4.74303e-07
    endloop
  endfacet
  facet normal 0.997872 -0.0652057 0
    outer loop
      vertex 44.3 -42.4 2.2
      vertex 44.3145 -42.1781 -4.74303e-07
      vertex 44.3145 -42.1781 2.2
    endloop
  endfacet
  facet normal 0.997872 -0.0652057 0
    outer loop
      vertex 44.3145 -42.1781 -4.74303e-07
      vertex 44.3 -42.4 2.2
      vertex 44.3 -42.4 -4.74303e-07
    endloop
  endfacet
  facet normal 0.751908 0.659268 0
    outer loop
      vertex 44.7979 -43.6021 2.2
      vertex 44.6513 -43.4349 -4.74303e-07
      vertex 44.6513 -43.4349 2.2
    endloop
  endfacet
  facet normal 0.751908 0.659268 0
    outer loop
      vertex 44.6513 -43.4349 -4.74303e-07
      vertex 44.7979 -43.6021 2.2
      vertex 44.7979 -43.6021 -4.74303e-07
    endloop
  endfacet
  facet normal -0.321484 -0.946915 0
    outer loop
      vertex 46.44 -40.7579 -4.74303e-07
      vertex 46.6506 -40.8294 2.2
      vertex 46.44 -40.7579 2.2
    endloop
  endfacet
  facet normal -0.321484 -0.946915 -0
    outer loop
      vertex 46.6506 -40.8294 2.2
      vertex 46.44 -40.7579 -4.74303e-07
      vertex 46.6506 -40.8294 -4.74303e-07
    endloop
  endfacet
  facet normal 0.0652057 -0.997872 0
    outer loop
      vertex 45.7781 -40.7145 -4.74303e-07
      vertex 46 -40.7 2.2
      vertex 45.7781 -40.7145 2.2
    endloop
  endfacet
  facet normal 0.0652057 -0.997872 0
    outer loop
      vertex 46 -40.7 2.2
      vertex 45.7781 -40.7145 -4.74303e-07
      vertex 46 -40.7 -4.74303e-07
    endloop
  endfacet
  facet normal 0.831566 -0.555426 0
    outer loop
      vertex 44.5278 -41.55 2.2
      vertex 44.6513 -41.3651 -4.74303e-07
      vertex 44.6513 -41.3651 2.2
    endloop
  endfacet
  facet normal 0.831566 -0.555426 0
    outer loop
      vertex 44.6513 -41.3651 -4.74303e-07
      vertex 44.5278 -41.55 2.2
      vertex 44.5278 -41.55 -4.74303e-07
    endloop
  endfacet
  facet normal 0.321484 0.946915 -0
    outer loop
      vertex 45.56 -44.0421 -4.74303e-07
      vertex 45.3494 -43.9706 2.2
      vertex 45.56 -44.0421 2.2
    endloop
  endfacet
  facet normal 0.321484 0.946915 0
    outer loop
      vertex 45.3494 -43.9706 2.2
      vertex 45.56 -44.0421 -4.74303e-07
      vertex 45.3494 -43.9706 -4.74303e-07
    endloop
  endfacet
  facet normal 0.896754 -0.44253 0
    outer loop
      vertex 44.4294 -41.7494 2.2
      vertex 44.5278 -41.55 -4.74303e-07
      vertex 44.5278 -41.55 2.2
    endloop
  endfacet
  facet normal 0.896754 -0.44253 0
    outer loop
      vertex 44.5278 -41.55 -4.74303e-07
      vertex 44.4294 -41.7494 2.2
      vertex 44.4294 -41.7494 -4.74303e-07
    endloop
  endfacet
  facet normal 0.44253 0.896754 -0
    outer loop
      vertex 45.3494 -43.9706 -4.74303e-07
      vertex 45.15 -43.8722 2.2
      vertex 45.3494 -43.9706 2.2
    endloop
  endfacet
  facet normal 0.44253 0.896754 0
    outer loop
      vertex 45.15 -43.8722 2.2
      vertex 45.3494 -43.9706 -4.74303e-07
      vertex 45.15 -43.8722 -4.74303e-07
    endloop
  endfacet
  facet normal 0.946915 0.321484 0
    outer loop
      vertex 44.4294 -43.0506 2.2
      vertex 44.3579 -42.84 -4.74303e-07
      vertex 44.3579 -42.84 2.2
    endloop
  endfacet
  facet normal 0.946915 0.321484 0
    outer loop
      vertex 44.3579 -42.84 -4.74303e-07
      vertex 44.4294 -43.0506 2.2
      vertex 44.4294 -43.0506 -4.74303e-07
    endloop
  endfacet
  facet normal 0.321484 -0.946915 0
    outer loop
      vertex 45.3494 -40.8294 -4.74303e-07
      vertex 45.56 -40.7579 2.2
      vertex 45.3494 -40.8294 2.2
    endloop
  endfacet
  facet normal 0.321484 -0.946915 0
    outer loop
      vertex 45.56 -40.7579 2.2
      vertex 45.3494 -40.8294 -4.74303e-07
      vertex 45.56 -40.7579 -4.74303e-07
    endloop
  endfacet
  facet normal 0.997872 0.0652057 0
    outer loop
      vertex 44.3145 -42.6219 2.2
      vertex 44.3 -42.4 -4.74303e-07
      vertex 44.3 -42.4 2.2
    endloop
  endfacet
  facet normal 0.997872 0.0652057 0
    outer loop
      vertex 44.3 -42.4 -4.74303e-07
      vertex 44.3145 -42.6219 2.2
      vertex 44.3145 -42.6219 -4.74303e-07
    endloop
  endfacet
  facet normal -0.896754 0.44253 0
    outer loop
      vertex 47.4722 -43.25 -4.74303e-07
      vertex 47.5706 -43.0506 2.2
      vertex 47.5706 -43.0506 -4.74303e-07
    endloop
  endfacet
  facet normal -0.896754 0.44253 0
    outer loop
      vertex 47.5706 -43.0506 2.2
      vertex 47.4722 -43.25 -4.74303e-07
      vertex 47.4722 -43.25 2.2
    endloop
  endfacet
  facet normal 0.44253 -0.896754 0
    outer loop
      vertex 45.15 -40.9278 -4.74303e-07
      vertex 45.3494 -40.8294 2.2
      vertex 45.15 -40.9278 2.2
    endloop
  endfacet
  facet normal 0.44253 -0.896754 0
    outer loop
      vertex 45.3494 -40.8294 2.2
      vertex 45.15 -40.9278 -4.74303e-07
      vertex 45.3494 -40.8294 -4.74303e-07
    endloop
  endfacet
  facet normal -0.555426 -0.831566 0
    outer loop
      vertex 46.85 -40.9278 -4.74303e-07
      vertex 47.0349 -41.0513 2.2
      vertex 46.85 -40.9278 2.2
    endloop
  endfacet
  facet normal -0.555426 -0.831566 -0
    outer loop
      vertex 47.0349 -41.0513 2.2
      vertex 46.85 -40.9278 -4.74303e-07
      vertex 47.0349 -41.0513 -4.74303e-07
    endloop
  endfacet
  facet normal 0.98077 0.195165 0
    outer loop
      vertex 44.3579 -42.84 2.2
      vertex 44.3145 -42.6219 -4.74303e-07
      vertex 44.3145 -42.6219 2.2
    endloop
  endfacet
  facet normal 0.98077 0.195165 0
    outer loop
      vertex 44.3145 -42.6219 -4.74303e-07
      vertex 44.3579 -42.84 2.2
      vertex 44.3579 -42.84 -4.74303e-07
    endloop
  endfacet
  facet normal -0.896754 -0.44253 0
    outer loop
      vertex 47.5706 -41.7494 -4.74303e-07
      vertex 47.4722 -41.55 2.2
      vertex 47.4722 -41.55 -4.74303e-07
    endloop
  endfacet
  facet normal -0.896754 -0.44253 0
    outer loop
      vertex 47.4722 -41.55 2.2
      vertex 47.5706 -41.7494 -4.74303e-07
      vertex 47.5706 -41.7494 2.2
    endloop
  endfacet
  facet normal -0.946915 0.321484 0
    outer loop
      vertex 47.5706 -43.0506 -4.74303e-07
      vertex 47.6421 -42.84 2.2
      vertex 47.6421 -42.84 -4.74303e-07
    endloop
  endfacet
  facet normal -0.946915 0.321484 0
    outer loop
      vertex 47.6421 -42.84 2.2
      vertex 47.5706 -43.0506 -4.74303e-07
      vertex 47.5706 -43.0506 2.2
    endloop
  endfacet
  facet normal -0.751908 0.659268 0
    outer loop
      vertex 47.2021 -43.6021 -4.74303e-07
      vertex 47.3487 -43.4349 2.2
      vertex 47.3487 -43.4349 -4.74303e-07
    endloop
  endfacet
  facet normal -0.751908 0.659268 0
    outer loop
      vertex 47.3487 -43.4349 2.2
      vertex 47.2021 -43.6021 -4.74303e-07
      vertex 47.2021 -43.6021 2.2
    endloop
  endfacet
  facet normal -0.831566 0.555426 0
    outer loop
      vertex 47.3487 -43.4349 -4.74303e-07
      vertex 47.4722 -43.25 2.2
      vertex 47.4722 -43.25 -4.74303e-07
    endloop
  endfacet
  facet normal -0.831566 0.555426 0
    outer loop
      vertex 47.4722 -43.25 2.2
      vertex 47.3487 -43.4349 -4.74303e-07
      vertex 47.3487 -43.4349 2.2
    endloop
  endfacet
  facet normal 0.195165 0.98077 -0
    outer loop
      vertex 45.7781 -44.0855 -4.74303e-07
      vertex 45.56 -44.0421 2.2
      vertex 45.7781 -44.0855 2.2
    endloop
  endfacet
  facet normal 0.195165 0.98077 0
    outer loop
      vertex 45.56 -44.0421 2.2
      vertex 45.7781 -44.0855 -4.74303e-07
      vertex 45.56 -44.0421 -4.74303e-07
    endloop
  endfacet
  facet normal -0.997872 0.0652057 0
    outer loop
      vertex 47.6855 -42.6219 -4.74303e-07
      vertex 47.7 -42.4 2.2
      vertex 47.7 -42.4 -4.74303e-07
    endloop
  endfacet
  facet normal -0.997872 0.0652057 0
    outer loop
      vertex 47.7 -42.4 2.2
      vertex 47.6855 -42.6219 -4.74303e-07
      vertex 47.6855 -42.6219 2.2
    endloop
  endfacet
  facet normal 0.896754 0.44253 0
    outer loop
      vertex 44.5278 -43.25 2.2
      vertex 44.4294 -43.0506 -4.74303e-07
      vertex 44.4294 -43.0506 2.2
    endloop
  endfacet
  facet normal 0.896754 0.44253 0
    outer loop
      vertex 44.4294 -43.0506 -4.74303e-07
      vertex 44.5278 -43.25 2.2
      vertex 44.5278 -43.25 -4.74303e-07
    endloop
  endfacet
  facet normal -0.0652057 -0.997872 0
    outer loop
      vertex 46 -40.7 -4.74303e-07
      vertex 46.2219 -40.7145 2.2
      vertex 46 -40.7 2.2
    endloop
  endfacet
  facet normal -0.0652057 -0.997872 -0
    outer loop
      vertex 46.2219 -40.7145 2.2
      vertex 46 -40.7 -4.74303e-07
      vertex 46.2219 -40.7145 -4.74303e-07
    endloop
  endfacet
  facet normal 0.195165 -0.98077 0
    outer loop
      vertex 45.56 -40.7579 -4.74303e-07
      vertex 45.7781 -40.7145 2.2
      vertex 45.56 -40.7579 2.2
    endloop
  endfacet
  facet normal 0.195165 -0.98077 0
    outer loop
      vertex 45.7781 -40.7145 2.2
      vertex 45.56 -40.7579 -4.74303e-07
      vertex 45.7781 -40.7145 -4.74303e-07
    endloop
  endfacet
  facet normal -0.659268 -0.751908 0
    outer loop
      vertex 47.0349 -41.0513 -4.74303e-07
      vertex 47.2021 -41.1979 2.2
      vertex 47.0349 -41.0513 2.2
    endloop
  endfacet
  facet normal -0.659268 -0.751908 -0
    outer loop
      vertex 47.2021 -41.1979 2.2
      vertex 47.0349 -41.0513 -4.74303e-07
      vertex 47.2021 -41.1979 -4.74303e-07
    endloop
  endfacet
  facet normal 0.555426 -0.831566 0
    outer loop
      vertex 44.9651 -41.0513 -4.74303e-07
      vertex 45.15 -40.9278 2.2
      vertex 44.9651 -41.0513 2.2
    endloop
  endfacet
  facet normal 0.555426 -0.831566 0
    outer loop
      vertex 45.15 -40.9278 2.2
      vertex 44.9651 -41.0513 -4.74303e-07
      vertex 45.15 -40.9278 -4.74303e-07
    endloop
  endfacet
  facet normal -0.44253 -0.896754 0
    outer loop
      vertex 46.6506 -40.8294 -4.74303e-07
      vertex 46.85 -40.9278 2.2
      vertex 46.6506 -40.8294 2.2
    endloop
  endfacet
  facet normal -0.44253 -0.896754 -0
    outer loop
      vertex 46.85 -40.9278 2.2
      vertex 46.6506 -40.8294 -4.74303e-07
      vertex 46.85 -40.9278 -4.74303e-07
    endloop
  endfacet
  facet normal 0.751908 -0.659268 0
    outer loop
      vertex 44.6513 -41.3651 2.2
      vertex 44.7979 -41.1979 -4.74303e-07
      vertex 44.7979 -41.1979 2.2
    endloop
  endfacet
  facet normal 0.751908 -0.659268 0
    outer loop
      vertex 44.7979 -41.1979 -4.74303e-07
      vertex 44.6513 -41.3651 2.2
      vertex 44.6513 -41.3651 -4.74303e-07
    endloop
  endfacet
  facet normal -0.195165 -0.98077 0
    outer loop
      vertex 46.2219 -40.7145 -4.74303e-07
      vertex 46.44 -40.7579 2.2
      vertex 46.2219 -40.7145 2.2
    endloop
  endfacet
  facet normal -0.195165 -0.98077 -0
    outer loop
      vertex 46.44 -40.7579 2.2
      vertex 46.2219 -40.7145 -4.74303e-07
      vertex 46.44 -40.7579 -4.74303e-07
    endloop
  endfacet
  facet normal -0.98077 -0.195165 0
    outer loop
      vertex 47.6855 -42.1781 -4.74303e-07
      vertex 47.6421 -41.96 2.2
      vertex 47.6421 -41.96 -4.74303e-07
    endloop
  endfacet
  facet normal -0.98077 -0.195165 0
    outer loop
      vertex 47.6421 -41.96 2.2
      vertex 47.6855 -42.1781 -4.74303e-07
      vertex 47.6855 -42.1781 2.2
    endloop
  endfacet
  facet normal -0.195165 0.98077 0
    outer loop
      vertex 46.44 -44.0421 -4.74303e-07
      vertex 46.2219 -44.0855 2.2
      vertex 46.44 -44.0421 2.2
    endloop
  endfacet
  facet normal -0.195165 0.98077 0
    outer loop
      vertex 46.2219 -44.0855 2.2
      vertex 46.44 -44.0421 -4.74303e-07
      vertex 46.2219 -44.0855 -4.74303e-07
    endloop
  endfacet
  facet normal -0.44253 0.896754 0
    outer loop
      vertex 46.85 -43.8722 -4.74303e-07
      vertex 46.6506 -43.9706 2.2
      vertex 46.85 -43.8722 2.2
    endloop
  endfacet
  facet normal -0.44253 0.896754 0
    outer loop
      vertex 46.6506 -43.9706 2.2
      vertex 46.85 -43.8722 -4.74303e-07
      vertex 46.6506 -43.9706 -4.74303e-07
    endloop
  endfacet
  facet normal 0.831566 0.555426 0
    outer loop
      vertex 44.6513 -43.4349 2.2
      vertex 44.5278 -43.25 -4.74303e-07
      vertex 44.5278 -43.25 2.2
    endloop
  endfacet
  facet normal 0.831566 0.555426 0
    outer loop
      vertex 44.5278 -43.25 -4.74303e-07
      vertex 44.6513 -43.4349 2.2
      vertex 44.6513 -43.4349 -4.74303e-07
    endloop
  endfacet
  facet normal 0.555426 0.831566 -0
    outer loop
      vertex 45.15 -43.8722 -4.74303e-07
      vertex 44.9651 -43.7487 2.2
      vertex 45.15 -43.8722 2.2
    endloop
  endfacet
  facet normal 0.555426 0.831566 0
    outer loop
      vertex 44.9651 -43.7487 2.2
      vertex 45.15 -43.8722 -4.74303e-07
      vertex 44.9651 -43.7487 -4.74303e-07
    endloop
  endfacet
  facet normal 0.659268 -0.751908 0
    outer loop
      vertex 44.7979 -41.1979 -4.74303e-07
      vertex 44.9651 -41.0513 2.2
      vertex 44.7979 -41.1979 2.2
    endloop
  endfacet
  facet normal 0.659268 -0.751908 0
    outer loop
      vertex 44.9651 -41.0513 2.2
      vertex 44.7979 -41.1979 -4.74303e-07
      vertex 44.9651 -41.0513 -4.74303e-07
    endloop
  endfacet
  facet normal -0.321484 0.946915 0
    outer loop
      vertex 46.6506 -43.9706 -4.74303e-07
      vertex 46.44 -44.0421 2.2
      vertex 46.6506 -43.9706 2.2
    endloop
  endfacet
  facet normal -0.321484 0.946915 0
    outer loop
      vertex 46.44 -44.0421 2.2
      vertex 46.6506 -43.9706 -4.74303e-07
      vertex 46.44 -44.0421 -4.74303e-07
    endloop
  endfacet
  facet normal -0.0652057 0.997872 0
    outer loop
      vertex 46.2219 -44.0855 -4.74303e-07
      vertex 46 -44.1 2.2
      vertex 46.2219 -44.0855 2.2
    endloop
  endfacet
  facet normal -0.0652057 0.997872 0
    outer loop
      vertex 46 -44.1 2.2
      vertex 46.2219 -44.0855 -4.74303e-07
      vertex 46 -44.1 -4.74303e-07
    endloop
  endfacet
  facet normal -0.659268 0.751908 0
    outer loop
      vertex 47.2021 -43.6021 -4.74303e-07
      vertex 47.0349 -43.7487 2.2
      vertex 47.2021 -43.6021 2.2
    endloop
  endfacet
  facet normal -0.659268 0.751908 0
    outer loop
      vertex 47.0349 -43.7487 2.2
      vertex 47.2021 -43.6021 -4.74303e-07
      vertex 47.0349 -43.7487 -4.74303e-07
    endloop
  endfacet
  facet normal -0.751908 -0.659268 0
    outer loop
      vertex 47.3487 -41.3651 -4.74303e-07
      vertex 47.2021 -41.1979 2.2
      vertex 47.2021 -41.1979 -4.74303e-07
    endloop
  endfacet
  facet normal -0.751908 -0.659268 0
    outer loop
      vertex 47.2021 -41.1979 2.2
      vertex 47.3487 -41.3651 -4.74303e-07
      vertex 47.3487 -41.3651 2.2
    endloop
  endfacet
  facet normal 0.0652057 0.997872 -0
    outer loop
      vertex 46 -44.1 -4.74303e-07
      vertex 45.7781 -44.0855 2.2
      vertex 46 -44.1 2.2
    endloop
  endfacet
  facet normal 0.0652057 0.997872 0
    outer loop
      vertex 45.7781 -44.0855 2.2
      vertex 46 -44.1 -4.74303e-07
      vertex 45.7781 -44.0855 -4.74303e-07
    endloop
  endfacet
  facet normal -0.997872 -0.0652057 0
    outer loop
      vertex 47.7 -42.4 -4.74303e-07
      vertex 47.6855 -42.1781 2.2
      vertex 47.6855 -42.1781 -4.74303e-07
    endloop
  endfacet
  facet normal -0.997872 -0.0652057 0
    outer loop
      vertex 47.6855 -42.1781 2.2
      vertex 47.7 -42.4 -4.74303e-07
      vertex 47.7 -42.4 2.2
    endloop
  endfacet
  facet normal -0.946915 -0.321484 0
    outer loop
      vertex 47.6421 -41.96 -4.74303e-07
      vertex 47.5706 -41.7494 2.2
      vertex 47.5706 -41.7494 -4.74303e-07
    endloop
  endfacet
  facet normal -0.946915 -0.321484 0
    outer loop
      vertex 47.5706 -41.7494 2.2
      vertex 47.6421 -41.96 -4.74303e-07
      vertex 47.6421 -41.96 2.2
    endloop
  endfacet
  facet normal -0.555426 0.831566 0
    outer loop
      vertex 47.0349 -43.7487 -4.74303e-07
      vertex 46.85 -43.8722 2.2
      vertex 47.0349 -43.7487 2.2
    endloop
  endfacet
  facet normal -0.555426 0.831566 0
    outer loop
      vertex 46.85 -43.8722 2.2
      vertex 47.0349 -43.7487 -4.74303e-07
      vertex 46.85 -43.8722 -4.74303e-07
    endloop
  endfacet
  facet normal 0.659268 0.751908 -0
    outer loop
      vertex 44.9651 -43.7487 -4.74303e-07
      vertex 44.7979 -43.6021 2.2
      vertex 44.9651 -43.7487 2.2
    endloop
  endfacet
  facet normal 0.659268 0.751908 0
    outer loop
      vertex 44.7979 -43.6021 2.2
      vertex 44.9651 -43.7487 -4.74303e-07
      vertex 44.7979 -43.6021 -4.74303e-07
    endloop
  endfacet
  facet normal -0.98077 0.195165 0
    outer loop
      vertex 47.6421 -42.84 -4.74303e-07
      vertex 47.6855 -42.6219 2.2
      vertex 47.6855 -42.6219 -4.74303e-07
    endloop
  endfacet
  facet normal -0.98077 0.195165 0
    outer loop
      vertex 47.6855 -42.6219 2.2
      vertex 47.6421 -42.84 -4.74303e-07
      vertex 47.6421 -42.84 2.2
    endloop
  endfacet
  facet normal -0.831566 -0.555426 0
    outer loop
      vertex 47.4722 -41.55 -4.74303e-07
      vertex 47.3487 -41.3651 2.2
      vertex 47.3487 -41.3651 -4.74303e-07
    endloop
  endfacet
  facet normal -0.831566 -0.555426 0
    outer loop
      vertex 47.3487 -41.3651 2.2
      vertex 47.4722 -41.55 -4.74303e-07
      vertex 47.4722 -41.55 2.2
    endloop
  endfacet
  facet normal -0.237193 0.711578 0.661359
    outer loop
      vertex 46.6506 -43.9706 2.2
      vertex 47.2583 -45.441 4
      vertex 47.2595 -45.4406 4
    endloop
  endfacet
  facet normal -0.241095 0.710136 0.661498
    outer loop
      vertex 47.2583 -45.441 4
      vertex 46.6506 -43.9706 2.2
      vertex 46.44 -44.0421 2.2
    endloop
  endfacet
  facet normal -0.735515 0.146404 0.661501
    outer loop
      vertex 47.6421 -42.84 2.2
      vertex 49.179 -43.2518 4
      vertex 49.2628 -42.8308 4
    endloop
  endfacet
  facet normal 0.748322 -0.0490846 0.661517
    outer loop
      vertex 42.7088 -42.4 4
      vertex 44.3 -42.4 2.2
      vertex 42.7369 -41.9716 4
    endloop
  endfacet
  facet normal 0.747029 -0.0622524 0.661871
    outer loop
      vertex 42.7369 -41.9716 4
      vertex 44.3145 -42.1781 2.2
      vertex 42.737 -41.9704 4
    endloop
  endfacet
  facet normal 0.748351 -0.0489008 0.661498
    outer loop
      vertex 44.3145 -42.1781 2.2
      vertex 42.7369 -41.9716 4
      vertex 44.3 -42.4 2.2
    endloop
  endfacet
  facet normal 0.494479 0.563821 0.661511
    outer loop
      vertex 43.6737 -44.728 4
      vertex 43.9965 -45.0111 4
      vertex 44.9651 -43.7487 2.2
    endloop
  endfacet
  facet normal 0.146361 0.735512 0.661514
    outer loop
      vertex 45.56 -44.0421 2.2
      vertex 45.1494 -45.5793 4
      vertex 45.7781 -44.0855 2.2
    endloop
  endfacet
  facet normal 0.181729 0.726918 0.662242
    outer loop
      vertex 45.1494 -45.5793 4
      vertex 45.56 -44.0421 2.2
      vertex 45.1482 -45.579 4
    endloop
  endfacet
  facet normal 0.737823 0.12297 0.663699
    outer loop
      vertex 44.3579 -42.84 2.2
      vertex 42.737 -42.8296 4
      vertex 42.7372 -42.8308 4
    endloop
  endfacet
  facet normal 0.735527 0.146363 0.661496
    outer loop
      vertex 42.737 -42.8296 4
      vertex 44.3579 -42.84 2.2
      vertex 44.3145 -42.6219 2.2
    endloop
  endfacet
  facet normal -0.557648 0.501884 0.661167
    outer loop
      vertex 47.3487 -43.4349 2.2
      vertex 48.6102 -44.4045 4
      vertex 48.6111 -44.4035 4
    endloop
  endfacet
  facet normal -0.563883 0.494409 0.66151
    outer loop
      vertex 48.6102 -44.4045 4
      vertex 47.3487 -43.4349 2.2
      vertex 47.2021 -43.6021 2.2
    endloop
  endfacet
  facet normal 0.672522 0.331876 0.661493
    outer loop
      vertex 42.9594 -43.6595 4
      vertex 44.5278 -43.25 2.2
      vertex 44.4294 -43.0506 2.2
    endloop
  endfacet
  facet normal 0.680929 0.309513 0.66373
    outer loop
      vertex 44.5278 -43.25 2.2
      vertex 42.9594 -43.6595 4
      vertex 42.9599 -43.6606 4
    endloop
  endfacet
  facet normal 0.710142 0.241081 0.661497
    outer loop
      vertex 42.821 -43.2518 4
      vertex 42.959 -43.6583 4
      vertex 44.3579 -42.84 2.2
    endloop
  endfacet
  facet normal -0.563838 0.494472 0.661502
    outer loop
      vertex 47.2021 -43.6021 2.2
      vertex 48.3272 -44.7272 4
      vertex 48.6102 -44.4045 4
    endloop
  endfacet
  facet normal -0.672566 0.331741 0.661516
    outer loop
      vertex 47.4722 -43.25 2.2
      vertex 48.8502 -44.0456 4
      vertex 49.0401 -43.6606 4
    endloop
  endfacet
  facet normal -0.710142 0.241081 0.661497
    outer loop
      vertex 47.6421 -42.84 2.2
      vertex 49.041 -43.6583 4
      vertex 49.179 -43.2518 4
    endloop
  endfacet
  facet normal 0.0488997 -0.748333 0.661518
    outer loop
      vertex 46 -40.7 2.2
      vertex 45.9988 -39.1089 4
      vertex 45.7781 -40.7145 2.2
    endloop
  endfacet
  facet normal 0.0623141 -0.747769 0.661028
    outer loop
      vertex 45.9988 -39.1089 4
      vertex 46 -40.7 2.2
      vertex 46 -39.1088 4
    endloop
  endfacet
  facet normal -0.416674 -0.623525 0.661513
    outer loop
      vertex 46.85 -40.9278 2.2
      vertex 48.0025 -39.7883 4
      vertex 47.6456 -39.5498 4
    endloop
  endfacet
  facet normal -0.0490857 -0.748338 0.661499
    outer loop
      vertex 46.0012 -39.1089 4
      vertex 46.2219 -40.7145 2.2
      vertex 46.4296 -39.137 4
    endloop
  endfacet
  facet normal 0.623525 0.416674 0.661513
    outer loop
      vertex 43.1498 -44.0456 4
      vertex 43.3883 -44.4025 4
      vertex 44.5278 -43.25 2.2
    endloop
  endfacet
  facet normal -0.498144 0.560413 0.661657
    outer loop
      vertex 47.2021 -43.6021 2.2
      vertex 48.3263 -44.728 4
      vertex 48.3272 -44.7272 4
    endloop
  endfacet
  facet normal -0.494414 0.563889 0.661501
    outer loop
      vertex 48.3263 -44.728 4
      vertex 47.2021 -43.6021 2.2
      vertex 47.0349 -43.7487 2.2
    endloop
  endfacet
  facet normal 0.748351 0.0489008 0.661498
    outer loop
      vertex 42.7369 -42.8284 4
      vertex 44.3145 -42.6219 2.2
      vertex 44.3 -42.4 2.2
    endloop
  endfacet
  facet normal 0.747029 0.0622524 0.661871
    outer loop
      vertex 44.3145 -42.6219 2.2
      vertex 42.7369 -42.8284 4
      vertex 42.737 -42.8296 4
    endloop
  endfacet
  facet normal 0.416674 0.623525 0.661513
    outer loop
      vertex 43.9975 -45.0117 4
      vertex 44.3544 -45.2502 4
      vertex 45.15 -43.8722 2.2
    endloop
  endfacet
  facet normal -0.0488997 0.748333 0.661518
    outer loop
      vertex 46 -44.1 2.2
      vertex 46.0012 -45.6911 4
      vertex 46.2219 -44.0855 2.2
    endloop
  endfacet
  facet normal -0.0623141 0.747769 0.661028
    outer loop
      vertex 46.0012 -45.6911 4
      vertex 46 -44.1 2.2
      vertex 46 -45.6912 4
    endloop
  endfacet
  facet normal 0.0623141 0.747769 0.661028
    outer loop
      vertex 46 -44.1 2.2
      vertex 45.9988 -45.6911 4
      vertex 46 -45.6912 4
    endloop
  endfacet
  facet normal 0.0488997 0.748333 0.661518
    outer loop
      vertex 45.9988 -45.6911 4
      vertex 46 -44.1 2.2
      vertex 45.7781 -44.0855 2.2
    endloop
  endfacet
  facet normal 0.241095 0.710136 0.661498
    outer loop
      vertex 45.3494 -43.9706 2.2
      vertex 44.7417 -45.441 4
      vertex 45.56 -44.0421 2.2
    endloop
  endfacet
  facet normal 0.237193 0.711578 0.661359
    outer loop
      vertex 44.7417 -45.441 4
      vertex 45.3494 -43.9706 2.2
      vertex 44.7405 -45.4406 4
    endloop
  endfacet
  facet normal 0.748322 0.0490846 0.661517
    outer loop
      vertex 42.7088 -42.4 4
      vertex 42.7369 -42.8284 4
      vertex 44.3 -42.4 2.2
    endloop
  endfacet
  facet normal 0.494414 0.563889 0.661501
    outer loop
      vertex 44.7979 -43.6021 2.2
      vertex 43.6737 -44.728 4
      vertex 44.9651 -43.7487 2.2
    endloop
  endfacet
  facet normal 0.498144 0.560413 0.661657
    outer loop
      vertex 43.6737 -44.728 4
      vertex 44.7979 -43.6021 2.2
      vertex 43.6728 -44.7272 4
    endloop
  endfacet
  facet normal 0.331741 0.672566 0.661516
    outer loop
      vertex 44.3544 -45.2502 4
      vertex 44.7394 -45.4401 4
      vertex 45.15 -43.8722 2.2
    endloop
  endfacet
  facet normal -0.146361 -0.735512 0.661514
    outer loop
      vertex 46.44 -40.7579 2.2
      vertex 46.8506 -39.2207 4
      vertex 46.2219 -40.7145 2.2
    endloop
  endfacet
  facet normal -0.181729 -0.726918 0.662242
    outer loop
      vertex 46.8506 -39.2207 4
      vertex 46.44 -40.7579 2.2
      vertex 46.8518 -39.221 4
    endloop
  endfacet
  facet normal -0.498144 -0.560413 0.661657
    outer loop
      vertex 48.3263 -40.072 4
      vertex 47.2021 -41.1979 2.2
      vertex 48.3272 -40.0728 4
    endloop
  endfacet
  facet normal -0.494414 -0.563889 0.661501
    outer loop
      vertex 47.2021 -41.1979 2.2
      vertex 48.3263 -40.072 4
      vertex 47.0349 -41.0513 2.2
    endloop
  endfacet
  facet normal 0.331876 0.672522 0.661493
    outer loop
      vertex 45.15 -43.8722 2.2
      vertex 44.7405 -45.4406 4
      vertex 45.3494 -43.9706 2.2
    endloop
  endfacet
  facet normal 0.309513 0.680929 0.66373
    outer loop
      vertex 44.7405 -45.4406 4
      vertex 45.15 -43.8722 2.2
      vertex 44.7394 -45.4401 4
    endloop
  endfacet
  facet normal -0.672522 0.331876 0.661493
    outer loop
      vertex 47.4722 -43.25 2.2
      vertex 49.0406 -43.6595 4
      vertex 47.5706 -43.0506 2.2
    endloop
  endfacet
  facet normal -0.680929 0.309513 0.66373
    outer loop
      vertex 49.0406 -43.6595 4
      vertex 47.4722 -43.25 2.2
      vertex 49.0401 -43.6606 4
    endloop
  endfacet
  facet normal -0.735527 0.146363 0.661496
    outer loop
      vertex 47.6421 -42.84 2.2
      vertex 49.263 -42.8296 4
      vertex 47.6855 -42.6219 2.2
    endloop
  endfacet
  facet normal -0.737823 0.12297 0.663699
    outer loop
      vertex 49.263 -42.8296 4
      vertex 47.6421 -42.84 2.2
      vertex 49.2628 -42.8308 4
    endloop
  endfacet
  facet normal 0.494479 -0.563821 0.661511
    outer loop
      vertex 43.6737 -40.072 4
      vertex 44.9651 -41.0513 2.2
      vertex 43.9965 -39.7889 4
    endloop
  endfacet
  facet normal 0.710136 0.241095 0.661498
    outer loop
      vertex 42.959 -43.6583 4
      vertex 44.4294 -43.0506 2.2
      vertex 44.3579 -42.84 2.2
    endloop
  endfacet
  facet normal 0.711578 0.237193 0.661359
    outer loop
      vertex 44.4294 -43.0506 2.2
      vertex 42.959 -43.6583 4
      vertex 42.9594 -43.6595 4
    endloop
  endfacet
  facet normal 0.0490857 0.748338 0.661499
    outer loop
      vertex 45.5704 -45.663 4
      vertex 45.9988 -45.6911 4
      vertex 45.7781 -44.0855 2.2
    endloop
  endfacet
  facet normal 0.146236 0.735549 0.661501
    outer loop
      vertex 45.1494 -45.5793 4
      vertex 45.5704 -45.663 4
      vertex 45.7781 -44.0855 2.2
    endloop
  endfacet
  facet normal 0.623632 0.416541 0.661496
    outer loop
      vertex 43.3883 -44.4025 4
      vertex 44.6513 -43.4349 2.2
      vertex 44.5278 -43.25 2.2
    endloop
  endfacet
  facet normal 0.644292 0.386575 0.659884
    outer loop
      vertex 44.6513 -43.4349 2.2
      vertex 43.3883 -44.4025 4
      vertex 43.3889 -44.4035 4
    endloop
  endfacet
  facet normal 0.563883 0.494409 0.66151
    outer loop
      vertex 44.6513 -43.4349 2.2
      vertex 43.3898 -44.4045 4
      vertex 44.7979 -43.6021 2.2
    endloop
  endfacet
  facet normal 0.557648 0.501884 0.661167
    outer loop
      vertex 43.3898 -44.4045 4
      vertex 44.6513 -43.4349 2.2
      vertex 43.3889 -44.4035 4
    endloop
  endfacet
  facet normal 0.563838 0.494472 0.661502
    outer loop
      vertex 43.3898 -44.4045 4
      vertex 43.6728 -44.7272 4
      vertex 44.7979 -43.6021 2.2
    endloop
  endfacet
  facet normal 0.735515 0.146404 0.661501
    outer loop
      vertex 42.7372 -42.8308 4
      vertex 42.821 -43.2518 4
      vertex 44.3579 -42.84 2.2
    endloop
  endfacet
  facet normal -0.747029 -0.0622524 0.661871
    outer loop
      vertex 47.6855 -42.1781 2.2
      vertex 49.2631 -41.9716 4
      vertex 49.263 -41.9704 4
    endloop
  endfacet
  facet normal -0.748351 -0.0489008 0.661498
    outer loop
      vertex 49.2631 -41.9716 4
      vertex 47.6855 -42.1781 2.2
      vertex 47.7 -42.4 2.2
    endloop
  endfacet
  facet normal -0.331741 0.672566 0.661516
    outer loop
      vertex 46.85 -43.8722 2.2
      vertex 47.2606 -45.4401 4
      vertex 47.6456 -45.2502 4
    endloop
  endfacet
  facet normal -0.146236 0.735549 0.661501
    outer loop
      vertex 46.2219 -44.0855 2.2
      vertex 46.4296 -45.663 4
      vertex 46.8506 -45.5793 4
    endloop
  endfacet
  facet normal -0.241081 -0.71014 0.6615
    outer loop
      vertex 46.6506 -40.8294 2.2
      vertex 47.2595 -39.3594 4
      vertex 46.853 -39.2214 4
    endloop
  endfacet
  facet normal 0.241081 0.710142 0.661497
    outer loop
      vertex 44.7417 -45.441 4
      vertex 45.1482 -45.579 4
      vertex 45.56 -44.0421 2.2
    endloop
  endfacet
  facet normal -0.614814 -0.43037 0.660898
    outer loop
      vertex 48.8495 -40.7534 4
      vertex 47.4722 -41.55 2.2
      vertex 48.8502 -40.7544 4
    endloop
  endfacet
  facet normal -0.62362 -0.416533 0.661512
    outer loop
      vertex 47.4722 -41.55 2.2
      vertex 48.8495 -40.7534 4
      vertex 47.3487 -41.3651 2.2
    endloop
  endfacet
  facet normal -0.65783 -0.358816 0.662202
    outer loop
      vertex 47.4722 -41.55 2.2
      vertex 48.8508 -40.7555 4
      vertex 48.8502 -40.7544 4
    endloop
  endfacet
  facet normal -0.67249 -0.331861 0.661532
    outer loop
      vertex 48.8508 -40.7555 4
      vertex 47.4722 -41.55 2.2
      vertex 47.5706 -41.7494 2.2
    endloop
  endfacet
  facet normal -0.309513 0.680929 0.66373
    outer loop
      vertex 46.85 -43.8722 2.2
      vertex 47.2595 -45.4406 4
      vertex 47.2606 -45.4401 4
    endloop
  endfacet
  facet normal -0.331876 0.672522 0.661493
    outer loop
      vertex 47.2595 -45.4406 4
      vertex 46.85 -43.8722 2.2
      vertex 46.6506 -43.9706 2.2
    endloop
  endfacet
  facet normal -0.0623141 -0.747769 0.661028
    outer loop
      vertex 46 -40.7 2.2
      vertex 46.0012 -39.1089 4
      vertex 46 -39.1088 4
    endloop
  endfacet
  facet normal -0.0488997 -0.748333 0.661518
    outer loop
      vertex 46.0012 -39.1089 4
      vertex 46 -40.7 2.2
      vertex 46.2219 -40.7145 2.2
    endloop
  endfacet
  facet normal -0.710136 0.241095 0.661498
    outer loop
      vertex 47.5706 -43.0506 2.2
      vertex 49.041 -43.6583 4
      vertex 47.6421 -42.84 2.2
    endloop
  endfacet
  facet normal -0.711578 0.237193 0.661359
    outer loop
      vertex 49.041 -43.6583 4
      vertex 47.5706 -43.0506 2.2
      vertex 49.0406 -43.6595 4
    endloop
  endfacet
  facet normal -0.737823 -0.12297 0.663699
    outer loop
      vertex 47.6421 -41.96 2.2
      vertex 49.263 -41.9704 4
      vertex 49.2628 -41.9692 4
    endloop
  endfacet
  facet normal -0.735527 -0.146363 0.661496
    outer loop
      vertex 49.263 -41.9704 4
      vertex 47.6421 -41.96 2.2
      vertex 47.6855 -42.1781 2.2
    endloop
  endfacet
  facet normal 0.735515 -0.146404 0.661501
    outer loop
      vertex 42.7372 -41.9692 4
      vertex 44.3579 -41.96 2.2
      vertex 42.821 -41.5482 4
    endloop
  endfacet
  facet normal -0.710142 -0.241081 0.661497
    outer loop
      vertex 47.6421 -41.96 2.2
      vertex 49.179 -41.5482 4
      vertex 49.041 -41.1417 4
    endloop
  endfacet
  facet normal -0.623632 0.416541 0.661496
    outer loop
      vertex 47.3487 -43.4349 2.2
      vertex 48.6117 -44.4025 4
      vertex 47.4722 -43.25 2.2
    endloop
  endfacet
  facet normal -0.644292 0.386575 0.659884
    outer loop
      vertex 48.6117 -44.4025 4
      vertex 47.3487 -43.4349 2.2
      vertex 48.6111 -44.4035 4
    endloop
  endfacet
  facet normal 0.416541 0.623632 0.661496
    outer loop
      vertex 44.9651 -43.7487 2.2
      vertex 43.9975 -45.0117 4
      vertex 45.15 -43.8722 2.2
    endloop
  endfacet
  facet normal 0.386575 0.644292 0.659884
    outer loop
      vertex 43.9975 -45.0117 4
      vertex 44.9651 -43.7487 2.2
      vertex 43.9965 -45.0111 4
    endloop
  endfacet
  facet normal -0.623608 -0.416554 0.66151
    outer loop
      vertex 47.3487 -41.3651 2.2
      vertex 48.8495 -40.7534 4
      vertex 48.6111 -40.3965 4
    endloop
  endfacet
  facet normal -0.560413 -0.498144 0.661657
    outer loop
      vertex 47.2021 -41.1979 2.2
      vertex 48.328 -40.0737 4
      vertex 48.3272 -40.0728 4
    endloop
  endfacet
  facet normal -0.563889 -0.494414 0.661501
    outer loop
      vertex 48.328 -40.0737 4
      vertex 47.2021 -41.1979 2.2
      vertex 47.3487 -41.3651 2.2
    endloop
  endfacet
  facet normal 0.563821 -0.494479 0.661511
    outer loop
      vertex 43.3889 -40.3965 4
      vertex 44.6513 -41.3651 2.2
      vertex 43.672 -40.0737 4
    endloop
  endfacet
  facet normal 0.672646 -0.331606 0.661502
    outer loop
      vertex 42.9594 -41.1405 4
      vertex 44.4294 -41.7494 2.2
      vertex 43.1492 -40.7555 4
    endloop
  endfacet
  facet normal 0.672566 0.331741 0.661516
    outer loop
      vertex 42.9599 -43.6606 4
      vertex 43.1498 -44.0456 4
      vertex 44.5278 -43.25 2.2
    endloop
  endfacet
  facet normal 0.237038 -0.711113 0.661915
    outer loop
      vertex 45.3494 -40.8294 2.2
      vertex 45.1482 -39.221 4
      vertex 45.147 -39.2214 4
    endloop
  endfacet
  facet normal 0.241096 -0.710137 0.661496
    outer loop
      vertex 45.1482 -39.221 4
      vertex 45.3494 -40.8294 2.2
      vertex 45.56 -40.7579 2.2
    endloop
  endfacet
  facet normal 0.416674 -0.623525 0.661513
    outer loop
      vertex 43.9975 -39.7883 4
      vertex 45.15 -40.9278 2.2
      vertex 44.3544 -39.5498 4
    endloop
  endfacet
  facet normal 0.416541 -0.623632 0.661496
    outer loop
      vertex 43.9975 -39.7883 4
      vertex 44.9651 -41.0513 2.2
      vertex 45.15 -40.9278 2.2
    endloop
  endfacet
  facet normal 0.386575 -0.644292 0.659884
    outer loop
      vertex 44.9651 -41.0513 2.2
      vertex 43.9975 -39.7883 4
      vertex 43.9965 -39.7889 4
    endloop
  endfacet
  facet normal -0.331606 -0.672646 0.661502
    outer loop
      vertex 46.6506 -40.8294 2.2
      vertex 47.6445 -39.5492 4
      vertex 47.2595 -39.3594 4
    endloop
  endfacet
  facet normal -0.241096 -0.710137 0.661496
    outer loop
      vertex 46.6506 -40.8294 2.2
      vertex 46.8518 -39.221 4
      vertex 46.44 -40.7579 2.2
    endloop
  endfacet
  facet normal -0.237038 -0.711113 0.661915
    outer loop
      vertex 46.8518 -39.221 4
      vertex 46.6506 -40.8294 2.2
      vertex 46.853 -39.2214 4
    endloop
  endfacet
  facet normal -0.416674 0.623525 0.661513
    outer loop
      vertex 46.85 -43.8722 2.2
      vertex 47.6456 -45.2502 4
      vertex 48.0025 -45.0117 4
    endloop
  endfacet
  facet normal -0.623525 0.416674 0.661513
    outer loop
      vertex 47.4722 -43.25 2.2
      vertex 48.6117 -44.4025 4
      vertex 48.8502 -44.0456 4
    endloop
  endfacet
  facet normal 0.146236 -0.735549 0.661501
    outer loop
      vertex 45.1494 -39.2207 4
      vertex 45.7781 -40.7145 2.2
      vertex 45.5704 -39.137 4
    endloop
  endfacet
  facet normal -0.241081 0.710142 0.661497
    outer loop
      vertex 46.44 -44.0421 2.2
      vertex 46.8518 -45.579 4
      vertex 47.2583 -45.441 4
    endloop
  endfacet
  facet normal -0.181729 0.726918 0.662242
    outer loop
      vertex 46.44 -44.0421 2.2
      vertex 46.8506 -45.5793 4
      vertex 46.8518 -45.579 4
    endloop
  endfacet
  facet normal -0.146361 0.735512 0.661514
    outer loop
      vertex 46.8506 -45.5793 4
      vertex 46.44 -44.0421 2.2
      vertex 46.2219 -44.0855 2.2
    endloop
  endfacet
  facet normal -0.386575 0.644292 0.659884
    outer loop
      vertex 47.0349 -43.7487 2.2
      vertex 48.0025 -45.0117 4
      vertex 48.0035 -45.0111 4
    endloop
  endfacet
  facet normal -0.416541 0.623632 0.661496
    outer loop
      vertex 48.0025 -45.0117 4
      vertex 47.0349 -43.7487 2.2
      vertex 46.85 -43.8722 2.2
    endloop
  endfacet
  facet normal -0.0490857 0.748338 0.661499
    outer loop
      vertex 46.0012 -45.6911 4
      vertex 46.4296 -45.663 4
      vertex 46.2219 -44.0855 2.2
    endloop
  endfacet
  facet normal -0.735515 -0.146404 0.661501
    outer loop
      vertex 47.6421 -41.96 2.2
      vertex 49.2628 -41.9692 4
      vertex 49.179 -41.5482 4
    endloop
  endfacet
  facet normal -0.563821 -0.494479 0.661511
    outer loop
      vertex 47.3487 -41.3651 2.2
      vertex 48.6111 -40.3965 4
      vertex 48.328 -40.0737 4
    endloop
  endfacet
  facet normal -0.494479 0.563821 0.661511
    outer loop
      vertex 47.0349 -43.7487 2.2
      vertex 48.0035 -45.0111 4
      vertex 48.3263 -44.728 4
    endloop
  endfacet
  facet normal 0.710142 -0.241081 0.661497
    outer loop
      vertex 42.821 -41.5482 4
      vertex 44.3579 -41.96 2.2
      vertex 42.959 -41.1417 4
    endloop
  endfacet
  facet normal -0.146236 -0.735549 0.661501
    outer loop
      vertex 46.2219 -40.7145 2.2
      vertex 46.8506 -39.2207 4
      vertex 46.4296 -39.137 4
    endloop
  endfacet
  facet normal -0.748322 0.0490846 0.661517
    outer loop
      vertex 47.7 -42.4 2.2
      vertex 49.2631 -42.8284 4
      vertex 49.2912 -42.4 4
    endloop
  endfacet
  facet normal -0.748322 -0.0490846 0.661517
    outer loop
      vertex 47.7 -42.4 2.2
      vertex 49.2912 -42.4 4
      vertex 49.2631 -41.9716 4
    endloop
  endfacet
  facet normal -0.748351 0.0489008 0.661498
    outer loop
      vertex 47.6855 -42.6219 2.2
      vertex 49.2631 -42.8284 4
      vertex 47.7 -42.4 2.2
    endloop
  endfacet
  facet normal -0.747029 0.0622524 0.661871
    outer loop
      vertex 49.2631 -42.8284 4
      vertex 47.6855 -42.6219 2.2
      vertex 49.263 -42.8296 4
    endloop
  endfacet
  facet normal 0.241081 -0.71014 0.6615
    outer loop
      vertex 44.7405 -39.3594 4
      vertex 45.3494 -40.8294 2.2
      vertex 45.147 -39.2214 4
    endloop
  endfacet
  facet normal -0.331861 -0.67249 0.661532
    outer loop
      vertex 46.85 -40.9278 2.2
      vertex 47.6445 -39.5492 4
      vertex 46.6506 -40.8294 2.2
    endloop
  endfacet
  facet normal -0.358816 -0.65783 0.662202
    outer loop
      vertex 47.6445 -39.5492 4
      vertex 46.85 -40.9278 2.2
      vertex 47.6456 -39.5498 4
    endloop
  endfacet
  facet normal 0.623608 -0.416554 0.66151
    outer loop
      vertex 43.1505 -40.7534 4
      vertex 44.6513 -41.3651 2.2
      vertex 43.3889 -40.3965 4
    endloop
  endfacet
  facet normal -0.386575 -0.644292 0.659884
    outer loop
      vertex 48.0025 -39.7883 4
      vertex 47.0349 -41.0513 2.2
      vertex 48.0035 -39.7889 4
    endloop
  endfacet
  facet normal -0.416541 -0.623632 0.661496
    outer loop
      vertex 47.0349 -41.0513 2.2
      vertex 48.0025 -39.7883 4
      vertex 46.85 -40.9278 2.2
    endloop
  endfacet
  facet normal -0.494479 -0.563821 0.661511
    outer loop
      vertex 47.0349 -41.0513 2.2
      vertex 48.3263 -40.072 4
      vertex 48.0035 -39.7889 4
    endloop
  endfacet
  facet normal -0.711578 -0.237193 0.661359
    outer loop
      vertex 47.5706 -41.7494 2.2
      vertex 49.041 -41.1417 4
      vertex 49.0406 -41.1405 4
    endloop
  endfacet
  facet normal -0.710136 -0.241095 0.661498
    outer loop
      vertex 49.041 -41.1417 4
      vertex 47.5706 -41.7494 2.2
      vertex 47.6421 -41.96 2.2
    endloop
  endfacet
  facet normal 0.181729 -0.726918 0.662242
    outer loop
      vertex 45.56 -40.7579 2.2
      vertex 45.1494 -39.2207 4
      vertex 45.1482 -39.221 4
    endloop
  endfacet
  facet normal 0.146361 -0.735512 0.661514
    outer loop
      vertex 45.1494 -39.2207 4
      vertex 45.56 -40.7579 2.2
      vertex 45.7781 -40.7145 2.2
    endloop
  endfacet
  facet normal 0.494414 -0.563889 0.661501
    outer loop
      vertex 43.6737 -40.072 4
      vertex 44.7979 -41.1979 2.2
      vertex 44.9651 -41.0513 2.2
    endloop
  endfacet
  facet normal 0.498144 -0.560413 0.661657
    outer loop
      vertex 44.7979 -41.1979 2.2
      vertex 43.6737 -40.072 4
      vertex 43.6728 -40.0728 4
    endloop
  endfacet
  facet normal 0.0490857 -0.748338 0.661499
    outer loop
      vertex 45.5704 -39.137 4
      vertex 45.7781 -40.7145 2.2
      vertex 45.9988 -39.1089 4
    endloop
  endfacet
  facet normal 0.331606 -0.672646 0.661502
    outer loop
      vertex 44.3555 -39.5492 4
      vertex 45.3494 -40.8294 2.2
      vertex 44.7405 -39.3594 4
    endloop
  endfacet
  facet normal 0.358816 -0.65783 0.662202
    outer loop
      vertex 45.15 -40.9278 2.2
      vertex 44.3555 -39.5492 4
      vertex 44.3544 -39.5498 4
    endloop
  endfacet
  facet normal 0.331861 -0.67249 0.661532
    outer loop
      vertex 44.3555 -39.5492 4
      vertex 45.15 -40.9278 2.2
      vertex 45.3494 -40.8294 2.2
    endloop
  endfacet
  facet normal -0.672646 -0.331606 0.661502
    outer loop
      vertex 47.5706 -41.7494 2.2
      vertex 49.0406 -41.1405 4
      vertex 48.8508 -40.7555 4
    endloop
  endfacet
  facet normal 0.62362 -0.416533 0.661512
    outer loop
      vertex 43.1505 -40.7534 4
      vertex 44.5278 -41.55 2.2
      vertex 44.6513 -41.3651 2.2
    endloop
  endfacet
  facet normal 0.614814 -0.43037 0.660898
    outer loop
      vertex 44.5278 -41.55 2.2
      vertex 43.1505 -40.7534 4
      vertex 43.1498 -40.7544 4
    endloop
  endfacet
  facet normal 0.65783 -0.358816 0.662202
    outer loop
      vertex 43.1492 -40.7555 4
      vertex 44.5278 -41.55 2.2
      vertex 43.1498 -40.7544 4
    endloop
  endfacet
  facet normal 0.67249 -0.331861 0.661532
    outer loop
      vertex 44.5278 -41.55 2.2
      vertex 43.1492 -40.7555 4
      vertex 44.4294 -41.7494 2.2
    endloop
  endfacet
  facet normal 0.737823 -0.12297 0.663699
    outer loop
      vertex 42.737 -41.9704 4
      vertex 44.3579 -41.96 2.2
      vertex 42.7372 -41.9692 4
    endloop
  endfacet
  facet normal 0.735527 -0.146363 0.661496
    outer loop
      vertex 44.3579 -41.96 2.2
      vertex 42.737 -41.9704 4
      vertex 44.3145 -42.1781 2.2
    endloop
  endfacet
  facet normal 0.560413 -0.498144 0.661657
    outer loop
      vertex 43.672 -40.0737 4
      vertex 44.7979 -41.1979 2.2
      vertex 43.6728 -40.0728 4
    endloop
  endfacet
  facet normal 0.563889 -0.494414 0.661501
    outer loop
      vertex 44.7979 -41.1979 2.2
      vertex 43.672 -40.0737 4
      vertex 44.6513 -41.3651 2.2
    endloop
  endfacet
  facet normal 0.711578 -0.237193 0.661359
    outer loop
      vertex 42.959 -41.1417 4
      vertex 44.4294 -41.7494 2.2
      vertex 42.9594 -41.1405 4
    endloop
  endfacet
  facet normal 0.710136 -0.241095 0.661498
    outer loop
      vertex 44.4294 -41.7494 2.2
      vertex 42.959 -41.1417 4
      vertex 44.3579 -41.96 2.2
    endloop
  endfacet
  facet normal 0.98077 -0.195165 0
    outer loop
      vertex -31.6855 6.22189 2.2
      vertex -31.6421 6.43999 -4.74303e-07
      vertex -31.6421 6.43999 2.2
    endloop
  endfacet
  facet normal 0.98077 -0.195165 0
    outer loop
      vertex -31.6421 6.43999 -4.74303e-07
      vertex -31.6855 6.22189 2.2
      vertex -31.6855 6.22189 -4.74303e-07
    endloop
  endfacet
  facet normal 0.997872 -0.0652086 0
    outer loop
      vertex -31.7 6 2.2
      vertex -31.6855 6.22189 -4.74303e-07
      vertex -31.6855 6.22189 2.2
    endloop
  endfacet
  facet normal 0.997872 -0.0652086 0
    outer loop
      vertex -31.6855 6.22189 -4.74303e-07
      vertex -31.7 6 2.2
      vertex -31.7 6 -4.74303e-07
    endloop
  endfacet
  facet normal -0.442349 -0.896843 0
    outer loop
      vertex -29.3494 7.57059 -4.74303e-07
      vertex -29.15 7.47224 2.2
      vertex -29.3494 7.57059 2.2
    endloop
  endfacet
  facet normal -0.442349 -0.896843 -0
    outer loop
      vertex -29.15 7.47224 2.2
      vertex -29.3494 7.57059 -4.74303e-07
      vertex -29.15 7.47224 -4.74303e-07
    endloop
  endfacet
  facet normal 0.555551 -0.831483 0
    outer loop
      vertex -31.0349 7.3487 -4.74303e-07
      vertex -30.85 7.47224 2.2
      vertex -31.0349 7.3487 2.2
    endloop
  endfacet
  facet normal 0.555551 -0.831483 0
    outer loop
      vertex -30.85 7.47224 2.2
      vertex -31.0349 7.3487 -4.74303e-07
      vertex -30.85 7.47224 -4.74303e-07
    endloop
  endfacet
  facet normal -0.659319 -0.751863 0
    outer loop
      vertex -28.9651 7.3487 -4.74303e-07
      vertex -28.7979 7.20208 2.2
      vertex -28.9651 7.3487 2.2
    endloop
  endfacet
  facet normal -0.659319 -0.751863 -0
    outer loop
      vertex -28.7979 7.20208 2.2
      vertex -28.9651 7.3487 -4.74303e-07
      vertex -28.7979 7.20208 -4.74303e-07
    endloop
  endfacet
  facet normal 0.321363 0.946956 -0
    outer loop
      vertex -30.44 4.35793 -4.74303e-07
      vertex -30.6506 4.4294 2.2
      vertex -30.44 4.35793 2.2
    endloop
  endfacet
  facet normal 0.321363 0.946956 0
    outer loop
      vertex -30.6506 4.4294 2.2
      vertex -30.44 4.35793 -4.74303e-07
      vertex -30.6506 4.4294 -4.74303e-07
    endloop
  endfacet
  facet normal 0.831552 0.555447 0
    outer loop
      vertex -31.3487 4.96511 2.2
      vertex -31.4722 5.15 -4.74303e-07
      vertex -31.4722 5.15 2.2
    endloop
  endfacet
  facet normal 0.831552 0.555447 0
    outer loop
      vertex -31.4722 5.15 -4.74303e-07
      vertex -31.3487 4.96511 2.2
      vertex -31.3487 4.96511 -4.74303e-07
    endloop
  endfacet
  facet normal 0.946901 0.321525 0
    outer loop
      vertex -31.5706 5.34944 2.2
      vertex -31.6421 5.56001 -4.74303e-07
      vertex -31.6421 5.56001 2.2
    endloop
  endfacet
  facet normal 0.946901 0.321525 0
    outer loop
      vertex -31.6421 5.56001 -4.74303e-07
      vertex -31.5706 5.34944 2.2
      vertex -31.5706 5.34944 -4.74303e-07
    endloop
  endfacet
  facet normal 0.321403 -0.946943 0
    outer loop
      vertex -30.6506 7.57059 -4.74303e-07
      vertex -30.44 7.64207 2.2
      vertex -30.6506 7.57059 2.2
    endloop
  endfacet
  facet normal 0.321403 -0.946943 0
    outer loop
      vertex -30.44 7.64207 2.2
      vertex -30.6506 7.57059 -4.74303e-07
      vertex -30.44 7.64207 -4.74303e-07
    endloop
  endfacet
  facet normal 0.195122 -0.980779 0
    outer loop
      vertex -30.44 7.64207 -4.74303e-07
      vertex -30.2219 7.68546 2.2
      vertex -30.44 7.64207 2.2
    endloop
  endfacet
  facet normal 0.195122 -0.980779 0
    outer loop
      vertex -30.2219 7.68546 2.2
      vertex -30.44 7.64207 -4.74303e-07
      vertex -30.2219 7.68546 -4.74303e-07
    endloop
  endfacet
  facet normal -0.555551 -0.831483 0
    outer loop
      vertex -29.15 7.47224 -4.74303e-07
      vertex -28.9651 7.3487 2.2
      vertex -29.15 7.47224 2.2
    endloop
  endfacet
  facet normal -0.555551 -0.831483 -0
    outer loop
      vertex -28.9651 7.3487 2.2
      vertex -29.15 7.47224 -4.74303e-07
      vertex -28.9651 7.3487 -4.74303e-07
    endloop
  endfacet
  facet normal 0.896789 0.442459 0
    outer loop
      vertex -31.4722 5.15 2.2
      vertex -31.5706 5.34944 -4.74303e-07
      vertex -31.5706 5.34944 2.2
    endloop
  endfacet
  facet normal 0.896789 0.442459 0
    outer loop
      vertex -31.5706 5.34944 -4.74303e-07
      vertex -31.4722 5.15 2.2
      vertex -31.4722 5.15 -4.74303e-07
    endloop
  endfacet
  facet normal 0.659319 -0.751863 0
    outer loop
      vertex -31.2021 7.20208 -4.74303e-07
      vertex -31.0349 7.3487 2.2
      vertex -31.2021 7.20208 2.2
    endloop
  endfacet
  facet normal 0.659319 -0.751863 0
    outer loop
      vertex -31.0349 7.3487 2.2
      vertex -31.2021 7.20208 -4.74303e-07
      vertex -31.0349 7.3487 -4.74303e-07
    endloop
  endfacet
  facet normal 0.555551 0.831483 -0
    outer loop
      vertex -30.85 4.52776 -4.74303e-07
      vertex -31.0349 4.6513 2.2
      vertex -30.85 4.52776 2.2
    endloop
  endfacet
  facet normal 0.555551 0.831483 0
    outer loop
      vertex -31.0349 4.6513 2.2
      vertex -30.85 4.52776 -4.74303e-07
      vertex -31.0349 4.6513 -4.74303e-07
    endloop
  endfacet
  facet normal 0.442349 -0.896843 0
    outer loop
      vertex -30.85 7.47224 -4.74303e-07
      vertex -30.6506 7.57059 2.2
      vertex -30.85 7.47224 2.2
    endloop
  endfacet
  facet normal 0.442349 -0.896843 0
    outer loop
      vertex -30.6506 7.57059 2.2
      vertex -30.85 7.47224 -4.74303e-07
      vertex -30.6506 7.57059 -4.74303e-07
    endloop
  endfacet
  facet normal -0.659319 0.751863 0
    outer loop
      vertex -28.7979 4.79792 -4.74303e-07
      vertex -28.9651 4.6513 2.2
      vertex -28.7979 4.79792 2.2
    endloop
  endfacet
  facet normal -0.659319 0.751863 0
    outer loop
      vertex -28.9651 4.6513 2.2
      vertex -28.7979 4.79792 -4.74303e-07
      vertex -28.9651 4.6513 -4.74303e-07
    endloop
  endfacet
  facet normal -0.751888 0.659291 0
    outer loop
      vertex -28.7979 4.79792 -4.74303e-07
      vertex -28.6513 4.96511 2.2
      vertex -28.6513 4.96511 -4.74303e-07
    endloop
  endfacet
  facet normal -0.751888 0.659291 0
    outer loop
      vertex -28.6513 4.96511 2.2
      vertex -28.7979 4.79792 -4.74303e-07
      vertex -28.7979 4.79792 2.2
    endloop
  endfacet
  facet normal -0.831552 0.555447 0
    outer loop
      vertex -28.6513 4.96511 -4.74303e-07
      vertex -28.5278 5.15 2.2
      vertex -28.5278 5.15 -4.74303e-07
    endloop
  endfacet
  facet normal -0.831552 0.555447 0
    outer loop
      vertex -28.5278 5.15 2.2
      vertex -28.6513 4.96511 -4.74303e-07
      vertex -28.6513 4.96511 2.2
    endloop
  endfacet
  facet normal 0.831552 -0.555447 0
    outer loop
      vertex -31.4722 6.85 2.2
      vertex -31.3487 7.03489 -4.74303e-07
      vertex -31.3487 7.03489 2.2
    endloop
  endfacet
  facet normal 0.831552 -0.555447 0
    outer loop
      vertex -31.3487 7.03489 -4.74303e-07
      vertex -31.4722 6.85 2.2
      vertex -31.4722 6.85 -4.74303e-07
    endloop
  endfacet
  facet normal 0.195122 0.980779 -0
    outer loop
      vertex -30.2219 4.31454 -4.74303e-07
      vertex -30.44 4.35793 2.2
      vertex -30.2219 4.31454 2.2
    endloop
  endfacet
  facet normal 0.195122 0.980779 0
    outer loop
      vertex -30.44 4.35793 2.2
      vertex -30.2219 4.31454 -4.74303e-07
      vertex -30.44 4.35793 -4.74303e-07
    endloop
  endfacet
  facet normal 0.980769 0.195173 0
    outer loop
      vertex -31.6421 5.56001 2.2
      vertex -31.6855 5.7781 -4.74303e-07
      vertex -31.6855 5.7781 2.2
    endloop
  endfacet
  facet normal 0.980769 0.195173 0
    outer loop
      vertex -31.6855 5.7781 -4.74303e-07
      vertex -31.6421 5.56001 2.2
      vertex -31.6421 5.56001 -4.74303e-07
    endloop
  endfacet
  facet normal -0.946901 0.321525 0
    outer loop
      vertex -28.4294 5.34944 -4.74303e-07
      vertex -28.3579 5.56001 2.2
      vertex -28.3579 5.56001 -4.74303e-07
    endloop
  endfacet
  facet normal -0.946901 0.321525 0
    outer loop
      vertex -28.3579 5.56001 2.2
      vertex -28.4294 5.34944 -4.74303e-07
      vertex -28.4294 5.34944 2.2
    endloop
  endfacet
  facet normal 0.442386 0.896825 -0
    outer loop
      vertex -30.6506 4.4294 -4.74303e-07
      vertex -30.85 4.52776 2.2
      vertex -30.6506 4.4294 2.2
    endloop
  endfacet
  facet normal 0.442386 0.896825 0
    outer loop
      vertex -30.85 4.52776 2.2
      vertex -30.6506 4.4294 -4.74303e-07
      vertex -30.85 4.52776 -4.74303e-07
    endloop
  endfacet
  facet normal 0.0653848 -0.99786 0
    outer loop
      vertex -30.2219 7.68546 -4.74303e-07
      vertex -30 7.7 2.2
      vertex -30.2219 7.68546 2.2
    endloop
  endfacet
  facet normal 0.0653848 -0.99786 0
    outer loop
      vertex -30 7.7 2.2
      vertex -30.2219 7.68546 -4.74303e-07
      vertex -30 7.7 -4.74303e-07
    endloop
  endfacet
  facet normal -0.321403 -0.946943 0
    outer loop
      vertex -29.56 7.64207 -4.74303e-07
      vertex -29.3494 7.57059 2.2
      vertex -29.56 7.64207 2.2
    endloop
  endfacet
  facet normal -0.321403 -0.946943 -0
    outer loop
      vertex -29.3494 7.57059 2.2
      vertex -29.56 7.64207 -4.74303e-07
      vertex -29.3494 7.57059 -4.74303e-07
    endloop
  endfacet
  facet normal -0.195122 -0.980779 0
    outer loop
      vertex -29.7781 7.68546 -4.74303e-07
      vertex -29.56 7.64207 2.2
      vertex -29.7781 7.68546 2.2
    endloop
  endfacet
  facet normal -0.195122 -0.980779 -0
    outer loop
      vertex -29.56 7.64207 2.2
      vertex -29.7781 7.68546 -4.74303e-07
      vertex -29.56 7.64207 -4.74303e-07
    endloop
  endfacet
  facet normal 0.896789 -0.442459 0
    outer loop
      vertex -31.5706 6.65056 2.2
      vertex -31.4722 6.85 -4.74303e-07
      vertex -31.4722 6.85 2.2
    endloop
  endfacet
  facet normal 0.896789 -0.442459 0
    outer loop
      vertex -31.4722 6.85 -4.74303e-07
      vertex -31.5706 6.65056 2.2
      vertex -31.5706 6.65056 -4.74303e-07
    endloop
  endfacet
  facet normal 0.997872 0.0652057 0
    outer loop
      vertex -31.6855 5.7781 2.2
      vertex -31.7 6 -4.74303e-07
      vertex -31.7 6 2.2
    endloop
  endfacet
  facet normal 0.997872 0.0652057 0
    outer loop
      vertex -31.7 6 -4.74303e-07
      vertex -31.6855 5.7781 2.2
      vertex -31.6855 5.7781 -4.74303e-07
    endloop
  endfacet
  facet normal 0.0653848 0.99786 -0
    outer loop
      vertex -30 4.3 -4.74303e-07
      vertex -30.2219 4.31454 2.2
      vertex -30 4.3 2.2
    endloop
  endfacet
  facet normal 0.0653848 0.99786 0
    outer loop
      vertex -30.2219 4.31454 2.2
      vertex -30 4.3 -4.74303e-07
      vertex -30.2219 4.31454 -4.74303e-07
    endloop
  endfacet
  facet normal 0.751888 -0.659291 0
    outer loop
      vertex -31.3487 7.03489 2.2
      vertex -31.2021 7.20208 -4.74303e-07
      vertex -31.2021 7.20208 2.2
    endloop
  endfacet
  facet normal 0.751888 -0.659291 0
    outer loop
      vertex -31.2021 7.20208 -4.74303e-07
      vertex -31.3487 7.03489 2.2
      vertex -31.3487 7.03489 -4.74303e-07
    endloop
  endfacet
  facet normal -0.997872 0.0652057 0
    outer loop
      vertex -28.3145 5.7781 -4.74303e-07
      vertex -28.3 6 2.2
      vertex -28.3 6 -4.74303e-07
    endloop
  endfacet
  facet normal -0.997872 0.0652057 0
    outer loop
      vertex -28.3 6 2.2
      vertex -28.3145 5.7781 -4.74303e-07
      vertex -28.3145 5.7781 2.2
    endloop
  endfacet
  facet normal 0.751888 0.659291 0
    outer loop
      vertex -31.2021 4.79792 2.2
      vertex -31.3487 4.96511 -4.74303e-07
      vertex -31.3487 4.96511 2.2
    endloop
  endfacet
  facet normal 0.751888 0.659291 0
    outer loop
      vertex -31.3487 4.96511 -4.74303e-07
      vertex -31.2021 4.79792 2.2
      vertex -31.2021 4.79792 -4.74303e-07
    endloop
  endfacet
  facet normal -0.751888 -0.659291 0
    outer loop
      vertex -28.6513 7.03489 -4.74303e-07
      vertex -28.7979 7.20208 2.2
      vertex -28.7979 7.20208 -4.74303e-07
    endloop
  endfacet
  facet normal -0.751888 -0.659291 0
    outer loop
      vertex -28.7979 7.20208 2.2
      vertex -28.6513 7.03489 -4.74303e-07
      vertex -28.6513 7.03489 2.2
    endloop
  endfacet
  facet normal -0.831552 -0.555447 0
    outer loop
      vertex -28.5278 6.85 -4.74303e-07
      vertex -28.6513 7.03489 2.2
      vertex -28.6513 7.03489 -4.74303e-07
    endloop
  endfacet
  facet normal -0.831552 -0.555447 0
    outer loop
      vertex -28.6513 7.03489 2.2
      vertex -28.5278 6.85 -4.74303e-07
      vertex -28.5278 6.85 2.2
    endloop
  endfacet
  facet normal -0.0653848 -0.99786 0
    outer loop
      vertex -30 7.7 -4.74303e-07
      vertex -29.7781 7.68546 2.2
      vertex -30 7.7 2.2
    endloop
  endfacet
  facet normal -0.0653848 -0.99786 -0
    outer loop
      vertex -29.7781 7.68546 2.2
      vertex -30 7.7 -4.74303e-07
      vertex -29.7781 7.68546 -4.74303e-07
    endloop
  endfacet
  facet normal -0.980769 0.195173 0
    outer loop
      vertex -28.3579 5.56001 -4.74303e-07
      vertex -28.3145 5.7781 2.2
      vertex -28.3145 5.7781 -4.74303e-07
    endloop
  endfacet
  facet normal -0.980769 0.195173 0
    outer loop
      vertex -28.3145 5.7781 2.2
      vertex -28.3579 5.56001 -4.74303e-07
      vertex -28.3579 5.56001 2.2
    endloop
  endfacet
  facet normal -0.321363 0.946956 0
    outer loop
      vertex -29.3494 4.4294 -4.74303e-07
      vertex -29.56 4.35793 2.2
      vertex -29.3494 4.4294 2.2
    endloop
  endfacet
  facet normal -0.321363 0.946956 0
    outer loop
      vertex -29.56 4.35793 2.2
      vertex -29.3494 4.4294 -4.74303e-07
      vertex -29.56 4.35793 -4.74303e-07
    endloop
  endfacet
  facet normal 0.946901 -0.321525 0
    outer loop
      vertex -31.6421 6.43999 2.2
      vertex -31.5706 6.65056 -4.74303e-07
      vertex -31.5706 6.65056 2.2
    endloop
  endfacet
  facet normal 0.946901 -0.321525 0
    outer loop
      vertex -31.5706 6.65056 -4.74303e-07
      vertex -31.6421 6.43999 2.2
      vertex -31.6421 6.43999 -4.74303e-07
    endloop
  endfacet
  facet normal -0.442386 0.896825 0
    outer loop
      vertex -29.15 4.52776 -4.74303e-07
      vertex -29.3494 4.4294 2.2
      vertex -29.15 4.52776 2.2
    endloop
  endfacet
  facet normal -0.442386 0.896825 0
    outer loop
      vertex -29.3494 4.4294 2.2
      vertex -29.15 4.52776 -4.74303e-07
      vertex -29.3494 4.4294 -4.74303e-07
    endloop
  endfacet
  facet normal -0.555551 0.831483 0
    outer loop
      vertex -28.9651 4.6513 -4.74303e-07
      vertex -29.15 4.52776 2.2
      vertex -28.9651 4.6513 2.2
    endloop
  endfacet
  facet normal -0.555551 0.831483 0
    outer loop
      vertex -29.15 4.52776 2.2
      vertex -28.9651 4.6513 -4.74303e-07
      vertex -29.15 4.52776 -4.74303e-07
    endloop
  endfacet
  facet normal -0.195122 0.980779 0
    outer loop
      vertex -29.56 4.35793 -4.74303e-07
      vertex -29.7781 4.31454 2.2
      vertex -29.56 4.35793 2.2
    endloop
  endfacet
  facet normal -0.195122 0.980779 0
    outer loop
      vertex -29.7781 4.31454 2.2
      vertex -29.56 4.35793 -4.74303e-07
      vertex -29.7781 4.31454 -4.74303e-07
    endloop
  endfacet
  facet normal -0.896789 -0.442459 0
    outer loop
      vertex -28.4294 6.65056 -4.74303e-07
      vertex -28.5278 6.85 2.2
      vertex -28.5278 6.85 -4.74303e-07
    endloop
  endfacet
  facet normal -0.896789 -0.442459 0
    outer loop
      vertex -28.5278 6.85 2.2
      vertex -28.4294 6.65056 -4.74303e-07
      vertex -28.4294 6.65056 2.2
    endloop
  endfacet
  facet normal -0.0653848 0.99786 0
    outer loop
      vertex -29.7781 4.31454 -4.74303e-07
      vertex -30 4.3 2.2
      vertex -29.7781 4.31454 2.2
    endloop
  endfacet
  facet normal -0.0653848 0.99786 0
    outer loop
      vertex -30 4.3 2.2
      vertex -29.7781 4.31454 -4.74303e-07
      vertex -30 4.3 -4.74303e-07
    endloop
  endfacet
  facet normal -0.896789 0.442459 0
    outer loop
      vertex -28.5278 5.15 -4.74303e-07
      vertex -28.4294 5.34944 2.2
      vertex -28.4294 5.34944 -4.74303e-07
    endloop
  endfacet
  facet normal -0.896789 0.442459 0
    outer loop
      vertex -28.4294 5.34944 2.2
      vertex -28.5278 5.15 -4.74303e-07
      vertex -28.5278 5.15 2.2
    endloop
  endfacet
  facet normal -0.997872 -0.0652086 0
    outer loop
      vertex -28.3 6 -4.74303e-07
      vertex -28.3145 6.22189 2.2
      vertex -28.3145 6.22189 -4.74303e-07
    endloop
  endfacet
  facet normal -0.997872 -0.0652086 0
    outer loop
      vertex -28.3145 6.22189 2.2
      vertex -28.3 6 -4.74303e-07
      vertex -28.3 6 2.2
    endloop
  endfacet
  facet normal -0.98077 -0.195165 0
    outer loop
      vertex -28.3145 6.22189 -4.74303e-07
      vertex -28.3579 6.43999 2.2
      vertex -28.3579 6.43999 -4.74303e-07
    endloop
  endfacet
  facet normal -0.98077 -0.195165 0
    outer loop
      vertex -28.3579 6.43999 2.2
      vertex -28.3145 6.22189 -4.74303e-07
      vertex -28.3145 6.22189 2.2
    endloop
  endfacet
  facet normal -0.946901 -0.321525 0
    outer loop
      vertex -28.3579 6.43999 -4.74303e-07
      vertex -28.4294 6.65056 2.2
      vertex -28.4294 6.65056 -4.74303e-07
    endloop
  endfacet
  facet normal -0.946901 -0.321525 0
    outer loop
      vertex -28.4294 6.65056 2.2
      vertex -28.3579 6.43999 -4.74303e-07
      vertex -28.3579 6.43999 2.2
    endloop
  endfacet
  facet normal 0.659319 0.751863 -0
    outer loop
      vertex -31.0349 4.6513 -4.74303e-07
      vertex -31.2021 4.79792 2.2
      vertex -31.0349 4.6513 2.2
    endloop
  endfacet
  facet normal 0.659319 0.751863 0
    outer loop
      vertex -31.2021 4.79792 2.2
      vertex -31.0349 4.6513 -4.74303e-07
      vertex -31.2021 4.79792 -4.74303e-07
    endloop
  endfacet
  facet normal -0.146302 0.735528 0.661509
    outer loop
      vertex -29.5692 2.73724 4
      vertex -29.1482 2.82098 4
      vertex -29.56 4.35793 2.2
    endloop
  endfacet
  facet normal 0.0490503 0.748332 0.661509
    outer loop
      vertex -30.4284 2.73692 4
      vertex -30 2.70884 4
      vertex -30 4.3 2.2
    endloop
  endfacet
  facet normal 0.146302 -0.735528 0.661509
    outer loop
      vertex -30.8518 9.17902 4
      vertex -30.44 7.64207 2.2
      vertex -30.4308 9.26276 4
    endloop
  endfacet
  facet normal 0.748322 -0.0490892 0.661517
    outer loop
      vertex -33.2912 6 4
      vertex -31.7 6 2.2
      vertex -33.2631 6.42836 4
    endloop
  endfacet
  facet normal 0.747134 -0.0612405 0.661846
    outer loop
      vertex -33.2631 6.42836 4
      vertex -31.6855 6.22189 2.2
      vertex -33.263 6.42958 4
    endloop
  endfacet
  facet normal 0.748351 -0.048903 0.661498
    outer loop
      vertex -31.6855 6.22189 2.2
      vertex -33.2631 6.42836 4
      vertex -31.7 6 2.2
    endloop
  endfacet
  facet normal -0.231891 0.71351 0.661159
    outer loop
      vertex -29.3494 4.4294 2.2
      vertex -28.7417 2.95897 4
      vertex -28.7405 2.95936 4
    endloop
  endfacet
  facet normal -0.241004 0.710164 0.661502
    outer loop
      vertex -28.7417 2.95897 4
      vertex -29.3494 4.4294 2.2
      vertex -29.56 4.35793 2.2
    endloop
  endfacet
  facet normal -0.710138 0.241086 0.661499
    outer loop
      vertex -28.3579 5.56001 2.2
      vertex -26.959 4.74169 4
      vertex -26.821 5.14818 4
    endloop
  endfacet
  facet normal 0.710141 -0.241081 0.661498
    outer loop
      vertex -33.179 6.85181 4
      vertex -31.6421 6.43999 2.2
      vertex -33.041 7.25831 4
    endloop
  endfacet
  facet normal 0.146302 0.735528 0.661509
    outer loop
      vertex -30.8518 2.82098 4
      vertex -30.4308 2.73724 4
      vertex -30.44 4.35793 2.2
    endloop
  endfacet
  facet normal 0.147089 -0.735443 0.661429
    outer loop
      vertex -30.44 7.64207 2.2
      vertex -30.4296 9.263 4
      vertex -30.4308 9.26276 4
    endloop
  endfacet
  facet normal 0.146329 -0.735525 0.661507
    outer loop
      vertex -30.4296 9.263 4
      vertex -30.44 7.64207 2.2
      vertex -30.2219 7.68546 2.2
    endloop
  endfacet
  facet normal 0.330493 -0.673227 0.661467
    outer loop
      vertex -30.85 7.47224 2.2
      vertex -31.6445 8.85077 4
      vertex -31.6456 8.85023 4
    endloop
  endfacet
  facet normal 0.331733 -0.672573 0.661513
    outer loop
      vertex -31.6445 8.85077 4
      vertex -30.85 7.47224 2.2
      vertex -30.6506 7.57059 2.2
    endloop
  endfacet
  facet normal 0.56598 -0.492156 0.661399
    outer loop
      vertex -32.328 8.32628 4
      vertex -31.2021 7.20208 2.2
      vertex -32.3272 8.3272 4
    endloop
  endfacet
  facet normal 0.563873 -0.494431 0.661502
    outer loop
      vertex -31.2021 7.20208 2.2
      vertex -32.328 8.32628 4
      vertex -31.3487 7.03489 2.2
    endloop
  endfacet
  facet normal -0.331733 -0.672573 0.661513
    outer loop
      vertex -29.15 7.47224 2.2
      vertex -28.3555 8.85077 4
      vertex -29.3494 7.57059 2.2
    endloop
  endfacet
  facet normal -0.330493 -0.673227 0.661467
    outer loop
      vertex -28.3555 8.85077 4
      vertex -29.15 7.47224 2.2
      vertex -28.3544 8.85023 4
    endloop
  endfacet
  facet normal -0.501517 0.557241 0.661788
    outer loop
      vertex -28.7979 4.79792 2.2
      vertex -27.6737 3.67199 4
      vertex -27.6728 3.6728 4
    endloop
  endfacet
  facet normal -0.494448 0.563851 0.661508
    outer loop
      vertex -27.6737 3.67199 4
      vertex -28.7979 4.79792 2.2
      vertex -28.9651 4.6513 2.2
    endloop
  endfacet
  facet normal -0.56378 -0.494519 0.661515
    outer loop
      vertex -28.6513 7.03489 2.2
      vertex -27.3889 8.00353 4
      vertex -27.672 8.32628 4
    endloop
  endfacet
  facet normal 0.748351 0.0489008 0.661497
    outer loop
      vertex -33.2631 5.57164 4
      vertex -31.6855 5.7781 2.2
      vertex -31.7 6 2.2
    endloop
  endfacet
  facet normal 0.747134 0.0612405 0.661846
    outer loop
      vertex -31.6855 5.7781 2.2
      vertex -33.2631 5.57164 4
      vertex -33.263 5.57042 4
    endloop
  endfacet
  facet normal 0.708884 -0.244443 0.661613
    outer loop
      vertex -33.041 7.25831 4
      vertex -31.5706 6.65056 2.2
      vertex -33.0406 7.25947 4
    endloop
  endfacet
  facet normal 0.710121 -0.241125 0.661503
    outer loop
      vertex -31.5706 6.65056 2.2
      vertex -33.041 7.25831 4
      vertex -31.6421 6.43999 2.2
    endloop
  endfacet
  facet normal 0.62361 -0.416549 0.661512
    outer loop
      vertex -32.8495 7.6466 4
      vertex -31.4722 6.85 2.2
      vertex -31.3487 7.03489 2.2
    endloop
  endfacet
  facet normal 0.618572 -0.42451 0.66118
    outer loop
      vertex -31.4722 6.85 2.2
      vertex -32.8495 7.6466 4
      vertex -32.8502 7.64558 4
    endloop
  endfacet
  facet normal 0.0490503 -0.748332 0.661509
    outer loop
      vertex -30.4284 9.26308 4
      vertex -30 7.7 2.2
      vertex -30 9.29116 4
    endloop
  endfacet
  facet normal 0.23189 -0.713508 0.661161
    outer loop
      vertex -30.6506 7.57059 2.2
      vertex -31.2583 9.04103 4
      vertex -31.2595 9.04064 4
    endloop
  endfacet
  facet normal 0.241033 -0.710151 0.661505
    outer loop
      vertex -31.2583 9.04103 4
      vertex -30.6506 7.57059 2.2
      vertex -30.44 7.64207 2.2
    endloop
  endfacet
  facet normal -0.494423 0.563877 0.661505
    outer loop
      vertex -28.9651 4.6513 2.2
      vertex -27.9965 3.38895 4
      vertex -27.6737 3.67199 4
    endloop
  endfacet
  facet normal 0.241062 0.710138 0.661509
    outer loop
      vertex -31.2583 2.95897 4
      vertex -30.8518 2.82098 4
      vertex -30.44 4.35793 2.2
    endloop
  endfacet
  facet normal -0.501517 -0.557241 0.661788
    outer loop
      vertex -27.6737 8.32801 4
      vertex -28.7979 7.20208 2.2
      vertex -27.6728 8.3272 4
    endloop
  endfacet
  facet normal -0.494448 -0.563851 0.661508
    outer loop
      vertex -28.7979 7.20208 2.2
      vertex -27.6737 8.32801 4
      vertex -28.9651 7.3487 2.2
    endloop
  endfacet
  facet normal 0.241062 -0.710138 0.661509
    outer loop
      vertex -31.2583 9.04103 4
      vertex -30.44 7.64207 2.2
      vertex -30.8518 9.17902 4
    endloop
  endfacet
  facet normal 0.737912 0.121969 0.663784
    outer loop
      vertex -31.6421 5.56001 2.2
      vertex -33.263 5.57042 4
      vertex -33.2628 5.56921 4
    endloop
  endfacet
  facet normal 0.735527 0.14637 0.661495
    outer loop
      vertex -33.263 5.57042 4
      vertex -31.6421 5.56001 2.2
      vertex -31.6855 5.7781 2.2
    endloop
  endfacet
  facet normal 0.0498836 -0.748254 0.661534
    outer loop
      vertex -30.2219 7.68546 2.2
      vertex -30.4284 9.26308 4
      vertex -30.4296 9.263 4
    endloop
  endfacet
  facet normal 0.0490346 -0.748334 0.661507
    outer loop
      vertex -30.4284 9.26308 4
      vertex -30.2219 7.68546 2.2
      vertex -30 7.7 2.2
    endloop
  endfacet
  facet normal 0.748322 0.0490892 0.661517
    outer loop
      vertex -33.2912 6 4
      vertex -33.2631 5.57164 4
      vertex -31.7 6 2.2
    endloop
  endfacet
  facet normal -0.147089 0.735443 0.661429
    outer loop
      vertex -29.56 4.35793 2.2
      vertex -29.5704 2.737 4
      vertex -29.5692 2.73724 4
    endloop
  endfacet
  facet normal -0.146329 0.735525 0.661507
    outer loop
      vertex -29.5704 2.737 4
      vertex -29.56 4.35793 2.2
      vertex -29.7781 4.31454 2.2
    endloop
  endfacet
  facet normal -0.416628 0.623559 0.661511
    outer loop
      vertex -29.15 4.52776 2.2
      vertex -28.3534 3.15045 4
      vertex -28.9651 4.6513 2.2
    endloop
  endfacet
  facet normal -0.4218 0.620294 0.661302
    outer loop
      vertex -28.3534 3.15045 4
      vertex -29.15 4.52776 2.2
      vertex -28.3544 3.14977 4
    endloop
  endfacet
  facet normal -0.331702 0.672594 0.661507
    outer loop
      vertex -29.3494 4.4294 2.2
      vertex -28.7405 2.95936 4
      vertex -28.3555 3.14923 4
    endloop
  endfacet
  facet normal -0.623621 0.416528 0.661514
    outer loop
      vertex -28.6513 4.96511 2.2
      vertex -27.3889 3.99647 4
      vertex -27.1505 4.3534 4
    endloop
  endfacet
  facet normal -0.710141 -0.241081 0.661498
    outer loop
      vertex -28.3579 6.43999 2.2
      vertex -26.821 6.85181 4
      vertex -26.959 7.25831 4
    endloop
  endfacet
  facet normal -0.748351 0.0489008 0.661497
    outer loop
      vertex -28.3145 5.7781 2.2
      vertex -26.7369 5.57164 4
      vertex -28.3 6 2.2
    endloop
  endfacet
  facet normal -0.747134 0.0612405 0.661846
    outer loop
      vertex -26.7369 5.57164 4
      vertex -28.3145 5.7781 2.2
      vertex -26.737 5.57042 4
    endloop
  endfacet
  facet normal 0.494448 -0.563851 0.661508
    outer loop
      vertex -32.3263 8.32801 4
      vertex -31.2021 7.20208 2.2
      vertex -31.0349 7.3487 2.2
    endloop
  endfacet
  facet normal 0.501517 -0.557241 0.661788
    outer loop
      vertex -31.2021 7.20208 2.2
      vertex -32.3263 8.32801 4
      vertex -32.3272 8.3272 4
    endloop
  endfacet
  facet normal -0.618572 0.42451 0.66118
    outer loop
      vertex -28.5278 5.15 2.2
      vertex -27.1505 4.3534 4
      vertex -27.1498 4.35442 4
    endloop
  endfacet
  facet normal -0.62361 0.416549 0.661512
    outer loop
      vertex -27.1505 4.3534 4
      vertex -28.5278 5.15 2.2
      vertex -28.6513 4.96511 2.2
    endloop
  endfacet
  facet normal 0.563873 0.494431 0.661502
    outer loop
      vertex -32.328 3.67372 4
      vertex -31.2021 4.79792 2.2
      vertex -31.3487 4.96511 2.2
    endloop
  endfacet
  facet normal 0.56598 0.492156 0.661399
    outer loop
      vertex -31.2021 4.79792 2.2
      vertex -32.328 3.67372 4
      vertex -32.3272 3.6728 4
    endloop
  endfacet
  facet normal 0.494448 0.563851 0.661508
    outer loop
      vertex -31.2021 4.79792 2.2
      vertex -32.3263 3.67199 4
      vertex -31.0349 4.6513 2.2
    endloop
  endfacet
  facet normal 0.501517 0.557241 0.661788
    outer loop
      vertex -32.3263 3.67199 4
      vertex -31.2021 4.79792 2.2
      vertex -32.3272 3.6728 4
    endloop
  endfacet
  facet normal -0.56378 0.494519 0.661515
    outer loop
      vertex -28.6513 4.96511 2.2
      vertex -27.672 3.67372 4
      vertex -27.3889 3.99647 4
    endloop
  endfacet
  facet normal 0.0490346 0.748334 0.661507
    outer loop
      vertex -30.2219 4.31454 2.2
      vertex -30.4284 2.73692 4
      vertex -30 4.3 2.2
    endloop
  endfacet
  facet normal 0.0498836 0.748254 0.661534
    outer loop
      vertex -30.4284 2.73692 4
      vertex -30.2219 4.31454 2.2
      vertex -30.4296 2.737 4
    endloop
  endfacet
  facet normal -0.416678 -0.623531 0.661505
    outer loop
      vertex -28.9651 7.3487 2.2
      vertex -27.9965 8.61105 4
      vertex -28.3534 8.84955 4
    endloop
  endfacet
  facet normal -0.416678 0.623531 0.661505
    outer loop
      vertex -28.9651 4.6513 2.2
      vertex -28.3534 3.15045 4
      vertex -27.9965 3.38895 4
    endloop
  endfacet
  facet normal -0.56598 -0.492156 0.661399
    outer loop
      vertex -28.7979 7.20208 2.2
      vertex -27.672 8.32628 4
      vertex -27.6728 8.3272 4
    endloop
  endfacet
  facet normal -0.563873 -0.494431 0.661502
    outer loop
      vertex -27.672 8.32628 4
      vertex -28.7979 7.20208 2.2
      vertex -28.6513 7.03489 2.2
    endloop
  endfacet
  facet normal 0.56378 -0.494519 0.661515
    outer loop
      vertex -32.6111 8.00353 4
      vertex -31.3487 7.03489 2.2
      vertex -32.328 8.32628 4
    endloop
  endfacet
  facet normal 0.494423 -0.563877 0.661505
    outer loop
      vertex -32.3263 8.32801 4
      vertex -31.0349 7.3487 2.2
      vertex -32.0035 8.61105 4
    endloop
  endfacet
  facet normal -0.241062 0.710138 0.661509
    outer loop
      vertex -29.56 4.35793 2.2
      vertex -29.1482 2.82098 4
      vertex -28.7417 2.95897 4
    endloop
  endfacet
  facet normal -0.241033 -0.710151 0.661505
    outer loop
      vertex -29.3494 7.57059 2.2
      vertex -28.7417 9.04103 4
      vertex -29.56 7.64207 2.2
    endloop
  endfacet
  facet normal -0.23189 -0.713508 0.661161
    outer loop
      vertex -28.7417 9.04103 4
      vertex -29.3494 7.57059 2.2
      vertex -28.7405 9.04064 4
    endloop
  endfacet
  facet normal 0.494423 0.563877 0.661505
    outer loop
      vertex -32.3263 3.67199 4
      vertex -32.0035 3.38895 4
      vertex -31.0349 4.6513 2.2
    endloop
  endfacet
  facet normal -0.623621 -0.416528 0.661514
    outer loop
      vertex -28.6513 7.03489 2.2
      vertex -27.1505 7.6466 4
      vertex -27.3889 8.00353 4
    endloop
  endfacet
  facet normal 0.416678 0.623531 0.661505
    outer loop
      vertex -32.0035 3.38895 4
      vertex -31.6466 3.15045 4
      vertex -31.0349 4.6513 2.2
    endloop
  endfacet
  facet normal 0.710121 0.241125 0.661503
    outer loop
      vertex -33.041 4.74169 4
      vertex -31.5706 5.34944 2.2
      vertex -31.6421 5.56001 2.2
    endloop
  endfacet
  facet normal 0.708884 0.244443 0.661613
    outer loop
      vertex -31.5706 5.34944 2.2
      vertex -33.041 4.74169 4
      vertex -33.0406 4.74053 4
    endloop
  endfacet
  facet normal 0.672648 -0.331598 0.661504
    outer loop
      vertex -33.0406 7.25947 4
      vertex -31.5706 6.65056 2.2
      vertex -32.8508 7.64448 4
    endloop
  endfacet
  facet normal -0.146329 -0.735525 0.661507
    outer loop
      vertex -29.56 7.64207 2.2
      vertex -29.5704 9.263 4
      vertex -29.7781 7.68546 2.2
    endloop
  endfacet
  facet normal -0.147089 -0.735443 0.661429
    outer loop
      vertex -29.5704 9.263 4
      vertex -29.56 7.64207 2.2
      vertex -29.5692 9.26276 4
    endloop
  endfacet
  facet normal 0.331702 0.672594 0.661507
    outer loop
      vertex -31.6445 3.14923 4
      vertex -31.2595 2.95936 4
      vertex -30.6506 4.4294 2.2
    endloop
  endfacet
  facet normal 0.710138 0.241086 0.661499
    outer loop
      vertex -33.179 5.14818 4
      vertex -33.041 4.74169 4
      vertex -31.6421 5.56001 2.2
    endloop
  endfacet
  facet normal 0.241004 0.710164 0.661502
    outer loop
      vertex -30.6506 4.4294 2.2
      vertex -31.2583 2.95897 4
      vertex -30.44 4.35793 2.2
    endloop
  endfacet
  facet normal 0.231891 0.71351 0.661159
    outer loop
      vertex -31.2583 2.95897 4
      vertex -30.6506 4.4294 2.2
      vertex -31.2595 2.95936 4
    endloop
  endfacet
  facet normal 0.146329 0.735525 0.661507
    outer loop
      vertex -30.44 4.35793 2.2
      vertex -30.4296 2.737 4
      vertex -30.2219 4.31454 2.2
    endloop
  endfacet
  facet normal 0.147089 0.735443 0.661429
    outer loop
      vertex -30.4296 2.737 4
      vertex -30.44 4.35793 2.2
      vertex -30.4308 2.73724 4
    endloop
  endfacet
  facet normal 0.672648 0.331598 0.661504
    outer loop
      vertex -33.0406 4.74053 4
      vertex -32.8508 4.35552 4
      vertex -31.5706 5.34944 2.2
    endloop
  endfacet
  facet normal 0.623621 0.416528 0.661514
    outer loop
      vertex -32.8495 4.3534 4
      vertex -32.6111 3.99647 4
      vertex -31.3487 4.96511 2.2
    endloop
  endfacet
  facet normal 0.56378 0.494519 0.661515
    outer loop
      vertex -32.6111 3.99647 4
      vertex -32.328 3.67372 4
      vertex -31.3487 4.96511 2.2
    endloop
  endfacet
  facet normal -0.4218 -0.620294 0.661302
    outer loop
      vertex -29.15 7.47224 2.2
      vertex -28.3534 8.84955 4
      vertex -28.3544 8.85023 4
    endloop
  endfacet
  facet normal -0.416628 -0.623559 0.661511
    outer loop
      vertex -28.3534 8.84955 4
      vertex -29.15 7.47224 2.2
      vertex -28.9651 7.3487 2.2
    endloop
  endfacet
  facet normal 0.735516 0.146394 0.661502
    outer loop
      vertex -33.2628 5.56921 4
      vertex -33.179 5.14818 4
      vertex -31.6421 5.56001 2.2
    endloop
  endfacet
  facet normal -0.708884 -0.244443 0.661613
    outer loop
      vertex -28.4294 6.65056 2.2
      vertex -26.959 7.25831 4
      vertex -26.9594 7.25947 4
    endloop
  endfacet
  facet normal -0.710121 -0.241125 0.661503
    outer loop
      vertex -26.959 7.25831 4
      vertex -28.4294 6.65056 2.2
      vertex -28.3579 6.43999 2.2
    endloop
  endfacet
  facet normal -0.748322 0.0490892 0.661517
    outer loop
      vertex -28.3 6 2.2
      vertex -26.7369 5.57164 4
      vertex -26.7088 6 4
    endloop
  endfacet
  facet normal -0.0490503 -0.748332 0.661509
    outer loop
      vertex -30 7.7 2.2
      vertex -29.5716 9.26308 4
      vertex -30 9.29116 4
    endloop
  endfacet
  facet normal -0.0498836 0.748254 0.661534
    outer loop
      vertex -29.7781 4.31454 2.2
      vertex -29.5716 2.73692 4
      vertex -29.5704 2.737 4
    endloop
  endfacet
  facet normal -0.0490346 0.748334 0.661507
    outer loop
      vertex -29.5716 2.73692 4
      vertex -29.7781 4.31454 2.2
      vertex -30 4.3 2.2
    endloop
  endfacet
  facet normal -0.330493 0.673227 0.661467
    outer loop
      vertex -29.15 4.52776 2.2
      vertex -28.3555 3.14923 4
      vertex -28.3544 3.14977 4
    endloop
  endfacet
  facet normal -0.33176 0.672559 0.661514
    outer loop
      vertex -28.3555 3.14923 4
      vertex -29.15 4.52776 2.2
      vertex -29.3494 4.4294 2.2
    endloop
  endfacet
  facet normal -0.735527 0.14637 0.661495
    outer loop
      vertex -28.3579 5.56001 2.2
      vertex -26.737 5.57042 4
      vertex -28.3145 5.7781 2.2
    endloop
  endfacet
  facet normal -0.737912 0.121969 0.663784
    outer loop
      vertex -26.737 5.57042 4
      vertex -28.3579 5.56001 2.2
      vertex -26.7372 5.56921 4
    endloop
  endfacet
  facet normal 0.623621 -0.416528 0.661514
    outer loop
      vertex -32.8495 7.6466 4
      vertex -31.3487 7.03489 2.2
      vertex -32.6111 8.00353 4
    endloop
  endfacet
  facet normal -0.735516 -0.146397 0.661502
    outer loop
      vertex -28.3579 6.43999 2.2
      vertex -26.7372 6.43079 4
      vertex -26.821 6.85181 4
    endloop
  endfacet
  facet normal -0.737912 -0.121969 0.663784
    outer loop
      vertex -28.3579 6.43999 2.2
      vertex -26.737 6.42958 4
      vertex -26.7372 6.43079 4
    endloop
  endfacet
  facet normal -0.735527 -0.146364 0.661496
    outer loop
      vertex -26.737 6.42958 4
      vertex -28.3579 6.43999 2.2
      vertex -28.3145 6.22189 2.2
    endloop
  endfacet
  facet normal -0.331701 -0.672592 0.661509
    outer loop
      vertex -29.3494 7.57059 2.2
      vertex -28.3555 8.85077 4
      vertex -28.7405 9.04064 4
    endloop
  endfacet
  facet normal -0.735516 0.146394 0.661502
    outer loop
      vertex -28.3579 5.56001 2.2
      vertex -26.821 5.14818 4
      vertex -26.7372 5.56921 4
    endloop
  endfacet
  facet normal -0.563873 0.494431 0.661502
    outer loop
      vertex -28.7979 4.79792 2.2
      vertex -27.672 3.67372 4
      vertex -28.6513 4.96511 2.2
    endloop
  endfacet
  facet normal -0.56598 0.492156 0.661399
    outer loop
      vertex -27.672 3.67372 4
      vertex -28.7979 4.79792 2.2
      vertex -27.6728 3.6728 4
    endloop
  endfacet
  facet normal 0.62361 0.416549 0.661512
    outer loop
      vertex -31.4722 5.15 2.2
      vertex -32.8495 4.3534 4
      vertex -31.3487 4.96511 2.2
    endloop
  endfacet
  facet normal 0.618572 0.42451 0.66118
    outer loop
      vertex -32.8495 4.3534 4
      vertex -31.4722 5.15 2.2
      vertex -32.8502 4.35442 4
    endloop
  endfacet
  facet normal 0.33176 0.672559 0.661514
    outer loop
      vertex -30.85 4.52776 2.2
      vertex -31.6445 3.14923 4
      vertex -30.6506 4.4294 2.2
    endloop
  endfacet
  facet normal 0.330493 0.673227 0.661467
    outer loop
      vertex -31.6445 3.14923 4
      vertex -30.85 4.52776 2.2
      vertex -31.6456 3.14977 4
    endloop
  endfacet
  facet normal -0.672648 0.331598 0.661504
    outer loop
      vertex -28.4294 5.34944 2.2
      vertex -27.1492 4.35552 4
      vertex -26.9594 4.74053 4
    endloop
  endfacet
  facet normal 0.331701 -0.672592 0.661509
    outer loop
      vertex -31.6445 8.85077 4
      vertex -30.6506 7.57059 2.2
      vertex -31.2595 9.04064 4
    endloop
  endfacet
  facet normal -0.146302 -0.735528 0.661509
    outer loop
      vertex -29.5692 9.26276 4
      vertex -29.56 7.64207 2.2
      vertex -29.1482 9.17902 4
    endloop
  endfacet
  facet normal 0.416678 -0.623531 0.661505
    outer loop
      vertex -32.0035 8.61105 4
      vertex -31.0349 7.3487 2.2
      vertex -31.6466 8.84955 4
    endloop
  endfacet
  facet normal 0.4218 -0.620294 0.661302
    outer loop
      vertex -31.6466 8.84955 4
      vertex -30.85 7.47224 2.2
      vertex -31.6456 8.85023 4
    endloop
  endfacet
  facet normal 0.416628 -0.623559 0.661511
    outer loop
      vertex -30.85 7.47224 2.2
      vertex -31.6466 8.84955 4
      vertex -31.0349 7.3487 2.2
    endloop
  endfacet
  facet normal -0.0490503 0.748332 0.661509
    outer loop
      vertex -30 2.70884 4
      vertex -29.5716 2.73692 4
      vertex -30 4.3 2.2
    endloop
  endfacet
  facet normal 0.67252 0.331809 0.661529
    outer loop
      vertex -32.8508 4.35552 4
      vertex -31.4722 5.15 2.2
      vertex -31.5706 5.34944 2.2
    endloop
  endfacet
  facet normal 0.657831 0.358817 0.6622
    outer loop
      vertex -31.4722 5.15 2.2
      vertex -32.8508 4.35552 4
      vertex -32.8502 4.35442 4
    endloop
  endfacet
  facet normal -0.241062 -0.710138 0.661509
    outer loop
      vertex -29.56 7.64207 2.2
      vertex -28.7417 9.04103 4
      vertex -29.1482 9.17902 4
    endloop
  endfacet
  facet normal 0.416628 0.623559 0.661511
    outer loop
      vertex -31.6466 3.15045 4
      vertex -30.85 4.52776 2.2
      vertex -31.0349 4.6513 2.2
    endloop
  endfacet
  facet normal 0.4218 0.620294 0.661302
    outer loop
      vertex -30.85 4.52776 2.2
      vertex -31.6466 3.15045 4
      vertex -31.6456 3.14977 4
    endloop
  endfacet
  facet normal -0.618572 -0.42451 0.66118
    outer loop
      vertex -27.1505 7.6466 4
      vertex -28.5278 6.85 2.2
      vertex -27.1498 7.64558 4
    endloop
  endfacet
  facet normal -0.62361 -0.416549 0.661512
    outer loop
      vertex -28.5278 6.85 2.2
      vertex -27.1505 7.6466 4
      vertex -28.6513 7.03489 2.2
    endloop
  endfacet
  facet normal -0.657831 -0.358817 0.6622
    outer loop
      vertex -28.5278 6.85 2.2
      vertex -27.1492 7.64448 4
      vertex -27.1498 7.64558 4
    endloop
  endfacet
  facet normal -0.67252 -0.331809 0.661529
    outer loop
      vertex -27.1492 7.64448 4
      vertex -28.5278 6.85 2.2
      vertex -28.4294 6.65056 2.2
    endloop
  endfacet
  facet normal -0.672648 -0.331598 0.661504
    outer loop
      vertex -28.4294 6.65056 2.2
      vertex -26.9594 7.25947 4
      vertex -27.1492 7.64448 4
    endloop
  endfacet
  facet normal -0.494423 -0.563877 0.661505
    outer loop
      vertex -28.9651 7.3487 2.2
      vertex -27.6737 8.32801 4
      vertex -27.9965 8.61105 4
    endloop
  endfacet
  facet normal -0.67252 0.331809 0.661529
    outer loop
      vertex -28.5278 5.15 2.2
      vertex -27.1492 4.35552 4
      vertex -28.4294 5.34944 2.2
    endloop
  endfacet
  facet normal -0.657831 0.358817 0.6622
    outer loop
      vertex -27.1492 4.35552 4
      vertex -28.5278 5.15 2.2
      vertex -27.1498 4.35442 4
    endloop
  endfacet
  facet normal -0.710121 0.241125 0.661503
    outer loop
      vertex -28.4294 5.34944 2.2
      vertex -26.959 4.74169 4
      vertex -28.3579 5.56001 2.2
    endloop
  endfacet
  facet normal -0.708884 0.244443 0.661613
    outer loop
      vertex -26.959 4.74169 4
      vertex -28.4294 5.34944 2.2
      vertex -26.9594 4.74053 4
    endloop
  endfacet
  facet normal -0.748322 -0.0490892 0.661517
    outer loop
      vertex -28.3 6 2.2
      vertex -26.7088 6 4
      vertex -26.7369 6.42836 4
    endloop
  endfacet
  facet normal 0.657831 -0.358817 0.6622
    outer loop
      vertex -32.8508 7.64448 4
      vertex -31.4722 6.85 2.2
      vertex -32.8502 7.64558 4
    endloop
  endfacet
  facet normal 0.67252 -0.331809 0.661529
    outer loop
      vertex -31.4722 6.85 2.2
      vertex -32.8508 7.64448 4
      vertex -31.5706 6.65056 2.2
    endloop
  endfacet
  facet normal 0.735516 -0.146397 0.661502
    outer loop
      vertex -33.2628 6.43079 4
      vertex -31.6421 6.43999 2.2
      vertex -33.179 6.85181 4
    endloop
  endfacet
  facet normal 0.737912 -0.121969 0.663784
    outer loop
      vertex -33.263 6.42958 4
      vertex -31.6421 6.43999 2.2
      vertex -33.2628 6.43079 4
    endloop
  endfacet
  facet normal 0.735527 -0.146364 0.661496
    outer loop
      vertex -31.6421 6.43999 2.2
      vertex -33.263 6.42958 4
      vertex -31.6855 6.22189 2.2
    endloop
  endfacet
  facet normal -0.0490346 -0.748334 0.661507
    outer loop
      vertex -29.7781 7.68546 2.2
      vertex -29.5716 9.26308 4
      vertex -30 7.7 2.2
    endloop
  endfacet
  facet normal -0.0498836 -0.748254 0.661534
    outer loop
      vertex -29.5716 9.26308 4
      vertex -29.7781 7.68546 2.2
      vertex -29.5704 9.263 4
    endloop
  endfacet
  facet normal -0.747134 -0.0612405 0.661846
    outer loop
      vertex -28.3145 6.22189 2.2
      vertex -26.7369 6.42836 4
      vertex -26.737 6.42958 4
    endloop
  endfacet
  facet normal -0.748351 -0.048903 0.661498
    outer loop
      vertex -26.7369 6.42836 4
      vertex -28.3145 6.22189 2.2
      vertex -28.3 6 2.2
    endloop
  endfacet
  facet normal 0.98077 -0.195165 0
    outer loop
      vertex 28.3145 6.22189 2.2
      vertex 28.3579 6.43999 -4.74303e-07
      vertex 28.3579 6.43999 2.2
    endloop
  endfacet
  facet normal 0.98077 -0.195165 0
    outer loop
      vertex 28.3579 6.43999 -4.74303e-07
      vertex 28.3145 6.22189 2.2
      vertex 28.3145 6.22189 -4.74303e-07
    endloop
  endfacet
  facet normal 0.997872 -0.0652086 0
    outer loop
      vertex 28.3 6 2.2
      vertex 28.3145 6.22189 -4.74303e-07
      vertex 28.3145 6.22189 2.2
    endloop
  endfacet
  facet normal 0.997872 -0.0652086 0
    outer loop
      vertex 28.3145 6.22189 -4.74303e-07
      vertex 28.3 6 2.2
      vertex 28.3 6 -4.74303e-07
    endloop
  endfacet
  facet normal -0.442349 -0.896843 0
    outer loop
      vertex 30.6506 7.57059 -4.74303e-07
      vertex 30.85 7.47224 2.2
      vertex 30.6506 7.57059 2.2
    endloop
  endfacet
  facet normal -0.442349 -0.896843 -0
    outer loop
      vertex 30.85 7.47224 2.2
      vertex 30.6506 7.57059 -4.74303e-07
      vertex 30.85 7.47224 -4.74303e-07
    endloop
  endfacet
  facet normal 0.555551 -0.831483 0
    outer loop
      vertex 28.9651 7.3487 -4.74303e-07
      vertex 29.15 7.47224 2.2
      vertex 28.9651 7.3487 2.2
    endloop
  endfacet
  facet normal 0.555551 -0.831483 0
    outer loop
      vertex 29.15 7.47224 2.2
      vertex 28.9651 7.3487 -4.74303e-07
      vertex 29.15 7.47224 -4.74303e-07
    endloop
  endfacet
  facet normal -0.659319 -0.751863 0
    outer loop
      vertex 31.0349 7.3487 -4.74303e-07
      vertex 31.2021 7.20208 2.2
      vertex 31.0349 7.3487 2.2
    endloop
  endfacet
  facet normal -0.659319 -0.751863 -0
    outer loop
      vertex 31.2021 7.20208 2.2
      vertex 31.0349 7.3487 -4.74303e-07
      vertex 31.2021 7.20208 -4.74303e-07
    endloop
  endfacet
  facet normal 0.321363 0.946956 -0
    outer loop
      vertex 29.56 4.35793 -4.74303e-07
      vertex 29.3494 4.4294 2.2
      vertex 29.56 4.35793 2.2
    endloop
  endfacet
  facet normal 0.321363 0.946956 0
    outer loop
      vertex 29.3494 4.4294 2.2
      vertex 29.56 4.35793 -4.74303e-07
      vertex 29.3494 4.4294 -4.74303e-07
    endloop
  endfacet
  facet normal 0.831552 0.555447 0
    outer loop
      vertex 28.6513 4.96511 2.2
      vertex 28.5278 5.15 -4.74303e-07
      vertex 28.5278 5.15 2.2
    endloop
  endfacet
  facet normal 0.831552 0.555447 0
    outer loop
      vertex 28.5278 5.15 -4.74303e-07
      vertex 28.6513 4.96511 2.2
      vertex 28.6513 4.96511 -4.74303e-07
    endloop
  endfacet
  facet normal 0.946901 0.321525 0
    outer loop
      vertex 28.4294 5.34944 2.2
      vertex 28.3579 5.56001 -4.74303e-07
      vertex 28.3579 5.56001 2.2
    endloop
  endfacet
  facet normal 0.946901 0.321525 0
    outer loop
      vertex 28.3579 5.56001 -4.74303e-07
      vertex 28.4294 5.34944 2.2
      vertex 28.4294 5.34944 -4.74303e-07
    endloop
  endfacet
  facet normal 0.321403 -0.946943 0
    outer loop
      vertex 29.3494 7.57059 -4.74303e-07
      vertex 29.56 7.64207 2.2
      vertex 29.3494 7.57059 2.2
    endloop
  endfacet
  facet normal 0.321403 -0.946943 0
    outer loop
      vertex 29.56 7.64207 2.2
      vertex 29.3494 7.57059 -4.74303e-07
      vertex 29.56 7.64207 -4.74303e-07
    endloop
  endfacet
  facet normal 0.195122 -0.980779 0
    outer loop
      vertex 29.56 7.64207 -4.74303e-07
      vertex 29.7781 7.68546 2.2
      vertex 29.56 7.64207 2.2
    endloop
  endfacet
  facet normal 0.195122 -0.980779 0
    outer loop
      vertex 29.7781 7.68546 2.2
      vertex 29.56 7.64207 -4.74303e-07
      vertex 29.7781 7.68546 -4.74303e-07
    endloop
  endfacet
  facet normal -0.555551 -0.831483 0
    outer loop
      vertex 30.85 7.47224 -4.74303e-07
      vertex 31.0349 7.3487 2.2
      vertex 30.85 7.47224 2.2
    endloop
  endfacet
  facet normal -0.555551 -0.831483 -0
    outer loop
      vertex 31.0349 7.3487 2.2
      vertex 30.85 7.47224 -4.74303e-07
      vertex 31.0349 7.3487 -4.74303e-07
    endloop
  endfacet
  facet normal 0.896789 0.442459 0
    outer loop
      vertex 28.5278 5.15 2.2
      vertex 28.4294 5.34944 -4.74303e-07
      vertex 28.4294 5.34944 2.2
    endloop
  endfacet
  facet normal 0.896789 0.442459 0
    outer loop
      vertex 28.4294 5.34944 -4.74303e-07
      vertex 28.5278 5.15 2.2
      vertex 28.5278 5.15 -4.74303e-07
    endloop
  endfacet
  facet normal 0.659319 -0.751863 0
    outer loop
      vertex 28.7979 7.20208 -4.74303e-07
      vertex 28.9651 7.3487 2.2
      vertex 28.7979 7.20208 2.2
    endloop
  endfacet
  facet normal 0.659319 -0.751863 0
    outer loop
      vertex 28.9651 7.3487 2.2
      vertex 28.7979 7.20208 -4.74303e-07
      vertex 28.9651 7.3487 -4.74303e-07
    endloop
  endfacet
  facet normal 0.555551 0.831483 -0
    outer loop
      vertex 29.15 4.52776 -4.74303e-07
      vertex 28.9651 4.6513 2.2
      vertex 29.15 4.52776 2.2
    endloop
  endfacet
  facet normal 0.555551 0.831483 0
    outer loop
      vertex 28.9651 4.6513 2.2
      vertex 29.15 4.52776 -4.74303e-07
      vertex 28.9651 4.6513 -4.74303e-07
    endloop
  endfacet
  facet normal 0.442349 -0.896843 0
    outer loop
      vertex 29.15 7.47224 -4.74303e-07
      vertex 29.3494 7.57059 2.2
      vertex 29.15 7.47224 2.2
    endloop
  endfacet
  facet normal 0.442349 -0.896843 0
    outer loop
      vertex 29.3494 7.57059 2.2
      vertex 29.15 7.47224 -4.74303e-07
      vertex 29.3494 7.57059 -4.74303e-07
    endloop
  endfacet
  facet normal -0.659319 0.751863 0
    outer loop
      vertex 31.2021 4.79792 -4.74303e-07
      vertex 31.0349 4.6513 2.2
      vertex 31.2021 4.79792 2.2
    endloop
  endfacet
  facet normal -0.659319 0.751863 0
    outer loop
      vertex 31.0349 4.6513 2.2
      vertex 31.2021 4.79792 -4.74303e-07
      vertex 31.0349 4.6513 -4.74303e-07
    endloop
  endfacet
  facet normal -0.751888 0.659291 0
    outer loop
      vertex 31.2021 4.79792 -4.74303e-07
      vertex 31.3487 4.96511 2.2
      vertex 31.3487 4.96511 -4.74303e-07
    endloop
  endfacet
  facet normal -0.751888 0.659291 0
    outer loop
      vertex 31.3487 4.96511 2.2
      vertex 31.2021 4.79792 -4.74303e-07
      vertex 31.2021 4.79792 2.2
    endloop
  endfacet
  facet normal -0.831552 0.555447 0
    outer loop
      vertex 31.3487 4.96511 -4.74303e-07
      vertex 31.4722 5.15 2.2
      vertex 31.4722 5.15 -4.74303e-07
    endloop
  endfacet
  facet normal -0.831552 0.555447 0
    outer loop
      vertex 31.4722 5.15 2.2
      vertex 31.3487 4.96511 -4.74303e-07
      vertex 31.3487 4.96511 2.2
    endloop
  endfacet
  facet normal 0.831552 -0.555447 0
    outer loop
      vertex 28.5278 6.85 2.2
      vertex 28.6513 7.03489 -4.74303e-07
      vertex 28.6513 7.03489 2.2
    endloop
  endfacet
  facet normal 0.831552 -0.555447 0
    outer loop
      vertex 28.6513 7.03489 -4.74303e-07
      vertex 28.5278 6.85 2.2
      vertex 28.5278 6.85 -4.74303e-07
    endloop
  endfacet
  facet normal 0.195122 0.980779 -0
    outer loop
      vertex 29.7781 4.31454 -4.74303e-07
      vertex 29.56 4.35793 2.2
      vertex 29.7781 4.31454 2.2
    endloop
  endfacet
  facet normal 0.195122 0.980779 0
    outer loop
      vertex 29.56 4.35793 2.2
      vertex 29.7781 4.31454 -4.74303e-07
      vertex 29.56 4.35793 -4.74303e-07
    endloop
  endfacet
  facet normal 0.980769 0.195173 0
    outer loop
      vertex 28.3579 5.56001 2.2
      vertex 28.3145 5.7781 -4.74303e-07
      vertex 28.3145 5.7781 2.2
    endloop
  endfacet
  facet normal 0.980769 0.195173 0
    outer loop
      vertex 28.3145 5.7781 -4.74303e-07
      vertex 28.3579 5.56001 2.2
      vertex 28.3579 5.56001 -4.74303e-07
    endloop
  endfacet
  facet normal -0.946901 0.321525 0
    outer loop
      vertex 31.5706 5.34944 -4.74303e-07
      vertex 31.6421 5.56001 2.2
      vertex 31.6421 5.56001 -4.74303e-07
    endloop
  endfacet
  facet normal -0.946901 0.321525 0
    outer loop
      vertex 31.6421 5.56001 2.2
      vertex 31.5706 5.34944 -4.74303e-07
      vertex 31.5706 5.34944 2.2
    endloop
  endfacet
  facet normal 0.442386 0.896825 -0
    outer loop
      vertex 29.3494 4.4294 -4.74303e-07
      vertex 29.15 4.52776 2.2
      vertex 29.3494 4.4294 2.2
    endloop
  endfacet
  facet normal 0.442386 0.896825 0
    outer loop
      vertex 29.15 4.52776 2.2
      vertex 29.3494 4.4294 -4.74303e-07
      vertex 29.15 4.52776 -4.74303e-07
    endloop
  endfacet
  facet normal 0.0653848 -0.99786 0
    outer loop
      vertex 29.7781 7.68546 -4.74303e-07
      vertex 30 7.7 2.2
      vertex 29.7781 7.68546 2.2
    endloop
  endfacet
  facet normal 0.0653848 -0.99786 0
    outer loop
      vertex 30 7.7 2.2
      vertex 29.7781 7.68546 -4.74303e-07
      vertex 30 7.7 -4.74303e-07
    endloop
  endfacet
  facet normal -0.321403 -0.946943 0
    outer loop
      vertex 30.44 7.64207 -4.74303e-07
      vertex 30.6506 7.57059 2.2
      vertex 30.44 7.64207 2.2
    endloop
  endfacet
  facet normal -0.321403 -0.946943 -0
    outer loop
      vertex 30.6506 7.57059 2.2
      vertex 30.44 7.64207 -4.74303e-07
      vertex 30.6506 7.57059 -4.74303e-07
    endloop
  endfacet
  facet normal -0.195122 -0.980779 0
    outer loop
      vertex 30.2219 7.68546 -4.74303e-07
      vertex 30.44 7.64207 2.2
      vertex 30.2219 7.68546 2.2
    endloop
  endfacet
  facet normal -0.195122 -0.980779 -0
    outer loop
      vertex 30.44 7.64207 2.2
      vertex 30.2219 7.68546 -4.74303e-07
      vertex 30.44 7.64207 -4.74303e-07
    endloop
  endfacet
  facet normal 0.896789 -0.442459 0
    outer loop
      vertex 28.4294 6.65056 2.2
      vertex 28.5278 6.85 -4.74303e-07
      vertex 28.5278 6.85 2.2
    endloop
  endfacet
  facet normal 0.896789 -0.442459 0
    outer loop
      vertex 28.5278 6.85 -4.74303e-07
      vertex 28.4294 6.65056 2.2
      vertex 28.4294 6.65056 -4.74303e-07
    endloop
  endfacet
  facet normal 0.997872 0.0652057 0
    outer loop
      vertex 28.3145 5.7781 2.2
      vertex 28.3 6 -4.74303e-07
      vertex 28.3 6 2.2
    endloop
  endfacet
  facet normal 0.997872 0.0652057 0
    outer loop
      vertex 28.3 6 -4.74303e-07
      vertex 28.3145 5.7781 2.2
      vertex 28.3145 5.7781 -4.74303e-07
    endloop
  endfacet
  facet normal 0.0653848 0.99786 -0
    outer loop
      vertex 30 4.3 -4.74303e-07
      vertex 29.7781 4.31454 2.2
      vertex 30 4.3 2.2
    endloop
  endfacet
  facet normal 0.0653848 0.99786 0
    outer loop
      vertex 29.7781 4.31454 2.2
      vertex 30 4.3 -4.74303e-07
      vertex 29.7781 4.31454 -4.74303e-07
    endloop
  endfacet
  facet normal 0.751888 -0.659291 0
    outer loop
      vertex 28.6513 7.03489 2.2
      vertex 28.7979 7.20208 -4.74303e-07
      vertex 28.7979 7.20208 2.2
    endloop
  endfacet
  facet normal 0.751888 -0.659291 0
    outer loop
      vertex 28.7979 7.20208 -4.74303e-07
      vertex 28.6513 7.03489 2.2
      vertex 28.6513 7.03489 -4.74303e-07
    endloop
  endfacet
  facet normal -0.997872 0.0652057 0
    outer loop
      vertex 31.6855 5.7781 -4.74303e-07
      vertex 31.7 6 2.2
      vertex 31.7 6 -4.74303e-07
    endloop
  endfacet
  facet normal -0.997872 0.0652057 0
    outer loop
      vertex 31.7 6 2.2
      vertex 31.6855 5.7781 -4.74303e-07
      vertex 31.6855 5.7781 2.2
    endloop
  endfacet
  facet normal 0.751888 0.659291 0
    outer loop
      vertex 28.7979 4.79792 2.2
      vertex 28.6513 4.96511 -4.74303e-07
      vertex 28.6513 4.96511 2.2
    endloop
  endfacet
  facet normal 0.751888 0.659291 0
    outer loop
      vertex 28.6513 4.96511 -4.74303e-07
      vertex 28.7979 4.79792 2.2
      vertex 28.7979 4.79792 -4.74303e-07
    endloop
  endfacet
  facet normal -0.751888 -0.659291 0
    outer loop
      vertex 31.3487 7.03489 -4.74303e-07
      vertex 31.2021 7.20208 2.2
      vertex 31.2021 7.20208 -4.74303e-07
    endloop
  endfacet
  facet normal -0.751888 -0.659291 0
    outer loop
      vertex 31.2021 7.20208 2.2
      vertex 31.3487 7.03489 -4.74303e-07
      vertex 31.3487 7.03489 2.2
    endloop
  endfacet
  facet normal -0.831552 -0.555447 0
    outer loop
      vertex 31.4722 6.85 -4.74303e-07
      vertex 31.3487 7.03489 2.2
      vertex 31.3487 7.03489 -4.74303e-07
    endloop
  endfacet
  facet normal -0.831552 -0.555447 0
    outer loop
      vertex 31.3487 7.03489 2.2
      vertex 31.4722 6.85 -4.74303e-07
      vertex 31.4722 6.85 2.2
    endloop
  endfacet
  facet normal -0.0653848 -0.99786 0
    outer loop
      vertex 30 7.7 -4.74303e-07
      vertex 30.2219 7.68546 2.2
      vertex 30 7.7 2.2
    endloop
  endfacet
  facet normal -0.0653848 -0.99786 -0
    outer loop
      vertex 30.2219 7.68546 2.2
      vertex 30 7.7 -4.74303e-07
      vertex 30.2219 7.68546 -4.74303e-07
    endloop
  endfacet
  facet normal -0.980769 0.195173 0
    outer loop
      vertex 31.6421 5.56001 -4.74303e-07
      vertex 31.6855 5.7781 2.2
      vertex 31.6855 5.7781 -4.74303e-07
    endloop
  endfacet
  facet normal -0.980769 0.195173 0
    outer loop
      vertex 31.6855 5.7781 2.2
      vertex 31.6421 5.56001 -4.74303e-07
      vertex 31.6421 5.56001 2.2
    endloop
  endfacet
  facet normal -0.321363 0.946956 0
    outer loop
      vertex 30.6506 4.4294 -4.74303e-07
      vertex 30.44 4.35793 2.2
      vertex 30.6506 4.4294 2.2
    endloop
  endfacet
  facet normal -0.321363 0.946956 0
    outer loop
      vertex 30.44 4.35793 2.2
      vertex 30.6506 4.4294 -4.74303e-07
      vertex 30.44 4.35793 -4.74303e-07
    endloop
  endfacet
  facet normal 0.946901 -0.321525 0
    outer loop
      vertex 28.3579 6.43999 2.2
      vertex 28.4294 6.65056 -4.74303e-07
      vertex 28.4294 6.65056 2.2
    endloop
  endfacet
  facet normal 0.946901 -0.321525 0
    outer loop
      vertex 28.4294 6.65056 -4.74303e-07
      vertex 28.3579 6.43999 2.2
      vertex 28.3579 6.43999 -4.74303e-07
    endloop
  endfacet
  facet normal -0.442386 0.896825 0
    outer loop
      vertex 30.85 4.52776 -4.74303e-07
      vertex 30.6506 4.4294 2.2
      vertex 30.85 4.52776 2.2
    endloop
  endfacet
  facet normal -0.442386 0.896825 0
    outer loop
      vertex 30.6506 4.4294 2.2
      vertex 30.85 4.52776 -4.74303e-07
      vertex 30.6506 4.4294 -4.74303e-07
    endloop
  endfacet
  facet normal -0.555551 0.831483 0
    outer loop
      vertex 31.0349 4.6513 -4.74303e-07
      vertex 30.85 4.52776 2.2
      vertex 31.0349 4.6513 2.2
    endloop
  endfacet
  facet normal -0.555551 0.831483 0
    outer loop
      vertex 30.85 4.52776 2.2
      vertex 31.0349 4.6513 -4.74303e-07
      vertex 30.85 4.52776 -4.74303e-07
    endloop
  endfacet
  facet normal -0.195122 0.980779 0
    outer loop
      vertex 30.44 4.35793 -4.74303e-07
      vertex 30.2219 4.31454 2.2
      vertex 30.44 4.35793 2.2
    endloop
  endfacet
  facet normal -0.195122 0.980779 0
    outer loop
      vertex 30.2219 4.31454 2.2
      vertex 30.44 4.35793 -4.74303e-07
      vertex 30.2219 4.31454 -4.74303e-07
    endloop
  endfacet
  facet normal -0.896789 -0.442459 0
    outer loop
      vertex 31.5706 6.65056 -4.74303e-07
      vertex 31.4722 6.85 2.2
      vertex 31.4722 6.85 -4.74303e-07
    endloop
  endfacet
  facet normal -0.896789 -0.442459 0
    outer loop
      vertex 31.4722 6.85 2.2
      vertex 31.5706 6.65056 -4.74303e-07
      vertex 31.5706 6.65056 2.2
    endloop
  endfacet
  facet normal -0.0653848 0.99786 0
    outer loop
      vertex 30.2219 4.31454 -4.74303e-07
      vertex 30 4.3 2.2
      vertex 30.2219 4.31454 2.2
    endloop
  endfacet
  facet normal -0.0653848 0.99786 0
    outer loop
      vertex 30 4.3 2.2
      vertex 30.2219 4.31454 -4.74303e-07
      vertex 30 4.3 -4.74303e-07
    endloop
  endfacet
  facet normal -0.896789 0.442459 0
    outer loop
      vertex 31.4722 5.15 -4.74303e-07
      vertex 31.5706 5.34944 2.2
      vertex 31.5706 5.34944 -4.74303e-07
    endloop
  endfacet
  facet normal -0.896789 0.442459 0
    outer loop
      vertex 31.5706 5.34944 2.2
      vertex 31.4722 5.15 -4.74303e-07
      vertex 31.4722 5.15 2.2
    endloop
  endfacet
  facet normal -0.997872 -0.0652086 0
    outer loop
      vertex 31.7 6 -4.74303e-07
      vertex 31.6855 6.22189 2.2
      vertex 31.6855 6.22189 -4.74303e-07
    endloop
  endfacet
  facet normal -0.997872 -0.0652086 0
    outer loop
      vertex 31.6855 6.22189 2.2
      vertex 31.7 6 -4.74303e-07
      vertex 31.7 6 2.2
    endloop
  endfacet
  facet normal -0.98077 -0.195165 0
    outer loop
      vertex 31.6855 6.22189 -4.74303e-07
      vertex 31.6421 6.43999 2.2
      vertex 31.6421 6.43999 -4.74303e-07
    endloop
  endfacet
  facet normal -0.98077 -0.195165 0
    outer loop
      vertex 31.6421 6.43999 2.2
      vertex 31.6855 6.22189 -4.74303e-07
      vertex 31.6855 6.22189 2.2
    endloop
  endfacet
  facet normal -0.946901 -0.321525 0
    outer loop
      vertex 31.6421 6.43999 -4.74303e-07
      vertex 31.5706 6.65056 2.2
      vertex 31.5706 6.65056 -4.74303e-07
    endloop
  endfacet
  facet normal -0.946901 -0.321525 0
    outer loop
      vertex 31.5706 6.65056 2.2
      vertex 31.6421 6.43999 -4.74303e-07
      vertex 31.6421 6.43999 2.2
    endloop
  endfacet
  facet normal 0.659319 0.751863 -0
    outer loop
      vertex 28.9651 4.6513 -4.74303e-07
      vertex 28.7979 4.79792 2.2
      vertex 28.9651 4.6513 2.2
    endloop
  endfacet
  facet normal 0.659319 0.751863 0
    outer loop
      vertex 28.7979 4.79792 2.2
      vertex 28.9651 4.6513 -4.74303e-07
      vertex 28.7979 4.79792 -4.74303e-07
    endloop
  endfacet
  facet normal -0.146302 0.735528 0.661509
    outer loop
      vertex 30.4308 2.73724 4
      vertex 30.8518 2.82098 4
      vertex 30.44 4.35793 2.2
    endloop
  endfacet
  facet normal 0.0490503 0.748332 0.661509
    outer loop
      vertex 29.5716 2.73692 4
      vertex 30 2.70884 4
      vertex 30 4.3 2.2
    endloop
  endfacet
  facet normal 0.146302 -0.735528 0.661509
    outer loop
      vertex 29.1482 9.17902 4
      vertex 29.56 7.64207 2.2
      vertex 29.5692 9.26276 4
    endloop
  endfacet
  facet normal 0.748322 -0.0490892 0.661517
    outer loop
      vertex 26.7088 6 4
      vertex 28.3 6 2.2
      vertex 26.7369 6.42836 4
    endloop
  endfacet
  facet normal 0.747134 -0.0612405 0.661846
    outer loop
      vertex 26.7369 6.42836 4
      vertex 28.3145 6.22189 2.2
      vertex 26.737 6.42958 4
    endloop
  endfacet
  facet normal 0.748351 -0.048903 0.661498
    outer loop
      vertex 28.3145 6.22189 2.2
      vertex 26.7369 6.42836 4
      vertex 28.3 6 2.2
    endloop
  endfacet
  facet normal -0.231891 0.71351 0.661159
    outer loop
      vertex 30.6506 4.4294 2.2
      vertex 31.2583 2.95897 4
      vertex 31.2595 2.95936 4
    endloop
  endfacet
  facet normal -0.241004 0.710164 0.661502
    outer loop
      vertex 31.2583 2.95897 4
      vertex 30.6506 4.4294 2.2
      vertex 30.44 4.35793 2.2
    endloop
  endfacet
  facet normal -0.710138 0.241086 0.661499
    outer loop
      vertex 31.6421 5.56001 2.2
      vertex 33.041 4.74169 4
      vertex 33.179 5.14818 4
    endloop
  endfacet
  facet normal 0.710141 -0.241081 0.661498
    outer loop
      vertex 26.821 6.85181 4
      vertex 28.3579 6.43999 2.2
      vertex 26.959 7.25831 4
    endloop
  endfacet
  facet normal 0.146302 0.735528 0.661509
    outer loop
      vertex 29.1482 2.82098 4
      vertex 29.5692 2.73724 4
      vertex 29.56 4.35793 2.2
    endloop
  endfacet
  facet normal 0.147089 -0.735443 0.661429
    outer loop
      vertex 29.56 7.64207 2.2
      vertex 29.5704 9.263 4
      vertex 29.5692 9.26276 4
    endloop
  endfacet
  facet normal 0.146329 -0.735525 0.661507
    outer loop
      vertex 29.5704 9.263 4
      vertex 29.56 7.64207 2.2
      vertex 29.7781 7.68546 2.2
    endloop
  endfacet
  facet normal 0.330493 -0.673227 0.661467
    outer loop
      vertex 29.15 7.47224 2.2
      vertex 28.3555 8.85077 4
      vertex 28.3544 8.85023 4
    endloop
  endfacet
  facet normal 0.331733 -0.672573 0.661513
    outer loop
      vertex 28.3555 8.85077 4
      vertex 29.15 7.47224 2.2
      vertex 29.3494 7.57059 2.2
    endloop
  endfacet
  facet normal 0.56598 -0.492156 0.661399
    outer loop
      vertex 27.672 8.32628 4
      vertex 28.7979 7.20208 2.2
      vertex 27.6728 8.3272 4
    endloop
  endfacet
  facet normal 0.563873 -0.494431 0.661502
    outer loop
      vertex 28.7979 7.20208 2.2
      vertex 27.672 8.32628 4
      vertex 28.6513 7.03489 2.2
    endloop
  endfacet
  facet normal -0.331733 -0.672573 0.661513
    outer loop
      vertex 30.85 7.47224 2.2
      vertex 31.6445 8.85077 4
      vertex 30.6506 7.57059 2.2
    endloop
  endfacet
  facet normal -0.330493 -0.673227 0.661467
    outer loop
      vertex 31.6445 8.85077 4
      vertex 30.85 7.47224 2.2
      vertex 31.6456 8.85023 4
    endloop
  endfacet
  facet normal -0.501517 0.557241 0.661788
    outer loop
      vertex 31.2021 4.79792 2.2
      vertex 32.3263 3.67199 4
      vertex 32.3272 3.6728 4
    endloop
  endfacet
  facet normal -0.494448 0.563851 0.661508
    outer loop
      vertex 32.3263 3.67199 4
      vertex 31.2021 4.79792 2.2
      vertex 31.0349 4.6513 2.2
    endloop
  endfacet
  facet normal -0.56378 -0.494519 0.661515
    outer loop
      vertex 31.3487 7.03489 2.2
      vertex 32.6111 8.00353 4
      vertex 32.328 8.32628 4
    endloop
  endfacet
  facet normal 0.748351 0.0489008 0.661497
    outer loop
      vertex 26.7369 5.57164 4
      vertex 28.3145 5.7781 2.2
      vertex 28.3 6 2.2
    endloop
  endfacet
  facet normal 0.747134 0.0612405 0.661846
    outer loop
      vertex 28.3145 5.7781 2.2
      vertex 26.7369 5.57164 4
      vertex 26.737 5.57042 4
    endloop
  endfacet
  facet normal 0.708884 -0.244443 0.661613
    outer loop
      vertex 26.959 7.25831 4
      vertex 28.4294 6.65056 2.2
      vertex 26.9594 7.25947 4
    endloop
  endfacet
  facet normal 0.710121 -0.241125 0.661503
    outer loop
      vertex 28.4294 6.65056 2.2
      vertex 26.959 7.25831 4
      vertex 28.3579 6.43999 2.2
    endloop
  endfacet
  facet normal 0.62361 -0.416549 0.661512
    outer loop
      vertex 27.1505 7.6466 4
      vertex 28.5278 6.85 2.2
      vertex 28.6513 7.03489 2.2
    endloop
  endfacet
  facet normal 0.618572 -0.42451 0.66118
    outer loop
      vertex 28.5278 6.85 2.2
      vertex 27.1505 7.6466 4
      vertex 27.1498 7.64558 4
    endloop
  endfacet
  facet normal 0.0490503 -0.748332 0.661509
    outer loop
      vertex 29.5716 9.26308 4
      vertex 30 7.7 2.2
      vertex 30 9.29116 4
    endloop
  endfacet
  facet normal 0.23189 -0.713508 0.661161
    outer loop
      vertex 29.3494 7.57059 2.2
      vertex 28.7417 9.04103 4
      vertex 28.7405 9.04064 4
    endloop
  endfacet
  facet normal 0.241033 -0.710151 0.661505
    outer loop
      vertex 28.7417 9.04103 4
      vertex 29.3494 7.57059 2.2
      vertex 29.56 7.64207 2.2
    endloop
  endfacet
  facet normal -0.494423 0.563877 0.661505
    outer loop
      vertex 31.0349 4.6513 2.2
      vertex 32.0035 3.38895 4
      vertex 32.3263 3.67199 4
    endloop
  endfacet
  facet normal 0.241062 0.710138 0.661509
    outer loop
      vertex 28.7417 2.95897 4
      vertex 29.1482 2.82098 4
      vertex 29.56 4.35793 2.2
    endloop
  endfacet
  facet normal -0.501517 -0.557241 0.661788
    outer loop
      vertex 32.3263 8.32801 4
      vertex 31.2021 7.20208 2.2
      vertex 32.3272 8.3272 4
    endloop
  endfacet
  facet normal -0.494448 -0.563851 0.661508
    outer loop
      vertex 31.2021 7.20208 2.2
      vertex 32.3263 8.32801 4
      vertex 31.0349 7.3487 2.2
    endloop
  endfacet
  facet normal 0.241062 -0.710138 0.661509
    outer loop
      vertex 28.7417 9.04103 4
      vertex 29.56 7.64207 2.2
      vertex 29.1482 9.17902 4
    endloop
  endfacet
  facet normal 0.737912 0.121969 0.663784
    outer loop
      vertex 28.3579 5.56001 2.2
      vertex 26.737 5.57042 4
      vertex 26.7372 5.56921 4
    endloop
  endfacet
  facet normal 0.735527 0.14637 0.661495
    outer loop
      vertex 26.737 5.57042 4
      vertex 28.3579 5.56001 2.2
      vertex 28.3145 5.7781 2.2
    endloop
  endfacet
  facet normal 0.0498836 -0.748254 0.661534
    outer loop
      vertex 29.7781 7.68546 2.2
      vertex 29.5716 9.26308 4
      vertex 29.5704 9.263 4
    endloop
  endfacet
  facet normal 0.0490346 -0.748334 0.661507
    outer loop
      vertex 29.5716 9.26308 4
      vertex 29.7781 7.68546 2.2
      vertex 30 7.7 2.2
    endloop
  endfacet
  facet normal 0.748322 0.0490892 0.661517
    outer loop
      vertex 26.7088 6 4
      vertex 26.7369 5.57164 4
      vertex 28.3 6 2.2
    endloop
  endfacet
  facet normal -0.147089 0.735443 0.661429
    outer loop
      vertex 30.44 4.35793 2.2
      vertex 30.4296 2.737 4
      vertex 30.4308 2.73724 4
    endloop
  endfacet
  facet normal -0.146329 0.735525 0.661507
    outer loop
      vertex 30.4296 2.737 4
      vertex 30.44 4.35793 2.2
      vertex 30.2219 4.31454 2.2
    endloop
  endfacet
  facet normal -0.416628 0.623559 0.661511
    outer loop
      vertex 30.85 4.52776 2.2
      vertex 31.6466 3.15045 4
      vertex 31.0349 4.6513 2.2
    endloop
  endfacet
  facet normal -0.4218 0.620294 0.661302
    outer loop
      vertex 31.6466 3.15045 4
      vertex 30.85 4.52776 2.2
      vertex 31.6456 3.14977 4
    endloop
  endfacet
  facet normal -0.331702 0.672594 0.661507
    outer loop
      vertex 30.6506 4.4294 2.2
      vertex 31.2595 2.95936 4
      vertex 31.6445 3.14923 4
    endloop
  endfacet
  facet normal -0.623621 0.416528 0.661514
    outer loop
      vertex 31.3487 4.96511 2.2
      vertex 32.6111 3.99647 4
      vertex 32.8495 4.3534 4
    endloop
  endfacet
  facet normal -0.710141 -0.241081 0.661498
    outer loop
      vertex 31.6421 6.43999 2.2
      vertex 33.179 6.85181 4
      vertex 33.041 7.25831 4
    endloop
  endfacet
  facet normal -0.748351 0.0489008 0.661497
    outer loop
      vertex 31.6855 5.7781 2.2
      vertex 33.2631 5.57164 4
      vertex 31.7 6 2.2
    endloop
  endfacet
  facet normal -0.747134 0.0612405 0.661846
    outer loop
      vertex 33.2631 5.57164 4
      vertex 31.6855 5.7781 2.2
      vertex 33.263 5.57042 4
    endloop
  endfacet
  facet normal 0.494448 -0.563851 0.661508
    outer loop
      vertex 27.6737 8.32801 4
      vertex 28.7979 7.20208 2.2
      vertex 28.9651 7.3487 2.2
    endloop
  endfacet
  facet normal 0.501517 -0.557241 0.661788
    outer loop
      vertex 28.7979 7.20208 2.2
      vertex 27.6737 8.32801 4
      vertex 27.6728 8.3272 4
    endloop
  endfacet
  facet normal -0.618572 0.42451 0.66118
    outer loop
      vertex 31.4722 5.15 2.2
      vertex 32.8495 4.3534 4
      vertex 32.8502 4.35442 4
    endloop
  endfacet
  facet normal -0.62361 0.416549 0.661512
    outer loop
      vertex 32.8495 4.3534 4
      vertex 31.4722 5.15 2.2
      vertex 31.3487 4.96511 2.2
    endloop
  endfacet
  facet normal 0.563873 0.494431 0.661502
    outer loop
      vertex 27.672 3.67372 4
      vertex 28.7979 4.79792 2.2
      vertex 28.6513 4.96511 2.2
    endloop
  endfacet
  facet normal 0.56598 0.492156 0.661399
    outer loop
      vertex 28.7979 4.79792 2.2
      vertex 27.672 3.67372 4
      vertex 27.6728 3.6728 4
    endloop
  endfacet
  facet normal 0.494448 0.563851 0.661508
    outer loop
      vertex 28.7979 4.79792 2.2
      vertex 27.6737 3.67199 4
      vertex 28.9651 4.6513 2.2
    endloop
  endfacet
  facet normal 0.501517 0.557241 0.661788
    outer loop
      vertex 27.6737 3.67199 4
      vertex 28.7979 4.79792 2.2
      vertex 27.6728 3.6728 4
    endloop
  endfacet
  facet normal -0.56378 0.494519 0.661515
    outer loop
      vertex 31.3487 4.96511 2.2
      vertex 32.328 3.67372 4
      vertex 32.6111 3.99647 4
    endloop
  endfacet
  facet normal 0.0490346 0.748334 0.661507
    outer loop
      vertex 29.7781 4.31454 2.2
      vertex 29.5716 2.73692 4
      vertex 30 4.3 2.2
    endloop
  endfacet
  facet normal 0.0498836 0.748254 0.661534
    outer loop
      vertex 29.5716 2.73692 4
      vertex 29.7781 4.31454 2.2
      vertex 29.5704 2.737 4
    endloop
  endfacet
  facet normal -0.416678 -0.623531 0.661505
    outer loop
      vertex 31.0349 7.3487 2.2
      vertex 32.0035 8.61105 4
      vertex 31.6466 8.84955 4
    endloop
  endfacet
  facet normal -0.416678 0.623531 0.661505
    outer loop
      vertex 31.0349 4.6513 2.2
      vertex 31.6466 3.15045 4
      vertex 32.0035 3.38895 4
    endloop
  endfacet
  facet normal -0.56598 -0.492156 0.661399
    outer loop
      vertex 31.2021 7.20208 2.2
      vertex 32.328 8.32628 4
      vertex 32.3272 8.3272 4
    endloop
  endfacet
  facet normal -0.563873 -0.494431 0.661502
    outer loop
      vertex 32.328 8.32628 4
      vertex 31.2021 7.20208 2.2
      vertex 31.3487 7.03489 2.2
    endloop
  endfacet
  facet normal 0.56378 -0.494519 0.661515
    outer loop
      vertex 27.3889 8.00353 4
      vertex 28.6513 7.03489 2.2
      vertex 27.672 8.32628 4
    endloop
  endfacet
  facet normal 0.494423 -0.563877 0.661505
    outer loop
      vertex 27.6737 8.32801 4
      vertex 28.9651 7.3487 2.2
      vertex 27.9965 8.61105 4
    endloop
  endfacet
  facet normal -0.241062 0.710138 0.661509
    outer loop
      vertex 30.44 4.35793 2.2
      vertex 30.8518 2.82098 4
      vertex 31.2583 2.95897 4
    endloop
  endfacet
  facet normal -0.241033 -0.710151 0.661505
    outer loop
      vertex 30.6506 7.57059 2.2
      vertex 31.2583 9.04103 4
      vertex 30.44 7.64207 2.2
    endloop
  endfacet
  facet normal -0.23189 -0.713508 0.661161
    outer loop
      vertex 31.2583 9.04103 4
      vertex 30.6506 7.57059 2.2
      vertex 31.2595 9.04064 4
    endloop
  endfacet
  facet normal 0.494423 0.563877 0.661505
    outer loop
      vertex 27.6737 3.67199 4
      vertex 27.9965 3.38895 4
      vertex 28.9651 4.6513 2.2
    endloop
  endfacet
  facet normal -0.623621 -0.416528 0.661514
    outer loop
      vertex 31.3487 7.03489 2.2
      vertex 32.8495 7.6466 4
      vertex 32.6111 8.00353 4
    endloop
  endfacet
  facet normal 0.416678 0.623531 0.661505
    outer loop
      vertex 27.9965 3.38895 4
      vertex 28.3534 3.15045 4
      vertex 28.9651 4.6513 2.2
    endloop
  endfacet
  facet normal 0.710121 0.241125 0.661503
    outer loop
      vertex 26.959 4.74169 4
      vertex 28.4294 5.34944 2.2
      vertex 28.3579 5.56001 2.2
    endloop
  endfacet
  facet normal 0.708884 0.244443 0.661613
    outer loop
      vertex 28.4294 5.34944 2.2
      vertex 26.959 4.74169 4
      vertex 26.9594 4.74053 4
    endloop
  endfacet
  facet normal 0.672648 -0.331598 0.661504
    outer loop
      vertex 26.9594 7.25947 4
      vertex 28.4294 6.65056 2.2
      vertex 27.1492 7.64448 4
    endloop
  endfacet
  facet normal -0.146329 -0.735525 0.661507
    outer loop
      vertex 30.44 7.64207 2.2
      vertex 30.4296 9.263 4
      vertex 30.2219 7.68546 2.2
    endloop
  endfacet
  facet normal -0.147089 -0.735443 0.661429
    outer loop
      vertex 30.4296 9.263 4
      vertex 30.44 7.64207 2.2
      vertex 30.4308 9.26276 4
    endloop
  endfacet
  facet normal 0.331702 0.672594 0.661507
    outer loop
      vertex 28.3555 3.14923 4
      vertex 28.7405 2.95936 4
      vertex 29.3494 4.4294 2.2
    endloop
  endfacet
  facet normal 0.710138 0.241086 0.661499
    outer loop
      vertex 26.821 5.14818 4
      vertex 26.959 4.74169 4
      vertex 28.3579 5.56001 2.2
    endloop
  endfacet
  facet normal 0.241004 0.710164 0.661502
    outer loop
      vertex 29.3494 4.4294 2.2
      vertex 28.7417 2.95897 4
      vertex 29.56 4.35793 2.2
    endloop
  endfacet
  facet normal 0.231891 0.71351 0.661159
    outer loop
      vertex 28.7417 2.95897 4
      vertex 29.3494 4.4294 2.2
      vertex 28.7405 2.95936 4
    endloop
  endfacet
  facet normal 0.146329 0.735525 0.661507
    outer loop
      vertex 29.56 4.35793 2.2
      vertex 29.5704 2.737 4
      vertex 29.7781 4.31454 2.2
    endloop
  endfacet
  facet normal 0.147089 0.735443 0.661429
    outer loop
      vertex 29.5704 2.737 4
      vertex 29.56 4.35793 2.2
      vertex 29.5692 2.73724 4
    endloop
  endfacet
  facet normal 0.672648 0.331598 0.661504
    outer loop
      vertex 26.9594 4.74053 4
      vertex 27.1492 4.35552 4
      vertex 28.4294 5.34944 2.2
    endloop
  endfacet
  facet normal 0.623621 0.416528 0.661514
    outer loop
      vertex 27.1505 4.3534 4
      vertex 27.3889 3.99647 4
      vertex 28.6513 4.96511 2.2
    endloop
  endfacet
  facet normal 0.56378 0.494519 0.661515
    outer loop
      vertex 27.3889 3.99647 4
      vertex 27.672 3.67372 4
      vertex 28.6513 4.96511 2.2
    endloop
  endfacet
  facet normal -0.4218 -0.620294 0.661302
    outer loop
      vertex 30.85 7.47224 2.2
      vertex 31.6466 8.84955 4
      vertex 31.6456 8.85023 4
    endloop
  endfacet
  facet normal -0.416628 -0.623559 0.661511
    outer loop
      vertex 31.6466 8.84955 4
      vertex 30.85 7.47224 2.2
      vertex 31.0349 7.3487 2.2
    endloop
  endfacet
  facet normal 0.735516 0.146394 0.661502
    outer loop
      vertex 26.7372 5.56921 4
      vertex 26.821 5.14818 4
      vertex 28.3579 5.56001 2.2
    endloop
  endfacet
  facet normal -0.708884 -0.244443 0.661613
    outer loop
      vertex 31.5706 6.65056 2.2
      vertex 33.041 7.25831 4
      vertex 33.0406 7.25947 4
    endloop
  endfacet
  facet normal -0.710121 -0.241125 0.661503
    outer loop
      vertex 33.041 7.25831 4
      vertex 31.5706 6.65056 2.2
      vertex 31.6421 6.43999 2.2
    endloop
  endfacet
  facet normal -0.748322 0.0490892 0.661517
    outer loop
      vertex 31.7 6 2.2
      vertex 33.2631 5.57164 4
      vertex 33.2912 6 4
    endloop
  endfacet
  facet normal -0.0490503 -0.748332 0.661509
    outer loop
      vertex 30 7.7 2.2
      vertex 30.4284 9.26308 4
      vertex 30 9.29116 4
    endloop
  endfacet
  facet normal -0.0498836 0.748254 0.661534
    outer loop
      vertex 30.2219 4.31454 2.2
      vertex 30.4284 2.73692 4
      vertex 30.4296 2.737 4
    endloop
  endfacet
  facet normal -0.0490346 0.748334 0.661507
    outer loop
      vertex 30.4284 2.73692 4
      vertex 30.2219 4.31454 2.2
      vertex 30 4.3 2.2
    endloop
  endfacet
  facet normal -0.330493 0.673227 0.661467
    outer loop
      vertex 30.85 4.52776 2.2
      vertex 31.6445 3.14923 4
      vertex 31.6456 3.14977 4
    endloop
  endfacet
  facet normal -0.33176 0.672559 0.661514
    outer loop
      vertex 31.6445 3.14923 4
      vertex 30.85 4.52776 2.2
      vertex 30.6506 4.4294 2.2
    endloop
  endfacet
  facet normal -0.735527 0.14637 0.661495
    outer loop
      vertex 31.6421 5.56001 2.2
      vertex 33.263 5.57042 4
      vertex 31.6855 5.7781 2.2
    endloop
  endfacet
  facet normal -0.737912 0.121969 0.663784
    outer loop
      vertex 33.263 5.57042 4
      vertex 31.6421 5.56001 2.2
      vertex 33.2628 5.56921 4
    endloop
  endfacet
  facet normal 0.623621 -0.416528 0.661514
    outer loop
      vertex 27.1505 7.6466 4
      vertex 28.6513 7.03489 2.2
      vertex 27.3889 8.00353 4
    endloop
  endfacet
  facet normal -0.735516 -0.146397 0.661502
    outer loop
      vertex 31.6421 6.43999 2.2
      vertex 33.2628 6.43079 4
      vertex 33.179 6.85181 4
    endloop
  endfacet
  facet normal -0.737912 -0.121969 0.663784
    outer loop
      vertex 31.6421 6.43999 2.2
      vertex 33.263 6.42958 4
      vertex 33.2628 6.43079 4
    endloop
  endfacet
  facet normal -0.735527 -0.146364 0.661496
    outer loop
      vertex 33.263 6.42958 4
      vertex 31.6421 6.43999 2.2
      vertex 31.6855 6.22189 2.2
    endloop
  endfacet
  facet normal -0.331701 -0.672592 0.661509
    outer loop
      vertex 30.6506 7.57059 2.2
      vertex 31.6445 8.85077 4
      vertex 31.2595 9.04064 4
    endloop
  endfacet
  facet normal -0.735516 0.146394 0.661502
    outer loop
      vertex 31.6421 5.56001 2.2
      vertex 33.179 5.14818 4
      vertex 33.2628 5.56921 4
    endloop
  endfacet
  facet normal -0.563873 0.494431 0.661502
    outer loop
      vertex 31.2021 4.79792 2.2
      vertex 32.328 3.67372 4
      vertex 31.3487 4.96511 2.2
    endloop
  endfacet
  facet normal -0.56598 0.492156 0.661399
    outer loop
      vertex 32.328 3.67372 4
      vertex 31.2021 4.79792 2.2
      vertex 32.3272 3.6728 4
    endloop
  endfacet
  facet normal 0.62361 0.416549 0.661512
    outer loop
      vertex 28.5278 5.15 2.2
      vertex 27.1505 4.3534 4
      vertex 28.6513 4.96511 2.2
    endloop
  endfacet
  facet normal 0.618572 0.42451 0.66118
    outer loop
      vertex 27.1505 4.3534 4
      vertex 28.5278 5.15 2.2
      vertex 27.1498 4.35442 4
    endloop
  endfacet
  facet normal 0.33176 0.672559 0.661514
    outer loop
      vertex 29.15 4.52776 2.2
      vertex 28.3555 3.14923 4
      vertex 29.3494 4.4294 2.2
    endloop
  endfacet
  facet normal 0.330493 0.673227 0.661467
    outer loop
      vertex 28.3555 3.14923 4
      vertex 29.15 4.52776 2.2
      vertex 28.3544 3.14977 4
    endloop
  endfacet
  facet normal -0.672648 0.331598 0.661504
    outer loop
      vertex 31.5706 5.34944 2.2
      vertex 32.8508 4.35552 4
      vertex 33.0406 4.74053 4
    endloop
  endfacet
  facet normal 0.331701 -0.672592 0.661509
    outer loop
      vertex 28.3555 8.85077 4
      vertex 29.3494 7.57059 2.2
      vertex 28.7405 9.04064 4
    endloop
  endfacet
  facet normal -0.146302 -0.735528 0.661509
    outer loop
      vertex 30.4308 9.26276 4
      vertex 30.44 7.64207 2.2
      vertex 30.8518 9.17902 4
    endloop
  endfacet
  facet normal 0.416678 -0.623531 0.661505
    outer loop
      vertex 27.9965 8.61105 4
      vertex 28.9651 7.3487 2.2
      vertex 28.3534 8.84955 4
    endloop
  endfacet
  facet normal 0.4218 -0.620294 0.661302
    outer loop
      vertex 28.3534 8.84955 4
      vertex 29.15 7.47224 2.2
      vertex 28.3544 8.85023 4
    endloop
  endfacet
  facet normal 0.416628 -0.623559 0.661511
    outer loop
      vertex 29.15 7.47224 2.2
      vertex 28.3534 8.84955 4
      vertex 28.9651 7.3487 2.2
    endloop
  endfacet
  facet normal -0.0490503 0.748332 0.661509
    outer loop
      vertex 30 2.70884 4
      vertex 30.4284 2.73692 4
      vertex 30 4.3 2.2
    endloop
  endfacet
  facet normal 0.67252 0.331809 0.661529
    outer loop
      vertex 27.1492 4.35552 4
      vertex 28.5278 5.15 2.2
      vertex 28.4294 5.34944 2.2
    endloop
  endfacet
  facet normal 0.657831 0.358817 0.6622
    outer loop
      vertex 28.5278 5.15 2.2
      vertex 27.1492 4.35552 4
      vertex 27.1498 4.35442 4
    endloop
  endfacet
  facet normal -0.241062 -0.710138 0.661509
    outer loop
      vertex 30.44 7.64207 2.2
      vertex 31.2583 9.04103 4
      vertex 30.8518 9.17902 4
    endloop
  endfacet
  facet normal 0.416628 0.623559 0.661511
    outer loop
      vertex 28.3534 3.15045 4
      vertex 29.15 4.52776 2.2
      vertex 28.9651 4.6513 2.2
    endloop
  endfacet
  facet normal 0.4218 0.620294 0.661302
    outer loop
      vertex 29.15 4.52776 2.2
      vertex 28.3534 3.15045 4
      vertex 28.3544 3.14977 4
    endloop
  endfacet
  facet normal -0.618572 -0.42451 0.66118
    outer loop
      vertex 32.8495 7.6466 4
      vertex 31.4722 6.85 2.2
      vertex 32.8502 7.64558 4
    endloop
  endfacet
  facet normal -0.62361 -0.416549 0.661512
    outer loop
      vertex 31.4722 6.85 2.2
      vertex 32.8495 7.6466 4
      vertex 31.3487 7.03489 2.2
    endloop
  endfacet
  facet normal -0.657831 -0.358817 0.6622
    outer loop
      vertex 31.4722 6.85 2.2
      vertex 32.8508 7.64448 4
      vertex 32.8502 7.64558 4
    endloop
  endfacet
  facet normal -0.67252 -0.331809 0.661529
    outer loop
      vertex 32.8508 7.64448 4
      vertex 31.4722 6.85 2.2
      vertex 31.5706 6.65056 2.2
    endloop
  endfacet
  facet normal -0.672648 -0.331598 0.661504
    outer loop
      vertex 31.5706 6.65056 2.2
      vertex 33.0406 7.25947 4
      vertex 32.8508 7.64448 4
    endloop
  endfacet
  facet normal -0.494423 -0.563877 0.661505
    outer loop
      vertex 31.0349 7.3487 2.2
      vertex 32.3263 8.32801 4
      vertex 32.0035 8.61105 4
    endloop
  endfacet
  facet normal -0.67252 0.331809 0.661529
    outer loop
      vertex 31.4722 5.15 2.2
      vertex 32.8508 4.35552 4
      vertex 31.5706 5.34944 2.2
    endloop
  endfacet
  facet normal -0.657831 0.358817 0.6622
    outer loop
      vertex 32.8508 4.35552 4
      vertex 31.4722 5.15 2.2
      vertex 32.8502 4.35442 4
    endloop
  endfacet
  facet normal -0.710121 0.241125 0.661503
    outer loop
      vertex 31.5706 5.34944 2.2
      vertex 33.041 4.74169 4
      vertex 31.6421 5.56001 2.2
    endloop
  endfacet
  facet normal -0.708884 0.244443 0.661613
    outer loop
      vertex 33.041 4.74169 4
      vertex 31.5706 5.34944 2.2
      vertex 33.0406 4.74053 4
    endloop
  endfacet
  facet normal -0.748322 -0.0490892 0.661517
    outer loop
      vertex 31.7 6 2.2
      vertex 33.2912 6 4
      vertex 33.2631 6.42836 4
    endloop
  endfacet
  facet normal 0.657831 -0.358817 0.6622
    outer loop
      vertex 27.1492 7.64448 4
      vertex 28.5278 6.85 2.2
      vertex 27.1498 7.64558 4
    endloop
  endfacet
  facet normal 0.67252 -0.331809 0.661529
    outer loop
      vertex 28.5278 6.85 2.2
      vertex 27.1492 7.64448 4
      vertex 28.4294 6.65056 2.2
    endloop
  endfacet
  facet normal 0.735516 -0.146397 0.661502
    outer loop
      vertex 26.7372 6.43079 4
      vertex 28.3579 6.43999 2.2
      vertex 26.821 6.85181 4
    endloop
  endfacet
  facet normal 0.737912 -0.121969 0.663784
    outer loop
      vertex 26.737 6.42958 4
      vertex 28.3579 6.43999 2.2
      vertex 26.7372 6.43079 4
    endloop
  endfacet
  facet normal 0.735527 -0.146364 0.661496
    outer loop
      vertex 28.3579 6.43999 2.2
      vertex 26.737 6.42958 4
      vertex 28.3145 6.22189 2.2
    endloop
  endfacet
  facet normal -0.0490346 -0.748334 0.661507
    outer loop
      vertex 30.2219 7.68546 2.2
      vertex 30.4284 9.26308 4
      vertex 30 7.7 2.2
    endloop
  endfacet
  facet normal -0.0498836 -0.748254 0.661534
    outer loop
      vertex 30.4284 9.26308 4
      vertex 30.2219 7.68546 2.2
      vertex 30.4296 9.263 4
    endloop
  endfacet
  facet normal -0.747134 -0.0612405 0.661846
    outer loop
      vertex 31.6855 6.22189 2.2
      vertex 33.2631 6.42836 4
      vertex 33.263 6.42958 4
    endloop
  endfacet
  facet normal -0.748351 -0.048903 0.661498
    outer loop
      vertex 33.2631 6.42836 4
      vertex 31.6855 6.22189 2.2
      vertex 31.7 6 2.2
    endloop
  endfacet
  facet normal 0.195088 0.980786 -0
    outer loop
      vertex -17.0652 -6.24573 -4.74303e-07
      vertex -17.1294 -6.23296 4
      vertex -17.0652 -6.24573 4
    endloop
  endfacet
  facet normal 0.195088 0.980786 0
    outer loop
      vertex -17.1294 -6.23296 4
      vertex -17.0652 -6.24573 -4.74303e-07
      vertex -17.1294 -6.23296 -4.74303e-07
    endloop
  endfacet
  facet normal 0.321546 0.946894 -0
    outer loop
      vertex -17.1294 -6.23296 -4.74303e-07
      vertex -17.1913 -6.21194 4
      vertex -17.1294 -6.23296 4
    endloop
  endfacet
  facet normal 0.321546 0.946894 0
    outer loop
      vertex -17.1913 -6.21194 4
      vertex -17.1294 -6.23296 -4.74303e-07
      vertex -17.1913 -6.21194 -4.74303e-07
    endloop
  endfacet
  facet normal 0.442072 0.89698 -0
    outer loop
      vertex -17.1913 -6.21194 -4.74303e-07
      vertex -17.25 -6.18301 4
      vertex -17.1913 -6.21194 4
    endloop
  endfacet
  facet normal 0.442072 0.89698 0
    outer loop
      vertex -17.25 -6.18301 4
      vertex -17.1913 -6.21194 -4.74303e-07
      vertex -17.25 -6.18301 -4.74303e-07
    endloop
  endfacet
  facet normal 0.55537 0.831603 -0
    outer loop
      vertex -17.25 -6.18301 -4.74303e-07
      vertex -17.3044 -6.14668 4
      vertex -17.25 -6.18301 4
    endloop
  endfacet
  facet normal 0.55537 0.831603 0
    outer loop
      vertex -17.3044 -6.14668 4
      vertex -17.25 -6.18301 -4.74303e-07
      vertex -17.3044 -6.14668 -4.74303e-07
    endloop
  endfacet
  facet normal 0.659955 0.751305 -0
    outer loop
      vertex -17.3044 -6.14668 -4.74303e-07
      vertex -17.3535 -6.10355 4
      vertex -17.3044 -6.14668 4
    endloop
  endfacet
  facet normal 0.659955 0.751305 0
    outer loop
      vertex -17.3535 -6.10355 4
      vertex -17.3044 -6.14668 -4.74303e-07
      vertex -17.3535 -6.10355 -4.74303e-07
    endloop
  endfacet
  facet normal 0.751241 0.660028 0
    outer loop
      vertex -17.3535 -6.10355 4
      vertex -17.3967 -6.05438 -4.74303e-07
      vertex -17.3967 -6.05438 4
    endloop
  endfacet
  facet normal 0.751241 0.660028 0
    outer loop
      vertex -17.3967 -6.05438 -4.74303e-07
      vertex -17.3535 -6.10355 4
      vertex -17.3535 -6.10355 -4.74303e-07
    endloop
  endfacet
  facet normal 0.831721 0.555194 0
    outer loop
      vertex -17.3967 -6.05438 4
      vertex -17.433 -6 -4.74303e-07
      vertex -17.433 -6 4
    endloop
  endfacet
  facet normal 0.831721 0.555194 0
    outer loop
      vertex -17.433 -6 -4.74303e-07
      vertex -17.3967 -6.05438 4
      vertex -17.3967 -6.05438 -4.74303e-07
    endloop
  endfacet
  facet normal 0.897012 0.442006 0
    outer loop
      vertex -17.433 -6 4
      vertex -17.4619 -5.94135 -4.74303e-07
      vertex -17.4619 -5.94135 4
    endloop
  endfacet
  facet normal 0.897012 0.442006 0
    outer loop
      vertex -17.4619 -5.94135 -4.74303e-07
      vertex -17.433 -6 4
      vertex -17.433 -6 -4.74303e-07
    endloop
  endfacet
  facet normal 0.94705 0.321086 0
    outer loop
      vertex -17.4619 -5.94135 4
      vertex -17.4829 -5.87941 -4.74303e-07
      vertex -17.4829 -5.87941 4
    endloop
  endfacet
  facet normal 0.94705 0.321086 0
    outer loop
      vertex -17.4829 -5.87941 -4.74303e-07
      vertex -17.4619 -5.94135 4
      vertex -17.4619 -5.94135 -4.74303e-07
    endloop
  endfacet
  facet normal 0.980669 0.195675 0
    outer loop
      vertex -17.4829 -5.87941 4
      vertex -17.4957 -5.81526 -4.74303e-07
      vertex -17.4957 -5.81526 4
    endloop
  endfacet
  facet normal 0.980669 0.195675 0
    outer loop
      vertex -17.4957 -5.81526 -4.74303e-07
      vertex -17.4829 -5.87941 4
      vertex -17.4829 -5.87941 -4.74303e-07
    endloop
  endfacet
  facet normal 0.997836 0.0657477 0
    outer loop
      vertex -17.4957 -5.81526 4
      vertex -17.5 -5.75 -4.74303e-07
      vertex -17.5 -5.75 4
    endloop
  endfacet
  facet normal 0.997836 0.0657477 0
    outer loop
      vertex -17.5 -5.75 -4.74303e-07
      vertex -17.4957 -5.81526 4
      vertex -17.4957 -5.81526 -4.74303e-07
    endloop
  endfacet
  facet normal 1 -0 0
    outer loop
      vertex -17.5 -5.75 4
      vertex -17.5 5.75 -4.74303e-07
      vertex -17.5 5.75 4
    endloop
  endfacet
  facet normal 1 0 0
    outer loop
      vertex -17.5 5.75 -4.74303e-07
      vertex -17.5 -5.75 4
      vertex -17.5 -5.75 -4.74303e-07
    endloop
  endfacet
  facet normal 0.997836 -0.0657477 0
    outer loop
      vertex -17.5 5.75 4
      vertex -17.4957 5.81526 -4.74303e-07
      vertex -17.4957 5.81526 4
    endloop
  endfacet
  facet normal 0.997836 -0.0657477 0
    outer loop
      vertex -17.4957 5.81526 -4.74303e-07
      vertex -17.5 5.75 4
      vertex -17.5 5.75 -4.74303e-07
    endloop
  endfacet
  facet normal 0.980669 -0.195675 0
    outer loop
      vertex -17.4957 5.81526 4
      vertex -17.4829 5.87941 -4.74303e-07
      vertex -17.4829 5.87941 4
    endloop
  endfacet
  facet normal 0.980669 -0.195675 0
    outer loop
      vertex -17.4829 5.87941 -4.74303e-07
      vertex -17.4957 5.81526 4
      vertex -17.4957 5.81526 -4.74303e-07
    endloop
  endfacet
  facet normal 0.94705 -0.321086 0
    outer loop
      vertex -17.4829 5.87941 4
      vertex -17.4619 5.94135 -4.74303e-07
      vertex -17.4619 5.94135 4
    endloop
  endfacet
  facet normal 0.94705 -0.321086 0
    outer loop
      vertex -17.4619 5.94135 -4.74303e-07
      vertex -17.4829 5.87941 4
      vertex -17.4829 5.87941 -4.74303e-07
    endloop
  endfacet
  facet normal 0.897012 -0.442006 0
    outer loop
      vertex -17.4619 5.94135 4
      vertex -17.433 6 -4.74303e-07
      vertex -17.433 6 4
    endloop
  endfacet
  facet normal 0.897012 -0.442006 0
    outer loop
      vertex -17.433 6 -4.74303e-07
      vertex -17.4619 5.94135 4
      vertex -17.4619 5.94135 -4.74303e-07
    endloop
  endfacet
  facet normal 0.831721 -0.555194 0
    outer loop
      vertex -17.433 6 4
      vertex -17.3967 6.05438 -4.74303e-07
      vertex -17.3967 6.05438 4
    endloop
  endfacet
  facet normal 0.831721 -0.555194 0
    outer loop
      vertex -17.3967 6.05438 -4.74303e-07
      vertex -17.433 6 4
      vertex -17.433 6 -4.74303e-07
    endloop
  endfacet
  facet normal 0.751241 -0.660028 0
    outer loop
      vertex -17.3967 6.05438 4
      vertex -17.3535 6.10355 -4.74303e-07
      vertex -17.3535 6.10355 4
    endloop
  endfacet
  facet normal 0.751241 -0.660028 0
    outer loop
      vertex -17.3535 6.10355 -4.74303e-07
      vertex -17.3967 6.05438 4
      vertex -17.3967 6.05438 -4.74303e-07
    endloop
  endfacet
  facet normal 0.659955 -0.751305 0
    outer loop
      vertex -17.3535 6.10355 -4.74303e-07
      vertex -17.3044 6.14668 4
      vertex -17.3535 6.10355 4
    endloop
  endfacet
  facet normal 0.659955 -0.751305 0
    outer loop
      vertex -17.3044 6.14668 4
      vertex -17.3535 6.10355 -4.74303e-07
      vertex -17.3044 6.14668 -4.74303e-07
    endloop
  endfacet
  facet normal 0.55537 -0.831603 0
    outer loop
      vertex -17.3044 6.14668 -4.74303e-07
      vertex -17.25 6.18301 4
      vertex -17.3044 6.14668 4
    endloop
  endfacet
  facet normal 0.55537 -0.831603 0
    outer loop
      vertex -17.25 6.18301 4
      vertex -17.3044 6.14668 -4.74303e-07
      vertex -17.25 6.18301 -4.74303e-07
    endloop
  endfacet
  facet normal 0.442072 -0.89698 0
    outer loop
      vertex -17.25 6.18301 -4.74303e-07
      vertex -17.1913 6.21194 4
      vertex -17.25 6.18301 4
    endloop
  endfacet
  facet normal 0.442072 -0.89698 0
    outer loop
      vertex -17.1913 6.21194 4
      vertex -17.25 6.18301 -4.74303e-07
      vertex -17.1913 6.21194 -4.74303e-07
    endloop
  endfacet
  facet normal 0.321546 -0.946894 0
    outer loop
      vertex -17.1913 6.21194 -4.74303e-07
      vertex -17.1294 6.23296 4
      vertex -17.1913 6.21194 4
    endloop
  endfacet
  facet normal 0.321546 -0.946894 0
    outer loop
      vertex -17.1294 6.23296 4
      vertex -17.1913 6.21194 -4.74303e-07
      vertex -17.1294 6.23296 -4.74303e-07
    endloop
  endfacet
  facet normal 0.195088 -0.980786 0
    outer loop
      vertex -17.1294 6.23296 -4.74303e-07
      vertex -17.0652 6.24573 4
      vertex -17.1294 6.23296 4
    endloop
  endfacet
  facet normal 0.195088 -0.980786 0
    outer loop
      vertex -17.0652 6.24573 4
      vertex -17.1294 6.23296 -4.74303e-07
      vertex -17.0652 6.24573 -4.74303e-07
    endloop
  endfacet
  facet normal 0.0653508 -0.997862 0
    outer loop
      vertex -17.0652 6.24573 -4.74303e-07
      vertex -17 6.25 4
      vertex -17.0652 6.24573 4
    endloop
  endfacet
  facet normal 0.0653508 -0.997862 0
    outer loop
      vertex -17 6.25 4
      vertex -17.0652 6.24573 -4.74303e-07
      vertex -17 6.25 -4.74303e-07
    endloop
  endfacet
  facet normal 0 -1 0
    outer loop
      vertex -17 6.25 -4.74303e-07
      vertex 5.59999 6.25 4
      vertex -17 6.25 4
    endloop
  endfacet
  facet normal 0 -1 -0
    outer loop
      vertex 5.59999 6.25 4
      vertex -17 6.25 -4.74303e-07
      vertex 5.59999 6.25 -4.74303e-07
    endloop
  endfacet
  facet normal -0.065291 -0.997866 0
    outer loop
      vertex 5.59999 6.25 -4.74303e-07
      vertex 5.66525 6.24573 4
      vertex 5.59999 6.25 4
    endloop
  endfacet
  facet normal -0.065291 -0.997866 -0
    outer loop
      vertex 5.66525 6.24573 4
      vertex 5.59999 6.25 -4.74303e-07
      vertex 5.66525 6.24573 -4.74303e-07
    endloop
  endfacet
  facet normal -0.195234 -0.980757 0
    outer loop
      vertex 5.66525 6.24573 -4.74303e-07
      vertex 5.7294 6.23296 4
      vertex 5.66525 6.24573 4
    endloop
  endfacet
  facet normal -0.195234 -0.980757 -0
    outer loop
      vertex 5.7294 6.23296 4
      vertex 5.66525 6.24573 -4.74303e-07
      vertex 5.7294 6.23296 -4.74303e-07
    endloop
  endfacet
  facet normal -0.32136 -0.946957 0
    outer loop
      vertex 5.7294 6.23296 -4.74303e-07
      vertex 5.79134 6.21194 4
      vertex 5.7294 6.23296 4
    endloop
  endfacet
  facet normal -0.32136 -0.946957 -0
    outer loop
      vertex 5.79134 6.21194 4
      vertex 5.7294 6.23296 -4.74303e-07
      vertex 5.79134 6.21194 -4.74303e-07
    endloop
  endfacet
  facet normal -0.442375 -0.89683 0
    outer loop
      vertex 5.79134 6.21194 -4.74303e-07
      vertex 5.84999 6.18301 4
      vertex 5.79134 6.21194 4
    endloop
  endfacet
  facet normal -0.442375 -0.89683 -0
    outer loop
      vertex 5.84999 6.18301 4
      vertex 5.79134 6.21194 -4.74303e-07
      vertex 5.84999 6.18301 -4.74303e-07
    endloop
  endfacet
  facet normal -0.555512 -0.831509 0
    outer loop
      vertex 5.84999 6.18301 -4.74303e-07
      vertex 5.90437 6.14668 4
      vertex 5.84999 6.18301 4
    endloop
  endfacet
  facet normal -0.555512 -0.831509 -0
    outer loop
      vertex 5.90437 6.14668 4
      vertex 5.84999 6.18301 -4.74303e-07
      vertex 5.90437 6.14668 -4.74303e-07
    endloop
  endfacet
  facet normal -0.659424 -0.751771 0
    outer loop
      vertex 5.90437 6.14668 -4.74303e-07
      vertex 5.95354 6.10355 4
      vertex 5.90437 6.14668 4
    endloop
  endfacet
  facet normal -0.659424 -0.751771 -0
    outer loop
      vertex 5.95354 6.10355 4
      vertex 5.90437 6.14668 -4.74303e-07
      vertex 5.95354 6.10355 -4.74303e-07
    endloop
  endfacet
  facet normal -0.751771 -0.659424 0
    outer loop
      vertex 5.99667 6.05438 -4.74303e-07
      vertex 5.95354 6.10355 4
      vertex 5.95354 6.10355 -4.74303e-07
    endloop
  endfacet
  facet normal -0.751771 -0.659424 0
    outer loop
      vertex 5.95354 6.10355 4
      vertex 5.99667 6.05438 -4.74303e-07
      vertex 5.99667 6.05438 4
    endloop
  endfacet
  facet normal -0.831509 -0.555512 0
    outer loop
      vertex 6.033 6 -4.74303e-07
      vertex 5.99667 6.05438 4
      vertex 5.99667 6.05438 -4.74303e-07
    endloop
  endfacet
  facet normal -0.831509 -0.555512 0
    outer loop
      vertex 5.99667 6.05438 4
      vertex 6.033 6 -4.74303e-07
      vertex 6.033 6 4
    endloop
  endfacet
  facet normal -0.896769 -0.442498 0
    outer loop
      vertex 6.06194 5.94135 -4.74303e-07
      vertex 6.033 6 4
      vertex 6.033 6 -4.74303e-07
    endloop
  endfacet
  facet normal -0.896769 -0.442498 0
    outer loop
      vertex 6.033 6 4
      vertex 6.06194 5.94135 -4.74303e-07
      vertex 6.06194 5.94135 4
    endloop
  endfacet
  facet normal -0.947004 -0.321223 0
    outer loop
      vertex 6.08295 5.87941 -4.74303e-07
      vertex 6.06194 5.94135 4
      vertex 6.06194 5.94135 -4.74303e-07
    endloop
  endfacet
  facet normal -0.947004 -0.321223 0
    outer loop
      vertex 6.06194 5.94135 4
      vertex 6.08295 5.87941 -4.74303e-07
      vertex 6.08295 5.87941 4
    endloop
  endfacet
  facet normal -0.980757 -0.195234 0
    outer loop
      vertex 6.09572 5.81526 -4.74303e-07
      vertex 6.08295 5.87941 4
      vertex 6.08295 5.87941 -4.74303e-07
    endloop
  endfacet
  facet normal -0.980757 -0.195234 0
    outer loop
      vertex 6.08295 5.87941 4
      vertex 6.09572 5.81526 -4.74303e-07
      vertex 6.09572 5.81526 4
    endloop
  endfacet
  facet normal -0.997866 -0.065291 0
    outer loop
      vertex 6.09999 5.75 -4.74303e-07
      vertex 6.09572 5.81526 4
      vertex 6.09572 5.81526 -4.74303e-07
    endloop
  endfacet
  facet normal -0.997866 -0.065291 0
    outer loop
      vertex 6.09572 5.81526 4
      vertex 6.09999 5.75 -4.74303e-07
      vertex 6.09999 5.75 4
    endloop
  endfacet
  facet normal -1 0 0
    outer loop
      vertex 6.09999 -5.75 -4.74303e-07
      vertex 6.09999 5.75 4
      vertex 6.09999 5.75 -4.74303e-07
    endloop
  endfacet
  facet normal -1 -0 0
    outer loop
      vertex 6.09999 5.75 4
      vertex 6.09999 -5.75 -4.74303e-07
      vertex 6.09999 -5.75 4
    endloop
  endfacet
  facet normal -0.997866 0.065291 0
    outer loop
      vertex 6.09572 -5.81526 -4.74303e-07
      vertex 6.09999 -5.75 4
      vertex 6.09999 -5.75 -4.74303e-07
    endloop
  endfacet
  facet normal -0.997866 0.065291 0
    outer loop
      vertex 6.09999 -5.75 4
      vertex 6.09572 -5.81526 -4.74303e-07
      vertex 6.09572 -5.81526 4
    endloop
  endfacet
  facet normal -0.980757 0.195234 0
    outer loop
      vertex 6.08295 -5.87941 -4.74303e-07
      vertex 6.09572 -5.81526 4
      vertex 6.09572 -5.81526 -4.74303e-07
    endloop
  endfacet
  facet normal -0.980757 0.195234 0
    outer loop
      vertex 6.09572 -5.81526 4
      vertex 6.08295 -5.87941 -4.74303e-07
      vertex 6.08295 -5.87941 4
    endloop
  endfacet
  facet normal -0.947004 0.321223 0
    outer loop
      vertex 6.06194 -5.94135 -4.74303e-07
      vertex 6.08295 -5.87941 4
      vertex 6.08295 -5.87941 -4.74303e-07
    endloop
  endfacet
  facet normal -0.947004 0.321223 0
    outer loop
      vertex 6.08295 -5.87941 4
      vertex 6.06194 -5.94135 -4.74303e-07
      vertex 6.06194 -5.94135 4
    endloop
  endfacet
  facet normal -0.896769 0.442498 0
    outer loop
      vertex 6.033 -6 -4.74303e-07
      vertex 6.06194 -5.94135 4
      vertex 6.06194 -5.94135 -4.74303e-07
    endloop
  endfacet
  facet normal -0.896769 0.442498 0
    outer loop
      vertex 6.06194 -5.94135 4
      vertex 6.033 -6 -4.74303e-07
      vertex 6.033 -6 4
    endloop
  endfacet
  facet normal -0.831509 0.555512 0
    outer loop
      vertex 5.99667 -6.05438 -4.74303e-07
      vertex 6.033 -6 4
      vertex 6.033 -6 -4.74303e-07
    endloop
  endfacet
  facet normal -0.831509 0.555512 0
    outer loop
      vertex 6.033 -6 4
      vertex 5.99667 -6.05438 -4.74303e-07
      vertex 5.99667 -6.05438 4
    endloop
  endfacet
  facet normal -0.751771 0.659424 0
    outer loop
      vertex 5.95354 -6.10355 -4.74303e-07
      vertex 5.99667 -6.05438 4
      vertex 5.99667 -6.05438 -4.74303e-07
    endloop
  endfacet
  facet normal -0.751771 0.659424 0
    outer loop
      vertex 5.99667 -6.05438 4
      vertex 5.95354 -6.10355 -4.74303e-07
      vertex 5.95354 -6.10355 4
    endloop
  endfacet
  facet normal -0.659424 0.751771 0
    outer loop
      vertex 5.95354 -6.10355 -4.74303e-07
      vertex 5.90437 -6.14668 4
      vertex 5.95354 -6.10355 4
    endloop
  endfacet
  facet normal -0.659424 0.751771 0
    outer loop
      vertex 5.90437 -6.14668 4
      vertex 5.95354 -6.10355 -4.74303e-07
      vertex 5.90437 -6.14668 -4.74303e-07
    endloop
  endfacet
  facet normal -0.555512 0.831509 0
    outer loop
      vertex 5.90437 -6.14668 -4.74303e-07
      vertex 5.84999 -6.18301 4
      vertex 5.90437 -6.14668 4
    endloop
  endfacet
  facet normal -0.555512 0.831509 0
    outer loop
      vertex 5.84999 -6.18301 4
      vertex 5.90437 -6.14668 -4.74303e-07
      vertex 5.84999 -6.18301 -4.74303e-07
    endloop
  endfacet
  facet normal -0.442375 0.89683 0
    outer loop
      vertex 5.84999 -6.18301 -4.74303e-07
      vertex 5.79134 -6.21194 4
      vertex 5.84999 -6.18301 4
    endloop
  endfacet
  facet normal -0.442375 0.89683 0
    outer loop
      vertex 5.79134 -6.21194 4
      vertex 5.84999 -6.18301 -4.74303e-07
      vertex 5.79134 -6.21194 -4.74303e-07
    endloop
  endfacet
  facet normal -0.32136 0.946957 0
    outer loop
      vertex 5.79134 -6.21194 -4.74303e-07
      vertex 5.7294 -6.23296 4
      vertex 5.79134 -6.21194 4
    endloop
  endfacet
  facet normal -0.32136 0.946957 0
    outer loop
      vertex 5.7294 -6.23296 4
      vertex 5.79134 -6.21194 -4.74303e-07
      vertex 5.7294 -6.23296 -4.74303e-07
    endloop
  endfacet
  facet normal -0.195234 0.980757 0
    outer loop
      vertex 5.7294 -6.23296 -4.74303e-07
      vertex 5.66525 -6.24573 4
      vertex 5.7294 -6.23296 4
    endloop
  endfacet
  facet normal -0.195234 0.980757 0
    outer loop
      vertex 5.66525 -6.24573 4
      vertex 5.7294 -6.23296 -4.74303e-07
      vertex 5.66525 -6.24573 -4.74303e-07
    endloop
  endfacet
  facet normal -0.065291 0.997866 0
    outer loop
      vertex 5.66525 -6.24573 -4.74303e-07
      vertex 5.59999 -6.25 4
      vertex 5.66525 -6.24573 4
    endloop
  endfacet
  facet normal -0.065291 0.997866 0
    outer loop
      vertex 5.59999 -6.25 4
      vertex 5.66525 -6.24573 -4.74303e-07
      vertex 5.59999 -6.25 -4.74303e-07
    endloop
  endfacet
  facet normal 0 1 -0
    outer loop
      vertex 5.59999 -6.25 -4.74303e-07
      vertex -17 -6.25 4
      vertex 5.59999 -6.25 4
    endloop
  endfacet
  facet normal 0 1 0
    outer loop
      vertex -17 -6.25 4
      vertex 5.59999 -6.25 -4.74303e-07
      vertex -17 -6.25 -4.74303e-07
    endloop
  endfacet
  facet normal 0.0653508 0.997862 -0
    outer loop
      vertex -17 -6.25 -4.74303e-07
      vertex -17.0652 -6.24573 4
      vertex -17 -6.25 4
    endloop
  endfacet
  facet normal 0.0653508 0.997862 0
    outer loop
      vertex -17.0652 -6.24573 4
      vertex -17 -6.25 -4.74303e-07
      vertex -17.0652 -6.24573 -4.74303e-07
    endloop
  endfacet
  facet normal 0.148966 0.988842 -0
    outer loop
      vertex -2.04019 -20.3982 -4.74303e-07
      vertex -4.06015 -20.0939 4
      vertex -2.04019 -20.3982 4
    endloop
  endfacet
  facet normal 0.148966 0.988842 0
    outer loop
      vertex -4.06015 -20.0939 4
      vertex -2.04019 -20.3982 -4.74303e-07
      vertex -4.06015 -20.0939 -4.74303e-07
    endloop
  endfacet
  facet normal 0.246631 0.96911 -0
    outer loop
      vertex -4.06015 -20.0939 -4.74303e-07
      vertex -6.03978 -19.5901 4
      vertex -4.06015 -20.0939 4
    endloop
  endfacet
  facet normal 0.246631 0.96911 0
    outer loop
      vertex -6.03978 -19.5901 4
      vertex -4.06015 -20.0939 -4.74303e-07
      vertex -6.03978 -19.5901 -4.74303e-07
    endloop
  endfacet
  facet normal 0.341891 0.93974 -0
    outer loop
      vertex -6.03978 -19.5901 -4.74303e-07
      vertex -7.95944 -18.8917 4
      vertex -6.03978 -19.5901 4
    endloop
  endfacet
  facet normal 0.341891 0.93974 0
    outer loop
      vertex -7.95944 -18.8917 4
      vertex -6.03978 -19.5901 -4.74303e-07
      vertex -7.95944 -18.8917 -4.74303e-07
    endloop
  endfacet
  facet normal 0.433687 0.901064 -0
    outer loop
      vertex -7.95944 -18.8917 -4.74303e-07
      vertex -9.80006 -18.0058 4
      vertex -7.95944 -18.8917 4
    endloop
  endfacet
  facet normal 0.433687 0.901064 0
    outer loop
      vertex -9.80006 -18.0058 4
      vertex -7.95944 -18.8917 -4.74303e-07
      vertex -9.80006 -18.0058 -4.74303e-07
    endloop
  endfacet
  facet normal 0.52121 0.853429 -0
    outer loop
      vertex -9.80006 -18.0058 -4.74303e-07
      vertex -11.5434 -16.9411 4
      vertex -9.80006 -18.0058 4
    endloop
  endfacet
  facet normal 0.52121 0.853429 0
    outer loop
      vertex -11.5434 -16.9411 4
      vertex -9.80006 -18.0058 -4.74303e-07
      vertex -11.5434 -16.9411 -4.74303e-07
    endloop
  endfacet
  facet normal 0.603589 0.797296 -0
    outer loop
      vertex -11.5434 -16.9411 -4.74303e-07
      vertex -13.1721 -15.7081 4
      vertex -11.5434 -16.9411 4
    endloop
  endfacet
  facet normal 0.603589 0.797296 0
    outer loop
      vertex -13.1721 -15.7081 4
      vertex -11.5434 -16.9411 -4.74303e-07
      vertex -13.1721 -15.7081 -4.74303e-07
    endloop
  endfacet
  facet normal 0.679923 0.733283 -0
    outer loop
      vertex -13.1721 -15.7081 -4.74303e-07
      vertex -14.67 -14.3192 4
      vertex -13.1721 -15.7081 4
    endloop
  endfacet
  facet normal 0.679923 0.733283 0
    outer loop
      vertex -14.67 -14.3192 4
      vertex -13.1721 -15.7081 -4.74303e-07
      vertex -14.67 -14.3192 -4.74303e-07
    endloop
  endfacet
  facet normal 0.749515 0.661987 0
    outer loop
      vertex -14.67 -14.3192 4
      vertex -16.0223 -12.7881 -4.74303e-07
      vertex -16.0223 -12.7881 4
    endloop
  endfacet
  facet normal 0.749515 0.661987 0
    outer loop
      vertex -16.0223 -12.7881 -4.74303e-07
      vertex -14.67 -14.3192 4
      vertex -14.67 -14.3192 -4.74303e-07
    endloop
  endfacet
  facet normal 0.811688 0.584092 0
    outer loop
      vertex -16.0223 -12.7881 4
      vertex -17.2154 -11.1301 -4.74303e-07
      vertex -17.2154 -11.1301 4
    endloop
  endfacet
  facet normal 0.811688 0.584092 0
    outer loop
      vertex -17.2154 -11.1301 -4.74303e-07
      vertex -16.0223 -12.7881 4
      vertex -16.0223 -12.7881 -4.74303e-07
    endloop
  endfacet
  facet normal 0.865789 0.50041 0
    outer loop
      vertex -17.2154 -11.1301 4
      vertex -18.2376 -9.36153 -4.74303e-07
      vertex -18.2376 -9.36153 4
    endloop
  endfacet
  facet normal 0.865789 0.50041 0
    outer loop
      vertex -18.2376 -9.36153 -4.74303e-07
      vertex -17.2154 -11.1301 4
      vertex -17.2154 -11.1301 -4.74303e-07
    endloop
  endfacet
  facet normal 0.911277 0.411794 0
    outer loop
      vertex -18.2376 -9.36153 4
      vertex -19.0788 -7.5 -4.74303e-07
      vertex -19.0788 -7.5 4
    endloop
  endfacet
  facet normal 0.911277 0.411794 0
    outer loop
      vertex -19.0788 -7.5 -4.74303e-07
      vertex -18.2376 -9.36153 4
      vertex -18.2376 -9.36153 -4.74303e-07
    endloop
  endfacet
  facet normal 0 -1 0
    outer loop
      vertex -19.0788 -7.5 -4.74303e-07
      vertex -4.97493 -7.5 4
      vertex -19.0788 -7.5 4
    endloop
  endfacet
  facet normal 0 -1 -0
    outer loop
      vertex -4.97493 -7.5 4
      vertex -19.0788 -7.5 -4.74303e-07
      vertex -4.97493 -7.5 -4.74303e-07
    endloop
  endfacet
  facet normal -0.511451 -0.859312 0
    outer loop
      vertex -4.97493 -7.5 -4.74303e-07
      vertex -4.22031 -7.94914 4
      vertex -4.97493 -7.5 4
    endloop
  endfacet
  facet normal -0.511451 -0.859312 -0
    outer loop
      vertex -4.22031 -7.94914 4
      vertex -4.97493 -7.5 -4.74303e-07
      vertex -4.22031 -7.94914 -4.74303e-07
    endloop
  endfacet
  facet normal -0.425281 -0.905061 0
    outer loop
      vertex -4.22031 -7.94914 -4.74303e-07
      vertex -3.42549 -8.32262 4
      vertex -4.22031 -7.94914 4
    endloop
  endfacet
  facet normal -0.425281 -0.905061 -0
    outer loop
      vertex -3.42549 -8.32262 4
      vertex -4.22031 -7.94914 -4.74303e-07
      vertex -3.42549 -8.32262 -4.74303e-07
    endloop
  endfacet
  facet normal -0.335036 -0.942205 0
    outer loop
      vertex -3.42549 -8.32262 -4.74303e-07
      vertex -2.59807 -8.61684 4
      vertex -3.42549 -8.32262 4
    endloop
  endfacet
  facet normal -0.335036 -0.942205 -0
    outer loop
      vertex -2.59807 -8.61684 4
      vertex -3.42549 -8.32262 -4.74303e-07
      vertex -2.59807 -8.61684 -4.74303e-07
    endloop
  endfacet
  facet normal -0.241625 -0.97037 0
    outer loop
      vertex -2.59807 -8.61684 -4.74303e-07
      vertex -1.74591 -8.82903 4
      vertex -2.59807 -8.61684 4
    endloop
  endfacet
  facet normal -0.241625 -0.97037 -0
    outer loop
      vertex -1.74591 -8.82903 4
      vertex -2.59807 -8.61684 -4.74303e-07
      vertex -1.74591 -8.82903 -4.74303e-07
    endloop
  endfacet
  facet normal -0.145892 -0.989301 0
    outer loop
      vertex -1.74591 -8.82903 -4.74303e-07
      vertex -0.877121 -8.95715 4
      vertex -1.74591 -8.82903 4
    endloop
  endfacet
  facet normal -0.145892 -0.989301 -0
    outer loop
      vertex -0.877121 -8.95715 4
      vertex -1.74591 -8.82903 -4.74303e-07
      vertex -0.877121 -8.95715 -4.74303e-07
    endloop
  endfacet
  facet normal -0.0487948 -0.998809 0
    outer loop
      vertex -0.877121 -8.95715 -4.74303e-07
      vertex 0 -9 4
      vertex -0.877121 -8.95715 4
    endloop
  endfacet
  facet normal -0.0487948 -0.998809 -0
    outer loop
      vertex 0 -9 4
      vertex -0.877121 -8.95715 -4.74303e-07
      vertex 0 -9 -4.74303e-07
    endloop
  endfacet
  facet normal 0.0487948 -0.998809 0
    outer loop
      vertex 0 -9 -4.74303e-07
      vertex 0.877121 -8.95715 4
      vertex 0 -9 4
    endloop
  endfacet
  facet normal 0.0487948 -0.998809 0
    outer loop
      vertex 0.877121 -8.95715 4
      vertex 0 -9 -4.74303e-07
      vertex 0.877121 -8.95715 -4.74303e-07
    endloop
  endfacet
  facet normal 0.145892 -0.989301 0
    outer loop
      vertex 0.877121 -8.95715 -4.74303e-07
      vertex 1.74591 -8.82903 4
      vertex 0.877121 -8.95715 4
    endloop
  endfacet
  facet normal 0.145892 -0.989301 0
    outer loop
      vertex 1.74591 -8.82903 4
      vertex 0.877121 -8.95715 -4.74303e-07
      vertex 1.74591 -8.82903 -4.74303e-07
    endloop
  endfacet
  facet normal 0.241625 -0.97037 0
    outer loop
      vertex 1.74591 -8.82903 -4.74303e-07
      vertex 2.59807 -8.61684 4
      vertex 1.74591 -8.82903 4
    endloop
  endfacet
  facet normal 0.241625 -0.97037 0
    outer loop
      vertex 2.59807 -8.61684 4
      vertex 1.74591 -8.82903 -4.74303e-07
      vertex 2.59807 -8.61684 -4.74303e-07
    endloop
  endfacet
  facet normal 0.335036 -0.942205 0
    outer loop
      vertex 2.59807 -8.61684 -4.74303e-07
      vertex 3.42549 -8.32262 4
      vertex 2.59807 -8.61684 4
    endloop
  endfacet
  facet normal 0.335036 -0.942205 0
    outer loop
      vertex 3.42549 -8.32262 4
      vertex 2.59807 -8.61684 -4.74303e-07
      vertex 3.42549 -8.32262 -4.74303e-07
    endloop
  endfacet
  facet normal 0.425281 -0.905061 0
    outer loop
      vertex 3.42549 -8.32262 -4.74303e-07
      vertex 4.22031 -7.94914 4
      vertex 3.42549 -8.32262 4
    endloop
  endfacet
  facet normal 0.425281 -0.905061 0
    outer loop
      vertex 4.22031 -7.94914 4
      vertex 3.42549 -8.32262 -4.74303e-07
      vertex 4.22031 -7.94914 -4.74303e-07
    endloop
  endfacet
  facet normal 0.511451 -0.859312 0
    outer loop
      vertex 4.22031 -7.94914 -4.74303e-07
      vertex 4.97493 -7.5 4
      vertex 4.22031 -7.94914 4
    endloop
  endfacet
  facet normal 0.511451 -0.859312 0
    outer loop
      vertex 4.97493 -7.5 4
      vertex 4.22031 -7.94914 -4.74303e-07
      vertex 4.97493 -7.5 -4.74303e-07
    endloop
  endfacet
  facet normal 0 -1 0
    outer loop
      vertex 4.97493 -7.5 -4.74303e-07
      vertex 19.0788 -7.5 4
      vertex 4.97493 -7.5 4
    endloop
  endfacet
  facet normal 0 -1 -0
    outer loop
      vertex 19.0788 -7.5 4
      vertex 4.97493 -7.5 -4.74303e-07
      vertex 19.0788 -7.5 -4.74303e-07
    endloop
  endfacet
  facet normal -0.911277 0.411794 0
    outer loop
      vertex 18.2376 -9.36153 -4.74303e-07
      vertex 19.0788 -7.5 4
      vertex 19.0788 -7.5 -4.74303e-07
    endloop
  endfacet
  facet normal -0.911277 0.411794 0
    outer loop
      vertex 19.0788 -7.5 4
      vertex 18.2376 -9.36153 -4.74303e-07
      vertex 18.2376 -9.36153 4
    endloop
  endfacet
  facet normal -0.865789 0.50041 0
    outer loop
      vertex 17.2154 -11.1301 -4.74303e-07
      vertex 18.2376 -9.36153 4
      vertex 18.2376 -9.36153 -4.74303e-07
    endloop
  endfacet
  facet normal -0.865789 0.50041 0
    outer loop
      vertex 18.2376 -9.36153 4
      vertex 17.2154 -11.1301 -4.74303e-07
      vertex 17.2154 -11.1301 4
    endloop
  endfacet
  facet normal -0.811688 0.584092 0
    outer loop
      vertex 16.0223 -12.7881 -4.74303e-07
      vertex 17.2154 -11.1301 4
      vertex 17.2154 -11.1301 -4.74303e-07
    endloop
  endfacet
  facet normal -0.811688 0.584092 0
    outer loop
      vertex 17.2154 -11.1301 4
      vertex 16.0223 -12.7881 -4.74303e-07
      vertex 16.0223 -12.7881 4
    endloop
  endfacet
  facet normal -0.749515 0.661987 0
    outer loop
      vertex 14.67 -14.3192 -4.74303e-07
      vertex 16.0223 -12.7881 4
      vertex 16.0223 -12.7881 -4.74303e-07
    endloop
  endfacet
  facet normal -0.749515 0.661987 0
    outer loop
      vertex 16.0223 -12.7881 4
      vertex 14.67 -14.3192 -4.74303e-07
      vertex 14.67 -14.3192 4
    endloop
  endfacet
  facet normal -0.679923 0.733283 0
    outer loop
      vertex 14.67 -14.3192 -4.74303e-07
      vertex 13.1721 -15.7081 4
      vertex 14.67 -14.3192 4
    endloop
  endfacet
  facet normal -0.679923 0.733283 0
    outer loop
      vertex 13.1721 -15.7081 4
      vertex 14.67 -14.3192 -4.74303e-07
      vertex 13.1721 -15.7081 -4.74303e-07
    endloop
  endfacet
  facet normal -0.603589 0.797296 0
    outer loop
      vertex 13.1721 -15.7081 -4.74303e-07
      vertex 11.5434 -16.9411 4
      vertex 13.1721 -15.7081 4
    endloop
  endfacet
  facet normal -0.603589 0.797296 0
    outer loop
      vertex 11.5434 -16.9411 4
      vertex 13.1721 -15.7081 -4.74303e-07
      vertex 11.5434 -16.9411 -4.74303e-07
    endloop
  endfacet
  facet normal -0.52121 0.853429 0
    outer loop
      vertex 11.5434 -16.9411 -4.74303e-07
      vertex 9.80006 -18.0058 4
      vertex 11.5434 -16.9411 4
    endloop
  endfacet
  facet normal -0.52121 0.853429 0
    outer loop
      vertex 9.80006 -18.0058 4
      vertex 11.5434 -16.9411 -4.74303e-07
      vertex 9.80006 -18.0058 -4.74303e-07
    endloop
  endfacet
  facet normal -0.433687 0.901064 0
    outer loop
      vertex 9.80006 -18.0058 -4.74303e-07
      vertex 7.95944 -18.8917 4
      vertex 9.80006 -18.0058 4
    endloop
  endfacet
  facet normal -0.433687 0.901064 0
    outer loop
      vertex 7.95944 -18.8917 4
      vertex 9.80006 -18.0058 -4.74303e-07
      vertex 7.95944 -18.8917 -4.74303e-07
    endloop
  endfacet
  facet normal -0.341891 0.93974 0
    outer loop
      vertex 7.95944 -18.8917 -4.74303e-07
      vertex 6.03978 -19.5901 4
      vertex 7.95944 -18.8917 4
    endloop
  endfacet
  facet normal -0.341891 0.93974 0
    outer loop
      vertex 6.03978 -19.5901 4
      vertex 7.95944 -18.8917 -4.74303e-07
      vertex 6.03978 -19.5901 -4.74303e-07
    endloop
  endfacet
  facet normal -0.246631 0.96911 0
    outer loop
      vertex 6.03978 -19.5901 -4.74303e-07
      vertex 4.06015 -20.0939 4
      vertex 6.03978 -19.5901 4
    endloop
  endfacet
  facet normal -0.246631 0.96911 0
    outer loop
      vertex 4.06015 -20.0939 4
      vertex 6.03978 -19.5901 -4.74303e-07
      vertex 4.06015 -20.0939 -4.74303e-07
    endloop
  endfacet
  facet normal -0.148966 0.988842 0
    outer loop
      vertex 4.06015 -20.0939 -4.74303e-07
      vertex 2.04019 -20.3982 4
      vertex 4.06015 -20.0939 4
    endloop
  endfacet
  facet normal -0.148966 0.988842 0
    outer loop
      vertex 2.04019 -20.3982 4
      vertex 4.06015 -20.0939 -4.74303e-07
      vertex 2.04019 -20.3982 -4.74303e-07
    endloop
  endfacet
  facet normal -0.0498353 0.998757 0
    outer loop
      vertex 2.04019 -20.3982 -4.74303e-07
      vertex 0 -20.5 4
      vertex 2.04019 -20.3982 4
    endloop
  endfacet
  facet normal -0.0498353 0.998757 0
    outer loop
      vertex 0 -20.5 4
      vertex 2.04019 -20.3982 -4.74303e-07
      vertex 0 -20.5 -4.74303e-07
    endloop
  endfacet
  facet normal 0.0498353 0.998757 -0
    outer loop
      vertex 0 -20.5 -4.74303e-07
      vertex -2.04019 -20.3982 4
      vertex 0 -20.5 4
    endloop
  endfacet
  facet normal 0.0498353 0.998757 0
    outer loop
      vertex -2.04019 -20.3982 4
      vertex 0 -20.5 -4.74303e-07
      vertex -2.04019 -20.3982 -4.74303e-07
    endloop
  endfacet
  facet normal 1 -0 0
    outer loop
      vertex -39.5 -43.5 4
      vertex -39.5 -24.5 -4.74303e-07
      vertex -39.5 -24.5 4
    endloop
  endfacet
  facet normal 1 0 0
    outer loop
      vertex -39.5 -24.5 -4.74303e-07
      vertex -39.5 -43.5 4
      vertex -39.5 -43.5 -4.74303e-07
    endloop
  endfacet
  facet normal -1 0 0
    outer loop
      vertex -26.5 -43.5 -4.74303e-07
      vertex -26.5 -24.5 4
      vertex -26.5 -24.5 -4.74303e-07
    endloop
  endfacet
  facet normal -1 -0 0
    outer loop
      vertex -26.5 -24.5 4
      vertex -26.5 -43.5 -4.74303e-07
      vertex -26.5 -43.5 4
    endloop
  endfacet
  facet normal 0 -1 0
    outer loop
      vertex -39.5 -24.5 -4.74303e-07
      vertex -26.5 -24.5 4
      vertex -39.5 -24.5 4
    endloop
  endfacet
  facet normal 0 -1 -0
    outer loop
      vertex -26.5 -24.5 4
      vertex -39.5 -24.5 -4.74303e-07
      vertex -26.5 -24.5 -4.74303e-07
    endloop
  endfacet
  facet normal 0 1 -0
    outer loop
      vertex -26.5 -43.5 -4.74303e-07
      vertex -39.5 -43.5 4
      vertex -26.5 -43.5 4
    endloop
  endfacet
  facet normal 0 1 0
    outer loop
      vertex -39.5 -43.5 4
      vertex -26.5 -43.5 -4.74303e-07
      vertex -39.5 -43.5 -4.74303e-07
    endloop
  endfacet
endsolid OpenSCAD_Model
