solid OpenSCAD_Model
  facet normal -0.659278 -0.7519 0
    outer loop
      vertex -25.8576 11.0251 0
      vertex -25.5134 10.7233 35.2
      vertex -25.8576 11.0251 35.2
    endloop
  endfacet
  facet normal -0.659278 -0.7519 -0
    outer loop
      vertex -25.5134 10.7233 35.2
      vertex -25.8576 11.0251 0
      vertex -25.5134 10.7233 0
    endloop
  endfacet
  facet normal 0.442314 0.89686 -0
    outer loop
      vertex -21.6327 16.5311 0
      vertex -22.0433 16.7336 35.2
      vertex -21.6327 16.5311 35.2
    endloop
  endfacet
  facet normal 0.442314 0.89686 0
    outer loop
      vertex -22.0433 16.7336 35.2
      vertex -21.6327 16.5311 0
      vertex -22.0433 16.7336 0
    endloop
  endfacet
  facet normal -0.980798 0.195024 0
    outer loop
      vertex -26.8527 13.9568 0
      vertex -26.7634 14.4059 35.2
      vertex -26.7634 14.4059 0
    endloop
  endfacet
  facet normal -0.980798 0.195024 0
    outer loop
      vertex -26.7634 14.4059 35.2
      vertex -26.8527 13.9568 0
      vertex -26.8527 13.9568 35.2
    endloop
  endfacet
  facet normal 0.555607 0.831445 -0
    outer loop
      vertex -21.252 16.2767 0
      vertex -21.6327 16.5311 35.2
      vertex -21.252 16.2767 35.2
    endloop
  endfacet
  facet normal 0.555607 0.831445 0
    outer loop
      vertex -21.6327 16.5311 35.2
      vertex -21.252 16.2767 0
      vertex -21.6327 16.5311 0
    endloop
  endfacet
  facet normal -0.35141 -0.936222 0
    outer loop
      vertex -24.7221 10.2664 0
      vertex -20.4366 8.65784 35.2
      vertex -24.7221 10.2664 35.2
    endloop
  endfacet
  facet normal -0.35141 -0.936222 -0
    outer loop
      vertex -20.4366 8.65784 35.2
      vertex -24.7221 10.2664 0
      vertex -20.4366 8.65784 0
    endloop
  endfacet
  facet normal -0.442314 0.89686 0
    outer loop
      vertex -24.7221 16.7336 0
      vertex -25.1327 16.5311 35.2
      vertex -24.7221 16.7336 35.2
    endloop
  endfacet
  facet normal -0.442314 0.89686 0
    outer loop
      vertex -25.1327 16.5311 35.2
      vertex -24.7221 16.7336 0
      vertex -25.1327 16.5311 0
    endloop
  endfacet
  facet normal -0.831445 -0.555607 0
    outer loop
      vertex -26.1594 11.3693 0
      vertex -26.4138 11.75 35.2
      vertex -26.4138 11.75 0
    endloop
  endfacet
  facet normal -0.831445 -0.555607 0
    outer loop
      vertex -26.4138 11.75 35.2
      vertex -26.1594 11.3693 0
      vertex -26.1594 11.3693 35.2
    endloop
  endfacet
  facet normal -0.946966 -0.321335 0
    outer loop
      vertex -26.6163 12.1606 0
      vertex -26.7634 12.5941 35.2
      vertex -26.7634 12.5941 0
    endloop
  endfacet
  facet normal -0.946966 -0.321335 0
    outer loop
      vertex -26.7634 12.5941 35.2
      vertex -26.6163 12.1606 0
      vertex -26.6163 12.1606 35.2
    endloop
  endfacet
  facet normal -0.0653156 0.997865 0
    outer loop
      vertex -23.3827 17 0
      vertex -23.8395 16.9701 35.2
      vertex -23.3827 17 35.2
    endloop
  endfacet
  facet normal -0.0653156 0.997865 0
    outer loop
      vertex -23.8395 16.9701 35.2
      vertex -23.3827 17 0
      vertex -23.8395 16.9701 0
    endloop
  endfacet
  facet normal 0.195276 0.980748 -0
    outer loop
      vertex -22.4768 16.8807 0
      vertex -22.9258 16.9701 35.2
      vertex -22.4768 16.8807 35.2
    endloop
  endfacet
  facet normal 0.195276 0.980748 0
    outer loop
      vertex -22.9258 16.9701 35.2
      vertex -22.4768 16.8807 0
      vertex -22.9258 16.9701 0
    endloop
  endfacet
  facet normal 0.321335 0.946966 -0
    outer loop
      vertex -22.0433 16.7336 0
      vertex -22.4768 16.8807 35.2
      vertex -22.0433 16.7336 35.2
    endloop
  endfacet
  facet normal 0.321335 0.946966 0
    outer loop
      vertex -22.4768 16.8807 35.2
      vertex -22.0433 16.7336 0
      vertex -22.4768 16.8807 0
    endloop
  endfacet
  facet normal -0.7519 -0.659278 0
    outer loop
      vertex -25.8576 11.0251 0
      vertex -26.1594 11.3693 35.2
      vertex -26.1594 11.3693 0
    endloop
  endfacet
  facet normal -0.7519 -0.659278 0
    outer loop
      vertex -26.1594 11.3693 35.2
      vertex -25.8576 11.0251 0
      vertex -25.8576 11.0251 35.2
    endloop
  endfacet
  facet normal -0.442314 -0.89686 0
    outer loop
      vertex -25.1327 10.4689 0
      vertex -24.7221 10.2664 35.2
      vertex -25.1327 10.4689 35.2
    endloop
  endfacet
  facet normal -0.442314 -0.89686 -0
    outer loop
      vertex -24.7221 10.2664 35.2
      vertex -25.1327 10.4689 0
      vertex -24.7221 10.2664 0
    endloop
  endfacet
  facet normal -0.555607 -0.831445 0
    outer loop
      vertex -25.5134 10.7233 0
      vertex -25.1327 10.4689 35.2
      vertex -25.5134 10.7233 35.2
    endloop
  endfacet
  facet normal -0.555607 -0.831445 -0
    outer loop
      vertex -25.1327 10.4689 35.2
      vertex -25.5134 10.7233 0
      vertex -25.1327 10.4689 0
    endloop
  endfacet
  facet normal -0.89686 0.442314 0
    outer loop
      vertex -26.6163 14.8394 0
      vertex -26.4138 15.25 35.2
      vertex -26.4138 15.25 0
    endloop
  endfacet
  facet normal -0.89686 0.442314 0
    outer loop
      vertex -26.4138 15.25 35.2
      vertex -26.6163 14.8394 0
      vertex -26.6163 14.8394 35.2
    endloop
  endfacet
  facet normal -0.946966 0.321335 0
    outer loop
      vertex -26.7634 14.4059 0
      vertex -26.6163 14.8394 35.2
      vertex -26.6163 14.8394 0
    endloop
  endfacet
  facet normal -0.946966 0.321335 0
    outer loop
      vertex -26.6163 14.8394 35.2
      vertex -26.7634 14.4059 0
      vertex -26.7634 14.4059 35.2
    endloop
  endfacet
  facet normal -0.980798 -0.195024 0
    outer loop
      vertex -26.7634 12.5941 0
      vertex -26.8527 13.0432 35.2
      vertex -26.8527 13.0432 0
    endloop
  endfacet
  facet normal -0.980798 -0.195024 0
    outer loop
      vertex -26.8527 13.0432 35.2
      vertex -26.7634 12.5941 0
      vertex -26.7634 12.5941 35.2
    endloop
  endfacet
  facet normal -0.831445 0.555607 0
    outer loop
      vertex -26.4138 15.25 0
      vertex -26.1594 15.6307 35.2
      vertex -26.1594 15.6307 0
    endloop
  endfacet
  facet normal -0.831445 0.555607 0
    outer loop
      vertex -26.1594 15.6307 35.2
      vertex -26.4138 15.25 0
      vertex -26.4138 15.25 35.2
    endloop
  endfacet
  facet normal 0.635078 0.772448 -0
    outer loop
      vertex -17.7162 13.3697 0
      vertex -21.252 16.2767 35.2
      vertex -17.7162 13.3697 35.2
    endloop
  endfacet
  facet normal 0.635078 0.772448 0
    outer loop
      vertex -21.252 16.2767 35.2
      vertex -17.7162 13.3697 0
      vertex -21.252 16.2767 0
    endloop
  endfacet
  facet normal -0.321335 0.946966 0
    outer loop
      vertex -24.2886 16.8807 0
      vertex -24.7221 16.7336 35.2
      vertex -24.2886 16.8807 35.2
    endloop
  endfacet
  facet normal -0.321335 0.946966 0
    outer loop
      vertex -24.7221 16.7336 35.2
      vertex -24.2886 16.8807 0
      vertex -24.7221 16.7336 0
    endloop
  endfacet
  facet normal -0.555607 0.831445 0
    outer loop
      vertex -25.1327 16.5311 0
      vertex -25.5134 16.2767 35.2
      vertex -25.1327 16.5311 35.2
    endloop
  endfacet
  facet normal -0.555607 0.831445 0
    outer loop
      vertex -25.5134 16.2767 35.2
      vertex -25.1327 16.5311 0
      vertex -25.5134 16.2767 0
    endloop
  endfacet
  facet normal -0.89686 -0.442314 0
    outer loop
      vertex -26.4138 11.75 0
      vertex -26.6163 12.1606 35.2
      vertex -26.6163 12.1606 0
    endloop
  endfacet
  facet normal -0.89686 -0.442314 0
    outer loop
      vertex -26.6163 12.1606 35.2
      vertex -26.4138 11.75 0
      vertex -26.4138 11.75 35.2
    endloop
  endfacet
  facet normal 0.0653013 0.997866 -0
    outer loop
      vertex -22.9258 16.9701 0
      vertex -23.3827 17 35.2
      vertex -22.9258 16.9701 35.2
    endloop
  endfacet
  facet normal 0.0653013 0.997866 0
    outer loop
      vertex -23.3827 17 35.2
      vertex -22.9258 16.9701 0
      vertex -23.3827 17 0
    endloop
  endfacet
  facet normal 0 0 -1
    outer loop
      vertex 3.47006 -27.4568 0
      vertex 3.47006 -26.5432 0
      vertex 3.5 -27 0
    endloop
  endfacet
  facet normal 0 0 -1
    outer loop
      vertex 3.38074 -27.9059 0
      vertex 3.47006 -26.5432 0
      vertex 3.47006 -27.4568 0
    endloop
  endfacet
  facet normal 0 0 -1
    outer loop
      vertex 3.23358 -28.3394 0
      vertex 3.47006 -26.5432 0
      vertex 3.38074 -27.9059 0
    endloop
  endfacet
  facet normal 0 0 -1
    outer loop
      vertex 3.03109 -28.75 0
      vertex 3.47006 -26.5432 0
      vertex 3.23358 -28.3394 0
    endloop
  endfacet
  facet normal 0 0 -1
    outer loop
      vertex 2.77674 -29.1307 0
      vertex 3.47006 -26.5432 0
      vertex 3.03109 -28.75 0
    endloop
  endfacet
  facet normal 0 0 -1
    outer loop
      vertex -3.47006 -26.5432 0
      vertex 3.47006 -26.5432 0
      vertex 2.77674 -29.1307 0
    endloop
  endfacet
  facet normal 0 0 -1
    outer loop
      vertex -3.47006 -26.5432 0
      vertex 2.77674 -29.1307 0
      vertex 2.47487 -29.4749 0
    endloop
  endfacet
  facet normal 0 0 -1
    outer loop
      vertex 17.5 0 0
      vertex 22.2 0 0
      vertex 22.1525 -1.45195 0
    endloop
  endfacet
  facet normal 0 0 -1
    outer loop
      vertex 17.4625 -1.14455 0
      vertex 22.1525 -1.45195 0
      vertex 22.0101 -2.89768 0
    endloop
  endfacet
  facet normal 0 0 -1
    outer loop
      vertex 22.2 0 0
      vertex 17.5 0 0
      vertex 22.1525 1.45195 0
    endloop
  endfacet
  facet normal 0 0 -1
    outer loop
      vertex 17.3503 -2.28421 0
      vertex 22.0101 -2.89768 0
      vertex 21.7734 -4.33101 0
    endloop
  endfacet
  facet normal 0 0 -1
    outer loop
      vertex 17.4625 1.14455 0
      vertex 22.1525 1.45195 0
      vertex 17.5 0 0
    endloop
  endfacet
  facet normal 0 0 -1
    outer loop
      vertex 17.1637 -3.41408 0
      vertex 21.7734 -4.33101 0
      vertex 21.4436 -5.74578 0
    endloop
  endfacet
  facet normal -0 0 -1
    outer loop
      vertex 22.1525 1.45195 0
      vertex 17.4625 1.14455 0
      vertex 22.0101 2.89768 0
    endloop
  endfacet
  facet normal 0 0 -1
    outer loop
      vertex 16.9037 -4.52933 0
      vertex 21.4436 -5.74578 0
      vertex 21.0218 -7.13596 0
    endloop
  endfacet
  facet normal 0 0 -1
    outer loop
      vertex 17.3503 2.28421 0
      vertex 22.0101 2.89768 0
      vertex 17.4625 1.14455 0
    endloop
  endfacet
  facet normal 0 0 -1
    outer loop
      vertex 16.5713 -5.62519 0
      vertex 21.0218 -7.13596 0
      vertex 20.5101 -8.49557 0
    endloop
  endfacet
  facet normal -0 0 -1
    outer loop
      vertex 22.0101 2.89768 0
      vertex 17.3503 2.28421 0
      vertex 21.7734 4.33101 0
    endloop
  endfacet
  facet normal 0 0 -1
    outer loop
      vertex 17.1637 3.41408 0
      vertex 21.7734 4.33101 0
      vertex 17.3503 2.28421 0
    endloop
  endfacet
  facet normal 0 0 -1
    outer loop
      vertex 16.1679 -6.69696 0
      vertex 20.5101 -8.49557 0
      vertex 19.9106 -9.81881 0
    endloop
  endfacet
  facet normal 0 0 -1
    outer loop
      vertex 26.8527 13.0432 0
      vertex 26.8527 13.9568 0
      vertex 26.8827 13.5 0
    endloop
  endfacet
  facet normal 0 0 -1
    outer loop
      vertex 26.7634 12.5941 0
      vertex 26.8527 13.9568 0
      vertex 26.8527 13.0432 0
    endloop
  endfacet
  facet normal 0 0 -1
    outer loop
      vertex 26.7634 12.5941 0
      vertex 26.7634 14.4059 0
      vertex 26.8527 13.9568 0
    endloop
  endfacet
  facet normal 0 0 -1
    outer loop
      vertex 26.6163 12.1606 0
      vertex 26.7634 14.4059 0
      vertex 26.7634 12.5941 0
    endloop
  endfacet
  facet normal 0 0 -1
    outer loop
      vertex 26.6163 12.1606 0
      vertex 26.6163 14.8394 0
      vertex 26.7634 14.4059 0
    endloop
  endfacet
  facet normal 0 0 -1
    outer loop
      vertex 26.4138 11.75 0
      vertex 26.6163 14.8394 0
      vertex 26.6163 12.1606 0
    endloop
  endfacet
  facet normal 0 0 -1
    outer loop
      vertex 26.4138 11.75 0
      vertex 26.4138 15.25 0
      vertex 26.6163 14.8394 0
    endloop
  endfacet
  facet normal 0 0 -1
    outer loop
      vertex 26.1594 11.3693 0
      vertex 26.4138 15.25 0
      vertex 26.4138 11.75 0
    endloop
  endfacet
  facet normal 0 0 -1
    outer loop
      vertex 26.1594 11.3693 0
      vertex 26.1594 15.6307 0
      vertex 26.4138 15.25 0
    endloop
  endfacet
  facet normal 0 0 -1
    outer loop
      vertex 25.8576 11.0251 0
      vertex 26.1594 15.6307 0
      vertex 26.1594 11.3693 0
    endloop
  endfacet
  facet normal 0 0 -1
    outer loop
      vertex 25.8576 11.0251 0
      vertex 25.8576 15.9749 0
      vertex 26.1594 15.6307 0
    endloop
  endfacet
  facet normal 0 0 -1
    outer loop
      vertex 25.5134 10.7233 0
      vertex 25.8576 15.9749 0
      vertex 25.8576 11.0251 0
    endloop
  endfacet
  facet normal 0 0 -1
    outer loop
      vertex 25.5134 10.7233 0
      vertex 25.5134 16.2767 0
      vertex 25.8576 15.9749 0
    endloop
  endfacet
  facet normal 0 0 -1
    outer loop
      vertex 25.1327 10.4689 0
      vertex 25.5134 16.2767 0
      vertex 25.5134 10.7233 0
    endloop
  endfacet
  facet normal 0 0 -1
    outer loop
      vertex 25.1327 10.4689 0
      vertex 25.1327 16.5311 0
      vertex 25.5134 16.2767 0
    endloop
  endfacet
  facet normal 0 0 -1
    outer loop
      vertex 24.7221 10.2664 0
      vertex 25.1327 16.5311 0
      vertex 25.1327 10.4689 0
    endloop
  endfacet
  facet normal 0 0 -1
    outer loop
      vertex 24.7221 10.2664 0
      vertex 24.7221 16.7336 0
      vertex 25.1327 16.5311 0
    endloop
  endfacet
  facet normal 0 0 -1
    outer loop
      vertex 24.7221 10.2664 0
      vertex 24.2886 16.8807 0
      vertex 24.7221 16.7336 0
    endloop
  endfacet
  facet normal 0 0 -1
    outer loop
      vertex 24.7221 10.2664 0
      vertex 23.8395 16.9701 0
      vertex 24.2886 16.8807 0
    endloop
  endfacet
  facet normal 0 0 -1
    outer loop
      vertex 24.7221 10.2664 0
      vertex 23.3827 17 0
      vertex 23.8395 16.9701 0
    endloop
  endfacet
  facet normal 0 0 -1
    outer loop
      vertex 24.7221 10.2664 0
      vertex 22.9258 16.9701 0
      vertex 23.3827 17 0
    endloop
  endfacet
  facet normal 0 0 -1
    outer loop
      vertex 24.7221 10.2664 0
      vertex 22.4768 16.8807 0
      vertex 22.9258 16.9701 0
    endloop
  endfacet
  facet normal 0 0 -1
    outer loop
      vertex 24.7221 10.2664 0
      vertex 22.0433 16.7336 0
      vertex 22.4768 16.8807 0
    endloop
  endfacet
  facet normal 0 0 -1
    outer loop
      vertex 24.7221 10.2664 0
      vertex 21.6327 16.5311 0
      vertex 22.0433 16.7336 0
    endloop
  endfacet
  facet normal 0 0 -1
    outer loop
      vertex 24.7221 10.2664 0
      vertex 21.252 16.2767 0
      vertex 21.6327 16.5311 0
    endloop
  endfacet
  facet normal 0 0 -1
    outer loop
      vertex 20.4366 8.65784 0
      vertex 21.252 16.2767 0
      vertex 24.7221 10.2664 0
    endloop
  endfacet
  facet normal 0 0 -1
    outer loop
      vertex 15.6953 -7.74005 0
      vertex 19.9106 -9.81881 0
      vertex 19.2258 -11.1 0
    endloop
  endfacet
  facet normal 0 0 -1
    outer loop
      vertex 15.1554 -8.75 0
      vertex 19.2258 -11.1 0
      vertex 18.4586 -12.3337 0
    endloop
  endfacet
  facet normal 0 0 -1
    outer loop
      vertex 20.4366 8.65784 0
      vertex 17.7162 13.3697 0
      vertex 21.252 16.2767 0
    endloop
  endfacet
  facet normal 0 0 -1
    outer loop
      vertex 22.1525 -1.45195 0
      vertex 17.4625 -1.14455 0
      vertex 17.5 0 0
    endloop
  endfacet
  facet normal 0 0 -1
    outer loop
      vertex 14.5507 -9.72248 0
      vertex 18.4586 -12.3337 0
      vertex 17.6124 -13.5145 0
    endloop
  endfacet
  facet normal 0 0 -1
    outer loop
      vertex 16.9037 4.52933 0
      vertex 21.4436 5.74578 0
      vertex 17.1637 3.41408 0
    endloop
  endfacet
  facet normal -0 0 -1
    outer loop
      vertex 21.4436 5.74578 0
      vertex 16.9037 4.52933 0
      vertex 21.0218 7.13596 0
    endloop
  endfacet
  facet normal -0 0 -1
    outer loop
      vertex 21.7734 4.33101 0
      vertex 17.1637 3.41408 0
      vertex 21.4436 5.74578 0
    endloop
  endfacet
  facet normal 0 0 -1
    outer loop
      vertex 22.0101 -2.89768 0
      vertex 17.3503 -2.28421 0
      vertex 17.4625 -1.14455 0
    endloop
  endfacet
  facet normal 0 0 -1
    outer loop
      vertex 21.7734 -4.33101 0
      vertex 17.1637 -3.41408 0
      vertex 17.3503 -2.28421 0
    endloop
  endfacet
  facet normal 0 0 -1
    outer loop
      vertex 21.4436 -5.74578 0
      vertex 16.9037 -4.52933 0
      vertex 17.1637 -3.41408 0
    endloop
  endfacet
  facet normal 0 0 -1
    outer loop
      vertex 13.8837 -10.6533 0
      vertex 17.6124 -13.5145 0
      vertex 16.6908 -14.6375 0
    endloop
  endfacet
  facet normal 0 0 -1
    outer loop
      vertex 21.0218 -7.13596 0
      vertex 16.5713 -5.62519 0
      vertex 16.9037 -4.52933 0
    endloop
  endfacet
  facet normal 0 0 -1
    outer loop
      vertex 20.5101 -8.49557 0
      vertex 16.1679 -6.69696 0
      vertex 16.5713 -5.62519 0
    endloop
  endfacet
  facet normal 0 0 -1
    outer loop
      vertex 13.1572 -11.5386 0
      vertex 16.6908 -14.6375 0
      vertex 15.6978 -15.6978 0
    endloop
  endfacet
  facet normal 0 0 -1
    outer loop
      vertex 19.9106 -9.81881 0
      vertex 15.6953 -7.74005 0
      vertex 16.1679 -6.69696 0
    endloop
  endfacet
  facet normal 0 0 -1
    outer loop
      vertex 19.2258 -11.1 0
      vertex 15.1554 -8.75 0
      vertex 15.6953 -7.74005 0
    endloop
  endfacet
  facet normal 0 0 -1
    outer loop
      vertex 12.3744 -12.3744 0
      vertex 15.6978 -15.6978 0
      vertex 14.6375 -16.6908 0
    endloop
  endfacet
  facet normal 0 0 -1
    outer loop
      vertex 18.4586 -12.3337 0
      vertex 14.5507 -9.72248 0
      vertex 15.1554 -8.75 0
    endloop
  endfacet
  facet normal 0 0 -1
    outer loop
      vertex 17.6124 -13.5145 0
      vertex 13.8837 -10.6533 0
      vertex 14.5507 -9.72248 0
    endloop
  endfacet
  facet normal 0 0 -1
    outer loop
      vertex 11.5386 -13.1572 0
      vertex 14.6375 -16.6908 0
      vertex 13.5145 -17.6124 0
    endloop
  endfacet
  facet normal 0 0 -1
    outer loop
      vertex 16.6908 -14.6375 0
      vertex 13.1572 -11.5386 0
      vertex 13.8837 -10.6533 0
    endloop
  endfacet
  facet normal 0 0 -1
    outer loop
      vertex 15.6978 -15.6978 0
      vertex 12.3744 -12.3744 0
      vertex 13.1572 -11.5386 0
    endloop
  endfacet
  facet normal 0 0 -1
    outer loop
      vertex 10.6533 -13.8837 0
      vertex 13.5145 -17.6124 0
      vertex 12.3337 -18.4586 0
    endloop
  endfacet
  facet normal 0 0 -1
    outer loop
      vertex 14.6375 -16.6908 0
      vertex 11.5386 -13.1572 0
      vertex 12.3744 -12.3744 0
    endloop
  endfacet
  facet normal 0 0 -1
    outer loop
      vertex 9.72248 -14.5507 0
      vertex 12.3337 -18.4586 0
      vertex 11.1 -19.2258 0
    endloop
  endfacet
  facet normal 0 0 -1
    outer loop
      vertex 13.5145 -17.6124 0
      vertex 10.6533 -13.8837 0
      vertex 11.5386 -13.1572 0
    endloop
  endfacet
  facet normal 0 0 -1
    outer loop
      vertex 8.75 -15.1554 0
      vertex 11.1 -19.2258 0
      vertex 9.81881 -19.9106 0
    endloop
  endfacet
  facet normal 0 0 -1
    outer loop
      vertex 12.3337 -18.4586 0
      vertex 9.72248 -14.5507 0
      vertex 10.6533 -13.8837 0
    endloop
  endfacet
  facet normal 0 0 -1
    outer loop
      vertex 11.1 -19.2258 0
      vertex 8.75 -15.1554 0
      vertex 9.72248 -14.5507 0
    endloop
  endfacet
  facet normal 0 0 -1
    outer loop
      vertex 7.74005 -15.6953 0
      vertex 9.81881 -19.9106 0
      vertex 8.49557 -20.5101 0
    endloop
  endfacet
  facet normal 0 0 -1
    outer loop
      vertex 9.81881 -19.9106 0
      vertex 7.74005 -15.6953 0
      vertex 8.75 -15.1554 0
    endloop
  endfacet
  facet normal 0 0 -1
    outer loop
      vertex 6.69696 -16.1679 0
      vertex 8.49557 -20.5101 0
      vertex 7.13596 -21.0218 0
    endloop
  endfacet
  facet normal 0 0 -1
    outer loop
      vertex 8.49557 -20.5101 0
      vertex 6.69696 -16.1679 0
      vertex 7.74005 -15.6953 0
    endloop
  endfacet
  facet normal 0 0 -1
    outer loop
      vertex 5.62519 -16.5713 0
      vertex 7.13596 -21.0218 0
      vertex 5.74578 -21.4436 0
    endloop
  endfacet
  facet normal 0 0 -1
    outer loop
      vertex 7.13596 -21.0218 0
      vertex 5.62519 -16.5713 0
      vertex 6.69696 -16.1679 0
    endloop
  endfacet
  facet normal 0 0 -1
    outer loop
      vertex 5.74578 -21.4436 0
      vertex 4.52933 -16.9037 0
      vertex 5.62519 -16.5713 0
    endloop
  endfacet
  facet normal 0 0 -1
    outer loop
      vertex 4.33101 -21.7734 0
      vertex 4.52933 -16.9037 0
      vertex 5.74578 -21.4436 0
    endloop
  endfacet
  facet normal 0 0 -1
    outer loop
      vertex 4.33101 -21.7734 0
      vertex 3.41408 -17.1637 0
      vertex 4.52933 -16.9037 0
    endloop
  endfacet
  facet normal 0 0 -1
    outer loop
      vertex 2.89768 -22.0101 0
      vertex 3.41408 -17.1637 0
      vertex 4.33101 -21.7734 0
    endloop
  endfacet
  facet normal 0 0 -1
    outer loop
      vertex 2.28421 -17.3503 0
      vertex 2.89768 -22.0101 0
      vertex 2.72039 -22.0275 0
    endloop
  endfacet
  facet normal 0 0 -1
    outer loop
      vertex 2.89768 -22.0101 0
      vertex 2.28421 -17.3503 0
      vertex 3.41408 -17.1637 0
    endloop
  endfacet
  facet normal 0 0 -1
    outer loop
      vertex 3.47006 -26.5432 0
      vertex -3.47006 -26.5432 0
      vertex 2.72039 -22.0275 0
    endloop
  endfacet
  facet normal 0 0 -1
    outer loop
      vertex -3.47006 -26.5432 0
      vertex 2.47487 -29.4749 0
      vertex 2.13066 -29.7767 0
    endloop
  endfacet
  facet normal 0 0 -1
    outer loop
      vertex -3.47006 -26.5432 0
      vertex 2.13066 -29.7767 0
      vertex 1.75 -30.0311 0
    endloop
  endfacet
  facet normal 0 0 -1
    outer loop
      vertex -3.47006 -26.5432 0
      vertex 1.75 -30.0311 0
      vertex 1.33939 -30.2336 0
    endloop
  endfacet
  facet normal 0 -0 -1
    outer loop
      vertex 0 -17.5 0
      vertex 2.72039 -22.0275 0
      vertex -2.72039 -22.0275 0
    endloop
  endfacet
  facet normal 0 0 -1
    outer loop
      vertex -3.47006 -26.5432 0
      vertex 1.33939 -30.2336 0
      vertex 0.905867 -30.3807 0
    endloop
  endfacet
  facet normal 0 0 -1
    outer loop
      vertex -3.47006 -26.5432 0
      vertex 0.905867 -30.3807 0
      vertex 0.456841 -30.4701 0
    endloop
  endfacet
  facet normal 0 0 -1
    outer loop
      vertex -3.47006 -26.5432 0
      vertex 0.456841 -30.4701 0
      vertex 0 -30.5 0
    endloop
  endfacet
  facet normal 0 0 -1
    outer loop
      vertex 2.72039 -22.0275 0
      vertex 1.14455 -17.4625 0
      vertex 2.28421 -17.3503 0
    endloop
  endfacet
  facet normal 0 0 -1
    outer loop
      vertex -3.47006 -26.5432 0
      vertex 0 -30.5 0
      vertex -0.456841 -30.4701 0
    endloop
  endfacet
  facet normal 0 0 -1
    outer loop
      vertex -3.47006 -26.5432 0
      vertex -0.456841 -30.4701 0
      vertex -0.905867 -30.3807 0
    endloop
  endfacet
  facet normal 0 0 -1
    outer loop
      vertex 2.72039 -22.0275 0
      vertex 0 -17.5 0
      vertex 1.14455 -17.4625 0
    endloop
  endfacet
  facet normal 0 0 -1
    outer loop
      vertex -3.47006 -26.5432 0
      vertex -0.905867 -30.3807 0
      vertex -1.33939 -30.2336 0
    endloop
  endfacet
  facet normal 0 0 -1
    outer loop
      vertex -3.47006 -26.5432 0
      vertex -1.33939 -30.2336 0
      vertex -1.75 -30.0311 0
    endloop
  endfacet
  facet normal 0 0 -1
    outer loop
      vertex -3.47006 -26.5432 0
      vertex -1.75 -30.0311 0
      vertex -2.13066 -29.7767 0
    endloop
  endfacet
  facet normal -0 0 -1
    outer loop
      vertex 0 -17.5 0
      vertex -2.72039 -22.0275 0
      vertex -1.14455 -17.4625 0
    endloop
  endfacet
  facet normal 0 0 -1
    outer loop
      vertex -3.47006 -26.5432 0
      vertex -2.13066 -29.7767 0
      vertex -2.47487 -29.4749 0
    endloop
  endfacet
  facet normal -0 0 -1
    outer loop
      vertex -1.14455 -17.4625 0
      vertex -2.72039 -22.0275 0
      vertex -2.28421 -17.3503 0
    endloop
  endfacet
  facet normal 0 0 -1
    outer loop
      vertex -2.89768 -22.0101 0
      vertex -2.28421 -17.3503 0
      vertex -2.72039 -22.0275 0
    endloop
  endfacet
  facet normal 0 0 -1
    outer loop
      vertex -2.89768 -22.0101 0
      vertex -3.41408 -17.1637 0
      vertex -2.28421 -17.3503 0
    endloop
  endfacet
  facet normal 0 0 -1
    outer loop
      vertex -4.33101 -21.7734 0
      vertex -3.41408 -17.1637 0
      vertex -2.89768 -22.0101 0
    endloop
  endfacet
  facet normal 0 0 -1
    outer loop
      vertex -4.33101 -21.7734 0
      vertex -4.52933 -16.9037 0
      vertex -3.41408 -17.1637 0
    endloop
  endfacet
  facet normal 0 0 -1
    outer loop
      vertex -5.74578 -21.4436 0
      vertex -4.52933 -16.9037 0
      vertex -4.33101 -21.7734 0
    endloop
  endfacet
  facet normal -0 0 -1
    outer loop
      vertex -4.52933 -16.9037 0
      vertex -5.74578 -21.4436 0
      vertex -5.62519 -16.5713 0
    endloop
  endfacet
  facet normal 0 0 -1
    outer loop
      vertex -7.13596 -21.0218 0
      vertex -5.62519 -16.5713 0
      vertex -5.74578 -21.4436 0
    endloop
  endfacet
  facet normal -0 0 -1
    outer loop
      vertex -5.62519 -16.5713 0
      vertex -7.13596 -21.0218 0
      vertex -6.69696 -16.1679 0
    endloop
  endfacet
  facet normal 0 0 -1
    outer loop
      vertex -8.49557 -20.5101 0
      vertex -6.69696 -16.1679 0
      vertex -7.13596 -21.0218 0
    endloop
  endfacet
  facet normal -0 0 -1
    outer loop
      vertex -6.69696 -16.1679 0
      vertex -8.49557 -20.5101 0
      vertex -7.74005 -15.6953 0
    endloop
  endfacet
  facet normal 0 0 -1
    outer loop
      vertex -9.81881 -19.9106 0
      vertex -7.74005 -15.6953 0
      vertex -8.49557 -20.5101 0
    endloop
  endfacet
  facet normal -0 0 -1
    outer loop
      vertex -7.74005 -15.6953 0
      vertex -9.81881 -19.9106 0
      vertex -8.75 -15.1554 0
    endloop
  endfacet
  facet normal 0 0 -1
    outer loop
      vertex -11.1 -19.2258 0
      vertex -8.75 -15.1554 0
      vertex -9.81881 -19.9106 0
    endloop
  endfacet
  facet normal -0 0 -1
    outer loop
      vertex -8.75 -15.1554 0
      vertex -11.1 -19.2258 0
      vertex -9.72248 -14.5507 0
    endloop
  endfacet
  facet normal 0 0 -1
    outer loop
      vertex -12.3337 -18.4586 0
      vertex -9.72248 -14.5507 0
      vertex -11.1 -19.2258 0
    endloop
  endfacet
  facet normal -0 0 -1
    outer loop
      vertex -9.72248 -14.5507 0
      vertex -12.3337 -18.4586 0
      vertex -10.6533 -13.8837 0
    endloop
  endfacet
  facet normal 0 0 -1
    outer loop
      vertex -13.5145 -17.6124 0
      vertex -10.6533 -13.8837 0
      vertex -12.3337 -18.4586 0
    endloop
  endfacet
  facet normal -0 0 -1
    outer loop
      vertex -10.6533 -13.8837 0
      vertex -13.5145 -17.6124 0
      vertex -11.5386 -13.1572 0
    endloop
  endfacet
  facet normal 0 0 -1
    outer loop
      vertex -14.6375 -16.6908 0
      vertex -11.5386 -13.1572 0
      vertex -13.5145 -17.6124 0
    endloop
  endfacet
  facet normal -0 0 -1
    outer loop
      vertex -11.5386 -13.1572 0
      vertex -14.6375 -16.6908 0
      vertex -12.3744 -12.3744 0
    endloop
  endfacet
  facet normal 0 0 -1
    outer loop
      vertex -15.6978 -15.6978 0
      vertex -12.3744 -12.3744 0
      vertex -14.6375 -16.6908 0
    endloop
  endfacet
  facet normal -0 0 -1
    outer loop
      vertex -12.3744 -12.3744 0
      vertex -15.6978 -15.6978 0
      vertex -13.1572 -11.5386 0
    endloop
  endfacet
  facet normal 0 0 -1
    outer loop
      vertex -16.6908 -14.6375 0
      vertex -13.1572 -11.5386 0
      vertex -15.6978 -15.6978 0
    endloop
  endfacet
  facet normal -0 0 -1
    outer loop
      vertex -13.1572 -11.5386 0
      vertex -16.6908 -14.6375 0
      vertex -13.8837 -10.6533 0
    endloop
  endfacet
  facet normal 0 0 -1
    outer loop
      vertex -17.6124 -13.5145 0
      vertex -13.8837 -10.6533 0
      vertex -16.6908 -14.6375 0
    endloop
  endfacet
  facet normal -0 0 -1
    outer loop
      vertex -13.8837 -10.6533 0
      vertex -17.6124 -13.5145 0
      vertex -14.5507 -9.72248 0
    endloop
  endfacet
  facet normal 0 0 -1
    outer loop
      vertex -18.4586 -12.3337 0
      vertex -14.5507 -9.72248 0
      vertex -17.6124 -13.5145 0
    endloop
  endfacet
  facet normal -0 0 -1
    outer loop
      vertex -14.5507 -9.72248 0
      vertex -18.4586 -12.3337 0
      vertex -15.1554 -8.75 0
    endloop
  endfacet
  facet normal 0 0 -1
    outer loop
      vertex -19.2258 -11.1 0
      vertex -15.1554 -8.75 0
      vertex -18.4586 -12.3337 0
    endloop
  endfacet
  facet normal -0 0 -1
    outer loop
      vertex -15.1554 -8.75 0
      vertex -19.2258 -11.1 0
      vertex -15.6953 -7.74005 0
    endloop
  endfacet
  facet normal 0 0 -1
    outer loop
      vertex -19.9106 -9.81881 0
      vertex -15.6953 -7.74005 0
      vertex -19.2258 -11.1 0
    endloop
  endfacet
  facet normal -0 0 -1
    outer loop
      vertex -15.6953 -7.74005 0
      vertex -19.9106 -9.81881 0
      vertex -16.1679 -6.69696 0
    endloop
  endfacet
  facet normal 0 0 -1
    outer loop
      vertex -20.5101 -8.49557 0
      vertex -16.1679 -6.69696 0
      vertex -19.9106 -9.81881 0
    endloop
  endfacet
  facet normal 0 0 -1
    outer loop
      vertex -21.0218 -7.13596 0
      vertex -16.5713 -5.62519 0
      vertex -20.5101 -8.49557 0
    endloop
  endfacet
  facet normal -0 0 -1
    outer loop
      vertex -16.1679 -6.69696 0
      vertex -20.5101 -8.49557 0
      vertex -16.5713 -5.62519 0
    endloop
  endfacet
  facet normal 0 0 -1
    outer loop
      vertex 16.5713 5.62519 0
      vertex 21.0218 7.13596 0
      vertex 16.9037 4.52933 0
    endloop
  endfacet
  facet normal -0 0 -1
    outer loop
      vertex 21.0218 7.13596 0
      vertex 16.5713 5.62519 0
      vertex 20.5101 8.49557 0
    endloop
  endfacet
  facet normal 0 0 -1
    outer loop
      vertex 16.1679 6.69696 0
      vertex 20.5101 8.49557 0
      vertex 16.5713 5.62519 0
    endloop
  endfacet
  facet normal -0 0 -1
    outer loop
      vertex 20.5101 8.49557 0
      vertex 16.1679 6.69696 0
      vertex 20.4366 8.65784 0
    endloop
  endfacet
  facet normal 0 0 -1
    outer loop
      vertex 15.6953 7.74005 0
      vertex 20.4366 8.65784 0
      vertex 16.1679 6.69696 0
    endloop
  endfacet
  facet normal 0 0 -1
    outer loop
      vertex 15.1554 8.75 0
      vertex 20.4366 8.65784 0
      vertex 15.6953 7.74005 0
    endloop
  endfacet
  facet normal 0 0 -1
    outer loop
      vertex 20.4366 8.65784 0
      vertex 15.1554 8.75 0
      vertex 17.7162 13.3697 0
    endloop
  endfacet
  facet normal 0 0 -1
    outer loop
      vertex 14.5507 9.72248 0
      vertex 17.7162 13.3697 0
      vertex 15.1554 8.75 0
    endloop
  endfacet
  facet normal 0 0 -1
    outer loop
      vertex 13.8837 10.6533 0
      vertex 17.7162 13.3697 0
      vertex 14.5507 9.72248 0
    endloop
  endfacet
  facet normal -0 0 -1
    outer loop
      vertex 17.7162 13.3697 0
      vertex 13.8837 10.6533 0
      vertex 17.6124 13.5145 0
    endloop
  endfacet
  facet normal -0 0 -1
    outer loop
      vertex 17.6124 13.5145 0
      vertex 13.8837 10.6533 0
      vertex 16.6908 14.6375 0
    endloop
  endfacet
  facet normal 0 0 -1
    outer loop
      vertex 13.1572 11.5386 0
      vertex 16.6908 14.6375 0
      vertex 13.8837 10.6533 0
    endloop
  endfacet
  facet normal -0 0 -1
    outer loop
      vertex 16.6908 14.6375 0
      vertex 13.1572 11.5386 0
      vertex 15.6978 15.6978 0
    endloop
  endfacet
  facet normal 0 0 -1
    outer loop
      vertex 12.3744 12.3744 0
      vertex 15.6978 15.6978 0
      vertex 13.1572 11.5386 0
    endloop
  endfacet
  facet normal -0 0 -1
    outer loop
      vertex 15.6978 15.6978 0
      vertex 12.3744 12.3744 0
      vertex 14.6375 16.6908 0
    endloop
  endfacet
  facet normal 0 0 -1
    outer loop
      vertex 11.5386 13.1572 0
      vertex 14.6375 16.6908 0
      vertex 12.3744 12.3744 0
    endloop
  endfacet
  facet normal -0 0 -1
    outer loop
      vertex 14.6375 16.6908 0
      vertex 11.5386 13.1572 0
      vertex 13.5145 17.6124 0
    endloop
  endfacet
  facet normal 0 0 -1
    outer loop
      vertex 10.6533 13.8837 0
      vertex 13.5145 17.6124 0
      vertex 11.5386 13.1572 0
    endloop
  endfacet
  facet normal -0 0 -1
    outer loop
      vertex 13.5145 17.6124 0
      vertex 10.6533 13.8837 0
      vertex 12.3337 18.4586 0
    endloop
  endfacet
  facet normal 0 0 -1
    outer loop
      vertex 9.72248 14.5507 0
      vertex 12.3337 18.4586 0
      vertex 10.6533 13.8837 0
    endloop
  endfacet
  facet normal -0 0 -1
    outer loop
      vertex 12.3337 18.4586 0
      vertex 9.72248 14.5507 0
      vertex 11.1 19.2258 0
    endloop
  endfacet
  facet normal 0 0 -1
    outer loop
      vertex 8.75 15.1554 0
      vertex 11.1 19.2258 0
      vertex 9.72248 14.5507 0
    endloop
  endfacet
  facet normal -0 0 -1
    outer loop
      vertex 11.1 19.2258 0
      vertex 8.75 15.1554 0
      vertex 9.81881 19.9106 0
    endloop
  endfacet
  facet normal 0 0 -1
    outer loop
      vertex 7.74005 15.6953 0
      vertex 9.81881 19.9106 0
      vertex 8.75 15.1554 0
    endloop
  endfacet
  facet normal -0 0 -1
    outer loop
      vertex 9.81881 19.9106 0
      vertex 7.74005 15.6953 0
      vertex 8.49557 20.5101 0
    endloop
  endfacet
  facet normal 0 0 -1
    outer loop
      vertex 6.69696 16.1679 0
      vertex 8.49557 20.5101 0
      vertex 7.74005 15.6953 0
    endloop
  endfacet
  facet normal -0 0 -1
    outer loop
      vertex 8.49557 20.5101 0
      vertex 6.69696 16.1679 0
      vertex 7.13596 21.0218 0
    endloop
  endfacet
  facet normal 0 0 -1
    outer loop
      vertex 5.62519 16.5713 0
      vertex 7.13596 21.0218 0
      vertex 6.69696 16.1679 0
    endloop
  endfacet
  facet normal -0 0 -1
    outer loop
      vertex 7.13596 21.0218 0
      vertex 5.62519 16.5713 0
      vertex 5.74578 21.4436 0
    endloop
  endfacet
  facet normal 0 0 -1
    outer loop
      vertex 4.52933 16.9037 0
      vertex 5.74578 21.4436 0
      vertex 5.62519 16.5713 0
    endloop
  endfacet
  facet normal 0 0 -1
    outer loop
      vertex 4.52933 16.9037 0
      vertex 4.33101 21.7734 0
      vertex 5.74578 21.4436 0
    endloop
  endfacet
  facet normal 0 0 -1
    outer loop
      vertex 3.41408 17.1637 0
      vertex 4.33101 21.7734 0
      vertex 4.52933 16.9037 0
    endloop
  endfacet
  facet normal 0 0 -1
    outer loop
      vertex 3.41408 17.1637 0
      vertex 2.89768 22.0101 0
      vertex 4.33101 21.7734 0
    endloop
  endfacet
  facet normal 0 0 -1
    outer loop
      vertex 2.28421 17.3503 0
      vertex 2.89768 22.0101 0
      vertex 3.41408 17.1637 0
    endloop
  endfacet
  facet normal 0 0 -1
    outer loop
      vertex 2.28421 17.3503 0
      vertex 1.45195 22.1525 0
      vertex 2.89768 22.0101 0
    endloop
  endfacet
  facet normal 0 0 -1
    outer loop
      vertex 1.14455 17.4625 0
      vertex 1.45195 22.1525 0
      vertex 2.28421 17.3503 0
    endloop
  endfacet
  facet normal 0 0 -1
    outer loop
      vertex 0 17.5 0
      vertex 1.45195 22.1525 0
      vertex 1.14455 17.4625 0
    endloop
  endfacet
  facet normal 0 0 -1
    outer loop
      vertex 0 17.5 0
      vertex 0 22.2 0
      vertex 1.45195 22.1525 0
    endloop
  endfacet
  facet normal 0 0 -1
    outer loop
      vertex -1.14455 17.4625 0
      vertex 0 22.2 0
      vertex 0 17.5 0
    endloop
  endfacet
  facet normal 0 0 -1
    outer loop
      vertex -1.14455 17.4625 0
      vertex -1.45195 22.1525 0
      vertex 0 22.2 0
    endloop
  endfacet
  facet normal 0 0 -1
    outer loop
      vertex -2.28421 17.3503 0
      vertex -1.45195 22.1525 0
      vertex -1.14455 17.4625 0
    endloop
  endfacet
  facet normal 0 0 -1
    outer loop
      vertex -2.28421 17.3503 0
      vertex -2.89768 22.0101 0
      vertex -1.45195 22.1525 0
    endloop
  endfacet
  facet normal 0 0 -1
    outer loop
      vertex -3.41408 17.1637 0
      vertex -2.89768 22.0101 0
      vertex -2.28421 17.3503 0
    endloop
  endfacet
  facet normal 0 0 -1
    outer loop
      vertex -3.41408 17.1637 0
      vertex -4.33101 21.7734 0
      vertex -2.89768 22.0101 0
    endloop
  endfacet
  facet normal 0 0 -1
    outer loop
      vertex -4.52933 16.9037 0
      vertex -4.33101 21.7734 0
      vertex -3.41408 17.1637 0
    endloop
  endfacet
  facet normal 0 0 -1
    outer loop
      vertex -5.74578 21.4436 0
      vertex -4.52933 16.9037 0
      vertex -5.62519 16.5713 0
    endloop
  endfacet
  facet normal 0 0 -1
    outer loop
      vertex -4.52933 16.9037 0
      vertex -5.74578 21.4436 0
      vertex -4.33101 21.7734 0
    endloop
  endfacet
  facet normal 0 0 -1
    outer loop
      vertex -7.13596 21.0218 0
      vertex -5.62519 16.5713 0
      vertex -6.69696 16.1679 0
    endloop
  endfacet
  facet normal 0 0 -1
    outer loop
      vertex -5.62519 16.5713 0
      vertex -7.13596 21.0218 0
      vertex -5.74578 21.4436 0
    endloop
  endfacet
  facet normal 0 0 -1
    outer loop
      vertex -8.49557 20.5101 0
      vertex -6.69696 16.1679 0
      vertex -7.74005 15.6953 0
    endloop
  endfacet
  facet normal 0 0 -1
    outer loop
      vertex -6.69696 16.1679 0
      vertex -8.49557 20.5101 0
      vertex -7.13596 21.0218 0
    endloop
  endfacet
  facet normal 0 0 -1
    outer loop
      vertex -9.81881 19.9106 0
      vertex -7.74005 15.6953 0
      vertex -8.75 15.1554 0
    endloop
  endfacet
  facet normal 0 0 -1
    outer loop
      vertex -11.1 19.2258 0
      vertex -8.75 15.1554 0
      vertex -9.72248 14.5507 0
    endloop
  endfacet
  facet normal 0 0 -1
    outer loop
      vertex -7.74005 15.6953 0
      vertex -9.81881 19.9106 0
      vertex -8.49557 20.5101 0
    endloop
  endfacet
  facet normal 0 0 -1
    outer loop
      vertex -12.3337 18.4586 0
      vertex -9.72248 14.5507 0
      vertex -10.6533 13.8837 0
    endloop
  endfacet
  facet normal 0 0 -1
    outer loop
      vertex -8.75 15.1554 0
      vertex -11.1 19.2258 0
      vertex -9.81881 19.9106 0
    endloop
  endfacet
  facet normal 0 0 -1
    outer loop
      vertex -13.5145 17.6124 0
      vertex -10.6533 13.8837 0
      vertex -11.5386 13.1572 0
    endloop
  endfacet
  facet normal 0 0 -1
    outer loop
      vertex -9.72248 14.5507 0
      vertex -12.3337 18.4586 0
      vertex -11.1 19.2258 0
    endloop
  endfacet
  facet normal 0 0 -1
    outer loop
      vertex -14.6375 16.6908 0
      vertex -11.5386 13.1572 0
      vertex -12.3744 12.3744 0
    endloop
  endfacet
  facet normal 0 0 -1
    outer loop
      vertex -15.6978 15.6978 0
      vertex -12.3744 12.3744 0
      vertex -13.1572 11.5386 0
    endloop
  endfacet
  facet normal 0 0 -1
    outer loop
      vertex -10.6533 13.8837 0
      vertex -13.5145 17.6124 0
      vertex -12.3337 18.4586 0
    endloop
  endfacet
  facet normal 0 0 -1
    outer loop
      vertex -16.6908 14.6375 0
      vertex -13.1572 11.5386 0
      vertex -13.8837 10.6533 0
    endloop
  endfacet
  facet normal 0 0 -1
    outer loop
      vertex -17.7162 13.3697 0
      vertex -13.8837 10.6533 0
      vertex -14.5507 9.72248 0
    endloop
  endfacet
  facet normal 0 0 -1
    outer loop
      vertex -11.5386 13.1572 0
      vertex -14.6375 16.6908 0
      vertex -13.5145 17.6124 0
    endloop
  endfacet
  facet normal 0 0 -1
    outer loop
      vertex -17.7162 13.3697 0
      vertex -14.5507 9.72248 0
      vertex -15.1554 8.75 0
    endloop
  endfacet
  facet normal 0 0 -1
    outer loop
      vertex -20.4366 8.65784 0
      vertex -15.1554 8.75 0
      vertex -15.6953 7.74005 0
    endloop
  endfacet
  facet normal 0 0 -1
    outer loop
      vertex -12.3744 12.3744 0
      vertex -15.6978 15.6978 0
      vertex -14.6375 16.6908 0
    endloop
  endfacet
  facet normal 0 0 -1
    outer loop
      vertex -20.4366 8.65784 0
      vertex -15.6953 7.74005 0
      vertex -16.1679 6.69696 0
    endloop
  endfacet
  facet normal 0 0 -1
    outer loop
      vertex -20.5101 8.49557 0
      vertex -16.1679 6.69696 0
      vertex -16.5713 5.62519 0
    endloop
  endfacet
  facet normal 0 0 -1
    outer loop
      vertex -13.1572 11.5386 0
      vertex -16.6908 14.6375 0
      vertex -15.6978 15.6978 0
    endloop
  endfacet
  facet normal 0 0 -1
    outer loop
      vertex -21.0218 7.13596 0
      vertex -16.5713 5.62519 0
      vertex -16.9037 4.52933 0
    endloop
  endfacet
  facet normal 0 0 -1
    outer loop
      vertex -21.4436 5.74578 0
      vertex -16.9037 4.52933 0
      vertex -17.1637 3.41408 0
    endloop
  endfacet
  facet normal 0 0 -1
    outer loop
      vertex -21.7734 4.33101 0
      vertex -17.1637 3.41408 0
      vertex -17.3503 2.28421 0
    endloop
  endfacet
  facet normal 0 0 -1
    outer loop
      vertex -22.0101 2.89768 0
      vertex -17.3503 2.28421 0
      vertex -17.4625 1.14455 0
    endloop
  endfacet
  facet normal 0 0 -1
    outer loop
      vertex -13.8837 10.6533 0
      vertex -17.6124 13.5145 0
      vertex -16.6908 14.6375 0
    endloop
  endfacet
  facet normal 0 0 -1
    outer loop
      vertex -22.1525 1.45195 0
      vertex -17.4625 1.14455 0
      vertex -17.5 0 0
    endloop
  endfacet
  facet normal -0 0 -1
    outer loop
      vertex -16.5713 -5.62519 0
      vertex -21.0218 -7.13596 0
      vertex -16.9037 -4.52933 0
    endloop
  endfacet
  facet normal 0 0 -1
    outer loop
      vertex -13.8837 10.6533 0
      vertex -17.7162 13.3697 0
      vertex -17.6124 13.5145 0
    endloop
  endfacet
  facet normal 0 0 -1
    outer loop
      vertex -21.4436 -5.74578 0
      vertex -16.9037 -4.52933 0
      vertex -21.0218 -7.13596 0
    endloop
  endfacet
  facet normal -0 0 -1
    outer loop
      vertex -16.9037 -4.52933 0
      vertex -21.4436 -5.74578 0
      vertex -17.1637 -3.41408 0
    endloop
  endfacet
  facet normal 0 0 -1
    outer loop
      vertex -21.7734 -4.33101 0
      vertex -17.1637 -3.41408 0
      vertex -21.4436 -5.74578 0
    endloop
  endfacet
  facet normal -0 0 -1
    outer loop
      vertex -15.1554 8.75 0
      vertex -20.4366 8.65784 0
      vertex -17.7162 13.3697 0
    endloop
  endfacet
  facet normal 0 0 -1
    outer loop
      vertex -20.4366 8.65784 0
      vertex -21.252 16.2767 0
      vertex -17.7162 13.3697 0
    endloop
  endfacet
  facet normal 0 0 -1
    outer loop
      vertex -24.7221 10.2664 0
      vertex -21.252 16.2767 0
      vertex -20.4366 8.65784 0
    endloop
  endfacet
  facet normal -0 0 -1
    outer loop
      vertex -21.252 16.2767 0
      vertex -24.7221 10.2664 0
      vertex -21.6327 16.5311 0
    endloop
  endfacet
  facet normal -0 0 -1
    outer loop
      vertex -21.6327 16.5311 0
      vertex -24.7221 10.2664 0
      vertex -22.0433 16.7336 0
    endloop
  endfacet
  facet normal -0 0 -1
    outer loop
      vertex -22.0433 16.7336 0
      vertex -24.7221 10.2664 0
      vertex -22.4768 16.8807 0
    endloop
  endfacet
  facet normal -0 0 -1
    outer loop
      vertex -22.4768 16.8807 0
      vertex -24.7221 10.2664 0
      vertex -22.9258 16.9701 0
    endloop
  endfacet
  facet normal -0 0 -1
    outer loop
      vertex -22.9258 16.9701 0
      vertex -24.7221 10.2664 0
      vertex -23.3827 17 0
    endloop
  endfacet
  facet normal 0 0 -1
    outer loop
      vertex -23.3827 17 0
      vertex -24.7221 10.2664 0
      vertex -23.8395 16.9701 0
    endloop
  endfacet
  facet normal 0 0 -1
    outer loop
      vertex -23.8395 16.9701 0
      vertex -24.7221 10.2664 0
      vertex -24.2886 16.8807 0
    endloop
  endfacet
  facet normal 0 0 -1
    outer loop
      vertex -24.7221 10.2664 0
      vertex -24.7221 16.7336 0
      vertex -24.2886 16.8807 0
    endloop
  endfacet
  facet normal 0 0 -1
    outer loop
      vertex -25.1327 10.4689 0
      vertex -24.7221 16.7336 0
      vertex -24.7221 10.2664 0
    endloop
  endfacet
  facet normal 0 0 -1
    outer loop
      vertex -25.1327 10.4689 0
      vertex -25.1327 16.5311 0
      vertex -24.7221 16.7336 0
    endloop
  endfacet
  facet normal 0 0 -1
    outer loop
      vertex -25.5134 10.7233 0
      vertex -25.1327 16.5311 0
      vertex -25.1327 10.4689 0
    endloop
  endfacet
  facet normal 0 0 -1
    outer loop
      vertex -25.5134 10.7233 0
      vertex -25.5134 16.2767 0
      vertex -25.1327 16.5311 0
    endloop
  endfacet
  facet normal 0 0 -1
    outer loop
      vertex -25.8576 11.0251 0
      vertex -25.5134 16.2767 0
      vertex -25.5134 10.7233 0
    endloop
  endfacet
  facet normal 0 0 -1
    outer loop
      vertex -25.8576 11.0251 0
      vertex -25.8576 15.9749 0
      vertex -25.5134 16.2767 0
    endloop
  endfacet
  facet normal 0 0 -1
    outer loop
      vertex -26.1594 11.3693 0
      vertex -25.8576 15.9749 0
      vertex -25.8576 11.0251 0
    endloop
  endfacet
  facet normal 0 0 -1
    outer loop
      vertex -26.1594 11.3693 0
      vertex -26.1594 15.6307 0
      vertex -25.8576 15.9749 0
    endloop
  endfacet
  facet normal 0 0 -1
    outer loop
      vertex -26.4138 11.75 0
      vertex -26.1594 15.6307 0
      vertex -26.1594 11.3693 0
    endloop
  endfacet
  facet normal 0 0 -1
    outer loop
      vertex -26.4138 11.75 0
      vertex -26.4138 15.25 0
      vertex -26.1594 15.6307 0
    endloop
  endfacet
  facet normal 0 0 -1
    outer loop
      vertex -26.6163 12.1606 0
      vertex -26.4138 15.25 0
      vertex -26.4138 11.75 0
    endloop
  endfacet
  facet normal 0 0 -1
    outer loop
      vertex -26.6163 12.1606 0
      vertex -26.6163 14.8394 0
      vertex -26.4138 15.25 0
    endloop
  endfacet
  facet normal 0 0 -1
    outer loop
      vertex -26.7634 12.5941 0
      vertex -26.6163 14.8394 0
      vertex -26.6163 12.1606 0
    endloop
  endfacet
  facet normal 0 0 -1
    outer loop
      vertex -26.7634 12.5941 0
      vertex -26.7634 14.4059 0
      vertex -26.6163 14.8394 0
    endloop
  endfacet
  facet normal 0 0 -1
    outer loop
      vertex -26.8527 13.0432 0
      vertex -26.7634 14.4059 0
      vertex -26.7634 12.5941 0
    endloop
  endfacet
  facet normal 0 0 -1
    outer loop
      vertex -26.8527 13.0432 0
      vertex -26.8527 13.9568 0
      vertex -26.7634 14.4059 0
    endloop
  endfacet
  facet normal 0 -0 -1
    outer loop
      vertex -26.8527 13.9568 0
      vertex -26.8527 13.0432 0
      vertex -26.8827 13.5 0
    endloop
  endfacet
  facet normal -0 0 -1
    outer loop
      vertex -17.1637 -3.41408 0
      vertex -21.7734 -4.33101 0
      vertex -17.3503 -2.28421 0
    endloop
  endfacet
  facet normal 0 0 -1
    outer loop
      vertex -22.0101 -2.89768 0
      vertex -17.3503 -2.28421 0
      vertex -21.7734 -4.33101 0
    endloop
  endfacet
  facet normal 0 0 -1
    outer loop
      vertex -16.5713 5.62519 0
      vertex -21.0218 7.13596 0
      vertex -20.5101 8.49557 0
    endloop
  endfacet
  facet normal 0 0 -1
    outer loop
      vertex -16.1679 6.69696 0
      vertex -20.5101 8.49557 0
      vertex -20.4366 8.65784 0
    endloop
  endfacet
  facet normal -0 0 -1
    outer loop
      vertex -17.3503 -2.28421 0
      vertex -22.0101 -2.89768 0
      vertex -17.4625 -1.14455 0
    endloop
  endfacet
  facet normal 0 0 -1
    outer loop
      vertex -16.9037 4.52933 0
      vertex -21.4436 5.74578 0
      vertex -21.0218 7.13596 0
    endloop
  endfacet
  facet normal 0 0 -1
    outer loop
      vertex -22.1525 -1.45195 0
      vertex -17.4625 -1.14455 0
      vertex -22.0101 -2.89768 0
    endloop
  endfacet
  facet normal 0 0 -1
    outer loop
      vertex -17.1637 3.41408 0
      vertex -21.7734 4.33101 0
      vertex -21.4436 5.74578 0
    endloop
  endfacet
  facet normal -0 0 -1
    outer loop
      vertex -17.4625 -1.14455 0
      vertex -22.1525 -1.45195 0
      vertex -17.5 0 0
    endloop
  endfacet
  facet normal 0 0 -1
    outer loop
      vertex -17.3503 2.28421 0
      vertex -22.0101 2.89768 0
      vertex -21.7734 4.33101 0
    endloop
  endfacet
  facet normal 0 0 -1
    outer loop
      vertex -22.2 0 0
      vertex -17.5 0 0
      vertex -22.1525 -1.45195 0
    endloop
  endfacet
  facet normal 0 0 -1
    outer loop
      vertex -17.4625 1.14455 0
      vertex -22.1525 1.45195 0
      vertex -22.0101 2.89768 0
    endloop
  endfacet
  facet normal 0 0 -1
    outer loop
      vertex -17.5 0 0
      vertex -22.2 0 0
      vertex -22.1525 1.45195 0
    endloop
  endfacet
  facet normal 0 0 -1
    outer loop
      vertex -3.47006 -26.5432 0
      vertex -2.47487 -29.4749 0
      vertex -2.77674 -29.1307 0
    endloop
  endfacet
  facet normal 0 0 -1
    outer loop
      vertex -3.47006 -26.5432 0
      vertex -2.77674 -29.1307 0
      vertex -3.03109 -28.75 0
    endloop
  endfacet
  facet normal 0 0 -1
    outer loop
      vertex -3.47006 -26.5432 0
      vertex -3.03109 -28.75 0
      vertex -3.23358 -28.3394 0
    endloop
  endfacet
  facet normal 0 0 -1
    outer loop
      vertex -3.47006 -26.5432 0
      vertex -3.23358 -28.3394 0
      vertex -3.38074 -27.9059 0
    endloop
  endfacet
  facet normal 0 0 -1
    outer loop
      vertex -3.47006 -26.5432 0
      vertex -3.38074 -27.9059 0
      vertex -3.47006 -27.4568 0
    endloop
  endfacet
  facet normal -0 0 -1
    outer loop
      vertex 2.72039 -22.0275 0
      vertex -3.47006 -26.5432 0
      vertex -2.72039 -22.0275 0
    endloop
  endfacet
  facet normal 0 -0 -1
    outer loop
      vertex -3.47006 -26.5432 0
      vertex -3.47006 -27.4568 0
      vertex -3.5 -27 0
    endloop
  endfacet
  facet normal -0.7519 0.659278 0
    outer loop
      vertex -26.1594 15.6307 0
      vertex -25.8576 15.9749 35.2
      vertex -25.8576 15.9749 0
    endloop
  endfacet
  facet normal -0.7519 0.659278 0
    outer loop
      vertex -25.8576 15.9749 35.2
      vertex -26.1594 15.6307 0
      vertex -26.1594 15.6307 35.2
    endloop
  endfacet
  facet normal -0.99785 -0.0655331 0
    outer loop
      vertex -26.8527 13.0432 0
      vertex -26.8827 13.5 35.2
      vertex -26.8827 13.5 0
    endloop
  endfacet
  facet normal -0.99785 -0.0655331 0
    outer loop
      vertex -26.8827 13.5 35.2
      vertex -26.8527 13.0432 0
      vertex -26.8527 13.0432 35.2
    endloop
  endfacet
  facet normal -0.99785 0.0655331 0
    outer loop
      vertex -26.8827 13.5 0
      vertex -26.8527 13.9568 35.2
      vertex -26.8527 13.9568 0
    endloop
  endfacet
  facet normal -0.99785 0.0655331 0
    outer loop
      vertex -26.8527 13.9568 35.2
      vertex -26.8827 13.5 0
      vertex -26.8827 13.5 35.2
    endloop
  endfacet
  facet normal -0.659278 0.7519 0
    outer loop
      vertex -25.5134 16.2767 0
      vertex -25.8576 15.9749 35.2
      vertex -25.5134 16.2767 35.2
    endloop
  endfacet
  facet normal -0.659278 0.7519 0
    outer loop
      vertex -25.8576 15.9749 35.2
      vertex -25.5134 16.2767 0
      vertex -25.8576 15.9749 0
    endloop
  endfacet
  facet normal -0.195234 0.980757 0
    outer loop
      vertex -23.8395 16.9701 0
      vertex -24.2886 16.8807 35.2
      vertex -23.8395 16.9701 35.2
    endloop
  endfacet
  facet normal -0.195234 0.980757 0
    outer loop
      vertex -24.2886 16.8807 35.2
      vertex -23.8395 16.9701 0
      vertex -24.2886 16.8807 0
    endloop
  endfacet
  facet normal 0 0 1
    outer loop
      vertex 24.6827 13.5 35.2
      vertex 26.8827 13.5 35.2
      vertex 26.8527 13.9568 35.2
    endloop
  endfacet
  facet normal 0 0 1
    outer loop
      vertex 24.6716 13.6697 35.2
      vertex 26.8527 13.9568 35.2
      vertex 26.7634 14.4059 35.2
    endloop
  endfacet
  facet normal 0 0 1
    outer loop
      vertex 26.8827 13.5 35.2
      vertex 24.6827 13.5 35.2
      vertex 26.8527 13.0432 35.2
    endloop
  endfacet
  facet normal 0 0 1
    outer loop
      vertex 24.6384 13.8365 35.2
      vertex 26.7634 14.4059 35.2
      vertex 26.6163 14.8394 35.2
    endloop
  endfacet
  facet normal -0 0 1
    outer loop
      vertex 24.6716 13.3303 35.2
      vertex 26.8527 13.0432 35.2
      vertex 24.6827 13.5 35.2
    endloop
  endfacet
  facet normal 0 0 1
    outer loop
      vertex 24.5837 13.9975 35.2
      vertex 26.6163 14.8394 35.2
      vertex 26.4138 15.25 35.2
    endloop
  endfacet
  facet normal 0 0 1
    outer loop
      vertex 26.8527 13.0432 35.2
      vertex 24.6716 13.3303 35.2
      vertex 26.7634 12.5941 35.2
    endloop
  endfacet
  facet normal 0 0 1
    outer loop
      vertex 24.5085 14.15 35.2
      vertex 26.4138 15.25 35.2
      vertex 26.1594 15.6307 35.2
    endloop
  endfacet
  facet normal -0 0 1
    outer loop
      vertex 24.6384 13.1635 35.2
      vertex 26.7634 12.5941 35.2
      vertex 24.6716 13.3303 35.2
    endloop
  endfacet
  facet normal 0 0 1
    outer loop
      vertex 24.414 14.2914 35.2
      vertex 26.1594 15.6307 35.2
      vertex 25.8576 15.9749 35.2
    endloop
  endfacet
  facet normal 0 0 1
    outer loop
      vertex 26.7634 12.5941 35.2
      vertex 24.6384 13.1635 35.2
      vertex 26.6163 12.1606 35.2
    endloop
  endfacet
  facet normal 0 0 1
    outer loop
      vertex 24.3019 14.4192 35.2
      vertex 25.8576 15.9749 35.2
      vertex 25.5134 16.2767 35.2
    endloop
  endfacet
  facet normal -0 0 1
    outer loop
      vertex 24.5837 13.0025 35.2
      vertex 26.6163 12.1606 35.2
      vertex 24.6384 13.1635 35.2
    endloop
  endfacet
  facet normal 0 0 1
    outer loop
      vertex 24.1741 14.5314 35.2
      vertex 25.5134 16.2767 35.2
      vertex 25.1327 16.5311 35.2
    endloop
  endfacet
  facet normal 0 0 1
    outer loop
      vertex 26.6163 12.1606 35.2
      vertex 24.5837 13.0025 35.2
      vertex 26.4138 11.75 35.2
    endloop
  endfacet
  facet normal 0 0 1
    outer loop
      vertex 24.0327 14.6258 35.2
      vertex 25.1327 16.5311 35.2
      vertex 24.7221 16.7336 35.2
    endloop
  endfacet
  facet normal -0 0 1
    outer loop
      vertex 24.5085 12.85 35.2
      vertex 26.4138 11.75 35.2
      vertex 24.5837 13.0025 35.2
    endloop
  endfacet
  facet normal 0 0 1
    outer loop
      vertex 26.4138 11.75 35.2
      vertex 24.5085 12.85 35.2
      vertex 26.1594 11.3693 35.2
    endloop
  endfacet
  facet normal 0 0 1
    outer loop
      vertex 26.8527 13.9568 35.2
      vertex 24.6716 13.6697 35.2
      vertex 24.6827 13.5 35.2
    endloop
  endfacet
  facet normal 0 0 1
    outer loop
      vertex 26.7634 14.4059 35.2
      vertex 24.6384 13.8365 35.2
      vertex 24.6716 13.6697 35.2
    endloop
  endfacet
  facet normal 0 0 1
    outer loop
      vertex 26.6163 14.8394 35.2
      vertex 24.5837 13.9975 35.2
      vertex 24.6384 13.8365 35.2
    endloop
  endfacet
  facet normal 0 0 1
    outer loop
      vertex 26.4138 15.25 35.2
      vertex 24.5085 14.15 35.2
      vertex 24.5837 13.9975 35.2
    endloop
  endfacet
  facet normal 0 0 1
    outer loop
      vertex 26.1594 15.6307 35.2
      vertex 24.414 14.2914 35.2
      vertex 24.5085 14.15 35.2
    endloop
  endfacet
  facet normal 0 0 1
    outer loop
      vertex 25.8576 15.9749 35.2
      vertex 24.3019 14.4192 35.2
      vertex 24.414 14.2914 35.2
    endloop
  endfacet
  facet normal 0 0 1
    outer loop
      vertex 23.8802 14.701 35.2
      vertex 24.7221 16.7336 35.2
      vertex 24.2886 16.8807 35.2
    endloop
  endfacet
  facet normal 0 0 1
    outer loop
      vertex 25.5134 16.2767 35.2
      vertex 24.1741 14.5314 35.2
      vertex 24.3019 14.4192 35.2
    endloop
  endfacet
  facet normal 0 0 1
    outer loop
      vertex 25.1327 16.5311 35.2
      vertex 24.0327 14.6258 35.2
      vertex 24.1741 14.5314 35.2
    endloop
  endfacet
  facet normal 0 0 1
    outer loop
      vertex 24.7221 16.7336 35.2
      vertex 23.8802 14.701 35.2
      vertex 24.0327 14.6258 35.2
    endloop
  endfacet
  facet normal 0 0 1
    outer loop
      vertex 23.7192 14.7557 35.2
      vertex 24.2886 16.8807 35.2
      vertex 23.8395 16.9701 35.2
    endloop
  endfacet
  facet normal 0 0 1
    outer loop
      vertex 24.2886 16.8807 35.2
      vertex 23.7192 14.7557 35.2
      vertex 23.8802 14.701 35.2
    endloop
  endfacet
  facet normal 0 0 1
    outer loop
      vertex 23.8395 16.9701 35.2
      vertex 23.5524 14.7889 35.2
      vertex 23.7192 14.7557 35.2
    endloop
  endfacet
  facet normal 0 0 1
    outer loop
      vertex 23.3827 17 35.2
      vertex 23.5524 14.7889 35.2
      vertex 23.8395 16.9701 35.2
    endloop
  endfacet
  facet normal 0 0 1
    outer loop
      vertex 23.3827 17 35.2
      vertex 23.3827 14.8 35.2
      vertex 23.5524 14.7889 35.2
    endloop
  endfacet
  facet normal 0 0 1
    outer loop
      vertex 23.3827 17 35.2
      vertex 23.213 14.7889 35.2
      vertex 23.3827 14.8 35.2
    endloop
  endfacet
  facet normal -0 0 1
    outer loop
      vertex 22.9258 16.9701 35.2
      vertex 23.213 14.7889 35.2
      vertex 23.3827 17 35.2
    endloop
  endfacet
  facet normal 0 0 1
    outer loop
      vertex 23.213 14.7889 35.2
      vertex 22.9258 16.9701 35.2
      vertex 23.0462 14.7557 35.2
    endloop
  endfacet
  facet normal -0 0 1
    outer loop
      vertex 22.4768 16.8807 35.2
      vertex 23.0462 14.7557 35.2
      vertex 22.9258 16.9701 35.2
    endloop
  endfacet
  facet normal 0 0 1
    outer loop
      vertex 23.0462 14.7557 35.2
      vertex 22.4768 16.8807 35.2
      vertex 22.8852 14.701 35.2
    endloop
  endfacet
  facet normal -0 0 1
    outer loop
      vertex 22.0433 16.7336 35.2
      vertex 22.8852 14.701 35.2
      vertex 22.4768 16.8807 35.2
    endloop
  endfacet
  facet normal 0 0 1
    outer loop
      vertex 22.8852 14.701 35.2
      vertex 22.0433 16.7336 35.2
      vertex 22.7327 14.6258 35.2
    endloop
  endfacet
  facet normal -0 0 1
    outer loop
      vertex 21.6327 16.5311 35.2
      vertex 22.7327 14.6258 35.2
      vertex 22.0433 16.7336 35.2
    endloop
  endfacet
  facet normal 0 0 1
    outer loop
      vertex 22.7327 14.6258 35.2
      vertex 21.6327 16.5311 35.2
      vertex 22.5913 14.5314 35.2
    endloop
  endfacet
  facet normal -0 0 1
    outer loop
      vertex 21.252 16.2767 35.2
      vertex 22.5913 14.5314 35.2
      vertex 21.6327 16.5311 35.2
    endloop
  endfacet
  facet normal 0 0 1
    outer loop
      vertex 22.5913 14.5314 35.2
      vertex 21.252 16.2767 35.2
      vertex 22.4634 14.4192 35.2
    endloop
  endfacet
  facet normal 0 0 1
    outer loop
      vertex 22.4634 14.4192 35.2
      vertex 21.252 16.2767 35.2
      vertex 22.3513 14.2914 35.2
    endloop
  endfacet
  facet normal 0 0 1
    outer loop
      vertex 22.3513 14.2914 35.2
      vertex 21.252 16.2767 35.2
      vertex 22.2569 14.15 35.2
    endloop
  endfacet
  facet normal 0 0 1
    outer loop
      vertex 22.1816 13.9975 35.2
      vertex 21.252 16.2767 35.2
      vertex 22.127 13.8365 35.2
    endloop
  endfacet
  facet normal 0 0 1
    outer loop
      vertex 22.2569 14.15 35.2
      vertex 21.252 16.2767 35.2
      vertex 22.1816 13.9975 35.2
    endloop
  endfacet
  facet normal -0 0 1
    outer loop
      vertex 24.414 12.7086 35.2
      vertex 26.1594 11.3693 35.2
      vertex 24.5085 12.85 35.2
    endloop
  endfacet
  facet normal 0 0 1
    outer loop
      vertex 26.1594 11.3693 35.2
      vertex 24.414 12.7086 35.2
      vertex 25.8576 11.0251 35.2
    endloop
  endfacet
  facet normal -0 0 1
    outer loop
      vertex 24.3019 12.5808 35.2
      vertex 25.8576 11.0251 35.2
      vertex 24.414 12.7086 35.2
    endloop
  endfacet
  facet normal 0 0 1
    outer loop
      vertex 25.8576 11.0251 35.2
      vertex 24.3019 12.5808 35.2
      vertex 25.5134 10.7233 35.2
    endloop
  endfacet
  facet normal -0 0 1
    outer loop
      vertex 24.1741 12.4686 35.2
      vertex 25.5134 10.7233 35.2
      vertex 24.3019 12.5808 35.2
    endloop
  endfacet
  facet normal 0 0 1
    outer loop
      vertex 25.5134 10.7233 35.2
      vertex 24.1741 12.4686 35.2
      vertex 25.1327 10.4689 35.2
    endloop
  endfacet
  facet normal -0 0 1
    outer loop
      vertex 24.0327 12.3742 35.2
      vertex 25.1327 10.4689 35.2
      vertex 24.1741 12.4686 35.2
    endloop
  endfacet
  facet normal 0 0 1
    outer loop
      vertex 25.1327 10.4689 35.2
      vertex 24.0327 12.3742 35.2
      vertex 24.7221 10.2664 35.2
    endloop
  endfacet
  facet normal -0 0 1
    outer loop
      vertex 23.8802 12.299 35.2
      vertex 24.7221 10.2664 35.2
      vertex 24.0327 12.3742 35.2
    endloop
  endfacet
  facet normal -0 0 1
    outer loop
      vertex 23.7192 12.2443 35.2
      vertex 24.7221 10.2664 35.2
      vertex 23.8802 12.299 35.2
    endloop
  endfacet
  facet normal -0 0 1
    outer loop
      vertex 23.5524 12.2111 35.2
      vertex 24.7221 10.2664 35.2
      vertex 23.7192 12.2443 35.2
    endloop
  endfacet
  facet normal -0 0 1
    outer loop
      vertex 23.3827 12.2 35.2
      vertex 24.7221 10.2664 35.2
      vertex 23.5524 12.2111 35.2
    endloop
  endfacet
  facet normal 0 0 1
    outer loop
      vertex 23.213 12.2111 35.2
      vertex 24.7221 10.2664 35.2
      vertex 23.3827 12.2 35.2
    endloop
  endfacet
  facet normal 0 0 1
    outer loop
      vertex 23.0462 12.2443 35.2
      vertex 24.7221 10.2664 35.2
      vertex 23.213 12.2111 35.2
    endloop
  endfacet
  facet normal 0 0 1
    outer loop
      vertex 20.4366 8.65784 35.2
      vertex 23.0462 12.2443 35.2
      vertex 22.8852 12.299 35.2
    endloop
  endfacet
  facet normal 0 0 1
    outer loop
      vertex 20.4366 8.65784 35.2
      vertex 22.8852 12.299 35.2
      vertex 22.7327 12.3742 35.2
    endloop
  endfacet
  facet normal 0 0 1
    outer loop
      vertex 20.4366 8.65784 35.2
      vertex 22.7327 12.3742 35.2
      vertex 22.5913 12.4686 35.2
    endloop
  endfacet
  facet normal 0 0 1
    outer loop
      vertex 20.4366 8.65784 35.2
      vertex 22.5913 12.4686 35.2
      vertex 22.4634 12.5808 35.2
    endloop
  endfacet
  facet normal 0 0 1
    outer loop
      vertex 17.7162 13.3697 35.2
      vertex 22.127 13.8365 35.2
      vertex 21.252 16.2767 35.2
    endloop
  endfacet
  facet normal 0 0 1
    outer loop
      vertex 22.127 13.8365 35.2
      vertex 17.7162 13.3697 35.2
      vertex 22.0938 13.6697 35.2
    endloop
  endfacet
  facet normal 0 0 1
    outer loop
      vertex 22.0938 13.6697 35.2
      vertex 17.7162 13.3697 35.2
      vertex 22.0827 13.5 35.2
    endloop
  endfacet
  facet normal 0 0 1
    outer loop
      vertex 22.0827 13.5 35.2
      vertex 17.7162 13.3697 35.2
      vertex 22.0938 13.3303 35.2
    endloop
  endfacet
  facet normal 0 0 1
    outer loop
      vertex 23.0462 12.2443 35.2
      vertex 20.4366 8.65784 35.2
      vertex 24.7221 10.2664 35.2
    endloop
  endfacet
  facet normal 0 0 1
    outer loop
      vertex 22.3513 12.7086 35.2
      vertex 20.4366 8.65784 35.2
      vertex 22.4634 12.5808 35.2
    endloop
  endfacet
  facet normal 0 0 1
    outer loop
      vertex 22.2569 12.85 35.2
      vertex 20.4366 8.65784 35.2
      vertex 22.3513 12.7086 35.2
    endloop
  endfacet
  facet normal 0 0 1
    outer loop
      vertex 17.7162 13.3697 35.2
      vertex 22.2569 12.85 35.2
      vertex 22.1816 13.0025 35.2
    endloop
  endfacet
  facet normal 0 0 1
    outer loop
      vertex 17.7162 13.3697 35.2
      vertex 22.1816 13.0025 35.2
      vertex 22.127 13.1635 35.2
    endloop
  endfacet
  facet normal 0 0 1
    outer loop
      vertex 22.0938 13.3303 35.2
      vertex 17.7162 13.3697 35.2
      vertex 22.127 13.1635 35.2
    endloop
  endfacet
  facet normal 0 0 1
    outer loop
      vertex 22.1525 1.45195 35.2
      vertex 20.2565 1.32768 35.2
      vertex 20.3 0 35.2
    endloop
  endfacet
  facet normal 0 0 1
    outer loop
      vertex 20.5101 8.49557 35.2
      vertex 20.1263 2.64968 35.2
      vertex 20.2565 1.32768 35.2
    endloop
  endfacet
  facet normal 0 0 1
    outer loop
      vertex 20.5101 8.49557 35.2
      vertex 19.9099 3.96033 35.2
      vertex 20.1263 2.64968 35.2
    endloop
  endfacet
  facet normal 0 0 1
    outer loop
      vertex 22.2569 12.85 35.2
      vertex 17.7162 13.3697 35.2
      vertex 17.5803 10.15 35.2
    endloop
  endfacet
  facet normal 0 0 1
    outer loop
      vertex 20.5101 8.49557 35.2
      vertex 19.6083 5.25403 35.2
      vertex 19.9099 3.96033 35.2
    endloop
  endfacet
  facet normal 0 0 1
    outer loop
      vertex 20.5101 8.49557 35.2
      vertex 19.2227 6.52522 35.2
      vertex 19.6083 5.25403 35.2
    endloop
  endfacet
  facet normal 0 0 1
    outer loop
      vertex 20.5101 8.49557 35.2
      vertex 18.7548 7.76847 35.2
      vertex 19.2227 6.52522 35.2
    endloop
  endfacet
  facet normal 0 0 1
    outer loop
      vertex 20.4366 8.65784 35.2
      vertex 18.2065 8.97846 35.2
      vertex 18.7548 7.76847 35.2
    endloop
  endfacet
  facet normal 0 0 1
    outer loop
      vertex 22.2569 12.85 35.2
      vertex 17.5803 10.15 35.2
      vertex 20.4366 8.65784 35.2
    endloop
  endfacet
  facet normal 0 0 1
    outer loop
      vertex 16.1051 12.3579 35.2
      vertex 17.7162 13.3697 35.2
      vertex 17.6124 13.5145 35.2
    endloop
  endfacet
  facet normal 0 0 1
    outer loop
      vertex 20.4366 8.65784 35.2
      vertex 17.5803 10.15 35.2
      vertex 18.2065 8.97846 35.2
    endloop
  endfacet
  facet normal 0 0 1
    outer loop
      vertex 17.7162 13.3697 35.2
      vertex 16.8788 11.2781 35.2
      vertex 17.5803 10.15 35.2
    endloop
  endfacet
  facet normal 0 0 1
    outer loop
      vertex 16.1051 12.3579 35.2
      vertex 17.6124 13.5145 35.2
      vertex 16.6908 14.6375 35.2
    endloop
  endfacet
  facet normal 0 0 1
    outer loop
      vertex 17.7162 13.3697 35.2
      vertex 16.1051 12.3579 35.2
      vertex 16.8788 11.2781 35.2
    endloop
  endfacet
  facet normal 0 0 1
    outer loop
      vertex 15.2623 13.3847 35.2
      vertex 16.6908 14.6375 35.2
      vertex 15.6978 15.6978 35.2
    endloop
  endfacet
  facet normal 0 0 1
    outer loop
      vertex 16.6908 14.6375 35.2
      vertex 15.2623 13.3847 35.2
      vertex 16.1051 12.3579 35.2
    endloop
  endfacet
  facet normal 0 0 1
    outer loop
      vertex 14.3543 14.3543 35.2
      vertex 15.6978 15.6978 35.2
      vertex 14.6375 16.6908 35.2
    endloop
  endfacet
  facet normal 0 0 1
    outer loop
      vertex 15.6978 15.6978 35.2
      vertex 14.3543 14.3543 35.2
      vertex 15.2623 13.3847 35.2
    endloop
  endfacet
  facet normal 0 0 1
    outer loop
      vertex 13.3847 15.2623 35.2
      vertex 14.6375 16.6908 35.2
      vertex 13.5145 17.6124 35.2
    endloop
  endfacet
  facet normal 0 0 1
    outer loop
      vertex 14.6375 16.6908 35.2
      vertex 13.3847 15.2623 35.2
      vertex 14.3543 14.3543 35.2
    endloop
  endfacet
  facet normal 0 0 1
    outer loop
      vertex 13.5145 17.6124 35.2
      vertex 12.3579 16.1051 35.2
      vertex 13.3847 15.2623 35.2
    endloop
  endfacet
  facet normal 0 0 1
    outer loop
      vertex 12.3337 18.4586 35.2
      vertex 12.3579 16.1051 35.2
      vertex 13.5145 17.6124 35.2
    endloop
  endfacet
  facet normal 0 0 1
    outer loop
      vertex 12.3337 18.4586 35.2
      vertex 11.2781 16.8788 35.2
      vertex 12.3579 16.1051 35.2
    endloop
  endfacet
  facet normal 0 0 1
    outer loop
      vertex 11.1 19.2258 35.2
      vertex 11.2781 16.8788 35.2
      vertex 12.3337 18.4586 35.2
    endloop
  endfacet
  facet normal 0 0 1
    outer loop
      vertex 11.1 19.2258 35.2
      vertex 10.15 17.5803 35.2
      vertex 11.2781 16.8788 35.2
    endloop
  endfacet
  facet normal 0 0 1
    outer loop
      vertex 9.81881 19.9106 35.2
      vertex 10.15 17.5803 35.2
      vertex 11.1 19.2258 35.2
    endloop
  endfacet
  facet normal 0 0 1
    outer loop
      vertex 9.81881 19.9106 35.2
      vertex 8.97846 18.2065 35.2
      vertex 10.15 17.5803 35.2
    endloop
  endfacet
  facet normal 0 0 1
    outer loop
      vertex 8.49557 20.5101 35.2
      vertex 8.97846 18.2065 35.2
      vertex 9.81881 19.9106 35.2
    endloop
  endfacet
  facet normal 0 0 1
    outer loop
      vertex 8.49557 20.5101 35.2
      vertex 7.76847 18.7548 35.2
      vertex 8.97846 18.2065 35.2
    endloop
  endfacet
  facet normal 0 0 1
    outer loop
      vertex 7.13596 21.0218 35.2
      vertex 7.76847 18.7548 35.2
      vertex 8.49557 20.5101 35.2
    endloop
  endfacet
  facet normal 0 0 1
    outer loop
      vertex 7.13596 21.0218 35.2
      vertex 6.52522 19.2227 35.2
      vertex 7.76847 18.7548 35.2
    endloop
  endfacet
  facet normal 0 0 1
    outer loop
      vertex 5.74578 21.4436 35.2
      vertex 6.52522 19.2227 35.2
      vertex 7.13596 21.0218 35.2
    endloop
  endfacet
  facet normal 0 0 1
    outer loop
      vertex 5.74578 21.4436 35.2
      vertex 5.25403 19.6083 35.2
      vertex 6.52522 19.2227 35.2
    endloop
  endfacet
  facet normal 0 0 1
    outer loop
      vertex 4 19.9007 35.2
      vertex 5.74578 21.4436 35.2
      vertex 4.33101 21.7734 35.2
    endloop
  endfacet
  facet normal 0 0 1
    outer loop
      vertex 4 19.9007 35.2
      vertex 4.33101 21.7734 35.2
      vertex 4 21.8281 35.2
    endloop
  endfacet
  facet normal 0 0 1
    outer loop
      vertex 5.74578 21.4436 35.2
      vertex 4 19.9007 35.2
      vertex 5.25403 19.6083 35.2
    endloop
  endfacet
  facet normal 0 0 1
    outer loop
      vertex 3.47006 -26.5432 35.2
      vertex 1.28888 -26.8303 35.2
      vertex 1.3 -27 35.2
    endloop
  endfacet
  facet normal 0 0 1
    outer loop
      vertex 2.72039 -22.0275 35.2
      vertex 1.2557 -26.6635 35.2
      vertex 1.28888 -26.8303 35.2
    endloop
  endfacet
  facet normal 0 0 1
    outer loop
      vertex 2.72039 -22.0275 35.2
      vertex 1.20104 -26.5025 35.2
      vertex 1.2557 -26.6635 35.2
    endloop
  endfacet
  facet normal 0 0 1
    outer loop
      vertex 2.72039 -22.0275 35.2
      vertex 1.12583 -26.35 35.2
      vertex 1.20104 -26.5025 35.2
    endloop
  endfacet
  facet normal 0 0 1
    outer loop
      vertex 2.72039 -22.0275 35.2
      vertex 1.03136 -26.2086 35.2
      vertex 1.12583 -26.35 35.2
    endloop
  endfacet
  facet normal 0 0 1
    outer loop
      vertex 2.72039 -22.0275 35.2
      vertex 0.919238 -26.0808 35.2
      vertex 1.03136 -26.2086 35.2
    endloop
  endfacet
  facet normal 0 0 1
    outer loop
      vertex 2.72039 -22.0275 35.2
      vertex 0.791389 -25.9686 35.2
      vertex 0.919238 -26.0808 35.2
    endloop
  endfacet
  facet normal 0 0 1
    outer loop
      vertex 2.72039 -22.0275 35.2
      vertex 0.65 -25.8742 35.2
      vertex 0.791389 -25.9686 35.2
    endloop
  endfacet
  facet normal 0 0 1
    outer loop
      vertex 2.72039 -22.0275 35.2
      vertex 0.497488 -25.799 35.2
      vertex 0.65 -25.8742 35.2
    endloop
  endfacet
  facet normal 0 0 1
    outer loop
      vertex 2.72039 -22.0275 35.2
      vertex 0.336464 -25.7443 35.2
      vertex 0.497488 -25.799 35.2
    endloop
  endfacet
  facet normal 0 0 1
    outer loop
      vertex 2.72039 -22.0275 35.2
      vertex 0.169683 -25.7111 35.2
      vertex 0.336464 -25.7443 35.2
    endloop
  endfacet
  facet normal 0 0 1
    outer loop
      vertex 0 -25.7 35.2
      vertex 2.72039 -22.0275 35.2
      vertex 0 -20.3 35.2
    endloop
  endfacet
  facet normal 0 0 1
    outer loop
      vertex 2.72039 -22.0275 35.2
      vertex 0 -25.7 35.2
      vertex 0.169683 -25.7111 35.2
    endloop
  endfacet
  facet normal -0 0 1
    outer loop
      vertex -2.72039 -22.0275 35.2
      vertex 0 -25.7 35.2
      vertex 0 -20.3 35.2
    endloop
  endfacet
  facet normal 0 0 1
    outer loop
      vertex 0 -25.7 35.2
      vertex -2.72039 -22.0275 35.2
      vertex -0.169683 -25.7111 35.2
    endloop
  endfacet
  facet normal 0 0 1
    outer loop
      vertex -0.169683 -25.7111 35.2
      vertex -2.72039 -22.0275 35.2
      vertex -0.336464 -25.7443 35.2
    endloop
  endfacet
  facet normal 0 0 1
    outer loop
      vertex -0.336464 -25.7443 35.2
      vertex -2.72039 -22.0275 35.2
      vertex -0.497488 -25.799 35.2
    endloop
  endfacet
  facet normal 0 0 1
    outer loop
      vertex -0.497488 -25.799 35.2
      vertex -2.72039 -22.0275 35.2
      vertex -0.65 -25.8742 35.2
    endloop
  endfacet
  facet normal 0 0 1
    outer loop
      vertex -0.65 -25.8742 35.2
      vertex -2.72039 -22.0275 35.2
      vertex -0.791389 -25.9686 35.2
    endloop
  endfacet
  facet normal 0 0 1
    outer loop
      vertex -0.791389 -25.9686 35.2
      vertex -2.72039 -22.0275 35.2
      vertex -0.919238 -26.0808 35.2
    endloop
  endfacet
  facet normal 0 0 1
    outer loop
      vertex -3.47006 -26.5432 35.2
      vertex -0.919238 -26.0808 35.2
      vertex -2.72039 -22.0275 35.2
    endloop
  endfacet
  facet normal 0 0 1
    outer loop
      vertex -0.919238 -26.0808 35.2
      vertex -3.47006 -26.5432 35.2
      vertex -1.03136 -26.2086 35.2
    endloop
  endfacet
  facet normal 0 0 1
    outer loop
      vertex -1.03136 -26.2086 35.2
      vertex -3.47006 -26.5432 35.2
      vertex -1.12583 -26.35 35.2
    endloop
  endfacet
  facet normal 0 0 1
    outer loop
      vertex -1.12583 -26.35 35.2
      vertex -3.47006 -26.5432 35.2
      vertex -1.20104 -26.5025 35.2
    endloop
  endfacet
  facet normal 0 0 1
    outer loop
      vertex -1.20104 -26.5025 35.2
      vertex -3.47006 -26.5432 35.2
      vertex -1.2557 -26.6635 35.2
    endloop
  endfacet
  facet normal 0 0 1
    outer loop
      vertex -2.72039 -22.0275 35.2
      vertex 0 -20.3 35.2
      vertex -1.32768 -20.2565 35.2
    endloop
  endfacet
  facet normal 0 0 1
    outer loop
      vertex -17.7162 13.3697 35.2
      vertex -22.0938 13.6697 35.2
      vertex -22.0827 13.5 35.2
    endloop
  endfacet
  facet normal 0 0 1
    outer loop
      vertex -21.6327 16.5311 35.2
      vertex -22.127 13.8365 35.2
      vertex -22.0938 13.6697 35.2
    endloop
  endfacet
  facet normal 0 0 1
    outer loop
      vertex -21.6327 16.5311 35.2
      vertex -22.1816 13.9975 35.2
      vertex -22.127 13.8365 35.2
    endloop
  endfacet
  facet normal 0 0 1
    outer loop
      vertex -21.6327 16.5311 35.2
      vertex -22.2569 14.15 35.2
      vertex -22.1816 13.9975 35.2
    endloop
  endfacet
  facet normal 0 0 1
    outer loop
      vertex -21.6327 16.5311 35.2
      vertex -22.3513 14.2914 35.2
      vertex -22.2569 14.15 35.2
    endloop
  endfacet
  facet normal 0 0 1
    outer loop
      vertex -21.6327 16.5311 35.2
      vertex -22.4634 14.4192 35.2
      vertex -22.3513 14.2914 35.2
    endloop
  endfacet
  facet normal 0 0 1
    outer loop
      vertex -22.8852 14.701 35.2
      vertex -22.0433 16.7336 35.2
      vertex -22.4768 16.8807 35.2
    endloop
  endfacet
  facet normal 0 0 1
    outer loop
      vertex -21.6327 16.5311 35.2
      vertex -22.5913 14.5314 35.2
      vertex -22.4634 14.4192 35.2
    endloop
  endfacet
  facet normal 0 0 1
    outer loop
      vertex -21.6327 16.5311 35.2
      vertex -22.7327 14.6258 35.2
      vertex -22.5913 14.5314 35.2
    endloop
  endfacet
  facet normal 0 0 1
    outer loop
      vertex -22.0433 16.7336 35.2
      vertex -22.8852 14.701 35.2
      vertex -22.7327 14.6258 35.2
    endloop
  endfacet
  facet normal 0 0 1
    outer loop
      vertex -23.0462 14.7557 35.2
      vertex -22.4768 16.8807 35.2
      vertex -22.9258 16.9701 35.2
    endloop
  endfacet
  facet normal 0 0 1
    outer loop
      vertex -22.4768 16.8807 35.2
      vertex -23.0462 14.7557 35.2
      vertex -22.8852 14.701 35.2
    endloop
  endfacet
  facet normal 0 0 1
    outer loop
      vertex -22.9258 16.9701 35.2
      vertex -23.213 14.7889 35.2
      vertex -23.0462 14.7557 35.2
    endloop
  endfacet
  facet normal 0 0 1
    outer loop
      vertex -23.3827 17 35.2
      vertex -23.213 14.7889 35.2
      vertex -22.9258 16.9701 35.2
    endloop
  endfacet
  facet normal 0 0 1
    outer loop
      vertex -23.3827 17 35.2
      vertex -23.3827 14.8 35.2
      vertex -23.213 14.7889 35.2
    endloop
  endfacet
  facet normal 0 0 1
    outer loop
      vertex -23.3827 17 35.2
      vertex -23.5524 14.7889 35.2
      vertex -23.3827 14.8 35.2
    endloop
  endfacet
  facet normal -0 0 1
    outer loop
      vertex -23.8395 16.9701 35.2
      vertex -23.5524 14.7889 35.2
      vertex -23.3827 17 35.2
    endloop
  endfacet
  facet normal 0 0 1
    outer loop
      vertex -23.5524 14.7889 35.2
      vertex -23.8395 16.9701 35.2
      vertex -23.7192 14.7557 35.2
    endloop
  endfacet
  facet normal -0 0 1
    outer loop
      vertex -24.2886 16.8807 35.2
      vertex -23.7192 14.7557 35.2
      vertex -23.8395 16.9701 35.2
    endloop
  endfacet
  facet normal 0 0 1
    outer loop
      vertex -23.7192 14.7557 35.2
      vertex -24.2886 16.8807 35.2
      vertex -23.8802 14.701 35.2
    endloop
  endfacet
  facet normal -0 0 1
    outer loop
      vertex -24.7221 16.7336 35.2
      vertex -23.8802 14.701 35.2
      vertex -24.2886 16.8807 35.2
    endloop
  endfacet
  facet normal 0 0 1
    outer loop
      vertex -23.8802 14.701 35.2
      vertex -24.7221 16.7336 35.2
      vertex -24.0327 14.6258 35.2
    endloop
  endfacet
  facet normal -0 0 1
    outer loop
      vertex -25.1327 16.5311 35.2
      vertex -24.0327 14.6258 35.2
      vertex -24.7221 16.7336 35.2
    endloop
  endfacet
  facet normal 0 0 1
    outer loop
      vertex -24.0327 14.6258 35.2
      vertex -25.1327 16.5311 35.2
      vertex -24.1741 14.5314 35.2
    endloop
  endfacet
  facet normal -0 0 1
    outer loop
      vertex -25.5134 16.2767 35.2
      vertex -24.1741 14.5314 35.2
      vertex -25.1327 16.5311 35.2
    endloop
  endfacet
  facet normal 0 0 1
    outer loop
      vertex -24.1741 14.5314 35.2
      vertex -25.5134 16.2767 35.2
      vertex -24.3019 14.4192 35.2
    endloop
  endfacet
  facet normal -0 0 1
    outer loop
      vertex -25.8576 15.9749 35.2
      vertex -24.3019 14.4192 35.2
      vertex -25.5134 16.2767 35.2
    endloop
  endfacet
  facet normal 0 0 1
    outer loop
      vertex -24.3019 14.4192 35.2
      vertex -25.8576 15.9749 35.2
      vertex -24.414 14.2914 35.2
    endloop
  endfacet
  facet normal 0 0 1
    outer loop
      vertex -24.414 14.2914 35.2
      vertex -26.1594 15.6307 35.2
      vertex -24.5085 14.15 35.2
    endloop
  endfacet
  facet normal -0 0 1
    outer loop
      vertex -26.1594 15.6307 35.2
      vertex -24.414 14.2914 35.2
      vertex -25.8576 15.9749 35.2
    endloop
  endfacet
  facet normal -0 0 1
    outer loop
      vertex -4.33101 21.7734 35.2
      vertex -4 19.9007 35.2
      vertex -4 21.8281 35.2
    endloop
  endfacet
  facet normal -0 0 1
    outer loop
      vertex -5.74578 21.4436 35.2
      vertex -4 19.9007 35.2
      vertex -4.33101 21.7734 35.2
    endloop
  endfacet
  facet normal 0 0 1
    outer loop
      vertex -4 19.9007 35.2
      vertex -5.74578 21.4436 35.2
      vertex -5.25403 19.6083 35.2
    endloop
  endfacet
  facet normal 0 0 1
    outer loop
      vertex -5.74578 21.4436 35.2
      vertex -6.52522 19.2227 35.2
      vertex -5.25403 19.6083 35.2
    endloop
  endfacet
  facet normal -0 0 1
    outer loop
      vertex -7.13596 21.0218 35.2
      vertex -6.52522 19.2227 35.2
      vertex -5.74578 21.4436 35.2
    endloop
  endfacet
  facet normal 0 0 1
    outer loop
      vertex -7.13596 21.0218 35.2
      vertex -7.76847 18.7548 35.2
      vertex -6.52522 19.2227 35.2
    endloop
  endfacet
  facet normal -0 0 1
    outer loop
      vertex -8.49557 20.5101 35.2
      vertex -7.76847 18.7548 35.2
      vertex -7.13596 21.0218 35.2
    endloop
  endfacet
  facet normal 0 0 1
    outer loop
      vertex -8.49557 20.5101 35.2
      vertex -8.97846 18.2065 35.2
      vertex -7.76847 18.7548 35.2
    endloop
  endfacet
  facet normal -0 0 1
    outer loop
      vertex -9.81881 19.9106 35.2
      vertex -8.97846 18.2065 35.2
      vertex -8.49557 20.5101 35.2
    endloop
  endfacet
  facet normal 0 0 1
    outer loop
      vertex -9.81881 19.9106 35.2
      vertex -10.15 17.5803 35.2
      vertex -8.97846 18.2065 35.2
    endloop
  endfacet
  facet normal -0 0 1
    outer loop
      vertex -11.1 19.2258 35.2
      vertex -10.15 17.5803 35.2
      vertex -9.81881 19.9106 35.2
    endloop
  endfacet
  facet normal 0 0 1
    outer loop
      vertex -11.1 19.2258 35.2
      vertex -11.2781 16.8788 35.2
      vertex -10.15 17.5803 35.2
    endloop
  endfacet
  facet normal -0 0 1
    outer loop
      vertex -12.3337 18.4586 35.2
      vertex -11.2781 16.8788 35.2
      vertex -11.1 19.2258 35.2
    endloop
  endfacet
  facet normal 0 0 1
    outer loop
      vertex -12.3337 18.4586 35.2
      vertex -12.3579 16.1051 35.2
      vertex -11.2781 16.8788 35.2
    endloop
  endfacet
  facet normal -0 0 1
    outer loop
      vertex -13.5145 17.6124 35.2
      vertex -12.3579 16.1051 35.2
      vertex -12.3337 18.4586 35.2
    endloop
  endfacet
  facet normal 0 0 1
    outer loop
      vertex -12.3579 16.1051 35.2
      vertex -13.5145 17.6124 35.2
      vertex -13.3847 15.2623 35.2
    endloop
  endfacet
  facet normal -0 0 1
    outer loop
      vertex -14.6375 16.6908 35.2
      vertex -13.3847 15.2623 35.2
      vertex -13.5145 17.6124 35.2
    endloop
  endfacet
  facet normal 0 0 1
    outer loop
      vertex -13.3847 15.2623 35.2
      vertex -14.6375 16.6908 35.2
      vertex -14.3543 14.3543 35.2
    endloop
  endfacet
  facet normal -0 0 1
    outer loop
      vertex -15.6978 15.6978 35.2
      vertex -14.3543 14.3543 35.2
      vertex -14.6375 16.6908 35.2
    endloop
  endfacet
  facet normal 0 0 1
    outer loop
      vertex -14.3543 14.3543 35.2
      vertex -15.6978 15.6978 35.2
      vertex -15.2623 13.3847 35.2
    endloop
  endfacet
  facet normal -0 0 1
    outer loop
      vertex -16.6908 14.6375 35.2
      vertex -15.2623 13.3847 35.2
      vertex -15.6978 15.6978 35.2
    endloop
  endfacet
  facet normal 0 0 1
    outer loop
      vertex -15.2623 13.3847 35.2
      vertex -16.6908 14.6375 35.2
      vertex -16.1051 12.3579 35.2
    endloop
  endfacet
  facet normal -0 0 1
    outer loop
      vertex -17.6124 13.5145 35.2
      vertex -16.1051 12.3579 35.2
      vertex -16.6908 14.6375 35.2
    endloop
  endfacet
  facet normal -0 0 1
    outer loop
      vertex -17.7162 13.3697 35.2
      vertex -16.1051 12.3579 35.2
      vertex -17.6124 13.5145 35.2
    endloop
  endfacet
  facet normal 0 0 1
    outer loop
      vertex -16.1051 12.3579 35.2
      vertex -17.7162 13.3697 35.2
      vertex -16.8788 11.2781 35.2
    endloop
  endfacet
  facet normal 0 0 1
    outer loop
      vertex -16.8788 11.2781 35.2
      vertex -17.7162 13.3697 35.2
      vertex -17.5803 10.15 35.2
    endloop
  endfacet
  facet normal -0 0 1
    outer loop
      vertex -22.2569 12.85 35.2
      vertex -17.5803 10.15 35.2
      vertex -17.7162 13.3697 35.2
    endloop
  endfacet
  facet normal 0 0 1
    outer loop
      vertex -17.5803 10.15 35.2
      vertex -20.4366 8.65784 35.2
      vertex -18.2065 8.97846 35.2
    endloop
  endfacet
  facet normal 0 0 1
    outer loop
      vertex -18.2065 8.97846 35.2
      vertex -20.4366 8.65784 35.2
      vertex -18.7548 7.76847 35.2
    endloop
  endfacet
  facet normal -0 0 1
    outer loop
      vertex -20.5101 8.49557 35.2
      vertex -18.7548 7.76847 35.2
      vertex -20.4366 8.65784 35.2
    endloop
  endfacet
  facet normal 0 0 1
    outer loop
      vertex -18.7548 7.76847 35.2
      vertex -20.5101 8.49557 35.2
      vertex -19.2227 6.52522 35.2
    endloop
  endfacet
  facet normal 0 0 1
    outer loop
      vertex -19.6083 5.25403 35.2
      vertex -21.4436 5.74578 35.2
      vertex -19.9099 3.96033 35.2
    endloop
  endfacet
  facet normal -0 0 1
    outer loop
      vertex -21.4436 5.74578 35.2
      vertex -19.6083 5.25403 35.2
      vertex -21.0218 7.13596 35.2
    endloop
  endfacet
  facet normal 0 0 1
    outer loop
      vertex -19.2227 6.52522 35.2
      vertex -21.0218 7.13596 35.2
      vertex -19.6083 5.25403 35.2
    endloop
  endfacet
  facet normal -0 0 1
    outer loop
      vertex -21.0218 7.13596 35.2
      vertex -19.2227 6.52522 35.2
      vertex -20.5101 8.49557 35.2
    endloop
  endfacet
  facet normal -0 0 1
    outer loop
      vertex -22.0938 13.6697 35.2
      vertex -17.7162 13.3697 35.2
      vertex -21.252 16.2767 35.2
    endloop
  endfacet
  facet normal 0 0 1
    outer loop
      vertex -22.0938 13.6697 35.2
      vertex -21.252 16.2767 35.2
      vertex -21.6327 16.5311 35.2
    endloop
  endfacet
  facet normal 0 0 1
    outer loop
      vertex -22.7327 14.6258 35.2
      vertex -21.6327 16.5311 35.2
      vertex -22.0433 16.7336 35.2
    endloop
  endfacet
  facet normal 0 0 1
    outer loop
      vertex -22.0938 13.3303 35.2
      vertex -17.7162 13.3697 35.2
      vertex -22.0827 13.5 35.2
    endloop
  endfacet
  facet normal 0 0 1
    outer loop
      vertex -22.127 13.1635 35.2
      vertex -17.7162 13.3697 35.2
      vertex -22.0938 13.3303 35.2
    endloop
  endfacet
  facet normal 0 0 1
    outer loop
      vertex -22.1816 13.0025 35.2
      vertex -17.7162 13.3697 35.2
      vertex -22.127 13.1635 35.2
    endloop
  endfacet
  facet normal 0 0 1
    outer loop
      vertex -22.2569 12.85 35.2
      vertex -17.7162 13.3697 35.2
      vertex -22.1816 13.0025 35.2
    endloop
  endfacet
  facet normal 0 0 1
    outer loop
      vertex -17.5803 10.15 35.2
      vertex -22.2569 12.85 35.2
      vertex -20.4366 8.65784 35.2
    endloop
  endfacet
  facet normal -0 0 1
    outer loop
      vertex -22.3513 12.7086 35.2
      vertex -20.4366 8.65784 35.2
      vertex -22.2569 12.85 35.2
    endloop
  endfacet
  facet normal -0 0 1
    outer loop
      vertex -22.4634 12.5808 35.2
      vertex -20.4366 8.65784 35.2
      vertex -22.3513 12.7086 35.2
    endloop
  endfacet
  facet normal -0 0 1
    outer loop
      vertex -22.5913 12.4686 35.2
      vertex -20.4366 8.65784 35.2
      vertex -22.4634 12.5808 35.2
    endloop
  endfacet
  facet normal -0 0 1
    outer loop
      vertex -22.7327 12.3742 35.2
      vertex -20.4366 8.65784 35.2
      vertex -22.5913 12.4686 35.2
    endloop
  endfacet
  facet normal -0 0 1
    outer loop
      vertex -22.8852 12.299 35.2
      vertex -20.4366 8.65784 35.2
      vertex -22.7327 12.3742 35.2
    endloop
  endfacet
  facet normal -0 0 1
    outer loop
      vertex -23.0462 12.2443 35.2
      vertex -20.4366 8.65784 35.2
      vertex -22.8852 12.299 35.2
    endloop
  endfacet
  facet normal 0 0 1
    outer loop
      vertex -24.7221 10.2664 35.2
      vertex -23.0462 12.2443 35.2
      vertex -23.213 12.2111 35.2
    endloop
  endfacet
  facet normal 0 0 1
    outer loop
      vertex -24.7221 10.2664 35.2
      vertex -23.213 12.2111 35.2
      vertex -23.3827 12.2 35.2
    endloop
  endfacet
  facet normal 0 0 1
    outer loop
      vertex -24.7221 10.2664 35.2
      vertex -23.3827 12.2 35.2
      vertex -23.5524 12.2111 35.2
    endloop
  endfacet
  facet normal 0 0 1
    outer loop
      vertex -24.7221 10.2664 35.2
      vertex -23.5524 12.2111 35.2
      vertex -23.7192 12.2443 35.2
    endloop
  endfacet
  facet normal 0 0 1
    outer loop
      vertex -24.7221 10.2664 35.2
      vertex -23.7192 12.2443 35.2
      vertex -23.8802 12.299 35.2
    endloop
  endfacet
  facet normal 0 0 1
    outer loop
      vertex -24.7221 10.2664 35.2
      vertex -23.8802 12.299 35.2
      vertex -24.0327 12.3742 35.2
    endloop
  endfacet
  facet normal 0 0 1
    outer loop
      vertex -25.1327 10.4689 35.2
      vertex -24.0327 12.3742 35.2
      vertex -24.1741 12.4686 35.2
    endloop
  endfacet
  facet normal 0 0 1
    outer loop
      vertex -25.5134 10.7233 35.2
      vertex -24.1741 12.4686 35.2
      vertex -24.3019 12.5808 35.2
    endloop
  endfacet
  facet normal 0 0 1
    outer loop
      vertex -23.0462 12.2443 35.2
      vertex -24.7221 10.2664 35.2
      vertex -20.4366 8.65784 35.2
    endloop
  endfacet
  facet normal 0 0 1
    outer loop
      vertex -25.8576 11.0251 35.2
      vertex -24.3019 12.5808 35.2
      vertex -24.414 12.7086 35.2
    endloop
  endfacet
  facet normal 0 0 1
    outer loop
      vertex -26.1594 11.3693 35.2
      vertex -24.414 12.7086 35.2
      vertex -24.5085 12.85 35.2
    endloop
  endfacet
  facet normal 0 0 1
    outer loop
      vertex -26.4138 11.75 35.2
      vertex -24.5085 12.85 35.2
      vertex -24.5837 13.0025 35.2
    endloop
  endfacet
  facet normal 0 0 1
    outer loop
      vertex -26.6163 12.1606 35.2
      vertex -24.5837 13.0025 35.2
      vertex -24.6384 13.1635 35.2
    endloop
  endfacet
  facet normal 0 0 1
    outer loop
      vertex -26.7634 12.5941 35.2
      vertex -24.6384 13.1635 35.2
      vertex -24.6716 13.3303 35.2
    endloop
  endfacet
  facet normal 0 0 1
    outer loop
      vertex -26.8527 13.0432 35.2
      vertex -24.6716 13.3303 35.2
      vertex -24.6827 13.5 35.2
    endloop
  endfacet
  facet normal -0 0 1
    outer loop
      vertex -26.4138 15.25 35.2
      vertex -24.5085 14.15 35.2
      vertex -26.1594 15.6307 35.2
    endloop
  endfacet
  facet normal 0 0 1
    outer loop
      vertex -24.5085 14.15 35.2
      vertex -26.4138 15.25 35.2
      vertex -24.5837 13.9975 35.2
    endloop
  endfacet
  facet normal 0 0 1
    outer loop
      vertex -24.0327 12.3742 35.2
      vertex -25.1327 10.4689 35.2
      vertex -24.7221 10.2664 35.2
    endloop
  endfacet
  facet normal -0 0 1
    outer loop
      vertex -26.6163 14.8394 35.2
      vertex -24.5837 13.9975 35.2
      vertex -26.4138 15.25 35.2
    endloop
  endfacet
  facet normal 0 0 1
    outer loop
      vertex -24.1741 12.4686 35.2
      vertex -25.5134 10.7233 35.2
      vertex -25.1327 10.4689 35.2
    endloop
  endfacet
  facet normal 0 0 1
    outer loop
      vertex -24.5837 13.9975 35.2
      vertex -26.6163 14.8394 35.2
      vertex -24.6384 13.8365 35.2
    endloop
  endfacet
  facet normal 0 0 1
    outer loop
      vertex -24.3019 12.5808 35.2
      vertex -25.8576 11.0251 35.2
      vertex -25.5134 10.7233 35.2
    endloop
  endfacet
  facet normal -0 0 1
    outer loop
      vertex -26.7634 14.4059 35.2
      vertex -24.6384 13.8365 35.2
      vertex -26.6163 14.8394 35.2
    endloop
  endfacet
  facet normal 0 0 1
    outer loop
      vertex -24.414 12.7086 35.2
      vertex -26.1594 11.3693 35.2
      vertex -25.8576 11.0251 35.2
    endloop
  endfacet
  facet normal 0 0 1
    outer loop
      vertex -24.6384 13.8365 35.2
      vertex -26.7634 14.4059 35.2
      vertex -24.6716 13.6697 35.2
    endloop
  endfacet
  facet normal 0 0 1
    outer loop
      vertex -24.5085 12.85 35.2
      vertex -26.4138 11.75 35.2
      vertex -26.1594 11.3693 35.2
    endloop
  endfacet
  facet normal -0 0 1
    outer loop
      vertex -26.8527 13.9568 35.2
      vertex -24.6716 13.6697 35.2
      vertex -26.7634 14.4059 35.2
    endloop
  endfacet
  facet normal 0 0 1
    outer loop
      vertex -24.5837 13.0025 35.2
      vertex -26.6163 12.1606 35.2
      vertex -26.4138 11.75 35.2
    endloop
  endfacet
  facet normal 0 0 1
    outer loop
      vertex -24.6716 13.6697 35.2
      vertex -26.8527 13.9568 35.2
      vertex -24.6827 13.5 35.2
    endloop
  endfacet
  facet normal 0 0 1
    outer loop
      vertex -24.6384 13.1635 35.2
      vertex -26.7634 12.5941 35.2
      vertex -26.6163 12.1606 35.2
    endloop
  endfacet
  facet normal 0 0 1
    outer loop
      vertex -26.8827 13.5 35.2
      vertex -24.6827 13.5 35.2
      vertex -26.8527 13.9568 35.2
    endloop
  endfacet
  facet normal 0 0 1
    outer loop
      vertex -24.6716 13.3303 35.2
      vertex -26.8527 13.0432 35.2
      vertex -26.7634 12.5941 35.2
    endloop
  endfacet
  facet normal 0 0 1
    outer loop
      vertex -24.6827 13.5 35.2
      vertex -26.8827 13.5 35.2
      vertex -26.8527 13.0432 35.2
    endloop
  endfacet
  facet normal 0 0 1
    outer loop
      vertex 20.3 0 35.2
      vertex 22.2 0 35.2
      vertex 22.1525 1.45195 35.2
    endloop
  endfacet
  facet normal 0 0 1
    outer loop
      vertex 20.2565 1.32768 35.2
      vertex 22.1525 1.45195 35.2
      vertex 22.0101 2.89768 35.2
    endloop
  endfacet
  facet normal 0 0 1
    outer loop
      vertex 22.2 0 35.2
      vertex 20.3 0 35.2
      vertex 22.1525 -1.45195 35.2
    endloop
  endfacet
  facet normal 0 0 1
    outer loop
      vertex 20.2565 1.32768 35.2
      vertex 22.0101 2.89768 35.2
      vertex 21.7734 4.33101 35.2
    endloop
  endfacet
  facet normal -0 0 1
    outer loop
      vertex 20.2565 -1.32768 35.2
      vertex 22.1525 -1.45195 35.2
      vertex 20.3 0 35.2
    endloop
  endfacet
  facet normal 0 0 1
    outer loop
      vertex 20.2565 1.32768 35.2
      vertex 21.7734 4.33101 35.2
      vertex 21.4436 5.74578 35.2
    endloop
  endfacet
  facet normal 0 0 1
    outer loop
      vertex 22.1525 -1.45195 35.2
      vertex 20.2565 -1.32768 35.2
      vertex 22.0101 -2.89768 35.2
    endloop
  endfacet
  facet normal 0 0 1
    outer loop
      vertex 20.2565 1.32768 35.2
      vertex 21.4436 5.74578 35.2
      vertex 21.0218 7.13596 35.2
    endloop
  endfacet
  facet normal -0 0 1
    outer loop
      vertex 20.1263 -2.64968 35.2
      vertex 22.0101 -2.89768 35.2
      vertex 20.2565 -1.32768 35.2
    endloop
  endfacet
  facet normal 0 0 1
    outer loop
      vertex 20.2565 1.32768 35.2
      vertex 21.0218 7.13596 35.2
      vertex 20.5101 8.49557 35.2
    endloop
  endfacet
  facet normal 0 0 1
    outer loop
      vertex 22.0101 -2.89768 35.2
      vertex 20.1263 -2.64968 35.2
      vertex 21.7734 -4.33101 35.2
    endloop
  endfacet
  facet normal 0 0 1
    outer loop
      vertex 18.7548 7.76847 35.2
      vertex 20.5101 8.49557 35.2
      vertex 20.4366 8.65784 35.2
    endloop
  endfacet
  facet normal -0 0 1
    outer loop
      vertex 19.9099 -3.96033 35.2
      vertex 21.7734 -4.33101 35.2
      vertex 20.1263 -2.64968 35.2
    endloop
  endfacet
  facet normal 0 0 1
    outer loop
      vertex 21.7734 -4.33101 35.2
      vertex 19.9099 -3.96033 35.2
      vertex 21.4436 -5.74578 35.2
    endloop
  endfacet
  facet normal -0 0 1
    outer loop
      vertex 19.6083 -5.25403 35.2
      vertex 21.4436 -5.74578 35.2
      vertex 19.9099 -3.96033 35.2
    endloop
  endfacet
  facet normal 0 0 1
    outer loop
      vertex 21.4436 -5.74578 35.2
      vertex 19.6083 -5.25403 35.2
      vertex 21.0218 -7.13596 35.2
    endloop
  endfacet
  facet normal -0 0 1
    outer loop
      vertex 19.2227 -6.52522 35.2
      vertex 21.0218 -7.13596 35.2
      vertex 19.6083 -5.25403 35.2
    endloop
  endfacet
  facet normal 0 0 1
    outer loop
      vertex 21.0218 -7.13596 35.2
      vertex 19.2227 -6.52522 35.2
      vertex 20.5101 -8.49557 35.2
    endloop
  endfacet
  facet normal -0 0 1
    outer loop
      vertex 18.7548 -7.76847 35.2
      vertex 20.5101 -8.49557 35.2
      vertex 19.2227 -6.52522 35.2
    endloop
  endfacet
  facet normal 0 0 1
    outer loop
      vertex 20.5101 -8.49557 35.2
      vertex 18.7548 -7.76847 35.2
      vertex 19.9106 -9.81881 35.2
    endloop
  endfacet
  facet normal -0 0 1
    outer loop
      vertex 18.2065 -8.97846 35.2
      vertex 19.9106 -9.81881 35.2
      vertex 18.7548 -7.76847 35.2
    endloop
  endfacet
  facet normal 0 0 1
    outer loop
      vertex 19.9106 -9.81881 35.2
      vertex 18.2065 -8.97846 35.2
      vertex 19.2258 -11.1 35.2
    endloop
  endfacet
  facet normal -0 0 1
    outer loop
      vertex 17.5803 -10.15 35.2
      vertex 19.2258 -11.1 35.2
      vertex 18.2065 -8.97846 35.2
    endloop
  endfacet
  facet normal 0 0 1
    outer loop
      vertex 19.2258 -11.1 35.2
      vertex 17.5803 -10.15 35.2
      vertex 18.4586 -12.3337 35.2
    endloop
  endfacet
  facet normal -0 0 1
    outer loop
      vertex 16.8788 -11.2781 35.2
      vertex 18.4586 -12.3337 35.2
      vertex 17.5803 -10.15 35.2
    endloop
  endfacet
  facet normal 0 0 1
    outer loop
      vertex 18.4586 -12.3337 35.2
      vertex 16.8788 -11.2781 35.2
      vertex 17.6124 -13.5145 35.2
    endloop
  endfacet
  facet normal -0 0 1
    outer loop
      vertex 16.1051 -12.3579 35.2
      vertex 17.6124 -13.5145 35.2
      vertex 16.8788 -11.2781 35.2
    endloop
  endfacet
  facet normal 0 0 1
    outer loop
      vertex 17.6124 -13.5145 35.2
      vertex 16.1051 -12.3579 35.2
      vertex 16.6908 -14.6375 35.2
    endloop
  endfacet
  facet normal -0 0 1
    outer loop
      vertex 15.2623 -13.3847 35.2
      vertex 16.6908 -14.6375 35.2
      vertex 16.1051 -12.3579 35.2
    endloop
  endfacet
  facet normal 0 0 1
    outer loop
      vertex 16.6908 -14.6375 35.2
      vertex 15.2623 -13.3847 35.2
      vertex 15.6978 -15.6978 35.2
    endloop
  endfacet
  facet normal -0 0 1
    outer loop
      vertex 14.3543 -14.3543 35.2
      vertex 15.6978 -15.6978 35.2
      vertex 15.2623 -13.3847 35.2
    endloop
  endfacet
  facet normal 0 0 1
    outer loop
      vertex 15.6978 -15.6978 35.2
      vertex 14.3543 -14.3543 35.2
      vertex 14.6375 -16.6908 35.2
    endloop
  endfacet
  facet normal -0 0 1
    outer loop
      vertex 13.3847 -15.2623 35.2
      vertex 14.6375 -16.6908 35.2
      vertex 14.3543 -14.3543 35.2
    endloop
  endfacet
  facet normal 0 0 1
    outer loop
      vertex 14.6375 -16.6908 35.2
      vertex 13.3847 -15.2623 35.2
      vertex 13.5145 -17.6124 35.2
    endloop
  endfacet
  facet normal -0 0 1
    outer loop
      vertex 12.3579 -16.1051 35.2
      vertex 13.5145 -17.6124 35.2
      vertex 13.3847 -15.2623 35.2
    endloop
  endfacet
  facet normal 0 0 1
    outer loop
      vertex 12.3579 -16.1051 35.2
      vertex 12.3337 -18.4586 35.2
      vertex 13.5145 -17.6124 35.2
    endloop
  endfacet
  facet normal -0 0 1
    outer loop
      vertex 11.2781 -16.8788 35.2
      vertex 12.3337 -18.4586 35.2
      vertex 12.3579 -16.1051 35.2
    endloop
  endfacet
  facet normal 0 0 1
    outer loop
      vertex 11.2781 -16.8788 35.2
      vertex 11.1 -19.2258 35.2
      vertex 12.3337 -18.4586 35.2
    endloop
  endfacet
  facet normal -0 0 1
    outer loop
      vertex 10.15 -17.5803 35.2
      vertex 11.1 -19.2258 35.2
      vertex 11.2781 -16.8788 35.2
    endloop
  endfacet
  facet normal 0 0 1
    outer loop
      vertex 10.15 -17.5803 35.2
      vertex 9.81881 -19.9106 35.2
      vertex 11.1 -19.2258 35.2
    endloop
  endfacet
  facet normal -0 0 1
    outer loop
      vertex 8.97846 -18.2065 35.2
      vertex 9.81881 -19.9106 35.2
      vertex 10.15 -17.5803 35.2
    endloop
  endfacet
  facet normal 0 0 1
    outer loop
      vertex 8.97846 -18.2065 35.2
      vertex 8.49557 -20.5101 35.2
      vertex 9.81881 -19.9106 35.2
    endloop
  endfacet
  facet normal -0 0 1
    outer loop
      vertex 7.76847 -18.7548 35.2
      vertex 8.49557 -20.5101 35.2
      vertex 8.97846 -18.2065 35.2
    endloop
  endfacet
  facet normal 0 0 1
    outer loop
      vertex 7.76847 -18.7548 35.2
      vertex 7.13596 -21.0218 35.2
      vertex 8.49557 -20.5101 35.2
    endloop
  endfacet
  facet normal -0 0 1
    outer loop
      vertex 6.52522 -19.2227 35.2
      vertex 7.13596 -21.0218 35.2
      vertex 7.76847 -18.7548 35.2
    endloop
  endfacet
  facet normal 0 0 1
    outer loop
      vertex 6.52522 -19.2227 35.2
      vertex 5.74578 -21.4436 35.2
      vertex 7.13596 -21.0218 35.2
    endloop
  endfacet
  facet normal -0 0 1
    outer loop
      vertex 5.25403 -19.6083 35.2
      vertex 5.74578 -21.4436 35.2
      vertex 6.52522 -19.2227 35.2
    endloop
  endfacet
  facet normal 0 0 1
    outer loop
      vertex 5.25403 -19.6083 35.2
      vertex 4.33101 -21.7734 35.2
      vertex 5.74578 -21.4436 35.2
    endloop
  endfacet
  facet normal -0 0 1
    outer loop
      vertex 3.96033 -19.9099 35.2
      vertex 4.33101 -21.7734 35.2
      vertex 5.25403 -19.6083 35.2
    endloop
  endfacet
  facet normal 0 0 1
    outer loop
      vertex 3.96033 -19.9099 35.2
      vertex 2.89768 -22.0101 35.2
      vertex 4.33101 -21.7734 35.2
    endloop
  endfacet
  facet normal -0 0 1
    outer loop
      vertex 2.64968 -20.1263 35.2
      vertex 2.89768 -22.0101 35.2
      vertex 3.96033 -19.9099 35.2
    endloop
  endfacet
  facet normal 0 0 1
    outer loop
      vertex 2.89768 -22.0101 35.2
      vertex 2.64968 -20.1263 35.2
      vertex 2.72039 -22.0275 35.2
    endloop
  endfacet
  facet normal 0 0 1
    outer loop
      vertex 1.3 -27 35.2
      vertex 3.5 -27 35.2
      vertex 3.47006 -26.5432 35.2
    endloop
  endfacet
  facet normal 0 0 1
    outer loop
      vertex 3.5 -27 35.2
      vertex 1.3 -27 35.2
      vertex 3.47006 -27.4568 35.2
    endloop
  endfacet
  facet normal 0 0 1
    outer loop
      vertex 3.47006 -27.4568 35.2
      vertex 1.28888 -27.1697 35.2
      vertex 3.38074 -27.9059 35.2
    endloop
  endfacet
  facet normal -0 0 1
    outer loop
      vertex 1.2557 -27.3365 35.2
      vertex 3.38074 -27.9059 35.2
      vertex 1.28888 -27.1697 35.2
    endloop
  endfacet
  facet normal -0 0 1
    outer loop
      vertex 1.20104 -27.4975 35.2
      vertex 3.23358 -28.3394 35.2
      vertex 1.2557 -27.3365 35.2
    endloop
  endfacet
  facet normal 0 0 1
    outer loop
      vertex 1.28888 -26.8303 35.2
      vertex 3.47006 -26.5432 35.2
      vertex 2.72039 -22.0275 35.2
    endloop
  endfacet
  facet normal -0 0 1
    outer loop
      vertex 1.32768 -20.2565 35.2
      vertex 2.72039 -22.0275 35.2
      vertex 2.64968 -20.1263 35.2
    endloop
  endfacet
  facet normal 0 0 1
    outer loop
      vertex 3.47006 -27.4568 35.2
      vertex 1.3 -27 35.2
      vertex 1.28888 -27.1697 35.2
    endloop
  endfacet
  facet normal 0 0 1
    outer loop
      vertex 3.38074 -27.9059 35.2
      vertex 1.2557 -27.3365 35.2
      vertex 3.23358 -28.3394 35.2
    endloop
  endfacet
  facet normal 0 0 1
    outer loop
      vertex 3.23358 -28.3394 35.2
      vertex 1.20104 -27.4975 35.2
      vertex 3.03109 -28.75 35.2
    endloop
  endfacet
  facet normal -0 0 1
    outer loop
      vertex 1.12583 -27.65 35.2
      vertex 3.03109 -28.75 35.2
      vertex 1.20104 -27.4975 35.2
    endloop
  endfacet
  facet normal -0 0 1
    outer loop
      vertex 0 -20.3 35.2
      vertex 2.72039 -22.0275 35.2
      vertex 1.32768 -20.2565 35.2
    endloop
  endfacet
  facet normal 0 0 1
    outer loop
      vertex 3.03109 -28.75 35.2
      vertex 1.12583 -27.65 35.2
      vertex 2.77674 -29.1307 35.2
    endloop
  endfacet
  facet normal -0 0 1
    outer loop
      vertex 1.03136 -27.7914 35.2
      vertex 2.77674 -29.1307 35.2
      vertex 1.12583 -27.65 35.2
    endloop
  endfacet
  facet normal 0 0 1
    outer loop
      vertex 2.77674 -29.1307 35.2
      vertex 1.03136 -27.7914 35.2
      vertex 2.47487 -29.4749 35.2
    endloop
  endfacet
  facet normal -0 0 1
    outer loop
      vertex 0.919238 -27.9192 35.2
      vertex 2.47487 -29.4749 35.2
      vertex 1.03136 -27.7914 35.2
    endloop
  endfacet
  facet normal 0 0 1
    outer loop
      vertex 2.47487 -29.4749 35.2
      vertex 0.919238 -27.9192 35.2
      vertex 2.13066 -29.7767 35.2
    endloop
  endfacet
  facet normal -0 0 1
    outer loop
      vertex 0.791389 -28.0314 35.2
      vertex 2.13066 -29.7767 35.2
      vertex 0.919238 -27.9192 35.2
    endloop
  endfacet
  facet normal 0 0 1
    outer loop
      vertex 2.13066 -29.7767 35.2
      vertex 0.791389 -28.0314 35.2
      vertex 1.75 -30.0311 35.2
    endloop
  endfacet
  facet normal -0 0 1
    outer loop
      vertex 0.65 -28.1258 35.2
      vertex 1.75 -30.0311 35.2
      vertex 0.791389 -28.0314 35.2
    endloop
  endfacet
  facet normal 0 0 1
    outer loop
      vertex 1.75 -30.0311 35.2
      vertex 0.65 -28.1258 35.2
      vertex 1.33939 -30.2336 35.2
    endloop
  endfacet
  facet normal -0 0 1
    outer loop
      vertex 0.497488 -28.201 35.2
      vertex 1.33939 -30.2336 35.2
      vertex 0.65 -28.1258 35.2
    endloop
  endfacet
  facet normal 0 0 1
    outer loop
      vertex 1.33939 -30.2336 35.2
      vertex 0.497488 -28.201 35.2
      vertex 0.905867 -30.3807 35.2
    endloop
  endfacet
  facet normal -0 0 1
    outer loop
      vertex 0.336464 -28.2557 35.2
      vertex 0.905867 -30.3807 35.2
      vertex 0.497488 -28.201 35.2
    endloop
  endfacet
  facet normal 0 0 1
    outer loop
      vertex 0.905867 -30.3807 35.2
      vertex 0.336464 -28.2557 35.2
      vertex 0.456841 -30.4701 35.2
    endloop
  endfacet
  facet normal -0 0 1
    outer loop
      vertex 0.169683 -28.2889 35.2
      vertex 0.456841 -30.4701 35.2
      vertex 0.336464 -28.2557 35.2
    endloop
  endfacet
  facet normal -0 0 1
    outer loop
      vertex 0 -28.3 35.2
      vertex 0.456841 -30.4701 35.2
      vertex 0.169683 -28.2889 35.2
    endloop
  endfacet
  facet normal 0 0 1
    outer loop
      vertex 0 -28.3 35.2
      vertex 0 -30.5 35.2
      vertex 0.456841 -30.4701 35.2
    endloop
  endfacet
  facet normal 0 0 1
    outer loop
      vertex -0.169683 -28.2889 35.2
      vertex 0 -30.5 35.2
      vertex 0 -28.3 35.2
    endloop
  endfacet
  facet normal 0 0 1
    outer loop
      vertex -0.456841 -30.4701 35.2
      vertex -0.169683 -28.2889 35.2
      vertex -0.336464 -28.2557 35.2
    endloop
  endfacet
  facet normal 0 0 1
    outer loop
      vertex -0.169683 -28.2889 35.2
      vertex -0.456841 -30.4701 35.2
      vertex 0 -30.5 35.2
    endloop
  endfacet
  facet normal 0 0 1
    outer loop
      vertex -0.905867 -30.3807 35.2
      vertex -0.336464 -28.2557 35.2
      vertex -0.497488 -28.201 35.2
    endloop
  endfacet
  facet normal 0 0 1
    outer loop
      vertex -1.33939 -30.2336 35.2
      vertex -0.497488 -28.201 35.2
      vertex -0.65 -28.1258 35.2
    endloop
  endfacet
  facet normal 0 0 1
    outer loop
      vertex -1.75 -30.0311 35.2
      vertex -0.65 -28.1258 35.2
      vertex -0.791389 -28.0314 35.2
    endloop
  endfacet
  facet normal 0 0 1
    outer loop
      vertex -0.336464 -28.2557 35.2
      vertex -0.905867 -30.3807 35.2
      vertex -0.456841 -30.4701 35.2
    endloop
  endfacet
  facet normal 0 0 1
    outer loop
      vertex -2.13066 -29.7767 35.2
      vertex -0.791389 -28.0314 35.2
      vertex -0.919238 -27.9192 35.2
    endloop
  endfacet
  facet normal 0 0 1
    outer loop
      vertex -2.47487 -29.4749 35.2
      vertex -0.919238 -27.9192 35.2
      vertex -1.03136 -27.7914 35.2
    endloop
  endfacet
  facet normal 0 0 1
    outer loop
      vertex -2.77674 -29.1307 35.2
      vertex -1.03136 -27.7914 35.2
      vertex -1.12583 -27.65 35.2
    endloop
  endfacet
  facet normal 0 0 1
    outer loop
      vertex -3.03109 -28.75 35.2
      vertex -1.12583 -27.65 35.2
      vertex -1.20104 -27.4975 35.2
    endloop
  endfacet
  facet normal 0 0 1
    outer loop
      vertex -3.23358 -28.3394 35.2
      vertex -1.20104 -27.4975 35.2
      vertex -1.2557 -27.3365 35.2
    endloop
  endfacet
  facet normal 0 0 1
    outer loop
      vertex -3.38074 -27.9059 35.2
      vertex -1.2557 -27.3365 35.2
      vertex -1.28888 -27.1697 35.2
    endloop
  endfacet
  facet normal 0 0 1
    outer loop
      vertex -0.497488 -28.201 35.2
      vertex -1.33939 -30.2336 35.2
      vertex -0.905867 -30.3807 35.2
    endloop
  endfacet
  facet normal 0 0 1
    outer loop
      vertex -3.47006 -27.4568 35.2
      vertex -1.28888 -27.1697 35.2
      vertex -1.3 -27 35.2
    endloop
  endfacet
  facet normal 0 0 1
    outer loop
      vertex -1.2557 -26.6635 35.2
      vertex -3.47006 -26.5432 35.2
      vertex -1.28888 -26.8303 35.2
    endloop
  endfacet
  facet normal 0 0 1
    outer loop
      vertex -1.28888 -26.8303 35.2
      vertex -3.47006 -26.5432 35.2
      vertex -1.3 -27 35.2
    endloop
  endfacet
  facet normal 0 0 1
    outer loop
      vertex -0.65 -28.1258 35.2
      vertex -1.75 -30.0311 35.2
      vertex -1.33939 -30.2336 35.2
    endloop
  endfacet
  facet normal 0 0 1
    outer loop
      vertex -0.791389 -28.0314 35.2
      vertex -2.13066 -29.7767 35.2
      vertex -1.75 -30.0311 35.2
    endloop
  endfacet
  facet normal 0 0 1
    outer loop
      vertex -2.72039 -22.0275 35.2
      vertex -1.32768 -20.2565 35.2
      vertex -2.64968 -20.1263 35.2
    endloop
  endfacet
  facet normal 0 0 1
    outer loop
      vertex -3.5 -27 35.2
      vertex -1.3 -27 35.2
      vertex -3.47006 -26.5432 35.2
    endloop
  endfacet
  facet normal 0 0 1
    outer loop
      vertex -0.919238 -27.9192 35.2
      vertex -2.47487 -29.4749 35.2
      vertex -2.13066 -29.7767 35.2
    endloop
  endfacet
  facet normal 0 0 1
    outer loop
      vertex -1.03136 -27.7914 35.2
      vertex -2.77674 -29.1307 35.2
      vertex -2.47487 -29.4749 35.2
    endloop
  endfacet
  facet normal 0 0 1
    outer loop
      vertex -1.12583 -27.65 35.2
      vertex -3.03109 -28.75 35.2
      vertex -2.77674 -29.1307 35.2
    endloop
  endfacet
  facet normal 0 0 1
    outer loop
      vertex -1.20104 -27.4975 35.2
      vertex -3.23358 -28.3394 35.2
      vertex -3.03109 -28.75 35.2
    endloop
  endfacet
  facet normal 0 0 1
    outer loop
      vertex -1.2557 -27.3365 35.2
      vertex -3.38074 -27.9059 35.2
      vertex -3.23358 -28.3394 35.2
    endloop
  endfacet
  facet normal 0 0 1
    outer loop
      vertex -1.28888 -27.1697 35.2
      vertex -3.47006 -27.4568 35.2
      vertex -3.38074 -27.9059 35.2
    endloop
  endfacet
  facet normal 0 0 1
    outer loop
      vertex -1.3 -27 35.2
      vertex -3.5 -27 35.2
      vertex -3.47006 -27.4568 35.2
    endloop
  endfacet
  facet normal 0 0 1
    outer loop
      vertex -2.64968 -20.1263 35.2
      vertex -2.89768 -22.0101 35.2
      vertex -2.72039 -22.0275 35.2
    endloop
  endfacet
  facet normal 0 0 1
    outer loop
      vertex -3.96033 -19.9099 35.2
      vertex -2.89768 -22.0101 35.2
      vertex -2.64968 -20.1263 35.2
    endloop
  endfacet
  facet normal 0 0 1
    outer loop
      vertex -3.96033 -19.9099 35.2
      vertex -4.33101 -21.7734 35.2
      vertex -2.89768 -22.0101 35.2
    endloop
  endfacet
  facet normal 0 0 1
    outer loop
      vertex -5.25403 -19.6083 35.2
      vertex -4.33101 -21.7734 35.2
      vertex -3.96033 -19.9099 35.2
    endloop
  endfacet
  facet normal 0 0 1
    outer loop
      vertex -5.25403 -19.6083 35.2
      vertex -5.74578 -21.4436 35.2
      vertex -4.33101 -21.7734 35.2
    endloop
  endfacet
  facet normal 0 0 1
    outer loop
      vertex -6.52522 -19.2227 35.2
      vertex -5.74578 -21.4436 35.2
      vertex -5.25403 -19.6083 35.2
    endloop
  endfacet
  facet normal 0 0 1
    outer loop
      vertex -6.52522 -19.2227 35.2
      vertex -7.13596 -21.0218 35.2
      vertex -5.74578 -21.4436 35.2
    endloop
  endfacet
  facet normal 0 0 1
    outer loop
      vertex -7.76847 -18.7548 35.2
      vertex -7.13596 -21.0218 35.2
      vertex -6.52522 -19.2227 35.2
    endloop
  endfacet
  facet normal 0 0 1
    outer loop
      vertex -7.76847 -18.7548 35.2
      vertex -8.49557 -20.5101 35.2
      vertex -7.13596 -21.0218 35.2
    endloop
  endfacet
  facet normal 0 0 1
    outer loop
      vertex -8.97846 -18.2065 35.2
      vertex -8.49557 -20.5101 35.2
      vertex -7.76847 -18.7548 35.2
    endloop
  endfacet
  facet normal 0 0 1
    outer loop
      vertex -8.97846 -18.2065 35.2
      vertex -9.81881 -19.9106 35.2
      vertex -8.49557 -20.5101 35.2
    endloop
  endfacet
  facet normal 0 0 1
    outer loop
      vertex -10.15 -17.5803 35.2
      vertex -9.81881 -19.9106 35.2
      vertex -8.97846 -18.2065 35.2
    endloop
  endfacet
  facet normal 0 0 1
    outer loop
      vertex -10.15 -17.5803 35.2
      vertex -11.1 -19.2258 35.2
      vertex -9.81881 -19.9106 35.2
    endloop
  endfacet
  facet normal 0 0 1
    outer loop
      vertex -11.2781 -16.8788 35.2
      vertex -11.1 -19.2258 35.2
      vertex -10.15 -17.5803 35.2
    endloop
  endfacet
  facet normal 0 0 1
    outer loop
      vertex -11.2781 -16.8788 35.2
      vertex -12.3337 -18.4586 35.2
      vertex -11.1 -19.2258 35.2
    endloop
  endfacet
  facet normal 0 0 1
    outer loop
      vertex -12.3579 -16.1051 35.2
      vertex -12.3337 -18.4586 35.2
      vertex -11.2781 -16.8788 35.2
    endloop
  endfacet
  facet normal 0 0 1
    outer loop
      vertex -13.5145 -17.6124 35.2
      vertex -12.3579 -16.1051 35.2
      vertex -13.3847 -15.2623 35.2
    endloop
  endfacet
  facet normal 0 0 1
    outer loop
      vertex -12.3579 -16.1051 35.2
      vertex -13.5145 -17.6124 35.2
      vertex -12.3337 -18.4586 35.2
    endloop
  endfacet
  facet normal 0 0 1
    outer loop
      vertex -14.6375 -16.6908 35.2
      vertex -13.3847 -15.2623 35.2
      vertex -14.3543 -14.3543 35.2
    endloop
  endfacet
  facet normal 0 0 1
    outer loop
      vertex -13.3847 -15.2623 35.2
      vertex -14.6375 -16.6908 35.2
      vertex -13.5145 -17.6124 35.2
    endloop
  endfacet
  facet normal 0 0 1
    outer loop
      vertex -15.6978 -15.6978 35.2
      vertex -14.3543 -14.3543 35.2
      vertex -15.2623 -13.3847 35.2
    endloop
  endfacet
  facet normal 0 0 1
    outer loop
      vertex -14.3543 -14.3543 35.2
      vertex -15.6978 -15.6978 35.2
      vertex -14.6375 -16.6908 35.2
    endloop
  endfacet
  facet normal 0 0 1
    outer loop
      vertex -16.6908 -14.6375 35.2
      vertex -15.2623 -13.3847 35.2
      vertex -16.1051 -12.3579 35.2
    endloop
  endfacet
  facet normal 0 0 1
    outer loop
      vertex -15.2623 -13.3847 35.2
      vertex -16.6908 -14.6375 35.2
      vertex -15.6978 -15.6978 35.2
    endloop
  endfacet
  facet normal 0 0 1
    outer loop
      vertex -17.6124 -13.5145 35.2
      vertex -16.1051 -12.3579 35.2
      vertex -16.8788 -11.2781 35.2
    endloop
  endfacet
  facet normal 0 0 1
    outer loop
      vertex -18.4586 -12.3337 35.2
      vertex -16.8788 -11.2781 35.2
      vertex -17.5803 -10.15 35.2
    endloop
  endfacet
  facet normal 0 0 1
    outer loop
      vertex -16.1051 -12.3579 35.2
      vertex -17.6124 -13.5145 35.2
      vertex -16.6908 -14.6375 35.2
    endloop
  endfacet
  facet normal 0 0 1
    outer loop
      vertex -19.2258 -11.1 35.2
      vertex -17.5803 -10.15 35.2
      vertex -18.2065 -8.97846 35.2
    endloop
  endfacet
  facet normal 0 0 1
    outer loop
      vertex -16.8788 -11.2781 35.2
      vertex -18.4586 -12.3337 35.2
      vertex -17.6124 -13.5145 35.2
    endloop
  endfacet
  facet normal 0 0 1
    outer loop
      vertex -19.9106 -9.81881 35.2
      vertex -18.2065 -8.97846 35.2
      vertex -18.7548 -7.76847 35.2
    endloop
  endfacet
  facet normal 0 0 1
    outer loop
      vertex -20.5101 -8.49557 35.2
      vertex -18.7548 -7.76847 35.2
      vertex -19.2227 -6.52522 35.2
    endloop
  endfacet
  facet normal 0 0 1
    outer loop
      vertex -17.5803 -10.15 35.2
      vertex -19.2258 -11.1 35.2
      vertex -18.4586 -12.3337 35.2
    endloop
  endfacet
  facet normal 0 0 1
    outer loop
      vertex -21.0218 -7.13596 35.2
      vertex -19.2227 -6.52522 35.2
      vertex -19.6083 -5.25403 35.2
    endloop
  endfacet
  facet normal 0 0 1
    outer loop
      vertex -21.4436 -5.74578 35.2
      vertex -19.6083 -5.25403 35.2
      vertex -19.9099 -3.96033 35.2
    endloop
  endfacet
  facet normal 0 0 1
    outer loop
      vertex -18.2065 -8.97846 35.2
      vertex -19.9106 -9.81881 35.2
      vertex -19.2258 -11.1 35.2
    endloop
  endfacet
  facet normal 0 0 1
    outer loop
      vertex -21.7734 -4.33101 35.2
      vertex -19.9099 -3.96033 35.2
      vertex -20.1263 -2.64968 35.2
    endloop
  endfacet
  facet normal 0 0 1
    outer loop
      vertex -22.0101 -2.89768 35.2
      vertex -20.1263 -2.64968 35.2
      vertex -20.2565 -1.32768 35.2
    endloop
  endfacet
  facet normal -0 0 1
    outer loop
      vertex -21.7734 4.33101 35.2
      vertex -19.9099 3.96033 35.2
      vertex -21.4436 5.74578 35.2
    endloop
  endfacet
  facet normal 0 0 1
    outer loop
      vertex -18.7548 -7.76847 35.2
      vertex -20.5101 -8.49557 35.2
      vertex -19.9106 -9.81881 35.2
    endloop
  endfacet
  facet normal 0 0 1
    outer loop
      vertex -22.1525 -1.45195 35.2
      vertex -20.2565 -1.32768 35.2
      vertex -20.3 0 35.2
    endloop
  endfacet
  facet normal 0 0 1
    outer loop
      vertex -19.9099 3.96033 35.2
      vertex -21.7734 4.33101 35.2
      vertex -20.1263 2.64968 35.2
    endloop
  endfacet
  facet normal -0 0 1
    outer loop
      vertex -22.0101 2.89768 35.2
      vertex -20.1263 2.64968 35.2
      vertex -21.7734 4.33101 35.2
    endloop
  endfacet
  facet normal 0 0 1
    outer loop
      vertex -19.2227 -6.52522 35.2
      vertex -21.0218 -7.13596 35.2
      vertex -20.5101 -8.49557 35.2
    endloop
  endfacet
  facet normal 0 0 1
    outer loop
      vertex -20.1263 2.64968 35.2
      vertex -22.0101 2.89768 35.2
      vertex -20.2565 1.32768 35.2
    endloop
  endfacet
  facet normal 0 0 1
    outer loop
      vertex -19.6083 -5.25403 35.2
      vertex -21.4436 -5.74578 35.2
      vertex -21.0218 -7.13596 35.2
    endloop
  endfacet
  facet normal -0 0 1
    outer loop
      vertex -22.1525 1.45195 35.2
      vertex -20.2565 1.32768 35.2
      vertex -22.0101 2.89768 35.2
    endloop
  endfacet
  facet normal 0 0 1
    outer loop
      vertex -19.9099 -3.96033 35.2
      vertex -21.7734 -4.33101 35.2
      vertex -21.4436 -5.74578 35.2
    endloop
  endfacet
  facet normal 0 0 1
    outer loop
      vertex -20.2565 1.32768 35.2
      vertex -22.1525 1.45195 35.2
      vertex -20.3 0 35.2
    endloop
  endfacet
  facet normal 0 0 1
    outer loop
      vertex -20.1263 -2.64968 35.2
      vertex -22.0101 -2.89768 35.2
      vertex -21.7734 -4.33101 35.2
    endloop
  endfacet
  facet normal 0 0 1
    outer loop
      vertex -22.2 0 35.2
      vertex -20.3 0 35.2
      vertex -22.1525 1.45195 35.2
    endloop
  endfacet
  facet normal 0 0 1
    outer loop
      vertex -20.2565 -1.32768 35.2
      vertex -22.1525 -1.45195 35.2
      vertex -22.0101 -2.89768 35.2
    endloop
  endfacet
  facet normal 0 0 1
    outer loop
      vertex -20.3 0 35.2
      vertex -22.2 0 35.2
      vertex -22.1525 -1.45195 35.2
    endloop
  endfacet
  facet normal 0.7519 0.659278 0
    outer loop
      vertex 26.1594 15.6307 35.2
      vertex 25.8576 15.9749 0
      vertex 25.8576 15.9749 35.2
    endloop
  endfacet
  facet normal 0.7519 0.659278 0
    outer loop
      vertex 25.8576 15.9749 0
      vertex 26.1594 15.6307 35.2
      vertex 26.1594 15.6307 0
    endloop
  endfacet
  facet normal 0.831445 -0.555607 0
    outer loop
      vertex 26.1594 11.3693 35.2
      vertex 26.4138 11.75 0
      vertex 26.4138 11.75 35.2
    endloop
  endfacet
  facet normal 0.831445 -0.555607 0
    outer loop
      vertex 26.4138 11.75 0
      vertex 26.1594 11.3693 35.2
      vertex 26.1594 11.3693 0
    endloop
  endfacet
  facet normal 0.7519 -0.659278 0
    outer loop
      vertex 25.8576 11.0251 35.2
      vertex 26.1594 11.3693 0
      vertex 26.1594 11.3693 35.2
    endloop
  endfacet
  facet normal 0.7519 -0.659278 0
    outer loop
      vertex 26.1594 11.3693 0
      vertex 25.8576 11.0251 35.2
      vertex 25.8576 11.0251 0
    endloop
  endfacet
  facet normal -0.442314 0.89686 0
    outer loop
      vertex 22.0433 16.7336 0
      vertex 21.6327 16.5311 35.2
      vertex 22.0433 16.7336 35.2
    endloop
  endfacet
  facet normal -0.442314 0.89686 0
    outer loop
      vertex 21.6327 16.5311 35.2
      vertex 22.0433 16.7336 0
      vertex 21.6327 16.5311 0
    endloop
  endfacet
  facet normal 0.35141 -0.936222 0
    outer loop
      vertex 20.4366 8.65784 0
      vertex 24.7221 10.2664 35.2
      vertex 20.4366 8.65784 35.2
    endloop
  endfacet
  facet normal 0.35141 -0.936222 0
    outer loop
      vertex 24.7221 10.2664 35.2
      vertex 20.4366 8.65784 0
      vertex 24.7221 10.2664 0
    endloop
  endfacet
  facet normal 0.89686 0.442314 0
    outer loop
      vertex 26.6163 14.8394 35.2
      vertex 26.4138 15.25 0
      vertex 26.4138 15.25 35.2
    endloop
  endfacet
  facet normal 0.89686 0.442314 0
    outer loop
      vertex 26.4138 15.25 0
      vertex 26.6163 14.8394 35.2
      vertex 26.6163 14.8394 0
    endloop
  endfacet
  facet normal 0.442314 -0.89686 0
    outer loop
      vertex 24.7221 10.2664 0
      vertex 25.1327 10.4689 35.2
      vertex 24.7221 10.2664 35.2
    endloop
  endfacet
  facet normal 0.442314 -0.89686 0
    outer loop
      vertex 25.1327 10.4689 35.2
      vertex 24.7221 10.2664 0
      vertex 25.1327 10.4689 0
    endloop
  endfacet
  facet normal -0.635078 0.772448 0
    outer loop
      vertex 21.252 16.2767 0
      vertex 17.7162 13.3697 35.2
      vertex 21.252 16.2767 35.2
    endloop
  endfacet
  facet normal -0.635078 0.772448 0
    outer loop
      vertex 17.7162 13.3697 35.2
      vertex 21.252 16.2767 0
      vertex 17.7162 13.3697 0
    endloop
  endfacet
  facet normal 0.99785 -0.0655331 0
    outer loop
      vertex 26.8527 13.0432 35.2
      vertex 26.8827 13.5 0
      vertex 26.8827 13.5 35.2
    endloop
  endfacet
  facet normal 0.99785 -0.0655331 0
    outer loop
      vertex 26.8827 13.5 0
      vertex 26.8527 13.0432 35.2
      vertex 26.8527 13.0432 0
    endloop
  endfacet
  facet normal 0.555607 0.831445 -0
    outer loop
      vertex 25.5134 16.2767 0
      vertex 25.1327 16.5311 35.2
      vertex 25.5134 16.2767 35.2
    endloop
  endfacet
  facet normal 0.555607 0.831445 0
    outer loop
      vertex 25.1327 16.5311 35.2
      vertex 25.5134 16.2767 0
      vertex 25.1327 16.5311 0
    endloop
  endfacet
  facet normal -0.195276 0.980748 0
    outer loop
      vertex 22.9258 16.9701 0
      vertex 22.4768 16.8807 35.2
      vertex 22.9258 16.9701 35.2
    endloop
  endfacet
  facet normal -0.195276 0.980748 0
    outer loop
      vertex 22.4768 16.8807 35.2
      vertex 22.9258 16.9701 0
      vertex 22.4768 16.8807 0
    endloop
  endfacet
  facet normal 0.0653156 0.997865 -0
    outer loop
      vertex 23.8395 16.9701 0
      vertex 23.3827 17 35.2
      vertex 23.8395 16.9701 35.2
    endloop
  endfacet
  facet normal 0.0653156 0.997865 0
    outer loop
      vertex 23.3827 17 35.2
      vertex 23.8395 16.9701 0
      vertex 23.3827 17 0
    endloop
  endfacet
  facet normal -0.0653013 0.997866 0
    outer loop
      vertex 23.3827 17 0
      vertex 22.9258 16.9701 35.2
      vertex 23.3827 17 35.2
    endloop
  endfacet
  facet normal -0.0653013 0.997866 0
    outer loop
      vertex 22.9258 16.9701 35.2
      vertex 23.3827 17 0
      vertex 22.9258 16.9701 0
    endloop
  endfacet
  facet normal 0.195234 0.980757 -0
    outer loop
      vertex 24.2886 16.8807 0
      vertex 23.8395 16.9701 35.2
      vertex 24.2886 16.8807 35.2
    endloop
  endfacet
  facet normal 0.195234 0.980757 0
    outer loop
      vertex 23.8395 16.9701 35.2
      vertex 24.2886 16.8807 0
      vertex 23.8395 16.9701 0
    endloop
  endfacet
  facet normal 0.980798 0.195024 0
    outer loop
      vertex 26.8527 13.9568 35.2
      vertex 26.7634 14.4059 0
      vertex 26.7634 14.4059 35.2
    endloop
  endfacet
  facet normal 0.980798 0.195024 0
    outer loop
      vertex 26.7634 14.4059 0
      vertex 26.8527 13.9568 35.2
      vertex 26.8527 13.9568 0
    endloop
  endfacet
  facet normal 0.99785 0.0655331 0
    outer loop
      vertex 26.8827 13.5 35.2
      vertex 26.8527 13.9568 0
      vertex 26.8527 13.9568 35.2
    endloop
  endfacet
  facet normal 0.99785 0.0655331 0
    outer loop
      vertex 26.8527 13.9568 0
      vertex 26.8827 13.5 35.2
      vertex 26.8827 13.5 0
    endloop
  endfacet
  facet normal 0.946966 0.321335 0
    outer loop
      vertex 26.7634 14.4059 35.2
      vertex 26.6163 14.8394 0
      vertex 26.6163 14.8394 35.2
    endloop
  endfacet
  facet normal 0.946966 0.321335 0
    outer loop
      vertex 26.6163 14.8394 0
      vertex 26.7634 14.4059 35.2
      vertex 26.7634 14.4059 0
    endloop
  endfacet
  facet normal 0.831445 0.555607 0
    outer loop
      vertex 26.4138 15.25 35.2
      vertex 26.1594 15.6307 0
      vertex 26.1594 15.6307 35.2
    endloop
  endfacet
  facet normal 0.831445 0.555607 0
    outer loop
      vertex 26.1594 15.6307 0
      vertex 26.4138 15.25 35.2
      vertex 26.4138 15.25 0
    endloop
  endfacet
  facet normal 0.659278 0.7519 -0
    outer loop
      vertex 25.8576 15.9749 0
      vertex 25.5134 16.2767 35.2
      vertex 25.8576 15.9749 35.2
    endloop
  endfacet
  facet normal 0.659278 0.7519 0
    outer loop
      vertex 25.5134 16.2767 35.2
      vertex 25.8576 15.9749 0
      vertex 25.5134 16.2767 0
    endloop
  endfacet
  facet normal 0.89686 -0.442314 0
    outer loop
      vertex 26.4138 11.75 35.2
      vertex 26.6163 12.1606 0
      vertex 26.6163 12.1606 35.2
    endloop
  endfacet
  facet normal 0.89686 -0.442314 0
    outer loop
      vertex 26.6163 12.1606 0
      vertex 26.4138 11.75 35.2
      vertex 26.4138 11.75 0
    endloop
  endfacet
  facet normal 0.555607 -0.831445 0
    outer loop
      vertex 25.1327 10.4689 0
      vertex 25.5134 10.7233 35.2
      vertex 25.1327 10.4689 35.2
    endloop
  endfacet
  facet normal 0.555607 -0.831445 0
    outer loop
      vertex 25.5134 10.7233 35.2
      vertex 25.1327 10.4689 0
      vertex 25.5134 10.7233 0
    endloop
  endfacet
  facet normal 0.659278 -0.7519 0
    outer loop
      vertex 25.5134 10.7233 0
      vertex 25.8576 11.0251 35.2
      vertex 25.5134 10.7233 35.2
    endloop
  endfacet
  facet normal 0.659278 -0.7519 0
    outer loop
      vertex 25.8576 11.0251 35.2
      vertex 25.5134 10.7233 0
      vertex 25.8576 11.0251 0
    endloop
  endfacet
  facet normal 0.980798 -0.195024 0
    outer loop
      vertex 26.7634 12.5941 35.2
      vertex 26.8527 13.0432 0
      vertex 26.8527 13.0432 35.2
    endloop
  endfacet
  facet normal 0.980798 -0.195024 0
    outer loop
      vertex 26.8527 13.0432 0
      vertex 26.7634 12.5941 35.2
      vertex 26.7634 12.5941 0
    endloop
  endfacet
  facet normal -0.321335 0.946966 0
    outer loop
      vertex 22.4768 16.8807 0
      vertex 22.0433 16.7336 35.2
      vertex 22.4768 16.8807 35.2
    endloop
  endfacet
  facet normal -0.321335 0.946966 0
    outer loop
      vertex 22.0433 16.7336 35.2
      vertex 22.4768 16.8807 0
      vertex 22.0433 16.7336 0
    endloop
  endfacet
  facet normal 0.442314 0.89686 -0
    outer loop
      vertex 25.1327 16.5311 0
      vertex 24.7221 16.7336 35.2
      vertex 25.1327 16.5311 35.2
    endloop
  endfacet
  facet normal 0.442314 0.89686 0
    outer loop
      vertex 24.7221 16.7336 35.2
      vertex 25.1327 16.5311 0
      vertex 24.7221 16.7336 0
    endloop
  endfacet
  facet normal 0.321335 0.946966 -0
    outer loop
      vertex 24.7221 16.7336 0
      vertex 24.2886 16.8807 35.2
      vertex 24.7221 16.7336 35.2
    endloop
  endfacet
  facet normal 0.321335 0.946966 0
    outer loop
      vertex 24.2886 16.8807 35.2
      vertex 24.7221 16.7336 0
      vertex 24.2886 16.8807 0
    endloop
  endfacet
  facet normal -0.555607 0.831445 0
    outer loop
      vertex 21.6327 16.5311 0
      vertex 21.252 16.2767 35.2
      vertex 21.6327 16.5311 35.2
    endloop
  endfacet
  facet normal -0.555607 0.831445 0
    outer loop
      vertex 21.252 16.2767 35.2
      vertex 21.6327 16.5311 0
      vertex 21.252 16.2767 0
    endloop
  endfacet
  facet normal 0.946966 -0.321335 0
    outer loop
      vertex 26.6163 12.1606 35.2
      vertex 26.7634 12.5941 0
      vertex 26.7634 12.5941 35.2
    endloop
  endfacet
  facet normal 0.946966 -0.321335 0
    outer loop
      vertex 26.7634 12.5941 0
      vertex 26.6163 12.1606 35.2
      vertex 26.6163 12.1606 0
    endloop
  endfacet
  facet normal -0.32132 -0.946971 0
    outer loop
      vertex -1.33939 -30.2336 0
      vertex -0.905867 -30.3807 35.2
      vertex -1.33939 -30.2336 35.2
    endloop
  endfacet
  facet normal -0.32132 -0.946971 -0
    outer loop
      vertex -0.905867 -30.3807 35.2
      vertex -1.33939 -30.2336 0
      vertex -0.905867 -30.3807 0
    endloop
  endfacet
  facet normal -0.986498 0.163773 0
    outer loop
      vertex -3.47006 -26.5432 0
      vertex -2.72039 -22.0275 35.2
      vertex -2.72039 -22.0275 0
    endloop
  endfacet
  facet normal -0.986498 0.163773 0
    outer loop
      vertex -2.72039 -22.0275 35.2
      vertex -3.47006 -26.5432 0
      vertex -3.47006 -26.5432 35.2
    endloop
  endfacet
  facet normal -0.98079 -0.195066 0
    outer loop
      vertex -3.38074 -27.9059 0
      vertex -3.47006 -27.4568 35.2
      vertex -3.47006 -27.4568 0
    endloop
  endfacet
  facet normal -0.98079 -0.195066 0
    outer loop
      vertex -3.47006 -27.4568 35.2
      vertex -3.38074 -27.9059 0
      vertex -3.38074 -27.9059 35.2
    endloop
  endfacet
  facet normal -0.555647 -0.831418 0
    outer loop
      vertex -2.13066 -29.7767 0
      vertex -1.75 -30.0311 35.2
      vertex -2.13066 -29.7767 35.2
    endloop
  endfacet
  facet normal -0.555647 -0.831418 -0
    outer loop
      vertex -1.75 -30.0311 35.2
      vertex -2.13066 -29.7767 0
      vertex -1.75 -30.0311 0
    endloop
  endfacet
  facet normal -0.751824 -0.659364 0
    outer loop
      vertex -2.47487 -29.4749 0
      vertex -2.77674 -29.1307 35.2
      vertex -2.77674 -29.1307 0
    endloop
  endfacet
  facet normal -0.751824 -0.659364 0
    outer loop
      vertex -2.77674 -29.1307 35.2
      vertex -2.47487 -29.4749 0
      vertex -2.47487 -29.4749 35.2
    endloop
  endfacet
  facet normal 0.555647 -0.831418 0
    outer loop
      vertex 1.75 -30.0311 0
      vertex 2.13066 -29.7767 35.2
      vertex 1.75 -30.0311 35.2
    endloop
  endfacet
  facet normal 0.555647 -0.831418 0
    outer loop
      vertex 2.13066 -29.7767 35.2
      vertex 1.75 -30.0311 0
      vertex 2.13066 -29.7767 0
    endloop
  endfacet
  facet normal 0.986498 0.163773 0
    outer loop
      vertex 3.47006 -26.5432 35.2
      vertex 2.72039 -22.0275 0
      vertex 2.72039 -22.0275 35.2
    endloop
  endfacet
  facet normal 0.986498 0.163773 0
    outer loop
      vertex 2.72039 -22.0275 0
      vertex 3.47006 -26.5432 35.2
      vertex 3.47006 -26.5432 0
    endloop
  endfacet
  facet normal -0.946926 -0.321452 0
    outer loop
      vertex -3.23358 -28.3394 0
      vertex -3.38074 -27.9059 35.2
      vertex -3.38074 -27.9059 0
    endloop
  endfacet
  facet normal -0.946926 -0.321452 0
    outer loop
      vertex -3.38074 -27.9059 35.2
      vertex -3.23358 -28.3394 0
      vertex -3.23358 -28.3394 35.2
    endloop
  endfacet
  facet normal -0.997859 0.0654026 0
    outer loop
      vertex -3.5 -27 0
      vertex -3.47006 -26.5432 35.2
      vertex -3.47006 -26.5432 0
    endloop
  endfacet
  facet normal -0.997859 0.0654026 0
    outer loop
      vertex -3.47006 -26.5432 35.2
      vertex -3.5 -27 0
      vertex -3.5 -27 35.2
    endloop
  endfacet
  facet normal -0.659267 -0.751909 0
    outer loop
      vertex -2.47487 -29.4749 0
      vertex -2.13066 -29.7767 35.2
      vertex -2.47487 -29.4749 35.2
    endloop
  endfacet
  facet normal -0.659267 -0.751909 -0
    outer loop
      vertex -2.13066 -29.7767 35.2
      vertex -2.47487 -29.4749 0
      vertex -2.13066 -29.7767 0
    endloop
  endfacet
  facet normal -0.997859 -0.0654026 0
    outer loop
      vertex -3.47006 -27.4568 0
      vertex -3.5 -27 35.2
      vertex -3.5 -27 0
    endloop
  endfacet
  facet normal -0.997859 -0.0654026 0
    outer loop
      vertex -3.5 -27 35.2
      vertex -3.47006 -27.4568 0
      vertex -3.47006 -27.4568 35.2
    endloop
  endfacet
  facet normal 0.831495 -0.555532 0
    outer loop
      vertex 2.77674 -29.1307 35.2
      vertex 3.03109 -28.75 0
      vertex 3.03109 -28.75 35.2
    endloop
  endfacet
  facet normal 0.831495 -0.555532 0
    outer loop
      vertex 3.03109 -28.75 0
      vertex 2.77674 -29.1307 35.2
      vertex 2.77674 -29.1307 0
    endloop
  endfacet
  facet normal 0.946926 -0.321452 0
    outer loop
      vertex 3.23358 -28.3394 35.2
      vertex 3.38074 -27.9059 0
      vertex 3.38074 -27.9059 35.2
    endloop
  endfacet
  facet normal 0.946926 -0.321452 0
    outer loop
      vertex 3.38074 -27.9059 0
      vertex 3.23358 -28.3394 35.2
      vertex 3.23358 -28.3394 0
    endloop
  endfacet
  facet normal -0.831495 -0.555532 0
    outer loop
      vertex -2.77674 -29.1307 0
      vertex -3.03109 -28.75 35.2
      vertex -3.03109 -28.75 0
    endloop
  endfacet
  facet normal -0.831495 -0.555532 0
    outer loop
      vertex -3.03109 -28.75 35.2
      vertex -2.77674 -29.1307 0
      vertex -2.77674 -29.1307 35.2
    endloop
  endfacet
  facet normal -0.896869 -0.442297 0
    outer loop
      vertex -3.03109 -28.75 0
      vertex -3.23358 -28.3394 35.2
      vertex -3.23358 -28.3394 0
    endloop
  endfacet
  facet normal -0.896869 -0.442297 0
    outer loop
      vertex -3.23358 -28.3394 35.2
      vertex -3.03109 -28.75 0
      vertex -3.03109 -28.75 35.2
    endloop
  endfacet
  facet normal 0.896869 -0.442297 0
    outer loop
      vertex 3.03109 -28.75 35.2
      vertex 3.23358 -28.3394 0
      vertex 3.23358 -28.3394 35.2
    endloop
  endfacet
  facet normal 0.896869 -0.442297 0
    outer loop
      vertex 3.23358 -28.3394 0
      vertex 3.03109 -28.75 35.2
      vertex 3.03109 -28.75 0
    endloop
  endfacet
  facet normal -0.442305 -0.896864 0
    outer loop
      vertex -1.75 -30.0311 0
      vertex -1.33939 -30.2336 35.2
      vertex -1.75 -30.0311 35.2
    endloop
  endfacet
  facet normal -0.442305 -0.896864 -0
    outer loop
      vertex -1.33939 -30.2336 35.2
      vertex -1.75 -30.0311 0
      vertex -1.33939 -30.2336 0
    endloop
  endfacet
  facet normal 0.997859 -0.0654026 0
    outer loop
      vertex 3.47006 -27.4568 35.2
      vertex 3.5 -27 0
      vertex 3.5 -27 35.2
    endloop
  endfacet
  facet normal 0.997859 -0.0654026 0
    outer loop
      vertex 3.5 -27 0
      vertex 3.47006 -27.4568 35.2
      vertex 3.47006 -27.4568 0
    endloop
  endfacet
  facet normal 0.659267 -0.751909 0
    outer loop
      vertex 2.13066 -29.7767 0
      vertex 2.47487 -29.4749 35.2
      vertex 2.13066 -29.7767 35.2
    endloop
  endfacet
  facet normal 0.659267 -0.751909 0
    outer loop
      vertex 2.47487 -29.4749 35.2
      vertex 2.13066 -29.7767 0
      vertex 2.47487 -29.4749 0
    endloop
  endfacet
  facet normal 0.98079 -0.195066 0
    outer loop
      vertex 3.38074 -27.9059 35.2
      vertex 3.47006 -27.4568 0
      vertex 3.47006 -27.4568 35.2
    endloop
  endfacet
  facet normal 0.98079 -0.195066 0
    outer loop
      vertex 3.47006 -27.4568 0
      vertex 3.38074 -27.9059 35.2
      vertex 3.38074 -27.9059 0
    endloop
  endfacet
  facet normal -0.0653097 -0.997865 0
    outer loop
      vertex -0.456841 -30.4701 0
      vertex 0 -30.5 35.2
      vertex -0.456841 -30.4701 35.2
    endloop
  endfacet
  facet normal -0.0653097 -0.997865 -0
    outer loop
      vertex 0 -30.5 35.2
      vertex -0.456841 -30.4701 0
      vertex 0 -30.5 0
    endloop
  endfacet
  facet normal 0.0653097 -0.997865 0
    outer loop
      vertex 0 -30.5 0
      vertex 0.456841 -30.4701 35.2
      vertex 0 -30.5 35.2
    endloop
  endfacet
  facet normal 0.0653097 -0.997865 0
    outer loop
      vertex 0.456841 -30.4701 35.2
      vertex 0 -30.5 0
      vertex 0.456841 -30.4701 0
    endloop
  endfacet
  facet normal -0.195265 -0.980751 0
    outer loop
      vertex -0.905867 -30.3807 0
      vertex -0.456841 -30.4701 35.2
      vertex -0.905867 -30.3807 35.2
    endloop
  endfacet
  facet normal -0.195265 -0.980751 -0
    outer loop
      vertex -0.456841 -30.4701 35.2
      vertex -0.905867 -30.3807 0
      vertex -0.456841 -30.4701 0
    endloop
  endfacet
  facet normal 0.997859 0.0654026 0
    outer loop
      vertex 3.5 -27 35.2
      vertex 3.47006 -26.5432 0
      vertex 3.47006 -26.5432 35.2
    endloop
  endfacet
  facet normal 0.997859 0.0654026 0
    outer loop
      vertex 3.47006 -26.5432 0
      vertex 3.5 -27 35.2
      vertex 3.5 -27 0
    endloop
  endfacet
  facet normal 0.751824 -0.659364 0
    outer loop
      vertex 2.47487 -29.4749 35.2
      vertex 2.77674 -29.1307 0
      vertex 2.77674 -29.1307 35.2
    endloop
  endfacet
  facet normal 0.751824 -0.659364 0
    outer loop
      vertex 2.77674 -29.1307 0
      vertex 2.47487 -29.4749 35.2
      vertex 2.47487 -29.4749 0
    endloop
  endfacet
  facet normal 0.32132 -0.946971 0
    outer loop
      vertex 0.905867 -30.3807 0
      vertex 1.33939 -30.2336 35.2
      vertex 0.905867 -30.3807 35.2
    endloop
  endfacet
  facet normal 0.32132 -0.946971 0
    outer loop
      vertex 1.33939 -30.2336 35.2
      vertex 0.905867 -30.3807 0
      vertex 1.33939 -30.2336 0
    endloop
  endfacet
  facet normal 0.442305 -0.896864 0
    outer loop
      vertex 1.33939 -30.2336 0
      vertex 1.75 -30.0311 35.2
      vertex 1.33939 -30.2336 35.2
    endloop
  endfacet
  facet normal 0.442305 -0.896864 0
    outer loop
      vertex 1.75 -30.0311 35.2
      vertex 1.33939 -30.2336 0
      vertex 1.75 -30.0311 0
    endloop
  endfacet
  facet normal 0.195265 -0.980751 0
    outer loop
      vertex 0.456841 -30.4701 0
      vertex 0.905867 -30.3807 35.2
      vertex 0.456841 -30.4701 35.2
    endloop
  endfacet
  facet normal 0.195265 -0.980751 0
    outer loop
      vertex 0.905867 -30.3807 35.2
      vertex 0.456841 -30.4701 0
      vertex 0.905867 -30.3807 0
    endloop
  endfacet
  facet normal 0.0326971 0.999465 -0
    outer loop
      vertex 1.45195 22.1525 0
      vertex 0 22.2 25.2
      vertex 1.45195 22.1525 25.2
    endloop
  endfacet
  facet normal 0.0326971 0.999465 0
    outer loop
      vertex 0 22.2 25.2
      vertex 1.45195 22.1525 0
      vertex 0 22.2 0
    endloop
  endfacet
  facet normal -0.999465 -0.0326971 0
    outer loop
      vertex -22.1525 -1.45195 0
      vertex -22.2 0 35.2
      vertex -22.2 0 0
    endloop
  endfacet
  facet normal -0.999465 -0.0326971 0
    outer loop
      vertex -22.2 0 35.2
      vertex -22.1525 -1.45195 0
      vertex -22.1525 -1.45195 35.2
    endloop
  endfacet
  facet normal -0.995184 0.0980226 0
    outer loop
      vertex -22.1525 1.45195 0
      vertex -22.0101 2.89768 35.2
      vertex -22.0101 2.89768 0
    endloop
  endfacet
  facet normal -0.995184 0.0980226 0
    outer loop
      vertex -22.0101 2.89768 35.2
      vertex -22.1525 1.45195 0
      vertex -22.1525 1.45195 35.2
    endloop
  endfacet
  facet normal -0.999465 0.0326971 0
    outer loop
      vertex -22.2 0 0
      vertex -22.1525 1.45195 35.2
      vertex -22.1525 1.45195 0
    endloop
  endfacet
  facet normal -0.999465 0.0326971 0
    outer loop
      vertex -22.1525 1.45195 35.2
      vertex -22.2 0 0
      vertex -22.2 0 35.2
    endloop
  endfacet
  facet normal 0.935911 -0.352237 0
    outer loop
      vertex 20.5101 -8.49557 35.2
      vertex 21.0218 -7.13596 0
      vertex 21.0218 -7.13596 35.2
    endloop
  endfacet
  facet normal 0.935911 -0.352237 0
    outer loop
      vertex 21.0218 -7.13596 0
      vertex 20.5101 -8.49557 35.2
      vertex 20.5101 -8.49557 0
    endloop
  endfacet
  facet normal -0.634384 0.773018 0
    outer loop
      vertex -13.5145 17.6124 0
      vertex -14.6375 16.6908 35.2
      vertex -13.5145 17.6124 35.2
    endloop
  endfacet
  facet normal -0.634384 0.773018 0
    outer loop
      vertex -14.6375 16.6908 35.2
      vertex -13.5145 17.6124 0
      vertex -14.6375 16.6908 0
    endloop
  endfacet
  facet normal 0.528086 -0.849191 0
    outer loop
      vertex 11.1 -19.2258 0
      vertex 12.3337 -18.4586 35.2
      vertex 11.1 -19.2258 35.2
    endloop
  endfacet
  facet normal 0.528086 -0.849191 0
    outer loop
      vertex 12.3337 -18.4586 35.2
      vertex 11.1 -19.2258 0
      vertex 12.3337 -18.4586 0
    endloop
  endfacet
  facet normal 0.227025 0.973889 -0
    outer loop
      vertex 5.74578 21.4436 0
      vertex 4.33101 21.7734 35.2
      vertex 5.74578 21.4436 35.2
    endloop
  endfacet
  facet normal 0.227025 0.973889 0
    outer loop
      vertex 4.33101 21.7734 35.2
      vertex 5.74578 21.4436 0
      vertex 4.33101 21.7734 0
    endloop
  endfacet
  facet normal -0.412677 -0.910877 0
    outer loop
      vertex -9.81881 -19.9106 0
      vertex -8.49557 -20.5101 35.2
      vertex -9.81881 -19.9106 35.2
    endloop
  endfacet
  facet normal -0.412677 -0.910877 -0
    outer loop
      vertex -8.49557 -20.5101 35.2
      vertex -9.81881 -19.9106 0
      vertex -8.49557 -20.5101 0
    endloop
  endfacet
  facet normal 0.290344 -0.956922 0
    outer loop
      vertex 5.74578 -21.4436 0
      vertex 7.13596 -21.0218 35.2
      vertex 5.74578 -21.4436 35.2
    endloop
  endfacet
  facet normal 0.290344 -0.956922 0
    outer loop
      vertex 7.13596 -21.0218 35.2
      vertex 5.74578 -21.4436 0
      vertex 7.13596 -21.0218 0
    endloop
  endfacet
  facet normal -0.097675 -0.995218 0
    outer loop
      vertex -2.89768 -22.0101 0
      vertex -2.72039 -22.0275 35.2
      vertex -2.89768 -22.0101 35.2
    endloop
  endfacet
  facet normal -0.097675 -0.995218 -0
    outer loop
      vertex -2.72039 -22.0275 35.2
      vertex -2.89768 -22.0101 0
      vertex -2.72039 -22.0275 0
    endloop
  endfacet
  facet normal -0.290344 -0.956922 0
    outer loop
      vertex -7.13596 -21.0218 0
      vertex -5.74578 -21.4436 35.2
      vertex -7.13596 -21.0218 35.2
    endloop
  endfacet
  facet normal -0.290344 -0.956922 -0
    outer loop
      vertex -5.74578 -21.4436 35.2
      vertex -7.13596 -21.0218 0
      vertex -5.74578 -21.4436 0
    endloop
  endfacet
  facet normal 0.352237 -0.935911 0
    outer loop
      vertex 7.13596 -21.0218 0
      vertex 8.49557 -20.5101 35.2
      vertex 7.13596 -21.0218 35.2
    endloop
  endfacet
  facet normal 0.352237 -0.935911 0
    outer loop
      vertex 8.49557 -20.5101 35.2
      vertex 7.13596 -21.0218 0
      vertex 8.49557 -20.5101 0
    endloop
  endfacet
  facet normal -0.973889 -0.227025 0
    outer loop
      vertex -21.4436 -5.74578 0
      vertex -21.7734 -4.33101 35.2
      vertex -21.7734 -4.33101 0
    endloop
  endfacet
  facet normal -0.973889 -0.227025 0
    outer loop
      vertex -21.7734 -4.33101 35.2
      vertex -21.4436 -5.74578 0
      vertex -21.4436 -5.74578 35.2
    endloop
  endfacet
  facet normal 0.683563 0.729891 -0
    outer loop
      vertex 15.6978 15.6978 0
      vertex 14.6375 16.6908 35.2
      vertex 15.6978 15.6978 35.2
    endloop
  endfacet
  facet normal 0.683563 0.729891 0
    outer loop
      vertex 14.6375 16.6908 35.2
      vertex 15.6978 15.6978 0
      vertex 14.6375 16.6908 0
    endloop
  endfacet
  facet normal -0.162933 -0.986637 0
    outer loop
      vertex -4.33101 -21.7734 0
      vertex -2.89768 -22.0101 35.2
      vertex -4.33101 -21.7734 35.2
    endloop
  endfacet
  facet normal -0.162933 -0.986637 -0
    outer loop
      vertex -2.89768 -22.0101 35.2
      vertex -4.33101 -21.7734 0
      vertex -2.89768 -22.0101 0
    endloop
  endfacet
  facet normal 0.910914 0.412597 0
    outer loop
      vertex 20.5101 8.49557 35.2
      vertex 20.4366 8.65784 0
      vertex 20.4366 8.65784 35.2
    endloop
  endfacet
  facet normal 0.910914 0.412597 0
    outer loop
      vertex 20.4366 8.65784 0
      vertex 20.5101 8.49557 35.2
      vertex 20.5101 8.49557 0
    endloop
  endfacet
  facet normal 0.471391 -0.881924 0
    outer loop
      vertex 9.81881 -19.9106 0
      vertex 11.1 -19.2258 35.2
      vertex 9.81881 -19.9106 35.2
    endloop
  endfacet
  facet normal 0.471391 -0.881924 0
    outer loop
      vertex 11.1 -19.2258 35.2
      vertex 9.81881 -19.9106 0
      vertex 11.1 -19.2258 0
    endloop
  endfacet
  facet normal -0.528086 0.849191 0
    outer loop
      vertex -11.1 19.2258 0
      vertex -12.3337 18.4586 35.2
      vertex -11.1 19.2258 35.2
    endloop
  endfacet
  facet normal -0.528086 0.849191 0
    outer loop
      vertex -12.3337 18.4586 35.2
      vertex -11.1 19.2258 0
      vertex -12.3337 18.4586 0
    endloop
  endfacet
  facet normal 0.999465 0.0326971 0
    outer loop
      vertex 22.2 0 35.2
      vertex 22.1525 1.45195 0
      vertex 22.1525 1.45195 35.2
    endloop
  endfacet
  facet normal 0.999465 0.0326971 0
    outer loop
      vertex 22.1525 1.45195 0
      vertex 22.2 0 35.2
      vertex 22.2 0 0
    endloop
  endfacet
  facet normal -0.773018 -0.634384 0
    outer loop
      vertex -16.6908 -14.6375 0
      vertex -17.6124 -13.5145 35.2
      vertex -17.6124 -13.5145 0
    endloop
  endfacet
  facet normal -0.773018 -0.634384 0
    outer loop
      vertex -17.6124 -13.5145 35.2
      vertex -16.6908 -14.6375 0
      vertex -16.6908 -14.6375 35.2
    endloop
  endfacet
  facet normal 0.227025 -0.973889 0
    outer loop
      vertex 4.33101 -21.7734 0
      vertex 5.74578 -21.4436 35.2
      vertex 4.33101 -21.7734 35.2
    endloop
  endfacet
  facet normal 0.227025 -0.973889 0
    outer loop
      vertex 5.74578 -21.4436 35.2
      vertex 4.33101 -21.7734 0
      vertex 5.74578 -21.4436 0
    endloop
  endfacet
  facet normal -0.352237 0.935911 0
    outer loop
      vertex -7.13596 21.0218 0
      vertex -8.49557 20.5101 35.2
      vertex -7.13596 21.0218 35.2
    endloop
  endfacet
  facet normal -0.352237 0.935911 0
    outer loop
      vertex -8.49557 20.5101 35.2
      vertex -7.13596 21.0218 0
      vertex -8.49557 20.5101 0
    endloop
  endfacet
  facet normal 0.352237 0.935911 -0
    outer loop
      vertex 8.49557 20.5101 0
      vertex 7.13596 21.0218 35.2
      vertex 8.49557 20.5101 35.2
    endloop
  endfacet
  facet normal 0.352237 0.935911 0
    outer loop
      vertex 7.13596 21.0218 35.2
      vertex 8.49557 20.5101 0
      vertex 7.13596 21.0218 0
    endloop
  endfacet
  facet normal 0.812746 0.582618 0
    outer loop
      vertex 17.7162 13.3697 35.2
      vertex 17.6124 13.5145 0
      vertex 17.6124 13.5145 35.2
    endloop
  endfacet
  facet normal 0.812746 0.582618 0
    outer loop
      vertex 17.6124 13.5145 0
      vertex 17.7162 13.3697 35.2
      vertex 17.7162 13.3697 0
    endloop
  endfacet
  facet normal 0.956922 0.290344 0
    outer loop
      vertex 21.4436 5.74578 35.2
      vertex 21.0218 7.13596 0
      vertex 21.0218 7.13596 35.2
    endloop
  endfacet
  facet normal 0.956922 0.290344 0
    outer loop
      vertex 21.0218 7.13596 0
      vertex 21.4436 5.74578 35.2
      vertex 21.4436 5.74578 0
    endloop
  endfacet
  facet normal -0.956922 -0.290344 0
    outer loop
      vertex -21.0218 -7.13596 0
      vertex -21.4436 -5.74578 35.2
      vertex -21.4436 -5.74578 0
    endloop
  endfacet
  facet normal -0.956922 -0.290344 0
    outer loop
      vertex -21.4436 -5.74578 35.2
      vertex -21.0218 -7.13596 0
      vertex -21.0218 -7.13596 35.2
    endloop
  endfacet
  facet normal 0.729891 0.683563 0
    outer loop
      vertex 16.6908 14.6375 35.2
      vertex 15.6978 15.6978 0
      vertex 15.6978 15.6978 35.2
    endloop
  endfacet
  facet normal 0.729891 0.683563 0
    outer loop
      vertex 15.6978 15.6978 0
      vertex 16.6908 14.6375 35.2
      vertex 16.6908 14.6375 0
    endloop
  endfacet
  facet normal 0.729891 -0.683563 0
    outer loop
      vertex 15.6978 -15.6978 35.2
      vertex 16.6908 -14.6375 0
      vertex 16.6908 -14.6375 35.2
    endloop
  endfacet
  facet normal 0.729891 -0.683563 0
    outer loop
      vertex 16.6908 -14.6375 0
      vertex 15.6978 -15.6978 35.2
      vertex 15.6978 -15.6978 0
    endloop
  endfacet
  facet normal -0.995184 -0.0980226 0
    outer loop
      vertex -22.0101 -2.89768 0
      vertex -22.1525 -1.45195 35.2
      vertex -22.1525 -1.45195 0
    endloop
  endfacet
  facet normal -0.995184 -0.0980226 0
    outer loop
      vertex -22.1525 -1.45195 35.2
      vertex -22.0101 -2.89768 0
      vertex -22.0101 -2.89768 35.2
    endloop
  endfacet
  facet normal -0.812746 0.582618 0
    outer loop
      vertex -17.7162 13.3697 0
      vertex -17.6124 13.5145 35.2
      vertex -17.6124 13.5145 0
    endloop
  endfacet
  facet normal -0.812746 0.582618 0
    outer loop
      vertex -17.6124 13.5145 35.2
      vertex -17.7162 13.3697 0
      vertex -17.7162 13.3697 35.2
    endloop
  endfacet
  facet normal 0.163041 0.986619 0
    outer loop
      vertex 4.33101 21.7734 35.2
      vertex 4 21.8281 25.2
      vertex 4 21.8281 35.2
    endloop
  endfacet
  facet normal 0.163041 0.986619 -0
    outer loop
      vertex 4.33101 21.7734 0
      vertex 4 21.8281 25.2
      vertex 4.33101 21.7734 35.2
    endloop
  endfacet
  facet normal 0.162933 0.986637 -1.45002e-06
    outer loop
      vertex 2.89768 22.0101 0
      vertex 4 21.8281 25.2
      vertex 4.33101 21.7734 0
    endloop
  endfacet
  facet normal 0.162901 0.986642 0
    outer loop
      vertex 4 21.8281 25.2
      vertex 2.89768 22.0101 0
      vertex 2.89768 22.0101 25.2
    endloop
  endfacet
  facet normal 0.162933 -0.986637 0
    outer loop
      vertex 2.89768 -22.0101 0
      vertex 4.33101 -21.7734 35.2
      vertex 2.89768 -22.0101 35.2
    endloop
  endfacet
  facet normal 0.162933 -0.986637 0
    outer loop
      vertex 4.33101 -21.7734 35.2
      vertex 2.89768 -22.0101 0
      vertex 4.33101 -21.7734 0
    endloop
  endfacet
  facet normal -0.683563 0.729891 0
    outer loop
      vertex -14.6375 16.6908 0
      vertex -15.6978 15.6978 35.2
      vertex -14.6375 16.6908 35.2
    endloop
  endfacet
  facet normal -0.683563 0.729891 0
    outer loop
      vertex -15.6978 15.6978 35.2
      vertex -14.6375 16.6908 0
      vertex -15.6978 15.6978 0
    endloop
  endfacet
  facet normal -0.986637 -0.162933 0
    outer loop
      vertex -21.7734 -4.33101 0
      vertex -22.0101 -2.89768 35.2
      vertex -22.0101 -2.89768 0
    endloop
  endfacet
  facet normal -0.986637 -0.162933 0
    outer loop
      vertex -22.0101 -2.89768 35.2
      vertex -21.7734 -4.33101 0
      vertex -21.7734 -4.33101 35.2
    endloop
  endfacet
  facet normal 0.412677 0.910877 -0
    outer loop
      vertex 9.81881 19.9106 0
      vertex 8.49557 20.5101 35.2
      vertex 9.81881 19.9106 35.2
    endloop
  endfacet
  facet normal 0.412677 0.910877 0
    outer loop
      vertex 8.49557 20.5101 35.2
      vertex 9.81881 19.9106 0
      vertex 8.49557 20.5101 0
    endloop
  endfacet
  facet normal -0.729891 0.683563 0
    outer loop
      vertex -16.6908 14.6375 0
      vertex -15.6978 15.6978 35.2
      vertex -15.6978 15.6978 0
    endloop
  endfacet
  facet normal -0.729891 0.683563 0
    outer loop
      vertex -15.6978 15.6978 35.2
      vertex -16.6908 14.6375 0
      vertex -16.6908 14.6375 35.2
    endloop
  endfacet
  facet normal -0.956922 0.290344 0
    outer loop
      vertex -21.4436 5.74578 0
      vertex -21.0218 7.13596 35.2
      vertex -21.0218 7.13596 0
    endloop
  endfacet
  facet normal -0.956922 0.290344 0
    outer loop
      vertex -21.0218 7.13596 35.2
      vertex -21.4436 5.74578 0
      vertex -21.4436 5.74578 35.2
    endloop
  endfacet
  facet normal -0.849191 -0.528086 0
    outer loop
      vertex -18.4586 -12.3337 0
      vertex -19.2258 -11.1 35.2
      vertex -19.2258 -11.1 0
    endloop
  endfacet
  facet normal -0.849191 -0.528086 0
    outer loop
      vertex -19.2258 -11.1 35.2
      vertex -18.4586 -12.3337 0
      vertex -18.4586 -12.3337 35.2
    endloop
  endfacet
  facet normal -0.910914 0.412597 0
    outer loop
      vertex -20.5101 8.49557 0
      vertex -20.4366 8.65784 35.2
      vertex -20.4366 8.65784 0
    endloop
  endfacet
  facet normal -0.910914 0.412597 0
    outer loop
      vertex -20.4366 8.65784 35.2
      vertex -20.5101 8.49557 0
      vertex -20.5101 8.49557 35.2
    endloop
  endfacet
  facet normal 0.634384 -0.773018 0
    outer loop
      vertex 13.5145 -17.6124 0
      vertex 14.6375 -16.6908 35.2
      vertex 13.5145 -17.6124 35.2
    endloop
  endfacet
  facet normal 0.634384 -0.773018 0
    outer loop
      vertex 14.6375 -16.6908 35.2
      vertex 13.5145 -17.6124 0
      vertex 14.6375 -16.6908 0
    endloop
  endfacet
  facet normal -0.0980226 0.995184 0
    outer loop
      vertex -1.45195 22.1525 0
      vertex -2.89768 22.0101 25.2
      vertex -1.45195 22.1525 25.2
    endloop
  endfacet
  facet normal -0.0980226 0.995184 0
    outer loop
      vertex -2.89768 22.0101 25.2
      vertex -1.45195 22.1525 0
      vertex -2.89768 22.0101 0
    endloop
  endfacet
  facet normal -0.773018 0.634384 0
    outer loop
      vertex -17.6124 13.5145 0
      vertex -16.6908 14.6375 35.2
      vertex -16.6908 14.6375 0
    endloop
  endfacet
  facet normal -0.773018 0.634384 0
    outer loop
      vertex -16.6908 14.6375 35.2
      vertex -17.6124 13.5145 0
      vertex -17.6124 13.5145 35.2
    endloop
  endfacet
  facet normal 0.683563 -0.729891 0
    outer loop
      vertex 14.6375 -16.6908 0
      vertex 15.6978 -15.6978 35.2
      vertex 14.6375 -16.6908 35.2
    endloop
  endfacet
  facet normal 0.683563 -0.729891 0
    outer loop
      vertex 15.6978 -15.6978 35.2
      vertex 14.6375 -16.6908 0
      vertex 15.6978 -15.6978 0
    endloop
  endfacet
  facet normal 0.935911 0.352237 0
    outer loop
      vertex 21.0218 7.13596 35.2
      vertex 20.5101 8.49557 0
      vertex 20.5101 8.49557 35.2
    endloop
  endfacet
  facet normal 0.935911 0.352237 0
    outer loop
      vertex 20.5101 8.49557 0
      vertex 21.0218 7.13596 35.2
      vertex 21.0218 7.13596 0
    endloop
  endfacet
  facet normal 0.973889 -0.227025 0
    outer loop
      vertex 21.4436 -5.74578 35.2
      vertex 21.7734 -4.33101 0
      vertex 21.7734 -4.33101 35.2
    endloop
  endfacet
  facet normal 0.973889 -0.227025 0
    outer loop
      vertex 21.7734 -4.33101 0
      vertex 21.4436 -5.74578 35.2
      vertex 21.4436 -5.74578 0
    endloop
  endfacet
  facet normal 0.986637 -0.162933 0
    outer loop
      vertex 21.7734 -4.33101 35.2
      vertex 22.0101 -2.89768 0
      vertex 22.0101 -2.89768 35.2
    endloop
  endfacet
  facet normal 0.986637 -0.162933 0
    outer loop
      vertex 22.0101 -2.89768 0
      vertex 21.7734 -4.33101 35.2
      vertex 21.7734 -4.33101 0
    endloop
  endfacet
  facet normal -0.0326971 0.999465 0
    outer loop
      vertex 0 22.2 0
      vertex -1.45195 22.1525 25.2
      vertex 0 22.2 25.2
    endloop
  endfacet
  facet normal -0.0326971 0.999465 0
    outer loop
      vertex -1.45195 22.1525 25.2
      vertex 0 22.2 0
      vertex -1.45195 22.1525 0
    endloop
  endfacet
  facet normal -0.352237 -0.935911 0
    outer loop
      vertex -8.49557 -20.5101 0
      vertex -7.13596 -21.0218 35.2
      vertex -8.49557 -20.5101 35.2
    endloop
  endfacet
  facet normal -0.352237 -0.935911 -0
    outer loop
      vertex -7.13596 -21.0218 35.2
      vertex -8.49557 -20.5101 0
      vertex -7.13596 -21.0218 0
    endloop
  endfacet
  facet normal -0.582501 -0.81283 0
    outer loop
      vertex -13.5145 -17.6124 0
      vertex -12.3337 -18.4586 35.2
      vertex -13.5145 -17.6124 35.2
    endloop
  endfacet
  facet normal -0.582501 -0.81283 -0
    outer loop
      vertex -12.3337 -18.4586 35.2
      vertex -13.5145 -17.6124 0
      vertex -12.3337 -18.4586 0
    endloop
  endfacet
  facet normal -0.582501 0.81283 0
    outer loop
      vertex -12.3337 18.4586 0
      vertex -13.5145 17.6124 35.2
      vertex -12.3337 18.4586 35.2
    endloop
  endfacet
  facet normal -0.582501 0.81283 0
    outer loop
      vertex -13.5145 17.6124 35.2
      vertex -12.3337 18.4586 0
      vertex -13.5145 17.6124 0
    endloop
  endfacet
  facet normal 0.881924 -0.471391 0
    outer loop
      vertex 19.2258 -11.1 35.2
      vertex 19.9106 -9.81881 0
      vertex 19.9106 -9.81881 35.2
    endloop
  endfacet
  facet normal 0.881924 -0.471391 0
    outer loop
      vertex 19.9106 -9.81881 0
      vertex 19.2258 -11.1 35.2
      vertex 19.2258 -11.1 0
    endloop
  endfacet
  facet normal -0.162901 0.986642 0
    outer loop
      vertex -2.89768 22.0101 25.2
      vertex -2.89768 22.0101 0
      vertex -4 21.8281 25.2
    endloop
  endfacet
  facet normal -0.163041 0.986619 0
    outer loop
      vertex -4 21.8281 25.2
      vertex -4.33101 21.7734 35.2
      vertex -4 21.8281 35.2
    endloop
  endfacet
  facet normal -0.163041 0.986619 0
    outer loop
      vertex -4 21.8281 25.2
      vertex -4.33101 21.7734 0
      vertex -4.33101 21.7734 35.2
    endloop
  endfacet
  facet normal -0.162933 0.986637 -1.45002e-06
    outer loop
      vertex -4.33101 21.7734 0
      vertex -4 21.8281 25.2
      vertex -2.89768 22.0101 0
    endloop
  endfacet
  facet normal -0.910877 -0.412677 0
    outer loop
      vertex -19.9106 -9.81881 0
      vertex -20.5101 -8.49557 35.2
      vertex -20.5101 -8.49557 0
    endloop
  endfacet
  facet normal -0.910877 -0.412677 0
    outer loop
      vertex -20.5101 -8.49557 35.2
      vertex -19.9106 -9.81881 0
      vertex -19.9106 -9.81881 35.2
    endloop
  endfacet
  facet normal -0.290344 0.956922 0
    outer loop
      vertex -5.74578 21.4436 0
      vertex -7.13596 21.0218 35.2
      vertex -5.74578 21.4436 35.2
    endloop
  endfacet
  facet normal -0.290344 0.956922 0
    outer loop
      vertex -7.13596 21.0218 35.2
      vertex -5.74578 21.4436 0
      vertex -7.13596 21.0218 0
    endloop
  endfacet
  facet normal 0.81283 -0.582501 0
    outer loop
      vertex 17.6124 -13.5145 35.2
      vertex 18.4586 -12.3337 0
      vertex 18.4586 -12.3337 35.2
    endloop
  endfacet
  facet normal 0.81283 -0.582501 0
    outer loop
      vertex 18.4586 -12.3337 0
      vertex 17.6124 -13.5145 35.2
      vertex 17.6124 -13.5145 0
    endloop
  endfacet
  facet normal -0.412677 0.910877 0
    outer loop
      vertex -8.49557 20.5101 0
      vertex -9.81881 19.9106 35.2
      vertex -8.49557 20.5101 35.2
    endloop
  endfacet
  facet normal -0.412677 0.910877 0
    outer loop
      vertex -9.81881 19.9106 35.2
      vertex -8.49557 20.5101 0
      vertex -9.81881 19.9106 0
    endloop
  endfacet
  facet normal 0.986637 0.162933 0
    outer loop
      vertex 22.0101 2.89768 35.2
      vertex 21.7734 4.33101 0
      vertex 21.7734 4.33101 35.2
    endloop
  endfacet
  facet normal 0.986637 0.162933 0
    outer loop
      vertex 21.7734 4.33101 0
      vertex 22.0101 2.89768 35.2
      vertex 22.0101 2.89768 0
    endloop
  endfacet
  facet normal -0.935911 -0.352237 0
    outer loop
      vertex -20.5101 -8.49557 0
      vertex -21.0218 -7.13596 35.2
      vertex -21.0218 -7.13596 0
    endloop
  endfacet
  facet normal -0.935911 -0.352237 0
    outer loop
      vertex -21.0218 -7.13596 35.2
      vertex -20.5101 -8.49557 0
      vertex -20.5101 -8.49557 35.2
    endloop
  endfacet
  facet normal -0.227025 0.973889 0
    outer loop
      vertex -4.33101 21.7734 0
      vertex -5.74578 21.4436 35.2
      vertex -4.33101 21.7734 35.2
    endloop
  endfacet
  facet normal -0.227025 0.973889 0
    outer loop
      vertex -5.74578 21.4436 35.2
      vertex -4.33101 21.7734 0
      vertex -5.74578 21.4436 0
    endloop
  endfacet
  facet normal -0.81283 -0.582501 0
    outer loop
      vertex -17.6124 -13.5145 0
      vertex -18.4586 -12.3337 35.2
      vertex -18.4586 -12.3337 0
    endloop
  endfacet
  facet normal -0.81283 -0.582501 0
    outer loop
      vertex -18.4586 -12.3337 35.2
      vertex -17.6124 -13.5145 0
      vertex -17.6124 -13.5145 35.2
    endloop
  endfacet
  facet normal 0.773018 -0.634384 0
    outer loop
      vertex 16.6908 -14.6375 35.2
      vertex 17.6124 -13.5145 0
      vertex 17.6124 -13.5145 35.2
    endloop
  endfacet
  facet normal 0.773018 -0.634384 0
    outer loop
      vertex 17.6124 -13.5145 0
      vertex 16.6908 -14.6375 35.2
      vertex 16.6908 -14.6375 0
    endloop
  endfacet
  facet normal 0.412677 -0.910877 0
    outer loop
      vertex 8.49557 -20.5101 0
      vertex 9.81881 -19.9106 35.2
      vertex 8.49557 -20.5101 35.2
    endloop
  endfacet
  facet normal 0.412677 -0.910877 0
    outer loop
      vertex 9.81881 -19.9106 35.2
      vertex 8.49557 -20.5101 0
      vertex 9.81881 -19.9106 0
    endloop
  endfacet
  facet normal 0.849191 -0.528086 0
    outer loop
      vertex 18.4586 -12.3337 35.2
      vertex 19.2258 -11.1 0
      vertex 19.2258 -11.1 35.2
    endloop
  endfacet
  facet normal 0.849191 -0.528086 0
    outer loop
      vertex 19.2258 -11.1 0
      vertex 18.4586 -12.3337 35.2
      vertex 18.4586 -12.3337 0
    endloop
  endfacet
  facet normal -0.634384 -0.773018 0
    outer loop
      vertex -14.6375 -16.6908 0
      vertex -13.5145 -17.6124 35.2
      vertex -14.6375 -16.6908 35.2
    endloop
  endfacet
  facet normal -0.634384 -0.773018 -0
    outer loop
      vertex -13.5145 -17.6124 35.2
      vertex -14.6375 -16.6908 0
      vertex -13.5145 -17.6124 0
    endloop
  endfacet
  facet normal -0.973889 0.227025 0
    outer loop
      vertex -21.7734 4.33101 0
      vertex -21.4436 5.74578 35.2
      vertex -21.4436 5.74578 0
    endloop
  endfacet
  facet normal -0.973889 0.227025 0
    outer loop
      vertex -21.4436 5.74578 35.2
      vertex -21.7734 4.33101 0
      vertex -21.7734 4.33101 35.2
    endloop
  endfacet
  facet normal -0.935911 0.352237 0
    outer loop
      vertex -21.0218 7.13596 0
      vertex -20.5101 8.49557 35.2
      vertex -20.5101 8.49557 0
    endloop
  endfacet
  facet normal -0.935911 0.352237 0
    outer loop
      vertex -20.5101 8.49557 35.2
      vertex -21.0218 7.13596 0
      vertex -21.0218 7.13596 35.2
    endloop
  endfacet
  facet normal 0.582501 0.81283 -0
    outer loop
      vertex 13.5145 17.6124 0
      vertex 12.3337 18.4586 35.2
      vertex 13.5145 17.6124 35.2
    endloop
  endfacet
  facet normal 0.582501 0.81283 0
    outer loop
      vertex 12.3337 18.4586 35.2
      vertex 13.5145 17.6124 0
      vertex 12.3337 18.4586 0
    endloop
  endfacet
  facet normal -0.986637 0.162933 0
    outer loop
      vertex -22.0101 2.89768 0
      vertex -21.7734 4.33101 35.2
      vertex -21.7734 4.33101 0
    endloop
  endfacet
  facet normal -0.986637 0.162933 0
    outer loop
      vertex -21.7734 4.33101 35.2
      vertex -22.0101 2.89768 0
      vertex -22.0101 2.89768 35.2
    endloop
  endfacet
  facet normal -0.227025 -0.973889 0
    outer loop
      vertex -5.74578 -21.4436 0
      vertex -4.33101 -21.7734 35.2
      vertex -5.74578 -21.4436 35.2
    endloop
  endfacet
  facet normal -0.227025 -0.973889 -0
    outer loop
      vertex -4.33101 -21.7734 35.2
      vertex -5.74578 -21.4436 0
      vertex -4.33101 -21.7734 0
    endloop
  endfacet
  facet normal 0.956922 -0.290344 0
    outer loop
      vertex 21.0218 -7.13596 35.2
      vertex 21.4436 -5.74578 0
      vertex 21.4436 -5.74578 35.2
    endloop
  endfacet
  facet normal 0.956922 -0.290344 0
    outer loop
      vertex 21.4436 -5.74578 0
      vertex 21.0218 -7.13596 35.2
      vertex 21.0218 -7.13596 0
    endloop
  endfacet
  facet normal -0.471391 0.881924 0
    outer loop
      vertex -9.81881 19.9106 0
      vertex -11.1 19.2258 35.2
      vertex -9.81881 19.9106 35.2
    endloop
  endfacet
  facet normal -0.471391 0.881924 0
    outer loop
      vertex -11.1 19.2258 35.2
      vertex -9.81881 19.9106 0
      vertex -11.1 19.2258 0
    endloop
  endfacet
  facet normal -0.528086 -0.849191 0
    outer loop
      vertex -12.3337 -18.4586 0
      vertex -11.1 -19.2258 35.2
      vertex -12.3337 -18.4586 35.2
    endloop
  endfacet
  facet normal -0.528086 -0.849191 -0
    outer loop
      vertex -11.1 -19.2258 35.2
      vertex -12.3337 -18.4586 0
      vertex -11.1 -19.2258 0
    endloop
  endfacet
  facet normal 0.0980226 0.995184 -0
    outer loop
      vertex 2.89768 22.0101 0
      vertex 1.45195 22.1525 25.2
      vertex 2.89768 22.0101 25.2
    endloop
  endfacet
  facet normal 0.0980226 0.995184 0
    outer loop
      vertex 1.45195 22.1525 25.2
      vertex 2.89768 22.0101 0
      vertex 1.45195 22.1525 0
    endloop
  endfacet
  facet normal 0.528086 0.849191 -0
    outer loop
      vertex 12.3337 18.4586 0
      vertex 11.1 19.2258 35.2
      vertex 12.3337 18.4586 35.2
    endloop
  endfacet
  facet normal 0.528086 0.849191 0
    outer loop
      vertex 11.1 19.2258 35.2
      vertex 12.3337 18.4586 0
      vertex 11.1 19.2258 0
    endloop
  endfacet
  facet normal 0.290344 0.956922 -0
    outer loop
      vertex 7.13596 21.0218 0
      vertex 5.74578 21.4436 35.2
      vertex 7.13596 21.0218 35.2
    endloop
  endfacet
  facet normal 0.290344 0.956922 0
    outer loop
      vertex 5.74578 21.4436 35.2
      vertex 7.13596 21.0218 0
      vertex 5.74578 21.4436 0
    endloop
  endfacet
  facet normal 0.973889 0.227025 0
    outer loop
      vertex 21.7734 4.33101 35.2
      vertex 21.4436 5.74578 0
      vertex 21.4436 5.74578 35.2
    endloop
  endfacet
  facet normal 0.973889 0.227025 0
    outer loop
      vertex 21.4436 5.74578 0
      vertex 21.7734 4.33101 35.2
      vertex 21.7734 4.33101 0
    endloop
  endfacet
  facet normal -0.881924 -0.471391 0
    outer loop
      vertex -19.2258 -11.1 0
      vertex -19.9106 -9.81881 35.2
      vertex -19.9106 -9.81881 0
    endloop
  endfacet
  facet normal -0.881924 -0.471391 0
    outer loop
      vertex -19.9106 -9.81881 35.2
      vertex -19.2258 -11.1 0
      vertex -19.2258 -11.1 35.2
    endloop
  endfacet
  facet normal 0.995184 -0.0980226 0
    outer loop
      vertex 22.0101 -2.89768 35.2
      vertex 22.1525 -1.45195 0
      vertex 22.1525 -1.45195 35.2
    endloop
  endfacet
  facet normal 0.995184 -0.0980226 0
    outer loop
      vertex 22.1525 -1.45195 0
      vertex 22.0101 -2.89768 35.2
      vertex 22.0101 -2.89768 0
    endloop
  endfacet
  facet normal 0.999465 -0.0326971 0
    outer loop
      vertex 22.1525 -1.45195 35.2
      vertex 22.2 0 0
      vertex 22.2 0 35.2
    endloop
  endfacet
  facet normal 0.999465 -0.0326971 0
    outer loop
      vertex 22.2 0 0
      vertex 22.1525 -1.45195 35.2
      vertex 22.1525 -1.45195 0
    endloop
  endfacet
  facet normal -0.471391 -0.881924 0
    outer loop
      vertex -11.1 -19.2258 0
      vertex -9.81881 -19.9106 35.2
      vertex -11.1 -19.2258 35.2
    endloop
  endfacet
  facet normal -0.471391 -0.881924 -0
    outer loop
      vertex -9.81881 -19.9106 35.2
      vertex -11.1 -19.2258 0
      vertex -9.81881 -19.9106 0
    endloop
  endfacet
  facet normal 0.097675 -0.995218 0
    outer loop
      vertex 2.72039 -22.0275 0
      vertex 2.89768 -22.0101 35.2
      vertex 2.72039 -22.0275 35.2
    endloop
  endfacet
  facet normal 0.097675 -0.995218 0
    outer loop
      vertex 2.89768 -22.0101 35.2
      vertex 2.72039 -22.0275 0
      vertex 2.89768 -22.0101 0
    endloop
  endfacet
  facet normal 0.773018 0.634384 0
    outer loop
      vertex 17.6124 13.5145 35.2
      vertex 16.6908 14.6375 0
      vertex 16.6908 14.6375 35.2
    endloop
  endfacet
  facet normal 0.773018 0.634384 0
    outer loop
      vertex 16.6908 14.6375 0
      vertex 17.6124 13.5145 35.2
      vertex 17.6124 13.5145 0
    endloop
  endfacet
  facet normal 0.995184 0.0980226 0
    outer loop
      vertex 22.1525 1.45195 35.2
      vertex 22.0101 2.89768 0
      vertex 22.0101 2.89768 35.2
    endloop
  endfacet
  facet normal 0.995184 0.0980226 0
    outer loop
      vertex 22.0101 2.89768 0
      vertex 22.1525 1.45195 35.2
      vertex 22.1525 1.45195 0
    endloop
  endfacet
  facet normal 0.634384 0.773018 -0
    outer loop
      vertex 14.6375 16.6908 0
      vertex 13.5145 17.6124 35.2
      vertex 14.6375 16.6908 35.2
    endloop
  endfacet
  facet normal 0.634384 0.773018 0
    outer loop
      vertex 13.5145 17.6124 35.2
      vertex 14.6375 16.6908 0
      vertex 13.5145 17.6124 0
    endloop
  endfacet
  facet normal 0.910877 -0.412677 0
    outer loop
      vertex 19.9106 -9.81881 35.2
      vertex 20.5101 -8.49557 0
      vertex 20.5101 -8.49557 35.2
    endloop
  endfacet
  facet normal 0.910877 -0.412677 0
    outer loop
      vertex 20.5101 -8.49557 0
      vertex 19.9106 -9.81881 35.2
      vertex 19.9106 -9.81881 0
    endloop
  endfacet
  facet normal -0.729891 -0.683563 0
    outer loop
      vertex -15.6978 -15.6978 0
      vertex -16.6908 -14.6375 35.2
      vertex -16.6908 -14.6375 0
    endloop
  endfacet
  facet normal -0.729891 -0.683563 0
    outer loop
      vertex -16.6908 -14.6375 35.2
      vertex -15.6978 -15.6978 0
      vertex -15.6978 -15.6978 35.2
    endloop
  endfacet
  facet normal -0.683563 -0.729891 0
    outer loop
      vertex -15.6978 -15.6978 0
      vertex -14.6375 -16.6908 35.2
      vertex -15.6978 -15.6978 35.2
    endloop
  endfacet
  facet normal -0.683563 -0.729891 -0
    outer loop
      vertex -14.6375 -16.6908 35.2
      vertex -15.6978 -15.6978 0
      vertex -14.6375 -16.6908 0
    endloop
  endfacet
  facet normal 0.471391 0.881924 -0
    outer loop
      vertex 11.1 19.2258 0
      vertex 9.81881 19.9106 35.2
      vertex 11.1 19.2258 35.2
    endloop
  endfacet
  facet normal 0.471391 0.881924 0
    outer loop
      vertex 9.81881 19.9106 35.2
      vertex 11.1 19.2258 0
      vertex 9.81881 19.9106 0
    endloop
  endfacet
  facet normal 0.582501 -0.81283 0
    outer loop
      vertex 12.3337 -18.4586 0
      vertex 13.5145 -17.6124 35.2
      vertex 12.3337 -18.4586 35.2
    endloop
  endfacet
  facet normal 0.582501 -0.81283 0
    outer loop
      vertex 13.5145 -17.6124 35.2
      vertex 12.3337 -18.4586 0
      vertex 13.5145 -17.6124 0
    endloop
  endfacet
  facet normal 0.946844 0.321692 0
    outer loop
      vertex -24.5837 13.0025 35.2
      vertex -24.6384 13.1635 26.2
      vertex -24.6384 13.1635 35.2
    endloop
  endfacet
  facet normal 0.946844 0.321692 0
    outer loop
      vertex -24.6384 13.1635 26.2
      vertex -24.5837 13.0025 35.2
      vertex -24.5837 13.0025 26.2
    endloop
  endfacet
  facet normal 0.980761 -0.195211 0
    outer loop
      vertex -24.6716 13.6697 35.2
      vertex -24.6384 13.8365 26.2
      vertex -24.6384 13.8365 35.2
    endloop
  endfacet
  facet normal 0.980761 -0.195211 0
    outer loop
      vertex -24.6384 13.8365 26.2
      vertex -24.6716 13.6697 35.2
      vertex -24.6716 13.6697 26.2
    endloop
  endfacet
  facet normal 0.751774 -0.65942 0
    outer loop
      vertex -24.414 14.2914 35.2
      vertex -24.3019 14.4192 26.2
      vertex -24.3019 14.4192 35.2
    endloop
  endfacet
  facet normal 0.751774 -0.65942 0
    outer loop
      vertex -24.3019 14.4192 26.2
      vertex -24.414 14.2914 35.2
      vertex -24.414 14.2914 26.2
    endloop
  endfacet
  facet normal 0.831417 0.55565 0
    outer loop
      vertex -24.414 12.7086 35.2
      vertex -24.5085 12.85 26.2
      vertex -24.5085 12.85 35.2
    endloop
  endfacet
  facet normal 0.831417 0.55565 0
    outer loop
      vertex -24.5085 12.85 26.2
      vertex -24.414 12.7086 35.2
      vertex -24.414 12.7086 26.2
    endloop
  endfacet
  facet normal -0.195211 0.980761 0
    outer loop
      vertex -23.0462 12.2443 26.2
      vertex -23.213 12.2111 35.2
      vertex -23.0462 12.2443 35.2
    endloop
  endfacet
  facet normal -0.195211 0.980761 0
    outer loop
      vertex -23.213 12.2111 35.2
      vertex -23.0462 12.2443 26.2
      vertex -23.213 12.2111 26.2
    endloop
  endfacet
  facet normal 0.442267 0.896884 -0
    outer loop
      vertex -23.8802 12.299 26.2
      vertex -24.0327 12.3742 35.2
      vertex -23.8802 12.299 35.2
    endloop
  endfacet
  facet normal 0.442267 0.896884 0
    outer loop
      vertex -24.0327 12.3742 35.2
      vertex -23.8802 12.299 26.2
      vertex -24.0327 12.3742 26.2
    endloop
  endfacet
  facet normal -0.89665 0.442739 0
    outer loop
      vertex -22.2569 12.85 26.2
      vertex -22.1816 13.0025 35.2
      vertex -22.1816 13.0025 26.2
    endloop
  endfacet
  facet normal -0.89665 0.442739 0
    outer loop
      vertex -22.1816 13.0025 35.2
      vertex -22.2569 12.85 26.2
      vertex -22.2569 12.85 35.2
    endloop
  endfacet
  facet normal 0.980761 0.195211 0
    outer loop
      vertex -24.6384 13.1635 35.2
      vertex -24.6716 13.3303 26.2
      vertex -24.6716 13.3303 35.2
    endloop
  endfacet
  facet normal 0.980761 0.195211 0
    outer loop
      vertex -24.6716 13.3303 26.2
      vertex -24.6384 13.1635 35.2
      vertex -24.6384 13.1635 26.2
    endloop
  endfacet
  facet normal -0.0652701 -0.997868 0
    outer loop
      vertex -23.3827 14.8 26.2
      vertex -23.213 14.7889 35.2
      vertex -23.3827 14.8 35.2
    endloop
  endfacet
  facet normal -0.0652701 -0.997868 -0
    outer loop
      vertex -23.213 14.7889 35.2
      vertex -23.3827 14.8 26.2
      vertex -23.213 14.7889 26.2
    endloop
  endfacet
  facet normal 0.751774 0.65942 0
    outer loop
      vertex -24.3019 12.5808 35.2
      vertex -24.414 12.7086 26.2
      vertex -24.414 12.7086 35.2
    endloop
  endfacet
  facet normal 0.751774 0.65942 0
    outer loop
      vertex -24.414 12.7086 26.2
      vertex -24.3019 12.5808 35.2
      vertex -24.3019 12.5808 26.2
    endloop
  endfacet
  facet normal -0.947023 -0.321164 0
    outer loop
      vertex -22.127 13.8365 26.2
      vertex -22.1816 13.9975 35.2
      vertex -22.1816 13.9975 26.2
    endloop
  endfacet
  facet normal -0.947023 -0.321164 0
    outer loop
      vertex -22.1816 13.9975 35.2
      vertex -22.127 13.8365 26.2
      vertex -22.127 13.8365 35.2
    endloop
  endfacet
  facet normal -0.442267 -0.896884 0
    outer loop
      vertex -22.8852 14.701 26.2
      vertex -22.7327 14.6258 35.2
      vertex -22.8852 14.701 35.2
    endloop
  endfacet
  facet normal -0.442267 -0.896884 -0
    outer loop
      vertex -22.7327 14.6258 35.2
      vertex -22.8852 14.701 26.2
      vertex -22.7327 14.6258 26.2
    endloop
  endfacet
  facet normal -0.0652701 0.997868 0
    outer loop
      vertex -23.213 12.2111 26.2
      vertex -23.3827 12.2 35.2
      vertex -23.213 12.2111 35.2
    endloop
  endfacet
  facet normal -0.0652701 0.997868 0
    outer loop
      vertex -23.3827 12.2 35.2
      vertex -23.213 12.2111 26.2
      vertex -23.3827 12.2 26.2
    endloop
  endfacet
  facet normal 0.997868 0.0652701 0
    outer loop
      vertex -24.6716 13.3303 35.2
      vertex -24.6827 13.5 26.2
      vertex -24.6827 13.5 35.2
    endloop
  endfacet
  facet normal 0.997868 0.0652701 0
    outer loop
      vertex -24.6827 13.5 26.2
      vertex -24.6716 13.3303 35.2
      vertex -24.6716 13.3303 26.2
    endloop
  endfacet
  facet normal 0.659753 -0.751483 0
    outer loop
      vertex -24.3019 14.4192 26.2
      vertex -24.1741 14.5314 35.2
      vertex -24.3019 14.4192 35.2
    endloop
  endfacet
  facet normal 0.659753 -0.751483 0
    outer loop
      vertex -24.1741 14.5314 35.2
      vertex -24.3019 14.4192 26.2
      vertex -24.1741 14.5314 26.2
    endloop
  endfacet
  facet normal -0.659461 -0.751739 0
    outer loop
      vertex -22.5913 14.5314 26.2
      vertex -22.4634 14.4192 35.2
      vertex -22.5913 14.5314 35.2
    endloop
  endfacet
  facet normal -0.659461 -0.751739 -0
    outer loop
      vertex -22.4634 14.4192 35.2
      vertex -22.5913 14.5314 26.2
      vertex -22.4634 14.4192 26.2
    endloop
  endfacet
  facet normal 0.896884 -0.442267 0
    outer loop
      vertex -24.5837 13.9975 35.2
      vertex -24.5085 14.15 26.2
      vertex -24.5085 14.15 35.2
    endloop
  endfacet
  facet normal 0.896884 -0.442267 0
    outer loop
      vertex -24.5085 14.15 26.2
      vertex -24.5837 13.9975 35.2
      vertex -24.5837 13.9975 26.2
    endloop
  endfacet
  facet normal 0.831417 -0.55565 0
    outer loop
      vertex -24.5085 14.15 35.2
      vertex -24.414 14.2914 26.2
      vertex -24.414 14.2914 35.2
    endloop
  endfacet
  facet normal 0.831417 -0.55565 0
    outer loop
      vertex -24.414 14.2914 26.2
      vertex -24.5085 14.15 35.2
      vertex -24.5085 14.15 26.2
    endloop
  endfacet
  facet normal 0.896884 0.442267 0
    outer loop
      vertex -24.5085 12.85 35.2
      vertex -24.5837 13.0025 26.2
      vertex -24.5837 13.0025 35.2
    endloop
  endfacet
  facet normal 0.896884 0.442267 0
    outer loop
      vertex -24.5837 13.0025 26.2
      vertex -24.5085 12.85 35.2
      vertex -24.5085 12.85 26.2
    endloop
  endfacet
  facet normal 0.195211 0.980761 -0
    outer loop
      vertex -23.5524 12.2111 26.2
      vertex -23.7192 12.2443 35.2
      vertex -23.5524 12.2111 35.2
    endloop
  endfacet
  facet normal 0.195211 0.980761 0
    outer loop
      vertex -23.7192 12.2443 35.2
      vertex -23.5524 12.2111 26.2
      vertex -23.7192 12.2443 26.2
    endloop
  endfacet
  facet normal -0.321692 -0.946844 0
    outer loop
      vertex -23.0462 14.7557 26.2
      vertex -22.8852 14.701 35.2
      vertex -23.0462 14.7557 35.2
    endloop
  endfacet
  facet normal -0.321692 -0.946844 -0
    outer loop
      vertex -22.8852 14.701 35.2
      vertex -23.0462 14.7557 26.2
      vertex -22.8852 14.701 26.2
    endloop
  endfacet
  facet normal 0.321692 -0.946844 0
    outer loop
      vertex -23.8802 14.701 26.2
      vertex -23.7192 14.7557 35.2
      vertex -23.8802 14.701 35.2
    endloop
  endfacet
  facet normal 0.321692 -0.946844 0
    outer loop
      vertex -23.7192 14.7557 35.2
      vertex -23.8802 14.701 26.2
      vertex -23.7192 14.7557 26.2
    endloop
  endfacet
  facet normal 0.555243 -0.831688 0
    outer loop
      vertex -24.1741 14.5314 26.2
      vertex -24.0327 14.6258 35.2
      vertex -24.1741 14.5314 35.2
    endloop
  endfacet
  facet normal 0.555243 -0.831688 0
    outer loop
      vertex -24.0327 14.6258 35.2
      vertex -24.1741 14.5314 26.2
      vertex -24.0327 14.6258 26.2
    endloop
  endfacet
  facet normal -0.659461 0.751739 0
    outer loop
      vertex -22.4634 12.5808 26.2
      vertex -22.5913 12.4686 35.2
      vertex -22.4634 12.5808 35.2
    endloop
  endfacet
  facet normal -0.659461 0.751739 0
    outer loop
      vertex -22.5913 12.4686 35.2
      vertex -22.4634 12.5808 26.2
      vertex -22.5913 12.4686 26.2
    endloop
  endfacet
  facet normal -0.555243 -0.831688 0
    outer loop
      vertex -22.7327 14.6258 26.2
      vertex -22.5913 14.5314 35.2
      vertex -22.7327 14.6258 35.2
    endloop
  endfacet
  facet normal -0.555243 -0.831688 -0
    outer loop
      vertex -22.5913 14.5314 35.2
      vertex -22.7327 14.6258 26.2
      vertex -22.5913 14.5314 26.2
    endloop
  endfacet
  facet normal -0.831688 0.555243 0
    outer loop
      vertex -22.3513 12.7086 26.2
      vertex -22.2569 12.85 35.2
      vertex -22.2569 12.85 26.2
    endloop
  endfacet
  facet normal -0.831688 0.555243 0
    outer loop
      vertex -22.2569 12.85 35.2
      vertex -22.3513 12.7086 26.2
      vertex -22.3513 12.7086 35.2
    endloop
  endfacet
  facet normal 0.946844 -0.321692 0
    outer loop
      vertex -24.6384 13.8365 35.2
      vertex -24.5837 13.9975 26.2
      vertex -24.5837 13.9975 35.2
    endloop
  endfacet
  facet normal 0.946844 -0.321692 0
    outer loop
      vertex -24.5837 13.9975 26.2
      vertex -24.6384 13.8365 35.2
      vertex -24.6384 13.8365 26.2
    endloop
  endfacet
  facet normal 0.0652701 -0.997868 0
    outer loop
      vertex -23.5524 14.7889 26.2
      vertex -23.3827 14.8 35.2
      vertex -23.5524 14.7889 35.2
    endloop
  endfacet
  facet normal 0.0652701 -0.997868 0
    outer loop
      vertex -23.3827 14.8 35.2
      vertex -23.5524 14.7889 26.2
      vertex -23.3827 14.8 26.2
    endloop
  endfacet
  facet normal -0.555243 0.831688 0
    outer loop
      vertex -22.5913 12.4686 26.2
      vertex -22.7327 12.3742 35.2
      vertex -22.5913 12.4686 35.2
    endloop
  endfacet
  facet normal -0.555243 0.831688 0
    outer loop
      vertex -22.7327 12.3742 35.2
      vertex -22.5913 12.4686 26.2
      vertex -22.7327 12.3742 26.2
    endloop
  endfacet
  facet normal 0.195211 -0.980761 0
    outer loop
      vertex -23.7192 14.7557 26.2
      vertex -23.5524 14.7889 35.2
      vertex -23.7192 14.7557 35.2
    endloop
  endfacet
  facet normal 0.195211 -0.980761 0
    outer loop
      vertex -23.5524 14.7889 35.2
      vertex -23.7192 14.7557 26.2
      vertex -23.5524 14.7889 26.2
    endloop
  endfacet
  facet normal 0.442267 -0.896884 0
    outer loop
      vertex -24.0327 14.6258 26.2
      vertex -23.8802 14.701 35.2
      vertex -24.0327 14.6258 35.2
    endloop
  endfacet
  facet normal 0.442267 -0.896884 0
    outer loop
      vertex -23.8802 14.701 35.2
      vertex -24.0327 14.6258 26.2
      vertex -23.8802 14.701 26.2
    endloop
  endfacet
  facet normal 0 0 1
    outer loop
      vertex -22.0938 13.6697 26.2
      vertex -22.0938 13.3303 26.2
      vertex -22.0827 13.5 26.2
    endloop
  endfacet
  facet normal 0 0 1
    outer loop
      vertex -22.127 13.8365 26.2
      vertex -22.0938 13.3303 26.2
      vertex -22.0938 13.6697 26.2
    endloop
  endfacet
  facet normal 0 0 1
    outer loop
      vertex -22.127 13.8365 26.2
      vertex -22.127 13.1635 26.2
      vertex -22.0938 13.3303 26.2
    endloop
  endfacet
  facet normal 0 0 1
    outer loop
      vertex -22.1816 13.9975 26.2
      vertex -22.127 13.1635 26.2
      vertex -22.127 13.8365 26.2
    endloop
  endfacet
  facet normal 0 0 1
    outer loop
      vertex -22.1816 13.9975 26.2
      vertex -22.1816 13.0025 26.2
      vertex -22.127 13.1635 26.2
    endloop
  endfacet
  facet normal 0 0 1
    outer loop
      vertex -22.2569 14.15 26.2
      vertex -22.1816 13.0025 26.2
      vertex -22.1816 13.9975 26.2
    endloop
  endfacet
  facet normal 0 0 1
    outer loop
      vertex -22.2569 14.15 26.2
      vertex -22.2569 12.85 26.2
      vertex -22.1816 13.0025 26.2
    endloop
  endfacet
  facet normal 0 0 1
    outer loop
      vertex -22.3513 14.2914 26.2
      vertex -22.2569 12.85 26.2
      vertex -22.2569 14.15 26.2
    endloop
  endfacet
  facet normal 0 0 1
    outer loop
      vertex -22.3513 14.2914 26.2
      vertex -22.3513 12.7086 26.2
      vertex -22.2569 12.85 26.2
    endloop
  endfacet
  facet normal 0 0 1
    outer loop
      vertex -22.4634 14.4192 26.2
      vertex -22.3513 12.7086 26.2
      vertex -22.3513 14.2914 26.2
    endloop
  endfacet
  facet normal 0 0 1
    outer loop
      vertex -22.4634 14.4192 26.2
      vertex -22.4634 12.5808 26.2
      vertex -22.3513 12.7086 26.2
    endloop
  endfacet
  facet normal 0 0 1
    outer loop
      vertex -22.5913 14.5314 26.2
      vertex -22.4634 12.5808 26.2
      vertex -22.4634 14.4192 26.2
    endloop
  endfacet
  facet normal 0 0 1
    outer loop
      vertex -22.5913 14.5314 26.2
      vertex -22.5913 12.4686 26.2
      vertex -22.4634 12.5808 26.2
    endloop
  endfacet
  facet normal 0 0 1
    outer loop
      vertex -22.7327 14.6258 26.2
      vertex -22.5913 12.4686 26.2
      vertex -22.5913 14.5314 26.2
    endloop
  endfacet
  facet normal 0 0 1
    outer loop
      vertex -22.7327 14.6258 26.2
      vertex -22.7327 12.3742 26.2
      vertex -22.5913 12.4686 26.2
    endloop
  endfacet
  facet normal 0 0 1
    outer loop
      vertex -22.8852 14.701 26.2
      vertex -22.7327 12.3742 26.2
      vertex -22.7327 14.6258 26.2
    endloop
  endfacet
  facet normal 0 0 1
    outer loop
      vertex -22.8852 14.701 26.2
      vertex -22.8852 12.299 26.2
      vertex -22.7327 12.3742 26.2
    endloop
  endfacet
  facet normal 0 0 1
    outer loop
      vertex -23.0462 14.7557 26.2
      vertex -22.8852 12.299 26.2
      vertex -22.8852 14.701 26.2
    endloop
  endfacet
  facet normal 0 0 1
    outer loop
      vertex -23.0462 14.7557 26.2
      vertex -23.0462 12.2443 26.2
      vertex -22.8852 12.299 26.2
    endloop
  endfacet
  facet normal 0 0 1
    outer loop
      vertex -23.213 14.7889 26.2
      vertex -23.0462 12.2443 26.2
      vertex -23.0462 14.7557 26.2
    endloop
  endfacet
  facet normal 0 0 1
    outer loop
      vertex -23.213 14.7889 26.2
      vertex -23.213 12.2111 26.2
      vertex -23.0462 12.2443 26.2
    endloop
  endfacet
  facet normal 0 0 1
    outer loop
      vertex -23.3827 14.8 26.2
      vertex -23.213 12.2111 26.2
      vertex -23.213 14.7889 26.2
    endloop
  endfacet
  facet normal 0 0 1
    outer loop
      vertex -23.3827 14.8 26.2
      vertex -23.3827 12.2 26.2
      vertex -23.213 12.2111 26.2
    endloop
  endfacet
  facet normal -0 0 1
    outer loop
      vertex -23.5524 14.7889 26.2
      vertex -23.3827 12.2 26.2
      vertex -23.3827 14.8 26.2
    endloop
  endfacet
  facet normal 0 0 1
    outer loop
      vertex -23.5524 14.7889 26.2
      vertex -23.5524 12.2111 26.2
      vertex -23.3827 12.2 26.2
    endloop
  endfacet
  facet normal -0 0 1
    outer loop
      vertex -23.7192 14.7557 26.2
      vertex -23.5524 12.2111 26.2
      vertex -23.5524 14.7889 26.2
    endloop
  endfacet
  facet normal 0 0 1
    outer loop
      vertex -23.7192 14.7557 26.2
      vertex -23.7192 12.2443 26.2
      vertex -23.5524 12.2111 26.2
    endloop
  endfacet
  facet normal -0 0 1
    outer loop
      vertex -23.8802 14.701 26.2
      vertex -23.7192 12.2443 26.2
      vertex -23.7192 14.7557 26.2
    endloop
  endfacet
  facet normal 0 0 1
    outer loop
      vertex -23.8802 14.701 26.2
      vertex -23.8802 12.299 26.2
      vertex -23.7192 12.2443 26.2
    endloop
  endfacet
  facet normal -0 0 1
    outer loop
      vertex -24.0327 14.6258 26.2
      vertex -23.8802 12.299 26.2
      vertex -23.8802 14.701 26.2
    endloop
  endfacet
  facet normal 0 0 1
    outer loop
      vertex -24.0327 14.6258 26.2
      vertex -24.0327 12.3742 26.2
      vertex -23.8802 12.299 26.2
    endloop
  endfacet
  facet normal -0 0 1
    outer loop
      vertex -24.1741 14.5314 26.2
      vertex -24.0327 12.3742 26.2
      vertex -24.0327 14.6258 26.2
    endloop
  endfacet
  facet normal 0 0 1
    outer loop
      vertex -24.1741 14.5314 26.2
      vertex -24.1741 12.4686 26.2
      vertex -24.0327 12.3742 26.2
    endloop
  endfacet
  facet normal -0 0 1
    outer loop
      vertex -24.3019 14.4192 26.2
      vertex -24.1741 12.4686 26.2
      vertex -24.1741 14.5314 26.2
    endloop
  endfacet
  facet normal 0 0 1
    outer loop
      vertex -24.3019 14.4192 26.2
      vertex -24.3019 12.5808 26.2
      vertex -24.1741 12.4686 26.2
    endloop
  endfacet
  facet normal -0 0 1
    outer loop
      vertex -24.414 14.2914 26.2
      vertex -24.3019 12.5808 26.2
      vertex -24.3019 14.4192 26.2
    endloop
  endfacet
  facet normal 0 0 1
    outer loop
      vertex -24.414 14.2914 26.2
      vertex -24.414 12.7086 26.2
      vertex -24.3019 12.5808 26.2
    endloop
  endfacet
  facet normal -0 0 1
    outer loop
      vertex -24.5085 14.15 26.2
      vertex -24.414 12.7086 26.2
      vertex -24.414 14.2914 26.2
    endloop
  endfacet
  facet normal 0 0 1
    outer loop
      vertex -24.5085 14.15 26.2
      vertex -24.5085 12.85 26.2
      vertex -24.414 12.7086 26.2
    endloop
  endfacet
  facet normal -0 0 1
    outer loop
      vertex -24.5837 13.9975 26.2
      vertex -24.5085 12.85 26.2
      vertex -24.5085 14.15 26.2
    endloop
  endfacet
  facet normal 0 0 1
    outer loop
      vertex -24.5837 13.9975 26.2
      vertex -24.5837 13.0025 26.2
      vertex -24.5085 12.85 26.2
    endloop
  endfacet
  facet normal -0 0 1
    outer loop
      vertex -24.6384 13.8365 26.2
      vertex -24.5837 13.0025 26.2
      vertex -24.5837 13.9975 26.2
    endloop
  endfacet
  facet normal 0 0 1
    outer loop
      vertex -24.6384 13.8365 26.2
      vertex -24.6384 13.1635 26.2
      vertex -24.5837 13.0025 26.2
    endloop
  endfacet
  facet normal -0 0 1
    outer loop
      vertex -24.6716 13.6697 26.2
      vertex -24.6384 13.1635 26.2
      vertex -24.6384 13.8365 26.2
    endloop
  endfacet
  facet normal 0 0 1
    outer loop
      vertex -24.6716 13.6697 26.2
      vertex -24.6716 13.3303 26.2
      vertex -24.6384 13.1635 26.2
    endloop
  endfacet
  facet normal 0 -0 1
    outer loop
      vertex -24.6716 13.3303 26.2
      vertex -24.6716 13.6697 26.2
      vertex -24.6827 13.5 26.2
    endloop
  endfacet
  facet normal -0.997868 -0.0652701 0
    outer loop
      vertex -22.0827 13.5 26.2
      vertex -22.0938 13.6697 35.2
      vertex -22.0938 13.6697 26.2
    endloop
  endfacet
  facet normal -0.997868 -0.0652701 0
    outer loop
      vertex -22.0938 13.6697 35.2
      vertex -22.0827 13.5 26.2
      vertex -22.0827 13.5 35.2
    endloop
  endfacet
  facet normal -0.947023 0.321164 0
    outer loop
      vertex -22.1816 13.0025 26.2
      vertex -22.127 13.1635 35.2
      vertex -22.127 13.1635 26.2
    endloop
  endfacet
  facet normal -0.947023 0.321164 0
    outer loop
      vertex -22.127 13.1635 35.2
      vertex -22.1816 13.0025 26.2
      vertex -22.1816 13.0025 35.2
    endloop
  endfacet
  facet normal -0.751774 -0.65942 0
    outer loop
      vertex -22.3513 14.2914 26.2
      vertex -22.4634 14.4192 35.2
      vertex -22.4634 14.4192 26.2
    endloop
  endfacet
  facet normal -0.751774 -0.65942 0
    outer loop
      vertex -22.4634 14.4192 35.2
      vertex -22.3513 14.2914 26.2
      vertex -22.3513 14.2914 35.2
    endloop
  endfacet
  facet normal -0.980761 0.195211 0
    outer loop
      vertex -22.127 13.1635 26.2
      vertex -22.0938 13.3303 35.2
      vertex -22.0938 13.3303 26.2
    endloop
  endfacet
  facet normal -0.980761 0.195211 0
    outer loop
      vertex -22.0938 13.3303 35.2
      vertex -22.127 13.1635 26.2
      vertex -22.127 13.1635 35.2
    endloop
  endfacet
  facet normal -0.321692 0.946844 0
    outer loop
      vertex -22.8852 12.299 26.2
      vertex -23.0462 12.2443 35.2
      vertex -22.8852 12.299 35.2
    endloop
  endfacet
  facet normal -0.321692 0.946844 0
    outer loop
      vertex -23.0462 12.2443 35.2
      vertex -22.8852 12.299 26.2
      vertex -23.0462 12.2443 26.2
    endloop
  endfacet
  facet normal 0.0652701 0.997868 -0
    outer loop
      vertex -23.3827 12.2 26.2
      vertex -23.5524 12.2111 35.2
      vertex -23.3827 12.2 35.2
    endloop
  endfacet
  facet normal 0.0652701 0.997868 0
    outer loop
      vertex -23.5524 12.2111 35.2
      vertex -23.3827 12.2 26.2
      vertex -23.5524 12.2111 26.2
    endloop
  endfacet
  facet normal 0.321692 0.946844 -0
    outer loop
      vertex -23.7192 12.2443 26.2
      vertex -23.8802 12.299 35.2
      vertex -23.7192 12.2443 35.2
    endloop
  endfacet
  facet normal 0.321692 0.946844 0
    outer loop
      vertex -23.8802 12.299 35.2
      vertex -23.7192 12.2443 26.2
      vertex -23.8802 12.299 26.2
    endloop
  endfacet
  facet normal 0.555243 0.831688 -0
    outer loop
      vertex -24.0327 12.3742 26.2
      vertex -24.1741 12.4686 35.2
      vertex -24.0327 12.3742 35.2
    endloop
  endfacet
  facet normal 0.555243 0.831688 0
    outer loop
      vertex -24.1741 12.4686 35.2
      vertex -24.0327 12.3742 26.2
      vertex -24.1741 12.4686 26.2
    endloop
  endfacet
  facet normal 0.659753 0.751483 -0
    outer loop
      vertex -24.1741 12.4686 26.2
      vertex -24.3019 12.5808 35.2
      vertex -24.1741 12.4686 35.2
    endloop
  endfacet
  facet normal 0.659753 0.751483 0
    outer loop
      vertex -24.3019 12.5808 35.2
      vertex -24.1741 12.4686 26.2
      vertex -24.3019 12.5808 26.2
    endloop
  endfacet
  facet normal 0.997868 -0.0652701 0
    outer loop
      vertex -24.6827 13.5 35.2
      vertex -24.6716 13.6697 26.2
      vertex -24.6716 13.6697 35.2
    endloop
  endfacet
  facet normal 0.997868 -0.0652701 0
    outer loop
      vertex -24.6716 13.6697 26.2
      vertex -24.6827 13.5 35.2
      vertex -24.6827 13.5 26.2
    endloop
  endfacet
  facet normal -0.997868 0.0652701 0
    outer loop
      vertex -22.0938 13.3303 26.2
      vertex -22.0827 13.5 35.2
      vertex -22.0827 13.5 26.2
    endloop
  endfacet
  facet normal -0.997868 0.0652701 0
    outer loop
      vertex -22.0827 13.5 35.2
      vertex -22.0938 13.3303 26.2
      vertex -22.0938 13.3303 35.2
    endloop
  endfacet
  facet normal -0.980761 -0.195211 0
    outer loop
      vertex -22.0938 13.6697 26.2
      vertex -22.127 13.8365 35.2
      vertex -22.127 13.8365 26.2
    endloop
  endfacet
  facet normal -0.980761 -0.195211 0
    outer loop
      vertex -22.127 13.8365 35.2
      vertex -22.0938 13.6697 26.2
      vertex -22.0938 13.6697 35.2
    endloop
  endfacet
  facet normal -0.195211 -0.980761 0
    outer loop
      vertex -23.213 14.7889 26.2
      vertex -23.0462 14.7557 35.2
      vertex -23.213 14.7889 35.2
    endloop
  endfacet
  facet normal -0.195211 -0.980761 -0
    outer loop
      vertex -23.0462 14.7557 35.2
      vertex -23.213 14.7889 26.2
      vertex -23.0462 14.7557 26.2
    endloop
  endfacet
  facet normal -0.442267 0.896884 0
    outer loop
      vertex -22.7327 12.3742 26.2
      vertex -22.8852 12.299 35.2
      vertex -22.7327 12.3742 35.2
    endloop
  endfacet
  facet normal -0.442267 0.896884 0
    outer loop
      vertex -22.8852 12.299 35.2
      vertex -22.7327 12.3742 26.2
      vertex -22.8852 12.299 26.2
    endloop
  endfacet
  facet normal -0.751774 0.65942 0
    outer loop
      vertex -22.4634 12.5808 26.2
      vertex -22.3513 12.7086 35.2
      vertex -22.3513 12.7086 26.2
    endloop
  endfacet
  facet normal -0.751774 0.65942 0
    outer loop
      vertex -22.3513 12.7086 35.2
      vertex -22.4634 12.5808 26.2
      vertex -22.4634 12.5808 35.2
    endloop
  endfacet
  facet normal -0.89665 -0.442739 0
    outer loop
      vertex -22.1816 13.9975 26.2
      vertex -22.2569 14.15 35.2
      vertex -22.2569 14.15 26.2
    endloop
  endfacet
  facet normal -0.89665 -0.442739 0
    outer loop
      vertex -22.2569 14.15 35.2
      vertex -22.1816 13.9975 26.2
      vertex -22.1816 13.9975 35.2
    endloop
  endfacet
  facet normal -0.831688 -0.555243 0
    outer loop
      vertex -22.2569 14.15 26.2
      vertex -22.3513 14.2914 35.2
      vertex -22.3513 14.2914 26.2
    endloop
  endfacet
  facet normal -0.831688 -0.555243 0
    outer loop
      vertex -22.3513 14.2914 35.2
      vertex -22.2569 14.15 26.2
      vertex -22.2569 14.15 35.2
    endloop
  endfacet
  facet normal 0.321692 0.946844 -0
    outer loop
      vertex 23.0462 12.2443 26.2
      vertex 22.8852 12.299 35.2
      vertex 23.0462 12.2443 35.2
    endloop
  endfacet
  facet normal 0.321692 0.946844 0
    outer loop
      vertex 22.8852 12.299 35.2
      vertex 23.0462 12.2443 26.2
      vertex 22.8852 12.299 26.2
    endloop
  endfacet
  facet normal 0.195211 -0.980761 0
    outer loop
      vertex 23.0462 14.7557 26.2
      vertex 23.213 14.7889 35.2
      vertex 23.0462 14.7557 35.2
    endloop
  endfacet
  facet normal 0.195211 -0.980761 0
    outer loop
      vertex 23.213 14.7889 35.2
      vertex 23.0462 14.7557 26.2
      vertex 23.213 14.7889 26.2
    endloop
  endfacet
  facet normal -0.997868 0.0652701 0
    outer loop
      vertex 24.6716 13.3303 26.2
      vertex 24.6827 13.5 35.2
      vertex 24.6827 13.5 26.2
    endloop
  endfacet
  facet normal -0.997868 0.0652701 0
    outer loop
      vertex 24.6827 13.5 35.2
      vertex 24.6716 13.3303 26.2
      vertex 24.6716 13.3303 35.2
    endloop
  endfacet
  facet normal -0.896884 0.442267 0
    outer loop
      vertex 24.5085 12.85 26.2
      vertex 24.5837 13.0025 35.2
      vertex 24.5837 13.0025 26.2
    endloop
  endfacet
  facet normal -0.896884 0.442267 0
    outer loop
      vertex 24.5837 13.0025 35.2
      vertex 24.5085 12.85 26.2
      vertex 24.5085 12.85 35.2
    endloop
  endfacet
  facet normal -0.831417 0.55565 0
    outer loop
      vertex 24.414 12.7086 26.2
      vertex 24.5085 12.85 35.2
      vertex 24.5085 12.85 26.2
    endloop
  endfacet
  facet normal -0.831417 0.55565 0
    outer loop
      vertex 24.5085 12.85 35.2
      vertex 24.414 12.7086 26.2
      vertex 24.414 12.7086 35.2
    endloop
  endfacet
  facet normal -0.997868 -0.0652701 0
    outer loop
      vertex 24.6827 13.5 26.2
      vertex 24.6716 13.6697 35.2
      vertex 24.6716 13.6697 26.2
    endloop
  endfacet
  facet normal -0.997868 -0.0652701 0
    outer loop
      vertex 24.6716 13.6697 35.2
      vertex 24.6827 13.5 26.2
      vertex 24.6827 13.5 35.2
    endloop
  endfacet
  facet normal 0.0652701 -0.997868 0
    outer loop
      vertex 23.213 14.7889 26.2
      vertex 23.3827 14.8 35.2
      vertex 23.213 14.7889 35.2
    endloop
  endfacet
  facet normal 0.0652701 -0.997868 0
    outer loop
      vertex 23.3827 14.8 35.2
      vertex 23.213 14.7889 26.2
      vertex 23.3827 14.8 26.2
    endloop
  endfacet
  facet normal -0.896884 -0.442267 0
    outer loop
      vertex 24.5837 13.9975 26.2
      vertex 24.5085 14.15 35.2
      vertex 24.5085 14.15 26.2
    endloop
  endfacet
  facet normal -0.896884 -0.442267 0
    outer loop
      vertex 24.5085 14.15 35.2
      vertex 24.5837 13.9975 26.2
      vertex 24.5837 13.9975 35.2
    endloop
  endfacet
  facet normal 0.947023 0.321164 0
    outer loop
      vertex 22.1816 13.0025 35.2
      vertex 22.127 13.1635 26.2
      vertex 22.127 13.1635 35.2
    endloop
  endfacet
  facet normal 0.947023 0.321164 0
    outer loop
      vertex 22.127 13.1635 26.2
      vertex 22.1816 13.0025 35.2
      vertex 22.1816 13.0025 26.2
    endloop
  endfacet
  facet normal 0.831688 0.555243 0
    outer loop
      vertex 22.3513 12.7086 35.2
      vertex 22.2569 12.85 26.2
      vertex 22.2569 12.85 35.2
    endloop
  endfacet
  facet normal 0.831688 0.555243 0
    outer loop
      vertex 22.2569 12.85 26.2
      vertex 22.3513 12.7086 35.2
      vertex 22.3513 12.7086 26.2
    endloop
  endfacet
  facet normal -0.321692 0.946844 0
    outer loop
      vertex 23.8802 12.299 26.2
      vertex 23.7192 12.2443 35.2
      vertex 23.8802 12.299 35.2
    endloop
  endfacet
  facet normal -0.321692 0.946844 0
    outer loop
      vertex 23.7192 12.2443 35.2
      vertex 23.8802 12.299 26.2
      vertex 23.7192 12.2443 26.2
    endloop
  endfacet
  facet normal 0.321692 -0.946844 0
    outer loop
      vertex 22.8852 14.701 26.2
      vertex 23.0462 14.7557 35.2
      vertex 22.8852 14.701 35.2
    endloop
  endfacet
  facet normal 0.321692 -0.946844 0
    outer loop
      vertex 23.0462 14.7557 35.2
      vertex 22.8852 14.701 26.2
      vertex 23.0462 14.7557 26.2
    endloop
  endfacet
  facet normal -0.659753 -0.751483 0
    outer loop
      vertex 24.1741 14.5314 26.2
      vertex 24.3019 14.4192 35.2
      vertex 24.1741 14.5314 35.2
    endloop
  endfacet
  facet normal -0.659753 -0.751483 -0
    outer loop
      vertex 24.3019 14.4192 35.2
      vertex 24.1741 14.5314 26.2
      vertex 24.3019 14.4192 26.2
    endloop
  endfacet
  facet normal 0.0652701 0.997868 -0
    outer loop
      vertex 23.3827 12.2 26.2
      vertex 23.213 12.2111 35.2
      vertex 23.3827 12.2 35.2
    endloop
  endfacet
  facet normal 0.0652701 0.997868 0
    outer loop
      vertex 23.213 12.2111 35.2
      vertex 23.3827 12.2 26.2
      vertex 23.213 12.2111 26.2
    endloop
  endfacet
  facet normal -0.946844 -0.321692 0
    outer loop
      vertex 24.6384 13.8365 26.2
      vertex 24.5837 13.9975 35.2
      vertex 24.5837 13.9975 26.2
    endloop
  endfacet
  facet normal -0.946844 -0.321692 0
    outer loop
      vertex 24.5837 13.9975 35.2
      vertex 24.6384 13.8365 26.2
      vertex 24.6384 13.8365 35.2
    endloop
  endfacet
  facet normal -0.0652701 0.997868 0
    outer loop
      vertex 23.5524 12.2111 26.2
      vertex 23.3827 12.2 35.2
      vertex 23.5524 12.2111 35.2
    endloop
  endfacet
  facet normal -0.0652701 0.997868 0
    outer loop
      vertex 23.3827 12.2 35.2
      vertex 23.5524 12.2111 26.2
      vertex 23.3827 12.2 26.2
    endloop
  endfacet
  facet normal 0.89665 0.442739 0
    outer loop
      vertex 22.2569 12.85 35.2
      vertex 22.1816 13.0025 26.2
      vertex 22.1816 13.0025 35.2
    endloop
  endfacet
  facet normal 0.89665 0.442739 0
    outer loop
      vertex 22.1816 13.0025 26.2
      vertex 22.2569 12.85 35.2
      vertex 22.2569 12.85 26.2
    endloop
  endfacet
  facet normal 0.555243 -0.831688 0
    outer loop
      vertex 22.5913 14.5314 26.2
      vertex 22.7327 14.6258 35.2
      vertex 22.5913 14.5314 35.2
    endloop
  endfacet
  facet normal 0.555243 -0.831688 0
    outer loop
      vertex 22.7327 14.6258 35.2
      vertex 22.5913 14.5314 26.2
      vertex 22.7327 14.6258 26.2
    endloop
  endfacet
  facet normal -0.659753 0.751483 0
    outer loop
      vertex 24.3019 12.5808 26.2
      vertex 24.1741 12.4686 35.2
      vertex 24.3019 12.5808 35.2
    endloop
  endfacet
  facet normal -0.659753 0.751483 0
    outer loop
      vertex 24.1741 12.4686 35.2
      vertex 24.3019 12.5808 26.2
      vertex 24.1741 12.4686 26.2
    endloop
  endfacet
  facet normal -0.751774 -0.65942 0
    outer loop
      vertex 24.414 14.2914 26.2
      vertex 24.3019 14.4192 35.2
      vertex 24.3019 14.4192 26.2
    endloop
  endfacet
  facet normal -0.751774 -0.65942 0
    outer loop
      vertex 24.3019 14.4192 35.2
      vertex 24.414 14.2914 26.2
      vertex 24.414 14.2914 35.2
    endloop
  endfacet
  facet normal -0.321692 -0.946844 0
    outer loop
      vertex 23.7192 14.7557 26.2
      vertex 23.8802 14.701 35.2
      vertex 23.7192 14.7557 35.2
    endloop
  endfacet
  facet normal -0.321692 -0.946844 -0
    outer loop
      vertex 23.8802 14.701 35.2
      vertex 23.7192 14.7557 26.2
      vertex 23.8802 14.701 26.2
    endloop
  endfacet
  facet normal 0.980761 -0.195211 0
    outer loop
      vertex 22.0938 13.6697 35.2
      vertex 22.127 13.8365 26.2
      vertex 22.127 13.8365 35.2
    endloop
  endfacet
  facet normal 0.980761 -0.195211 0
    outer loop
      vertex 22.127 13.8365 26.2
      vertex 22.0938 13.6697 35.2
      vertex 22.0938 13.6697 26.2
    endloop
  endfacet
  facet normal 0.997868 -0.0652701 0
    outer loop
      vertex 22.0827 13.5 35.2
      vertex 22.0938 13.6697 26.2
      vertex 22.0938 13.6697 35.2
    endloop
  endfacet
  facet normal 0.997868 -0.0652701 0
    outer loop
      vertex 22.0938 13.6697 26.2
      vertex 22.0827 13.5 35.2
      vertex 22.0827 13.5 26.2
    endloop
  endfacet
  facet normal -0.980761 0.195211 0
    outer loop
      vertex 24.6384 13.1635 26.2
      vertex 24.6716 13.3303 35.2
      vertex 24.6716 13.3303 26.2
    endloop
  endfacet
  facet normal -0.980761 0.195211 0
    outer loop
      vertex 24.6716 13.3303 35.2
      vertex 24.6384 13.1635 26.2
      vertex 24.6384 13.1635 35.2
    endloop
  endfacet
  facet normal -0.195211 0.980761 0
    outer loop
      vertex 23.7192 12.2443 26.2
      vertex 23.5524 12.2111 35.2
      vertex 23.7192 12.2443 35.2
    endloop
  endfacet
  facet normal -0.195211 0.980761 0
    outer loop
      vertex 23.5524 12.2111 35.2
      vertex 23.7192 12.2443 26.2
      vertex 23.5524 12.2111 26.2
    endloop
  endfacet
  facet normal -0.980761 -0.195211 0
    outer loop
      vertex 24.6716 13.6697 26.2
      vertex 24.6384 13.8365 35.2
      vertex 24.6384 13.8365 26.2
    endloop
  endfacet
  facet normal -0.980761 -0.195211 0
    outer loop
      vertex 24.6384 13.8365 35.2
      vertex 24.6716 13.6697 26.2
      vertex 24.6716 13.6697 35.2
    endloop
  endfacet
  facet normal -0.195211 -0.980761 0
    outer loop
      vertex 23.5524 14.7889 26.2
      vertex 23.7192 14.7557 35.2
      vertex 23.5524 14.7889 35.2
    endloop
  endfacet
  facet normal -0.195211 -0.980761 -0
    outer loop
      vertex 23.7192 14.7557 35.2
      vertex 23.5524 14.7889 26.2
      vertex 23.7192 14.7557 26.2
    endloop
  endfacet
  facet normal 0.659461 -0.751739 0
    outer loop
      vertex 22.4634 14.4192 26.2
      vertex 22.5913 14.5314 35.2
      vertex 22.4634 14.4192 35.2
    endloop
  endfacet
  facet normal 0.659461 -0.751739 0
    outer loop
      vertex 22.5913 14.5314 35.2
      vertex 22.4634 14.4192 26.2
      vertex 22.5913 14.5314 26.2
    endloop
  endfacet
  facet normal 0.997868 0.0652701 0
    outer loop
      vertex 22.0938 13.3303 35.2
      vertex 22.0827 13.5 26.2
      vertex 22.0827 13.5 35.2
    endloop
  endfacet
  facet normal 0.997868 0.0652701 0
    outer loop
      vertex 22.0827 13.5 26.2
      vertex 22.0938 13.3303 35.2
      vertex 22.0938 13.3303 26.2
    endloop
  endfacet
  facet normal 0.831688 -0.555243 0
    outer loop
      vertex 22.2569 14.15 35.2
      vertex 22.3513 14.2914 26.2
      vertex 22.3513 14.2914 35.2
    endloop
  endfacet
  facet normal 0.831688 -0.555243 0
    outer loop
      vertex 22.3513 14.2914 26.2
      vertex 22.2569 14.15 35.2
      vertex 22.2569 14.15 26.2
    endloop
  endfacet
  facet normal -0.831417 -0.55565 0
    outer loop
      vertex 24.5085 14.15 26.2
      vertex 24.414 14.2914 35.2
      vertex 24.414 14.2914 26.2
    endloop
  endfacet
  facet normal -0.831417 -0.55565 0
    outer loop
      vertex 24.414 14.2914 35.2
      vertex 24.5085 14.15 26.2
      vertex 24.5085 14.15 35.2
    endloop
  endfacet
  facet normal -0.751774 0.65942 0
    outer loop
      vertex 24.3019 12.5808 26.2
      vertex 24.414 12.7086 35.2
      vertex 24.414 12.7086 26.2
    endloop
  endfacet
  facet normal -0.751774 0.65942 0
    outer loop
      vertex 24.414 12.7086 35.2
      vertex 24.3019 12.5808 26.2
      vertex 24.3019 12.5808 35.2
    endloop
  endfacet
  facet normal 0.947023 -0.321164 0
    outer loop
      vertex 22.127 13.8365 35.2
      vertex 22.1816 13.9975 26.2
      vertex 22.1816 13.9975 35.2
    endloop
  endfacet
  facet normal 0.947023 -0.321164 0
    outer loop
      vertex 22.1816 13.9975 26.2
      vertex 22.127 13.8365 35.2
      vertex 22.127 13.8365 26.2
    endloop
  endfacet
  facet normal 0.442267 -0.896884 0
    outer loop
      vertex 22.7327 14.6258 26.2
      vertex 22.8852 14.701 35.2
      vertex 22.7327 14.6258 35.2
    endloop
  endfacet
  facet normal 0.442267 -0.896884 0
    outer loop
      vertex 22.8852 14.701 35.2
      vertex 22.7327 14.6258 26.2
      vertex 22.8852 14.701 26.2
    endloop
  endfacet
  facet normal -0.442267 -0.896884 0
    outer loop
      vertex 23.8802 14.701 26.2
      vertex 24.0327 14.6258 35.2
      vertex 23.8802 14.701 35.2
    endloop
  endfacet
  facet normal -0.442267 -0.896884 -0
    outer loop
      vertex 24.0327 14.6258 35.2
      vertex 23.8802 14.701 26.2
      vertex 24.0327 14.6258 26.2
    endloop
  endfacet
  facet normal -0.555243 -0.831688 0
    outer loop
      vertex 24.0327 14.6258 26.2
      vertex 24.1741 14.5314 35.2
      vertex 24.0327 14.6258 35.2
    endloop
  endfacet
  facet normal -0.555243 -0.831688 -0
    outer loop
      vertex 24.1741 14.5314 35.2
      vertex 24.0327 14.6258 26.2
      vertex 24.1741 14.5314 26.2
    endloop
  endfacet
  facet normal -0.946844 0.321692 0
    outer loop
      vertex 24.5837 13.0025 26.2
      vertex 24.6384 13.1635 35.2
      vertex 24.6384 13.1635 26.2
    endloop
  endfacet
  facet normal -0.946844 0.321692 0
    outer loop
      vertex 24.6384 13.1635 35.2
      vertex 24.5837 13.0025 26.2
      vertex 24.5837 13.0025 35.2
    endloop
  endfacet
  facet normal 0.659461 0.751739 -0
    outer loop
      vertex 22.5913 12.4686 26.2
      vertex 22.4634 12.5808 35.2
      vertex 22.5913 12.4686 35.2
    endloop
  endfacet
  facet normal 0.659461 0.751739 0
    outer loop
      vertex 22.4634 12.5808 35.2
      vertex 22.5913 12.4686 26.2
      vertex 22.4634 12.5808 26.2
    endloop
  endfacet
  facet normal -0.442267 0.896884 0
    outer loop
      vertex 24.0327 12.3742 26.2
      vertex 23.8802 12.299 35.2
      vertex 24.0327 12.3742 35.2
    endloop
  endfacet
  facet normal -0.442267 0.896884 0
    outer loop
      vertex 23.8802 12.299 35.2
      vertex 24.0327 12.3742 26.2
      vertex 23.8802 12.299 26.2
    endloop
  endfacet
  facet normal 0.751774 -0.65942 0
    outer loop
      vertex 22.3513 14.2914 35.2
      vertex 22.4634 14.4192 26.2
      vertex 22.4634 14.4192 35.2
    endloop
  endfacet
  facet normal 0.751774 -0.65942 0
    outer loop
      vertex 22.4634 14.4192 26.2
      vertex 22.3513 14.2914 35.2
      vertex 22.3513 14.2914 26.2
    endloop
  endfacet
  facet normal 0.195211 0.980761 -0
    outer loop
      vertex 23.213 12.2111 26.2
      vertex 23.0462 12.2443 35.2
      vertex 23.213 12.2111 35.2
    endloop
  endfacet
  facet normal 0.195211 0.980761 0
    outer loop
      vertex 23.0462 12.2443 35.2
      vertex 23.213 12.2111 26.2
      vertex 23.0462 12.2443 26.2
    endloop
  endfacet
  facet normal 0 0 1
    outer loop
      vertex 24.6716 13.6697 26.2
      vertex 24.6716 13.3303 26.2
      vertex 24.6827 13.5 26.2
    endloop
  endfacet
  facet normal 0 0 1
    outer loop
      vertex 24.6384 13.8365 26.2
      vertex 24.6716 13.3303 26.2
      vertex 24.6716 13.6697 26.2
    endloop
  endfacet
  facet normal 0 0 1
    outer loop
      vertex 24.6384 13.8365 26.2
      vertex 24.6384 13.1635 26.2
      vertex 24.6716 13.3303 26.2
    endloop
  endfacet
  facet normal 0 0 1
    outer loop
      vertex 24.5837 13.9975 26.2
      vertex 24.6384 13.1635 26.2
      vertex 24.6384 13.8365 26.2
    endloop
  endfacet
  facet normal 0 0 1
    outer loop
      vertex 24.5837 13.9975 26.2
      vertex 24.5837 13.0025 26.2
      vertex 24.6384 13.1635 26.2
    endloop
  endfacet
  facet normal 0 0 1
    outer loop
      vertex 24.5085 14.15 26.2
      vertex 24.5837 13.0025 26.2
      vertex 24.5837 13.9975 26.2
    endloop
  endfacet
  facet normal 0 0 1
    outer loop
      vertex 24.5085 14.15 26.2
      vertex 24.5085 12.85 26.2
      vertex 24.5837 13.0025 26.2
    endloop
  endfacet
  facet normal 0 0 1
    outer loop
      vertex 24.414 14.2914 26.2
      vertex 24.5085 12.85 26.2
      vertex 24.5085 14.15 26.2
    endloop
  endfacet
  facet normal 0 0 1
    outer loop
      vertex 24.414 14.2914 26.2
      vertex 24.414 12.7086 26.2
      vertex 24.5085 12.85 26.2
    endloop
  endfacet
  facet normal 0 0 1
    outer loop
      vertex 24.3019 14.4192 26.2
      vertex 24.414 12.7086 26.2
      vertex 24.414 14.2914 26.2
    endloop
  endfacet
  facet normal 0 0 1
    outer loop
      vertex 24.3019 14.4192 26.2
      vertex 24.3019 12.5808 26.2
      vertex 24.414 12.7086 26.2
    endloop
  endfacet
  facet normal 0 0 1
    outer loop
      vertex 24.1741 14.5314 26.2
      vertex 24.3019 12.5808 26.2
      vertex 24.3019 14.4192 26.2
    endloop
  endfacet
  facet normal 0 0 1
    outer loop
      vertex 24.1741 14.5314 26.2
      vertex 24.1741 12.4686 26.2
      vertex 24.3019 12.5808 26.2
    endloop
  endfacet
  facet normal 0 0 1
    outer loop
      vertex 24.0327 14.6258 26.2
      vertex 24.1741 12.4686 26.2
      vertex 24.1741 14.5314 26.2
    endloop
  endfacet
  facet normal 0 0 1
    outer loop
      vertex 24.0327 14.6258 26.2
      vertex 24.0327 12.3742 26.2
      vertex 24.1741 12.4686 26.2
    endloop
  endfacet
  facet normal 0 0 1
    outer loop
      vertex 23.8802 14.701 26.2
      vertex 24.0327 12.3742 26.2
      vertex 24.0327 14.6258 26.2
    endloop
  endfacet
  facet normal 0 0 1
    outer loop
      vertex 23.8802 14.701 26.2
      vertex 23.8802 12.299 26.2
      vertex 24.0327 12.3742 26.2
    endloop
  endfacet
  facet normal 0 0 1
    outer loop
      vertex 23.7192 14.7557 26.2
      vertex 23.8802 12.299 26.2
      vertex 23.8802 14.701 26.2
    endloop
  endfacet
  facet normal 0 0 1
    outer loop
      vertex 23.7192 14.7557 26.2
      vertex 23.7192 12.2443 26.2
      vertex 23.8802 12.299 26.2
    endloop
  endfacet
  facet normal 0 0 1
    outer loop
      vertex 23.5524 14.7889 26.2
      vertex 23.7192 12.2443 26.2
      vertex 23.7192 14.7557 26.2
    endloop
  endfacet
  facet normal 0 0 1
    outer loop
      vertex 23.5524 14.7889 26.2
      vertex 23.5524 12.2111 26.2
      vertex 23.7192 12.2443 26.2
    endloop
  endfacet
  facet normal 0 0 1
    outer loop
      vertex 23.3827 14.8 26.2
      vertex 23.5524 12.2111 26.2
      vertex 23.5524 14.7889 26.2
    endloop
  endfacet
  facet normal 0 0 1
    outer loop
      vertex 23.3827 14.8 26.2
      vertex 23.3827 12.2 26.2
      vertex 23.5524 12.2111 26.2
    endloop
  endfacet
  facet normal -0 0 1
    outer loop
      vertex 23.213 14.7889 26.2
      vertex 23.3827 12.2 26.2
      vertex 23.3827 14.8 26.2
    endloop
  endfacet
  facet normal 0 0 1
    outer loop
      vertex 23.213 14.7889 26.2
      vertex 23.213 12.2111 26.2
      vertex 23.3827 12.2 26.2
    endloop
  endfacet
  facet normal -0 0 1
    outer loop
      vertex 23.0462 14.7557 26.2
      vertex 23.213 12.2111 26.2
      vertex 23.213 14.7889 26.2
    endloop
  endfacet
  facet normal 0 0 1
    outer loop
      vertex 23.0462 14.7557 26.2
      vertex 23.0462 12.2443 26.2
      vertex 23.213 12.2111 26.2
    endloop
  endfacet
  facet normal -0 0 1
    outer loop
      vertex 22.8852 14.701 26.2
      vertex 23.0462 12.2443 26.2
      vertex 23.0462 14.7557 26.2
    endloop
  endfacet
  facet normal 0 0 1
    outer loop
      vertex 22.8852 14.701 26.2
      vertex 22.8852 12.299 26.2
      vertex 23.0462 12.2443 26.2
    endloop
  endfacet
  facet normal -0 0 1
    outer loop
      vertex 22.7327 14.6258 26.2
      vertex 22.8852 12.299 26.2
      vertex 22.8852 14.701 26.2
    endloop
  endfacet
  facet normal 0 0 1
    outer loop
      vertex 22.7327 14.6258 26.2
      vertex 22.7327 12.3742 26.2
      vertex 22.8852 12.299 26.2
    endloop
  endfacet
  facet normal -0 0 1
    outer loop
      vertex 22.5913 14.5314 26.2
      vertex 22.7327 12.3742 26.2
      vertex 22.7327 14.6258 26.2
    endloop
  endfacet
  facet normal 0 0 1
    outer loop
      vertex 22.5913 14.5314 26.2
      vertex 22.5913 12.4686 26.2
      vertex 22.7327 12.3742 26.2
    endloop
  endfacet
  facet normal -0 0 1
    outer loop
      vertex 22.4634 14.4192 26.2
      vertex 22.5913 12.4686 26.2
      vertex 22.5913 14.5314 26.2
    endloop
  endfacet
  facet normal 0 0 1
    outer loop
      vertex 22.4634 14.4192 26.2
      vertex 22.4634 12.5808 26.2
      vertex 22.5913 12.4686 26.2
    endloop
  endfacet
  facet normal -0 0 1
    outer loop
      vertex 22.3513 14.2914 26.2
      vertex 22.4634 12.5808 26.2
      vertex 22.4634 14.4192 26.2
    endloop
  endfacet
  facet normal 0 0 1
    outer loop
      vertex 22.3513 14.2914 26.2
      vertex 22.3513 12.7086 26.2
      vertex 22.4634 12.5808 26.2
    endloop
  endfacet
  facet normal -0 0 1
    outer loop
      vertex 22.2569 14.15 26.2
      vertex 22.3513 12.7086 26.2
      vertex 22.3513 14.2914 26.2
    endloop
  endfacet
  facet normal 0 0 1
    outer loop
      vertex 22.2569 14.15 26.2
      vertex 22.2569 12.85 26.2
      vertex 22.3513 12.7086 26.2
    endloop
  endfacet
  facet normal -0 0 1
    outer loop
      vertex 22.1816 13.9975 26.2
      vertex 22.2569 12.85 26.2
      vertex 22.2569 14.15 26.2
    endloop
  endfacet
  facet normal 0 0 1
    outer loop
      vertex 22.1816 13.9975 26.2
      vertex 22.1816 13.0025 26.2
      vertex 22.2569 12.85 26.2
    endloop
  endfacet
  facet normal -0 0 1
    outer loop
      vertex 22.127 13.8365 26.2
      vertex 22.1816 13.0025 26.2
      vertex 22.1816 13.9975 26.2
    endloop
  endfacet
  facet normal 0 0 1
    outer loop
      vertex 22.127 13.8365 26.2
      vertex 22.127 13.1635 26.2
      vertex 22.1816 13.0025 26.2
    endloop
  endfacet
  facet normal -0 0 1
    outer loop
      vertex 22.0938 13.6697 26.2
      vertex 22.127 13.1635 26.2
      vertex 22.127 13.8365 26.2
    endloop
  endfacet
  facet normal 0 0 1
    outer loop
      vertex 22.0938 13.6697 26.2
      vertex 22.0938 13.3303 26.2
      vertex 22.127 13.1635 26.2
    endloop
  endfacet
  facet normal 0 -0 1
    outer loop
      vertex 22.0938 13.3303 26.2
      vertex 22.0938 13.6697 26.2
      vertex 22.0827 13.5 26.2
    endloop
  endfacet
  facet normal 0.555243 0.831688 -0
    outer loop
      vertex 22.7327 12.3742 26.2
      vertex 22.5913 12.4686 35.2
      vertex 22.7327 12.3742 35.2
    endloop
  endfacet
  facet normal 0.555243 0.831688 0
    outer loop
      vertex 22.5913 12.4686 35.2
      vertex 22.7327 12.3742 26.2
      vertex 22.5913 12.4686 26.2
    endloop
  endfacet
  facet normal -0.555243 0.831688 0
    outer loop
      vertex 24.1741 12.4686 26.2
      vertex 24.0327 12.3742 35.2
      vertex 24.1741 12.4686 35.2
    endloop
  endfacet
  facet normal -0.555243 0.831688 0
    outer loop
      vertex 24.0327 12.3742 35.2
      vertex 24.1741 12.4686 26.2
      vertex 24.0327 12.3742 26.2
    endloop
  endfacet
  facet normal 0.89665 -0.442739 0
    outer loop
      vertex 22.1816 13.9975 35.2
      vertex 22.2569 14.15 26.2
      vertex 22.2569 14.15 35.2
    endloop
  endfacet
  facet normal 0.89665 -0.442739 0
    outer loop
      vertex 22.2569 14.15 26.2
      vertex 22.1816 13.9975 35.2
      vertex 22.1816 13.9975 26.2
    endloop
  endfacet
  facet normal 0.980761 0.195211 0
    outer loop
      vertex 22.127 13.1635 35.2
      vertex 22.0938 13.3303 26.2
      vertex 22.0938 13.3303 35.2
    endloop
  endfacet
  facet normal 0.980761 0.195211 0
    outer loop
      vertex 22.0938 13.3303 26.2
      vertex 22.127 13.1635 35.2
      vertex 22.127 13.1635 26.2
    endloop
  endfacet
  facet normal -0.0652701 -0.997868 0
    outer loop
      vertex 23.3827 14.8 26.2
      vertex 23.5524 14.7889 35.2
      vertex 23.3827 14.8 35.2
    endloop
  endfacet
  facet normal -0.0652701 -0.997868 -0
    outer loop
      vertex 23.5524 14.7889 35.2
      vertex 23.3827 14.8 26.2
      vertex 23.5524 14.7889 26.2
    endloop
  endfacet
  facet normal 0.751774 0.65942 0
    outer loop
      vertex 22.4634 12.5808 35.2
      vertex 22.3513 12.7086 26.2
      vertex 22.3513 12.7086 35.2
    endloop
  endfacet
  facet normal 0.751774 0.65942 0
    outer loop
      vertex 22.3513 12.7086 26.2
      vertex 22.4634 12.5808 35.2
      vertex 22.4634 12.5808 26.2
    endloop
  endfacet
  facet normal 0.442267 0.896884 -0
    outer loop
      vertex 22.8852 12.299 26.2
      vertex 22.7327 12.3742 35.2
      vertex 22.8852 12.299 35.2
    endloop
  endfacet
  facet normal 0.442267 0.896884 0
    outer loop
      vertex 22.7327 12.3742 35.2
      vertex 22.8852 12.299 26.2
      vertex 22.7327 12.3742 26.2
    endloop
  endfacet
  facet normal 0.195233 0.980757 -0
    outer loop
      vertex -0.169683 -28.2889 26.2
      vertex -0.336464 -28.2557 35.2
      vertex -0.169683 -28.2889 35.2
    endloop
  endfacet
  facet normal 0.195233 0.980757 0
    outer loop
      vertex -0.336464 -28.2557 35.2
      vertex -0.169683 -28.2889 26.2
      vertex -0.336464 -28.2557 26.2
    endloop
  endfacet
  facet normal 0.321649 0.946859 -0
    outer loop
      vertex -0.336464 -28.2557 26.2
      vertex -0.497488 -28.201 35.2
      vertex -0.336464 -28.2557 35.2
    endloop
  endfacet
  facet normal 0.321649 0.946859 0
    outer loop
      vertex -0.497488 -28.201 35.2
      vertex -0.336464 -28.2557 26.2
      vertex -0.497488 -28.201 26.2
    endloop
  endfacet
  facet normal -0.980784 -0.195098 0
    outer loop
      vertex 1.28888 -26.8303 26.2
      vertex 1.2557 -26.6635 35.2
      vertex 1.2557 -26.6635 26.2
    endloop
  endfacet
  facet normal -0.980784 -0.195098 0
    outer loop
      vertex 1.2557 -26.6635 35.2
      vertex 1.28888 -26.8303 26.2
      vertex 1.28888 -26.8303 35.2
    endloop
  endfacet
  facet normal -0.89686 -0.442314 0
    outer loop
      vertex 1.20104 -26.5025 26.2
      vertex 1.12583 -26.35 35.2
      vertex 1.12583 -26.35 26.2
    endloop
  endfacet
  facet normal -0.89686 -0.442314 0
    outer loop
      vertex 1.12583 -26.35 35.2
      vertex 1.20104 -26.5025 26.2
      vertex 1.20104 -26.5025 35.2
    endloop
  endfacet
  facet normal 0.442239 0.896897 -0
    outer loop
      vertex -0.497488 -28.201 26.2
      vertex -0.65 -28.1258 35.2
      vertex -0.497488 -28.201 35.2
    endloop
  endfacet
  facet normal 0.442239 0.896897 0
    outer loop
      vertex -0.65 -28.1258 35.2
      vertex -0.497488 -28.201 26.2
      vertex -0.65 -28.1258 26.2
    endloop
  endfacet
  facet normal 0.555273 0.831668 -0
    outer loop
      vertex -0.65 -28.1258 26.2
      vertex -0.791389 -28.0314 35.2
      vertex -0.65 -28.1258 35.2
    endloop
  endfacet
  facet normal 0.555273 0.831668 0
    outer loop
      vertex -0.791389 -28.0314 35.2
      vertex -0.65 -28.1258 26.2
      vertex -0.791389 -28.0314 26.2
    endloop
  endfacet
  facet normal 0.75171 0.659493 0
    outer loop
      vertex -0.919238 -27.9192 35.2
      vertex -1.03136 -27.7914 26.2
      vertex -1.03136 -27.7914 35.2
    endloop
  endfacet
  facet normal 0.75171 0.659493 0
    outer loop
      vertex -1.03136 -27.7914 26.2
      vertex -0.919238 -27.9192 35.2
      vertex -0.919238 -27.9192 26.2
    endloop
  endfacet
  facet normal 0.0652766 0.997867 -0
    outer loop
      vertex 0 -28.3 26.2
      vertex -0.169683 -28.2889 35.2
      vertex 0 -28.3 35.2
    endloop
  endfacet
  facet normal 0.0652766 0.997867 0
    outer loop
      vertex -0.169683 -28.2889 35.2
      vertex 0 -28.3 26.2
      vertex -0.169683 -28.2889 26.2
    endloop
  endfacet
  facet normal -0.442239 0.896897 0
    outer loop
      vertex 0.65 -28.1258 26.2
      vertex 0.497488 -28.201 35.2
      vertex 0.65 -28.1258 35.2
    endloop
  endfacet
  facet normal -0.442239 0.896897 0
    outer loop
      vertex 0.497488 -28.201 35.2
      vertex 0.65 -28.1258 26.2
      vertex 0.497488 -28.201 26.2
    endloop
  endfacet
  facet normal 0.89686 -0.442314 0
    outer loop
      vertex -1.20104 -26.5025 35.2
      vertex -1.12583 -26.35 26.2
      vertex -1.12583 -26.35 35.2
    endloop
  endfacet
  facet normal 0.89686 -0.442314 0
    outer loop
      vertex -1.12583 -26.35 26.2
      vertex -1.20104 -26.5025 35.2
      vertex -1.20104 -26.5025 26.2
    endloop
  endfacet
  facet normal 0.65961 0.751608 -0
    outer loop
      vertex -0.791389 -28.0314 26.2
      vertex -0.919238 -27.9192 35.2
      vertex -0.791389 -28.0314 35.2
    endloop
  endfacet
  facet normal 0.65961 0.751608 0
    outer loop
      vertex -0.919238 -27.9192 35.2
      vertex -0.791389 -28.0314 26.2
      vertex -0.919238 -27.9192 26.2
    endloop
  endfacet
  facet normal 0.75171 -0.659493 0
    outer loop
      vertex -1.03136 -26.2086 35.2
      vertex -0.919238 -26.0808 26.2
      vertex -0.919238 -26.0808 35.2
    endloop
  endfacet
  facet normal 0.75171 -0.659493 0
    outer loop
      vertex -0.919238 -26.0808 26.2
      vertex -1.03136 -26.2086 35.2
      vertex -1.03136 -26.2086 26.2
    endloop
  endfacet
  facet normal 0.99786 0.0653872 0
    outer loop
      vertex -1.28888 -27.1697 35.2
      vertex -1.3 -27 26.2
      vertex -1.3 -27 35.2
    endloop
  endfacet
  facet normal 0.99786 0.0653872 0
    outer loop
      vertex -1.3 -27 26.2
      vertex -1.28888 -27.1697 35.2
      vertex -1.28888 -27.1697 26.2
    endloop
  endfacet
  facet normal -0.321649 0.946859 0
    outer loop
      vertex 0.497488 -28.201 26.2
      vertex 0.336464 -28.2557 35.2
      vertex 0.497488 -28.201 35.2
    endloop
  endfacet
  facet normal -0.321649 0.946859 0
    outer loop
      vertex 0.336464 -28.2557 35.2
      vertex 0.497488 -28.201 26.2
      vertex 0.336464 -28.2557 26.2
    endloop
  endfacet
  facet normal 0.946916 0.321481 0
    outer loop
      vertex -1.20104 -27.4975 35.2
      vertex -1.2557 -27.3365 26.2
      vertex -1.2557 -27.3365 35.2
    endloop
  endfacet
  facet normal 0.946916 0.321481 0
    outer loop
      vertex -1.2557 -27.3365 26.2
      vertex -1.20104 -27.4975 35.2
      vertex -1.20104 -27.4975 26.2
    endloop
  endfacet
  facet normal -0.321649 -0.946859 0
    outer loop
      vertex 0.336464 -25.7443 26.2
      vertex 0.497488 -25.799 35.2
      vertex 0.336464 -25.7443 35.2
    endloop
  endfacet
  facet normal -0.321649 -0.946859 -0
    outer loop
      vertex 0.497488 -25.799 35.2
      vertex 0.336464 -25.7443 26.2
      vertex 0.497488 -25.799 26.2
    endloop
  endfacet
  facet normal 0.831498 0.555528 0
    outer loop
      vertex -1.03136 -27.7914 35.2
      vertex -1.12583 -27.65 26.2
      vertex -1.12583 -27.65 35.2
    endloop
  endfacet
  facet normal 0.831498 0.555528 0
    outer loop
      vertex -1.12583 -27.65 26.2
      vertex -1.03136 -27.7914 35.2
      vertex -1.03136 -27.7914 26.2
    endloop
  endfacet
  facet normal -0.195233 0.980757 0
    outer loop
      vertex 0.336464 -28.2557 26.2
      vertex 0.169683 -28.2889 35.2
      vertex 0.336464 -28.2557 35.2
    endloop
  endfacet
  facet normal -0.195233 0.980757 0
    outer loop
      vertex 0.169683 -28.2889 35.2
      vertex 0.336464 -28.2557 26.2
      vertex 0.169683 -28.2889 26.2
    endloop
  endfacet
  facet normal -0.946916 0.321481 0
    outer loop
      vertex 1.20104 -27.4975 26.2
      vertex 1.2557 -27.3365 35.2
      vertex 1.2557 -27.3365 26.2
    endloop
  endfacet
  facet normal -0.946916 0.321481 0
    outer loop
      vertex 1.2557 -27.3365 35.2
      vertex 1.20104 -27.4975 26.2
      vertex 1.20104 -27.4975 35.2
    endloop
  endfacet
  facet normal -0.980784 0.195098 0
    outer loop
      vertex 1.2557 -27.3365 26.2
      vertex 1.28888 -27.1697 35.2
      vertex 1.28888 -27.1697 26.2
    endloop
  endfacet
  facet normal -0.980784 0.195098 0
    outer loop
      vertex 1.28888 -27.1697 35.2
      vertex 1.2557 -27.3365 26.2
      vertex 1.2557 -27.3365 35.2
    endloop
  endfacet
  facet normal 0.442239 -0.896897 0
    outer loop
      vertex -0.65 -25.8742 26.2
      vertex -0.497488 -25.799 35.2
      vertex -0.65 -25.8742 35.2
    endloop
  endfacet
  facet normal 0.442239 -0.896897 0
    outer loop
      vertex -0.497488 -25.799 35.2
      vertex -0.65 -25.8742 26.2
      vertex -0.497488 -25.799 26.2
    endloop
  endfacet
  facet normal -0.75171 -0.659493 0
    outer loop
      vertex 1.03136 -26.2086 26.2
      vertex 0.919238 -26.0808 35.2
      vertex 0.919238 -26.0808 26.2
    endloop
  endfacet
  facet normal -0.75171 -0.659493 0
    outer loop
      vertex 0.919238 -26.0808 35.2
      vertex 1.03136 -26.2086 26.2
      vertex 1.03136 -26.2086 35.2
    endloop
  endfacet
  facet normal 0.89686 0.442314 0
    outer loop
      vertex -1.12583 -27.65 35.2
      vertex -1.20104 -27.4975 26.2
      vertex -1.20104 -27.4975 35.2
    endloop
  endfacet
  facet normal 0.89686 0.442314 0
    outer loop
      vertex -1.20104 -27.4975 26.2
      vertex -1.12583 -27.65 35.2
      vertex -1.12583 -27.65 26.2
    endloop
  endfacet
  facet normal -0.555273 -0.831668 0
    outer loop
      vertex 0.65 -25.8742 26.2
      vertex 0.791389 -25.9686 35.2
      vertex 0.65 -25.8742 35.2
    endloop
  endfacet
  facet normal -0.555273 -0.831668 -0
    outer loop
      vertex 0.791389 -25.9686 35.2
      vertex 0.65 -25.8742 26.2
      vertex 0.791389 -25.9686 26.2
    endloop
  endfacet
  facet normal 0.980784 -0.195098 0
    outer loop
      vertex -1.28888 -26.8303 35.2
      vertex -1.2557 -26.6635 26.2
      vertex -1.2557 -26.6635 35.2
    endloop
  endfacet
  facet normal 0.980784 -0.195098 0
    outer loop
      vertex -1.2557 -26.6635 26.2
      vertex -1.28888 -26.8303 35.2
      vertex -1.28888 -26.8303 26.2
    endloop
  endfacet
  facet normal -0.65961 0.751608 0
    outer loop
      vertex 0.919238 -27.9192 26.2
      vertex 0.791389 -28.0314 35.2
      vertex 0.919238 -27.9192 35.2
    endloop
  endfacet
  facet normal -0.65961 0.751608 0
    outer loop
      vertex 0.791389 -28.0314 35.2
      vertex 0.919238 -27.9192 26.2
      vertex 0.791389 -28.0314 26.2
    endloop
  endfacet
  facet normal 0.195233 -0.980757 0
    outer loop
      vertex -0.336464 -25.7443 26.2
      vertex -0.169683 -25.7111 35.2
      vertex -0.336464 -25.7443 35.2
    endloop
  endfacet
  facet normal 0.195233 -0.980757 0
    outer loop
      vertex -0.169683 -25.7111 35.2
      vertex -0.336464 -25.7443 26.2
      vertex -0.169683 -25.7111 26.2
    endloop
  endfacet
  facet normal 0.99786 -0.0653872 0
    outer loop
      vertex -1.3 -27 35.2
      vertex -1.28888 -26.8303 26.2
      vertex -1.28888 -26.8303 35.2
    endloop
  endfacet
  facet normal 0.99786 -0.0653872 0
    outer loop
      vertex -1.28888 -26.8303 26.2
      vertex -1.3 -27 35.2
      vertex -1.3 -27 26.2
    endloop
  endfacet
  facet normal 0.831498 -0.555528 0
    outer loop
      vertex -1.12583 -26.35 35.2
      vertex -1.03136 -26.2086 26.2
      vertex -1.03136 -26.2086 35.2
    endloop
  endfacet
  facet normal 0.831498 -0.555528 0
    outer loop
      vertex -1.03136 -26.2086 26.2
      vertex -1.12583 -26.35 35.2
      vertex -1.12583 -26.35 26.2
    endloop
  endfacet
  facet normal -0.555273 0.831668 0
    outer loop
      vertex 0.791389 -28.0314 26.2
      vertex 0.65 -28.1258 35.2
      vertex 0.791389 -28.0314 35.2
    endloop
  endfacet
  facet normal -0.555273 0.831668 0
    outer loop
      vertex 0.65 -28.1258 35.2
      vertex 0.791389 -28.0314 26.2
      vertex 0.65 -28.1258 26.2
    endloop
  endfacet
  facet normal -0.65961 -0.751608 0
    outer loop
      vertex 0.791389 -25.9686 26.2
      vertex 0.919238 -26.0808 35.2
      vertex 0.791389 -25.9686 35.2
    endloop
  endfacet
  facet normal -0.65961 -0.751608 -0
    outer loop
      vertex 0.919238 -26.0808 35.2
      vertex 0.791389 -25.9686 26.2
      vertex 0.919238 -26.0808 26.2
    endloop
  endfacet
  facet normal 0.946916 -0.321481 0
    outer loop
      vertex -1.2557 -26.6635 35.2
      vertex -1.20104 -26.5025 26.2
      vertex -1.20104 -26.5025 35.2
    endloop
  endfacet
  facet normal 0.946916 -0.321481 0
    outer loop
      vertex -1.20104 -26.5025 26.2
      vertex -1.2557 -26.6635 35.2
      vertex -1.2557 -26.6635 26.2
    endloop
  endfacet
  facet normal -0.99786 0.0653872 0
    outer loop
      vertex 1.28888 -27.1697 26.2
      vertex 1.3 -27 35.2
      vertex 1.3 -27 26.2
    endloop
  endfacet
  facet normal -0.99786 0.0653872 0
    outer loop
      vertex 1.3 -27 35.2
      vertex 1.28888 -27.1697 26.2
      vertex 1.28888 -27.1697 35.2
    endloop
  endfacet
  facet normal 0.65961 -0.751608 0
    outer loop
      vertex -0.919238 -26.0808 26.2
      vertex -0.791389 -25.9686 35.2
      vertex -0.919238 -26.0808 35.2
    endloop
  endfacet
  facet normal 0.65961 -0.751608 0
    outer loop
      vertex -0.791389 -25.9686 35.2
      vertex -0.919238 -26.0808 26.2
      vertex -0.791389 -25.9686 26.2
    endloop
  endfacet
  facet normal 0 0 1
    outer loop
      vertex 1.28888 -26.8303 26.2
      vertex 1.28888 -27.1697 26.2
      vertex 1.3 -27 26.2
    endloop
  endfacet
  facet normal 0 0 1
    outer loop
      vertex 1.2557 -26.6635 26.2
      vertex 1.28888 -27.1697 26.2
      vertex 1.28888 -26.8303 26.2
    endloop
  endfacet
  facet normal 0 0 1
    outer loop
      vertex 1.2557 -26.6635 26.2
      vertex 1.2557 -27.3365 26.2
      vertex 1.28888 -27.1697 26.2
    endloop
  endfacet
  facet normal 0 0 1
    outer loop
      vertex 1.20104 -26.5025 26.2
      vertex 1.2557 -27.3365 26.2
      vertex 1.2557 -26.6635 26.2
    endloop
  endfacet
  facet normal 0 0 1
    outer loop
      vertex 1.20104 -26.5025 26.2
      vertex 1.20104 -27.4975 26.2
      vertex 1.2557 -27.3365 26.2
    endloop
  endfacet
  facet normal 0 0 1
    outer loop
      vertex 1.12583 -26.35 26.2
      vertex 1.20104 -27.4975 26.2
      vertex 1.20104 -26.5025 26.2
    endloop
  endfacet
  facet normal 0 0 1
    outer loop
      vertex 1.12583 -26.35 26.2
      vertex 1.12583 -27.65 26.2
      vertex 1.20104 -27.4975 26.2
    endloop
  endfacet
  facet normal 0 0 1
    outer loop
      vertex 1.03136 -26.2086 26.2
      vertex 1.12583 -27.65 26.2
      vertex 1.12583 -26.35 26.2
    endloop
  endfacet
  facet normal 0 0 1
    outer loop
      vertex 1.03136 -26.2086 26.2
      vertex 1.03136 -27.7914 26.2
      vertex 1.12583 -27.65 26.2
    endloop
  endfacet
  facet normal 0 0 1
    outer loop
      vertex 0.919238 -26.0808 26.2
      vertex 1.03136 -27.7914 26.2
      vertex 1.03136 -26.2086 26.2
    endloop
  endfacet
  facet normal 0 0 1
    outer loop
      vertex 0.919238 -26.0808 26.2
      vertex 0.919238 -27.9192 26.2
      vertex 1.03136 -27.7914 26.2
    endloop
  endfacet
  facet normal 0 0 1
    outer loop
      vertex 0.791389 -25.9686 26.2
      vertex 0.919238 -27.9192 26.2
      vertex 0.919238 -26.0808 26.2
    endloop
  endfacet
  facet normal 0 0 1
    outer loop
      vertex 0.791389 -25.9686 26.2
      vertex 0.791389 -28.0314 26.2
      vertex 0.919238 -27.9192 26.2
    endloop
  endfacet
  facet normal 0 0 1
    outer loop
      vertex 0.65 -25.8742 26.2
      vertex 0.791389 -28.0314 26.2
      vertex 0.791389 -25.9686 26.2
    endloop
  endfacet
  facet normal 0 0 1
    outer loop
      vertex 0.65 -25.8742 26.2
      vertex 0.65 -28.1258 26.2
      vertex 0.791389 -28.0314 26.2
    endloop
  endfacet
  facet normal 0 0 1
    outer loop
      vertex 0.497488 -25.799 26.2
      vertex 0.65 -28.1258 26.2
      vertex 0.65 -25.8742 26.2
    endloop
  endfacet
  facet normal 0 0 1
    outer loop
      vertex 0.497488 -25.799 26.2
      vertex 0.497488 -28.201 26.2
      vertex 0.65 -28.1258 26.2
    endloop
  endfacet
  facet normal 0 0 1
    outer loop
      vertex 0.336464 -25.7443 26.2
      vertex 0.497488 -28.201 26.2
      vertex 0.497488 -25.799 26.2
    endloop
  endfacet
  facet normal 0 0 1
    outer loop
      vertex 0.336464 -25.7443 26.2
      vertex 0.336464 -28.2557 26.2
      vertex 0.497488 -28.201 26.2
    endloop
  endfacet
  facet normal 0 0 1
    outer loop
      vertex 0.169683 -25.7111 26.2
      vertex 0.336464 -28.2557 26.2
      vertex 0.336464 -25.7443 26.2
    endloop
  endfacet
  facet normal 0 0 1
    outer loop
      vertex 0.169683 -25.7111 26.2
      vertex 0.169683 -28.2889 26.2
      vertex 0.336464 -28.2557 26.2
    endloop
  endfacet
  facet normal 0 0 1
    outer loop
      vertex 0 -25.7 26.2
      vertex 0.169683 -28.2889 26.2
      vertex 0.169683 -25.7111 26.2
    endloop
  endfacet
  facet normal 0 0 1
    outer loop
      vertex 0 -25.7 26.2
      vertex 0 -28.3 26.2
      vertex 0.169683 -28.2889 26.2
    endloop
  endfacet
  facet normal -0 0 1
    outer loop
      vertex -0.169683 -25.7111 26.2
      vertex 0 -28.3 26.2
      vertex 0 -25.7 26.2
    endloop
  endfacet
  facet normal 0 0 1
    outer loop
      vertex -0.169683 -25.7111 26.2
      vertex -0.169683 -28.2889 26.2
      vertex 0 -28.3 26.2
    endloop
  endfacet
  facet normal -0 0 1
    outer loop
      vertex -0.336464 -25.7443 26.2
      vertex -0.169683 -28.2889 26.2
      vertex -0.169683 -25.7111 26.2
    endloop
  endfacet
  facet normal 0 0 1
    outer loop
      vertex -0.336464 -25.7443 26.2
      vertex -0.336464 -28.2557 26.2
      vertex -0.169683 -28.2889 26.2
    endloop
  endfacet
  facet normal -0 0 1
    outer loop
      vertex -0.497488 -25.799 26.2
      vertex -0.336464 -28.2557 26.2
      vertex -0.336464 -25.7443 26.2
    endloop
  endfacet
  facet normal 0 0 1
    outer loop
      vertex -0.497488 -25.799 26.2
      vertex -0.497488 -28.201 26.2
      vertex -0.336464 -28.2557 26.2
    endloop
  endfacet
  facet normal -0 0 1
    outer loop
      vertex -0.65 -25.8742 26.2
      vertex -0.497488 -28.201 26.2
      vertex -0.497488 -25.799 26.2
    endloop
  endfacet
  facet normal 0 0 1
    outer loop
      vertex -0.65 -25.8742 26.2
      vertex -0.65 -28.1258 26.2
      vertex -0.497488 -28.201 26.2
    endloop
  endfacet
  facet normal -0 0 1
    outer loop
      vertex -0.791389 -25.9686 26.2
      vertex -0.65 -28.1258 26.2
      vertex -0.65 -25.8742 26.2
    endloop
  endfacet
  facet normal 0 0 1
    outer loop
      vertex -0.791389 -25.9686 26.2
      vertex -0.791389 -28.0314 26.2
      vertex -0.65 -28.1258 26.2
    endloop
  endfacet
  facet normal -0 0 1
    outer loop
      vertex -0.919238 -26.0808 26.2
      vertex -0.791389 -28.0314 26.2
      vertex -0.791389 -25.9686 26.2
    endloop
  endfacet
  facet normal 0 0 1
    outer loop
      vertex -0.919238 -26.0808 26.2
      vertex -0.919238 -27.9192 26.2
      vertex -0.791389 -28.0314 26.2
    endloop
  endfacet
  facet normal -0 0 1
    outer loop
      vertex -1.03136 -26.2086 26.2
      vertex -0.919238 -27.9192 26.2
      vertex -0.919238 -26.0808 26.2
    endloop
  endfacet
  facet normal 0 0 1
    outer loop
      vertex -1.03136 -26.2086 26.2
      vertex -1.03136 -27.7914 26.2
      vertex -0.919238 -27.9192 26.2
    endloop
  endfacet
  facet normal -0 0 1
    outer loop
      vertex -1.12583 -26.35 26.2
      vertex -1.03136 -27.7914 26.2
      vertex -1.03136 -26.2086 26.2
    endloop
  endfacet
  facet normal 0 0 1
    outer loop
      vertex -1.12583 -26.35 26.2
      vertex -1.12583 -27.65 26.2
      vertex -1.03136 -27.7914 26.2
    endloop
  endfacet
  facet normal -0 0 1
    outer loop
      vertex -1.20104 -26.5025 26.2
      vertex -1.12583 -27.65 26.2
      vertex -1.12583 -26.35 26.2
    endloop
  endfacet
  facet normal 0 0 1
    outer loop
      vertex -1.20104 -26.5025 26.2
      vertex -1.20104 -27.4975 26.2
      vertex -1.12583 -27.65 26.2
    endloop
  endfacet
  facet normal -0 0 1
    outer loop
      vertex -1.2557 -26.6635 26.2
      vertex -1.20104 -27.4975 26.2
      vertex -1.20104 -26.5025 26.2
    endloop
  endfacet
  facet normal 0 0 1
    outer loop
      vertex -1.2557 -26.6635 26.2
      vertex -1.2557 -27.3365 26.2
      vertex -1.20104 -27.4975 26.2
    endloop
  endfacet
  facet normal -0 0 1
    outer loop
      vertex -1.28888 -26.8303 26.2
      vertex -1.2557 -27.3365 26.2
      vertex -1.2557 -26.6635 26.2
    endloop
  endfacet
  facet normal 0 0 1
    outer loop
      vertex -1.28888 -26.8303 26.2
      vertex -1.28888 -27.1697 26.2
      vertex -1.2557 -27.3365 26.2
    endloop
  endfacet
  facet normal 0 -0 1
    outer loop
      vertex -1.28888 -27.1697 26.2
      vertex -1.28888 -26.8303 26.2
      vertex -1.3 -27 26.2
    endloop
  endfacet
  facet normal -0.195233 -0.980757 0
    outer loop
      vertex 0.169683 -25.7111 26.2
      vertex 0.336464 -25.7443 35.2
      vertex 0.169683 -25.7111 35.2
    endloop
  endfacet
  facet normal -0.195233 -0.980757 -0
    outer loop
      vertex 0.336464 -25.7443 35.2
      vertex 0.169683 -25.7111 26.2
      vertex 0.336464 -25.7443 26.2
    endloop
  endfacet
  facet normal 0.321649 -0.946859 0
    outer loop
      vertex -0.497488 -25.799 26.2
      vertex -0.336464 -25.7443 35.2
      vertex -0.497488 -25.799 35.2
    endloop
  endfacet
  facet normal 0.321649 -0.946859 0
    outer loop
      vertex -0.336464 -25.7443 35.2
      vertex -0.497488 -25.799 26.2
      vertex -0.336464 -25.7443 26.2
    endloop
  endfacet
  facet normal -0.946916 -0.321481 0
    outer loop
      vertex 1.2557 -26.6635 26.2
      vertex 1.20104 -26.5025 35.2
      vertex 1.20104 -26.5025 26.2
    endloop
  endfacet
  facet normal -0.946916 -0.321481 0
    outer loop
      vertex 1.20104 -26.5025 35.2
      vertex 1.2557 -26.6635 26.2
      vertex 1.2557 -26.6635 35.2
    endloop
  endfacet
  facet normal 0.0652766 -0.997867 0
    outer loop
      vertex -0.169683 -25.7111 26.2
      vertex 0 -25.7 35.2
      vertex -0.169683 -25.7111 35.2
    endloop
  endfacet
  facet normal 0.0652766 -0.997867 0
    outer loop
      vertex 0 -25.7 35.2
      vertex -0.169683 -25.7111 26.2
      vertex 0 -25.7 26.2
    endloop
  endfacet
  facet normal -0.442239 -0.896897 0
    outer loop
      vertex 0.497488 -25.799 26.2
      vertex 0.65 -25.8742 35.2
      vertex 0.497488 -25.799 35.2
    endloop
  endfacet
  facet normal -0.442239 -0.896897 -0
    outer loop
      vertex 0.65 -25.8742 35.2
      vertex 0.497488 -25.799 26.2
      vertex 0.65 -25.8742 26.2
    endloop
  endfacet
  facet normal -0.0652766 0.997867 0
    outer loop
      vertex 0.169683 -28.2889 26.2
      vertex 0 -28.3 35.2
      vertex 0.169683 -28.2889 35.2
    endloop
  endfacet
  facet normal -0.0652766 0.997867 0
    outer loop
      vertex 0 -28.3 35.2
      vertex 0.169683 -28.2889 26.2
      vertex 0 -28.3 26.2
    endloop
  endfacet
  facet normal -0.99786 -0.0653872 0
    outer loop
      vertex 1.3 -27 26.2
      vertex 1.28888 -26.8303 35.2
      vertex 1.28888 -26.8303 26.2
    endloop
  endfacet
  facet normal -0.99786 -0.0653872 0
    outer loop
      vertex 1.28888 -26.8303 35.2
      vertex 1.3 -27 26.2
      vertex 1.3 -27 35.2
    endloop
  endfacet
  facet normal 0.980784 0.195098 0
    outer loop
      vertex -1.2557 -27.3365 35.2
      vertex -1.28888 -27.1697 26.2
      vertex -1.28888 -27.1697 35.2
    endloop
  endfacet
  facet normal 0.980784 0.195098 0
    outer loop
      vertex -1.28888 -27.1697 26.2
      vertex -1.2557 -27.3365 35.2
      vertex -1.2557 -27.3365 26.2
    endloop
  endfacet
  facet normal -0.0652766 -0.997867 0
    outer loop
      vertex 0 -25.7 26.2
      vertex 0.169683 -25.7111 35.2
      vertex 0 -25.7 35.2
    endloop
  endfacet
  facet normal -0.0652766 -0.997867 -0
    outer loop
      vertex 0.169683 -25.7111 35.2
      vertex 0 -25.7 26.2
      vertex 0.169683 -25.7111 26.2
    endloop
  endfacet
  facet normal 0.555273 -0.831668 0
    outer loop
      vertex -0.791389 -25.9686 26.2
      vertex -0.65 -25.8742 35.2
      vertex -0.791389 -25.9686 35.2
    endloop
  endfacet
  facet normal 0.555273 -0.831668 0
    outer loop
      vertex -0.65 -25.8742 35.2
      vertex -0.791389 -25.9686 26.2
      vertex -0.65 -25.8742 26.2
    endloop
  endfacet
  facet normal -0.831498 0.555528 0
    outer loop
      vertex 1.03136 -27.7914 26.2
      vertex 1.12583 -27.65 35.2
      vertex 1.12583 -27.65 26.2
    endloop
  endfacet
  facet normal -0.831498 0.555528 0
    outer loop
      vertex 1.12583 -27.65 35.2
      vertex 1.03136 -27.7914 26.2
      vertex 1.03136 -27.7914 35.2
    endloop
  endfacet
  facet normal -0.89686 0.442314 0
    outer loop
      vertex 1.12583 -27.65 26.2
      vertex 1.20104 -27.4975 35.2
      vertex 1.20104 -27.4975 26.2
    endloop
  endfacet
  facet normal -0.89686 0.442314 0
    outer loop
      vertex 1.20104 -27.4975 35.2
      vertex 1.12583 -27.65 26.2
      vertex 1.12583 -27.65 35.2
    endloop
  endfacet
  facet normal -0.75171 0.659493 0
    outer loop
      vertex 0.919238 -27.9192 26.2
      vertex 1.03136 -27.7914 35.2
      vertex 1.03136 -27.7914 26.2
    endloop
  endfacet
  facet normal -0.75171 0.659493 0
    outer loop
      vertex 1.03136 -27.7914 35.2
      vertex 0.919238 -27.9192 26.2
      vertex 0.919238 -27.9192 35.2
    endloop
  endfacet
  facet normal -0.831498 -0.555528 0
    outer loop
      vertex 1.12583 -26.35 26.2
      vertex 1.03136 -26.2086 35.2
      vertex 1.03136 -26.2086 26.2
    endloop
  endfacet
  facet normal -0.831498 -0.555528 0
    outer loop
      vertex 1.03136 -26.2086 35.2
      vertex 1.12583 -26.35 26.2
      vertex 1.12583 -26.35 35.2
    endloop
  endfacet
  facet normal -0.0327463 -0.999464 0
    outer loop
      vertex 0 20.3 0.799999
      vertex 1.32768 20.2565 25.2
      vertex 0 20.3 25.2
    endloop
  endfacet
  facet normal -0.0327463 -0.999464 -0
    outer loop
      vertex 1.32768 20.2565 25.2
      vertex 0 20.3 0.799999
      vertex 1.32768 20.2565 0.799999
    endloop
  endfacet
  facet normal 0.995185 -0.0980129 0
    outer loop
      vertex -20.2565 1.32768 35.2
      vertex -20.1263 2.64968 0.799999
      vertex -20.1263 2.64968 35.2
    endloop
  endfacet
  facet normal 0.995185 -0.0980129 0
    outer loop
      vertex -20.1263 2.64968 0.799999
      vertex -20.2565 1.32768 35.2
      vertex -20.2565 1.32768 0.799999
    endloop
  endfacet
  facet normal 0.999464 -0.0327463 0
    outer loop
      vertex -20.3 0 35.2
      vertex -20.2565 1.32768 0.799999
      vertex -20.2565 1.32768 35.2
    endloop
  endfacet
  facet normal 0.999464 -0.0327463 0
    outer loop
      vertex -20.2565 1.32768 0.799999
      vertex -20.3 0 35.2
      vertex -20.3 0 0.799999
    endloop
  endfacet
  facet normal -0.849201 0.528069 0
    outer loop
      vertex 16.8788 -11.2781 0.799999
      vertex 17.5803 -10.15 35.2
      vertex 17.5803 -10.15 0.799999
    endloop
  endfacet
  facet normal -0.849201 0.528069 0
    outer loop
      vertex 17.5803 -10.15 35.2
      vertex 16.8788 -11.2781 0.799999
      vertex 16.8788 -11.2781 35.2
    endloop
  endfacet
  facet normal 0.0980129 0.995185 -0
    outer loop
      vertex -1.32768 -20.2565 0.799999
      vertex -2.64968 -20.1263 35.2
      vertex -1.32768 -20.2565 35.2
    endloop
  endfacet
  facet normal 0.0980129 0.995185 0
    outer loop
      vertex -2.64968 -20.1263 35.2
      vertex -1.32768 -20.2565 0.799999
      vertex -2.64968 -20.1263 0.799999
    endloop
  endfacet
  facet normal 0.0980129 -0.995185 0
    outer loop
      vertex -2.64968 20.1263 0.799999
      vertex -1.32768 20.2565 25.2
      vertex -2.64968 20.1263 25.2
    endloop
  endfacet
  facet normal 0.0980129 -0.995185 0
    outer loop
      vertex -1.32768 20.2565 25.2
      vertex -2.64968 20.1263 0.799999
      vertex -1.32768 20.2565 0.799999
    endloop
  endfacet
  facet normal 0.910847 -0.412745 0
    outer loop
      vertex -18.7548 7.76847 35.2
      vertex -18.2065 8.97846 0.799999
      vertex -18.2065 8.97846 35.2
    endloop
  endfacet
  facet normal 0.910847 -0.412745 0
    outer loop
      vertex -18.2065 8.97846 0.799999
      vertex -18.7548 7.76847 35.2
      vertex -18.7548 7.76847 0.799999
    endloop
  endfacet
  facet normal -0.812873 0.582441 0
    outer loop
      vertex 16.1051 -12.3579 0.799999
      vertex 16.8788 -11.2781 35.2
      vertex 16.8788 -11.2781 0.799999
    endloop
  endfacet
  facet normal -0.812873 0.582441 0
    outer loop
      vertex 16.8788 -11.2781 35.2
      vertex 16.1051 -12.3579 0.799999
      vertex 16.1051 -12.3579 35.2
    endloop
  endfacet
  facet normal 0.582441 -0.812873 0
    outer loop
      vertex -12.3579 16.1051 0.799999
      vertex -11.2781 16.8788 35.2
      vertex -12.3579 16.1051 35.2
    endloop
  endfacet
  facet normal 0.582441 -0.812873 0
    outer loop
      vertex -11.2781 16.8788 35.2
      vertex -12.3579 16.1051 0.799999
      vertex -11.2781 16.8788 0.799999
    endloop
  endfacet
  facet normal -0.162903 0.986642 0
    outer loop
      vertex 3.96033 -19.9099 0.799999
      vertex 2.64968 -20.1263 35.2
      vertex 3.96033 -19.9099 35.2
    endloop
  endfacet
  facet normal -0.162903 0.986642 0
    outer loop
      vertex 2.64968 -20.1263 35.2
      vertex 3.96033 -19.9099 0.799999
      vertex 2.64968 -20.1263 0.799999
    endloop
  endfacet
  facet normal 0.528069 -0.849201 0
    outer loop
      vertex -11.2781 16.8788 0.799999
      vertex -10.15 17.5803 35.2
      vertex -11.2781 16.8788 35.2
    endloop
  endfacet
  facet normal 0.528069 -0.849201 0
    outer loop
      vertex -10.15 17.5803 35.2
      vertex -11.2781 16.8788 0.799999
      vertex -10.15 17.5803 0.799999
    endloop
  endfacet
  facet normal 0.412745 -0.910847 0
    outer loop
      vertex -8.97846 18.2065 0.799999
      vertex -7.76847 18.7548 35.2
      vertex -8.97846 18.2065 35.2
    endloop
  endfacet
  facet normal 0.412745 -0.910847 0
    outer loop
      vertex -7.76847 18.7548 35.2
      vertex -8.97846 18.2065 0.799999
      vertex -7.76847 18.7548 0.799999
    endloop
  endfacet
  facet normal 0.63445 -0.772964 0
    outer loop
      vertex -13.3847 15.2623 0.799999
      vertex -12.3579 16.1051 35.2
      vertex -13.3847 15.2623 35.2
    endloop
  endfacet
  facet normal 0.63445 -0.772964 0
    outer loop
      vertex -12.3579 16.1051 35.2
      vertex -13.3847 15.2623 0.799999
      vertex -12.3579 16.1051 0.799999
    endloop
  endfacet
  facet normal -0.225918 -0.974146 -0
    outer loop
      vertex 3.96033 19.9099 25.2
      vertex 3.96033 19.9099 0.799999
      vertex 4 19.9007 25.2
    endloop
  endfacet
  facet normal -0.227077 -0.973877 0
    outer loop
      vertex 4 19.9007 25.2
      vertex 5.25403 19.6083 35.2
      vertex 4 19.9007 35.2
    endloop
  endfacet
  facet normal -0.227042 -0.973885 1.92616e-06
    outer loop
      vertex 5.25403 19.6083 0.799999
      vertex 4 19.9007 25.2
      vertex 3.96033 19.9099 0.799999
    endloop
  endfacet
  facet normal -0.227077 -0.973877 0
    outer loop
      vertex 4 19.9007 25.2
      vertex 5.25403 19.6083 0.799999
      vertex 5.25403 19.6083 35.2
    endloop
  endfacet
  facet normal -0.935912 -0.352233 0
    outer loop
      vertex 19.2227 6.52522 0.799999
      vertex 18.7548 7.76847 35.2
      vertex 18.7548 7.76847 0.799999
    endloop
  endfacet
  facet normal -0.935912 -0.352233 0
    outer loop
      vertex 18.7548 7.76847 35.2
      vertex 19.2227 6.52522 0.799999
      vertex 19.2227 6.52522 35.2
    endloop
  endfacet
  facet normal 0.0327463 0.999464 -0
    outer loop
      vertex 0 -20.3 0.799999
      vertex -1.32768 -20.2565 35.2
      vertex 0 -20.3 35.2
    endloop
  endfacet
  facet normal 0.0327463 0.999464 0
    outer loop
      vertex -1.32768 -20.2565 35.2
      vertex 0 -20.3 0.799999
      vertex -1.32768 -20.2565 0.799999
    endloop
  endfacet
  facet normal 0.528069 0.849201 -0
    outer loop
      vertex -10.15 -17.5803 0.799999
      vertex -11.2781 -16.8788 35.2
      vertex -10.15 -17.5803 35.2
    endloop
  endfacet
  facet normal 0.528069 0.849201 0
    outer loop
      vertex -11.2781 -16.8788 35.2
      vertex -10.15 -17.5803 0.799999
      vertex -11.2781 -16.8788 0.799999
    endloop
  endfacet
  facet normal 0.986642 0.162903 0
    outer loop
      vertex -19.9099 -3.96033 35.2
      vertex -20.1263 -2.64968 0.799999
      vertex -20.1263 -2.64968 35.2
    endloop
  endfacet
  facet normal 0.986642 0.162903 0
    outer loop
      vertex -20.1263 -2.64968 0.799999
      vertex -19.9099 -3.96033 35.2
      vertex -19.9099 -3.96033 0.799999
    endloop
  endfacet
  facet normal 0.935912 0.352233 0
    outer loop
      vertex -18.7548 -7.76847 35.2
      vertex -19.2227 -6.52522 0.799999
      vertex -19.2227 -6.52522 35.2
    endloop
  endfacet
  facet normal 0.935912 0.352233 0
    outer loop
      vertex -19.2227 -6.52522 0.799999
      vertex -18.7548 -7.76847 35.2
      vertex -18.7548 -7.76847 0.799999
    endloop
  endfacet
  facet normal -0.528069 -0.849201 0
    outer loop
      vertex 10.15 17.5803 0.799999
      vertex 11.2781 16.8788 35.2
      vertex 10.15 17.5803 35.2
    endloop
  endfacet
  facet normal -0.528069 -0.849201 -0
    outer loop
      vertex 11.2781 16.8788 35.2
      vertex 10.15 17.5803 0.799999
      vertex 11.2781 16.8788 0.799999
    endloop
  endfacet
  facet normal -0.290277 -0.956943 0
    outer loop
      vertex 5.25403 19.6083 0.799999
      vertex 6.52522 19.2227 35.2
      vertex 5.25403 19.6083 35.2
    endloop
  endfacet
  facet normal -0.290277 -0.956943 -0
    outer loop
      vertex 6.52522 19.2227 35.2
      vertex 5.25403 19.6083 0.799999
      vertex 6.52522 19.2227 0.799999
    endloop
  endfacet
  facet normal -0.63445 -0.772964 0
    outer loop
      vertex 12.3579 16.1051 0.799999
      vertex 13.3847 15.2623 35.2
      vertex 12.3579 16.1051 35.2
    endloop
  endfacet
  facet normal -0.63445 -0.772964 -0
    outer loop
      vertex 13.3847 15.2623 35.2
      vertex 12.3579 16.1051 0.799999
      vertex 13.3847 15.2623 0.799999
    endloop
  endfacet
  facet normal -0.0980129 -0.995185 0
    outer loop
      vertex 1.32768 20.2565 0.799999
      vertex 2.64968 20.1263 25.2
      vertex 1.32768 20.2565 25.2
    endloop
  endfacet
  facet normal -0.0980129 -0.995185 -0
    outer loop
      vertex 2.64968 20.1263 25.2
      vertex 1.32768 20.2565 0.799999
      vertex 2.64968 20.1263 0.799999
    endloop
  endfacet
  facet normal -0.412745 -0.910847 0
    outer loop
      vertex 7.76847 18.7548 0.799999
      vertex 8.97846 18.2065 35.2
      vertex 7.76847 18.7548 35.2
    endloop
  endfacet
  facet normal -0.412745 -0.910847 -0
    outer loop
      vertex 8.97846 18.2065 35.2
      vertex 7.76847 18.7548 0.799999
      vertex 8.97846 18.2065 0.799999
    endloop
  endfacet
  facet normal 0.999464 0.0327463 0
    outer loop
      vertex -20.2565 -1.32768 35.2
      vertex -20.3 0 0.799999
      vertex -20.3 0 35.2
    endloop
  endfacet
  facet normal 0.999464 0.0327463 0
    outer loop
      vertex -20.3 0 0.799999
      vertex -20.2565 -1.32768 35.2
      vertex -20.2565 -1.32768 0.799999
    endloop
  endfacet
  facet normal -0.528069 0.849201 0
    outer loop
      vertex 11.2781 -16.8788 0.799999
      vertex 10.15 -17.5803 35.2
      vertex 11.2781 -16.8788 35.2
    endloop
  endfacet
  facet normal -0.528069 0.849201 0
    outer loop
      vertex 10.15 -17.5803 35.2
      vertex 11.2781 -16.8788 0.799999
      vertex 10.15 -17.5803 0.799999
    endloop
  endfacet
  facet normal -0.973885 -0.227042 0
    outer loop
      vertex 19.9099 3.96033 0.799999
      vertex 19.6083 5.25403 35.2
      vertex 19.6083 5.25403 0.799999
    endloop
  endfacet
  facet normal -0.973885 -0.227042 0
    outer loop
      vertex 19.6083 5.25403 35.2
      vertex 19.9099 3.96033 0.799999
      vertex 19.9099 3.96033 35.2
    endloop
  endfacet
  facet normal -0.999464 0.0327463 0
    outer loop
      vertex 20.2565 -1.32768 0.799999
      vertex 20.3 0 35.2
      vertex 20.3 0 0.799999
    endloop
  endfacet
  facet normal -0.999464 0.0327463 0
    outer loop
      vertex 20.3 0 35.2
      vertex 20.2565 -1.32768 0.799999
      vertex 20.2565 -1.32768 35.2
    endloop
  endfacet
  facet normal -0.227042 0.973885 0
    outer loop
      vertex 5.25403 -19.6083 0.799999
      vertex 3.96033 -19.9099 35.2
      vertex 5.25403 -19.6083 35.2
    endloop
  endfacet
  facet normal -0.227042 0.973885 0
    outer loop
      vertex 3.96033 -19.9099 35.2
      vertex 5.25403 -19.6083 0.799999
      vertex 3.96033 -19.9099 0.799999
    endloop
  endfacet
  facet normal 0.849201 0.528069 0
    outer loop
      vertex -16.8788 -11.2781 35.2
      vertex -17.5803 -10.15 0.799999
      vertex -17.5803 -10.15 35.2
    endloop
  endfacet
  facet normal 0.849201 0.528069 0
    outer loop
      vertex -17.5803 -10.15 0.799999
      vertex -16.8788 -11.2781 35.2
      vertex -16.8788 -11.2781 0.799999
    endloop
  endfacet
  facet normal -0.986642 0.162903 0
    outer loop
      vertex 19.9099 -3.96033 0.799999
      vertex 20.1263 -2.64968 35.2
      vertex 20.1263 -2.64968 0.799999
    endloop
  endfacet
  facet normal -0.986642 0.162903 0
    outer loop
      vertex 20.1263 -2.64968 35.2
      vertex 19.9099 -3.96033 0.799999
      vertex 19.9099 -3.96033 35.2
    endloop
  endfacet
  facet normal 0.881922 0.471396 0
    outer loop
      vertex -17.5803 -10.15 35.2
      vertex -18.2065 -8.97846 0.799999
      vertex -18.2065 -8.97846 35.2
    endloop
  endfacet
  facet normal 0.881922 0.471396 0
    outer loop
      vertex -18.2065 -8.97846 0.799999
      vertex -17.5803 -10.15 35.2
      vertex -17.5803 -10.15 0.799999
    endloop
  endfacet
  facet normal 0.956943 -0.290277 0
    outer loop
      vertex -19.6083 5.25403 35.2
      vertex -19.2227 6.52522 0.799999
      vertex -19.2227 6.52522 35.2
    endloop
  endfacet
  facet normal 0.956943 -0.290277 0
    outer loop
      vertex -19.2227 6.52522 0.799999
      vertex -19.6083 5.25403 35.2
      vertex -19.6083 5.25403 0.799999
    endloop
  endfacet
  facet normal 0.290277 -0.956943 0
    outer loop
      vertex -6.52522 19.2227 0.799999
      vertex -5.25403 19.6083 35.2
      vertex -6.52522 19.2227 35.2
    endloop
  endfacet
  facet normal 0.290277 -0.956943 0
    outer loop
      vertex -5.25403 19.6083 35.2
      vertex -6.52522 19.2227 0.799999
      vertex -5.25403 19.6083 0.799999
    endloop
  endfacet
  facet normal -0.910847 0.412745 0
    outer loop
      vertex 18.2065 -8.97846 0.799999
      vertex 18.7548 -7.76847 35.2
      vertex 18.7548 -7.76847 0.799999
    endloop
  endfacet
  facet normal -0.910847 0.412745 0
    outer loop
      vertex 18.7548 -7.76847 35.2
      vertex 18.2065 -8.97846 0.799999
      vertex 18.2065 -8.97846 35.2
    endloop
  endfacet
  facet normal 0.812873 -0.582441 0
    outer loop
      vertex -16.8788 11.2781 35.2
      vertex -16.1051 12.3579 0.799999
      vertex -16.1051 12.3579 35.2
    endloop
  endfacet
  facet normal 0.812873 -0.582441 0
    outer loop
      vertex -16.1051 12.3579 0.799999
      vertex -16.8788 11.2781 35.2
      vertex -16.8788 11.2781 0.799999
    endloop
  endfacet
  facet normal -0.471396 -0.881922 0
    outer loop
      vertex 8.97846 18.2065 0.799999
      vertex 10.15 17.5803 35.2
      vertex 8.97846 18.2065 35.2
    endloop
  endfacet
  facet normal -0.471396 -0.881922 -0
    outer loop
      vertex 10.15 17.5803 35.2
      vertex 8.97846 18.2065 0.799999
      vertex 10.15 17.5803 0.799999
    endloop
  endfacet
  facet normal 0.352233 0.935912 -0
    outer loop
      vertex -6.52522 -19.2227 0.799999
      vertex -7.76847 -18.7548 35.2
      vertex -6.52522 -19.2227 35.2
    endloop
  endfacet
  facet normal 0.352233 0.935912 0
    outer loop
      vertex -7.76847 -18.7548 35.2
      vertex -6.52522 -19.2227 0.799999
      vertex -7.76847 -18.7548 0.799999
    endloop
  endfacet
  facet normal 0.973885 -0.227042 0
    outer loop
      vertex -19.9099 3.96033 35.2
      vertex -19.6083 5.25403 0.799999
      vertex -19.6083 5.25403 35.2
    endloop
  endfacet
  facet normal 0.973885 -0.227042 0
    outer loop
      vertex -19.6083 5.25403 0.799999
      vertex -19.9099 3.96033 35.2
      vertex -19.9099 3.96033 0.799999
    endloop
  endfacet
  facet normal 0.812873 0.582441 0
    outer loop
      vertex -16.1051 -12.3579 35.2
      vertex -16.8788 -11.2781 0.799999
      vertex -16.8788 -11.2781 35.2
    endloop
  endfacet
  facet normal 0.812873 0.582441 0
    outer loop
      vertex -16.8788 -11.2781 0.799999
      vertex -16.1051 -12.3579 35.2
      vertex -16.1051 -12.3579 0.799999
    endloop
  endfacet
  facet normal 0.352233 -0.935912 0
    outer loop
      vertex -7.76847 18.7548 0.799999
      vertex -6.52522 19.2227 35.2
      vertex -7.76847 18.7548 35.2
    endloop
  endfacet
  facet normal 0.352233 -0.935912 0
    outer loop
      vertex -6.52522 19.2227 35.2
      vertex -7.76847 18.7548 0.799999
      vertex -6.52522 19.2227 0.799999
    endloop
  endfacet
  facet normal 0.227077 -0.973877 0
    outer loop
      vertex -5.25403 19.6083 35.2
      vertex -4 19.9007 25.2
      vertex -4 19.9007 35.2
    endloop
  endfacet
  facet normal 0.227077 -0.973877 0
    outer loop
      vertex -5.25403 19.6083 0.799999
      vertex -4 19.9007 25.2
      vertex -5.25403 19.6083 35.2
    endloop
  endfacet
  facet normal 0.227042 -0.973885 1.92616e-06
    outer loop
      vertex -3.96033 19.9099 0.799999
      vertex -4 19.9007 25.2
      vertex -5.25403 19.6083 0.799999
    endloop
  endfacet
  facet normal 0.225918 -0.974146 0
    outer loop
      vertex -4 19.9007 25.2
      vertex -3.96033 19.9099 0.799999
      vertex -3.96033 19.9099 25.2
    endloop
  endfacet
  facet normal 0.582441 0.812873 -0
    outer loop
      vertex -11.2781 -16.8788 0.799999
      vertex -12.3579 -16.1051 35.2
      vertex -11.2781 -16.8788 35.2
    endloop
  endfacet
  facet normal 0.582441 0.812873 0
    outer loop
      vertex -12.3579 -16.1051 35.2
      vertex -11.2781 -16.8788 0.799999
      vertex -12.3579 -16.1051 0.799999
    endloop
  endfacet
  facet normal -0.849201 -0.528069 0
    outer loop
      vertex 17.5803 10.15 0.799999
      vertex 16.8788 11.2781 35.2
      vertex 16.8788 11.2781 0.799999
    endloop
  endfacet
  facet normal -0.849201 -0.528069 0
    outer loop
      vertex 16.8788 11.2781 35.2
      vertex 17.5803 10.15 0.799999
      vertex 17.5803 10.15 35.2
    endloop
  endfacet
  facet normal 0.995185 0.0980129 0
    outer loop
      vertex -20.1263 -2.64968 35.2
      vertex -20.2565 -1.32768 0.799999
      vertex -20.2565 -1.32768 35.2
    endloop
  endfacet
  facet normal 0.995185 0.0980129 0
    outer loop
      vertex -20.2565 -1.32768 0.799999
      vertex -20.1263 -2.64968 35.2
      vertex -20.1263 -2.64968 0.799999
    endloop
  endfacet
  facet normal -0.162903 -0.986642 0
    outer loop
      vertex 2.64968 20.1263 0.799999
      vertex 3.96033 19.9099 25.2
      vertex 2.64968 20.1263 25.2
    endloop
  endfacet
  facet normal -0.162903 -0.986642 -0
    outer loop
      vertex 3.96033 19.9099 25.2
      vertex 2.64968 20.1263 0.799999
      vertex 3.96033 19.9099 0.799999
    endloop
  endfacet
  facet normal -0.582441 -0.812873 0
    outer loop
      vertex 11.2781 16.8788 0.799999
      vertex 12.3579 16.1051 35.2
      vertex 11.2781 16.8788 35.2
    endloop
  endfacet
  facet normal -0.582441 -0.812873 -0
    outer loop
      vertex 12.3579 16.1051 35.2
      vertex 11.2781 16.8788 0.799999
      vertex 12.3579 16.1051 0.799999
    endloop
  endfacet
  facet normal 0.910847 0.412745 0
    outer loop
      vertex -18.2065 -8.97846 35.2
      vertex -18.7548 -7.76847 0.799999
      vertex -18.7548 -7.76847 35.2
    endloop
  endfacet
  facet normal 0.910847 0.412745 0
    outer loop
      vertex -18.7548 -7.76847 0.799999
      vertex -18.2065 -8.97846 35.2
      vertex -18.2065 -8.97846 0.799999
    endloop
  endfacet
  facet normal -0.582441 0.812873 0
    outer loop
      vertex 12.3579 -16.1051 0.799999
      vertex 11.2781 -16.8788 35.2
      vertex 12.3579 -16.1051 35.2
    endloop
  endfacet
  facet normal -0.582441 0.812873 0
    outer loop
      vertex 11.2781 -16.8788 35.2
      vertex 12.3579 -16.1051 0.799999
      vertex 11.2781 -16.8788 0.799999
    endloop
  endfacet
  facet normal 0.973885 0.227042 0
    outer loop
      vertex -19.6083 -5.25403 35.2
      vertex -19.9099 -3.96033 0.799999
      vertex -19.9099 -3.96033 35.2
    endloop
  endfacet
  facet normal 0.973885 0.227042 0
    outer loop
      vertex -19.9099 -3.96033 0.799999
      vertex -19.6083 -5.25403 35.2
      vertex -19.6083 -5.25403 0.799999
    endloop
  endfacet
  facet normal 0.290277 0.956943 -0
    outer loop
      vertex -5.25403 -19.6083 0.799999
      vertex -6.52522 -19.2227 35.2
      vertex -5.25403 -19.6083 35.2
    endloop
  endfacet
  facet normal 0.290277 0.956943 0
    outer loop
      vertex -6.52522 -19.2227 35.2
      vertex -5.25403 -19.6083 0.799999
      vertex -6.52522 -19.2227 0.799999
    endloop
  endfacet
  facet normal 0.162903 -0.986642 0
    outer loop
      vertex -3.96033 19.9099 0.799999
      vertex -2.64968 20.1263 25.2
      vertex -3.96033 19.9099 25.2
    endloop
  endfacet
  facet normal 0.162903 -0.986642 0
    outer loop
      vertex -2.64968 20.1263 25.2
      vertex -3.96033 19.9099 0.799999
      vertex -2.64968 20.1263 0.799999
    endloop
  endfacet
  facet normal 0.849201 -0.528069 0
    outer loop
      vertex -17.5803 10.15 35.2
      vertex -16.8788 11.2781 0.799999
      vertex -16.8788 11.2781 35.2
    endloop
  endfacet
  facet normal 0.849201 -0.528069 0
    outer loop
      vertex -16.8788 11.2781 0.799999
      vertex -17.5803 10.15 35.2
      vertex -17.5803 10.15 0.799999
    endloop
  endfacet
  facet normal 0.63445 0.772964 -0
    outer loop
      vertex -12.3579 -16.1051 0.799999
      vertex -13.3847 -15.2623 35.2
      vertex -12.3579 -16.1051 35.2
    endloop
  endfacet
  facet normal 0.63445 0.772964 0
    outer loop
      vertex -13.3847 -15.2623 35.2
      vertex -12.3579 -16.1051 0.799999
      vertex -13.3847 -15.2623 0.799999
    endloop
  endfacet
  facet normal -0.0327463 0.999464 0
    outer loop
      vertex 1.32768 -20.2565 0.799999
      vertex 0 -20.3 35.2
      vertex 1.32768 -20.2565 35.2
    endloop
  endfacet
  facet normal -0.0327463 0.999464 0
    outer loop
      vertex 0 -20.3 35.2
      vertex 1.32768 -20.2565 0.799999
      vertex 0 -20.3 0.799999
    endloop
  endfacet
  facet normal 0.881922 -0.471396 0
    outer loop
      vertex -18.2065 8.97846 35.2
      vertex -17.5803 10.15 0.799999
      vertex -17.5803 10.15 35.2
    endloop
  endfacet
  facet normal 0.881922 -0.471396 0
    outer loop
      vertex -17.5803 10.15 0.799999
      vertex -18.2065 8.97846 35.2
      vertex -18.2065 8.97846 0.799999
    endloop
  endfacet
  facet normal -0.0980129 0.995185 0
    outer loop
      vertex 2.64968 -20.1263 0.799999
      vertex 1.32768 -20.2565 35.2
      vertex 2.64968 -20.1263 35.2
    endloop
  endfacet
  facet normal -0.0980129 0.995185 0
    outer loop
      vertex 1.32768 -20.2565 35.2
      vertex 2.64968 -20.1263 0.799999
      vertex 1.32768 -20.2565 0.799999
    endloop
  endfacet
  facet normal 0.772964 0.63445 0
    outer loop
      vertex -15.2623 -13.3847 35.2
      vertex -16.1051 -12.3579 0.799999
      vertex -16.1051 -12.3579 35.2
    endloop
  endfacet
  facet normal 0.772964 0.63445 0
    outer loop
      vertex -16.1051 -12.3579 0.799999
      vertex -15.2623 -13.3847 35.2
      vertex -15.2623 -13.3847 0.799999
    endloop
  endfacet
  facet normal -0.68354 -0.729913 0
    outer loop
      vertex 13.3847 15.2623 0.799999
      vertex 14.3543 14.3543 35.2
      vertex 13.3847 15.2623 35.2
    endloop
  endfacet
  facet normal -0.68354 -0.729913 -0
    outer loop
      vertex 14.3543 14.3543 35.2
      vertex 13.3847 15.2623 0.799999
      vertex 14.3543 14.3543 0.799999
    endloop
  endfacet
  facet normal -0.935912 0.352233 0
    outer loop
      vertex 18.7548 -7.76847 0.799999
      vertex 19.2227 -6.52522 35.2
      vertex 19.2227 -6.52522 0.799999
    endloop
  endfacet
  facet normal -0.935912 0.352233 0
    outer loop
      vertex 19.2227 -6.52522 35.2
      vertex 18.7548 -7.76847 0.799999
      vertex 18.7548 -7.76847 35.2
    endloop
  endfacet
  facet normal -0.812873 -0.582441 0
    outer loop
      vertex 16.8788 11.2781 0.799999
      vertex 16.1051 12.3579 35.2
      vertex 16.1051 12.3579 0.799999
    endloop
  endfacet
  facet normal -0.812873 -0.582441 0
    outer loop
      vertex 16.1051 12.3579 35.2
      vertex 16.8788 11.2781 0.799999
      vertex 16.8788 11.2781 35.2
    endloop
  endfacet
  facet normal 0.68354 -0.729913 0
    outer loop
      vertex -14.3543 14.3543 0.799999
      vertex -13.3847 15.2623 35.2
      vertex -14.3543 14.3543 35.2
    endloop
  endfacet
  facet normal 0.68354 -0.729913 0
    outer loop
      vertex -13.3847 15.2623 35.2
      vertex -14.3543 14.3543 0.799999
      vertex -13.3847 15.2623 0.799999
    endloop
  endfacet
  facet normal -0.973885 0.227042 0
    outer loop
      vertex 19.6083 -5.25403 0.799999
      vertex 19.9099 -3.96033 35.2
      vertex 19.9099 -3.96033 0.799999
    endloop
  endfacet
  facet normal -0.973885 0.227042 0
    outer loop
      vertex 19.9099 -3.96033 35.2
      vertex 19.6083 -5.25403 0.799999
      vertex 19.6083 -5.25403 35.2
    endloop
  endfacet
  facet normal 0.227042 0.973885 -0
    outer loop
      vertex -3.96033 -19.9099 0.799999
      vertex -5.25403 -19.6083 35.2
      vertex -3.96033 -19.9099 35.2
    endloop
  endfacet
  facet normal 0.227042 0.973885 0
    outer loop
      vertex -5.25403 -19.6083 35.2
      vertex -3.96033 -19.9099 0.799999
      vertex -5.25403 -19.6083 0.799999
    endloop
  endfacet
  facet normal 0.956943 0.290277 0
    outer loop
      vertex -19.2227 -6.52522 35.2
      vertex -19.6083 -5.25403 0.799999
      vertex -19.6083 -5.25403 35.2
    endloop
  endfacet
  facet normal 0.956943 0.290277 0
    outer loop
      vertex -19.6083 -5.25403 0.799999
      vertex -19.2227 -6.52522 35.2
      vertex -19.2227 -6.52522 0.799999
    endloop
  endfacet
  facet normal -0.956943 -0.290277 0
    outer loop
      vertex 19.6083 5.25403 0.799999
      vertex 19.2227 6.52522 35.2
      vertex 19.2227 6.52522 0.799999
    endloop
  endfacet
  facet normal -0.956943 -0.290277 0
    outer loop
      vertex 19.2227 6.52522 35.2
      vertex 19.6083 5.25403 0.799999
      vertex 19.6083 5.25403 35.2
    endloop
  endfacet
  facet normal 0.412745 0.910847 -0
    outer loop
      vertex -7.76847 -18.7548 0.799999
      vertex -8.97846 -18.2065 35.2
      vertex -7.76847 -18.7548 35.2
    endloop
  endfacet
  facet normal 0.412745 0.910847 0
    outer loop
      vertex -8.97846 -18.2065 35.2
      vertex -7.76847 -18.7548 0.799999
      vertex -8.97846 -18.2065 0.799999
    endloop
  endfacet
  facet normal -0.352233 -0.935912 0
    outer loop
      vertex 6.52522 19.2227 0.799999
      vertex 7.76847 18.7548 35.2
      vertex 6.52522 19.2227 35.2
    endloop
  endfacet
  facet normal -0.352233 -0.935912 -0
    outer loop
      vertex 7.76847 18.7548 35.2
      vertex 6.52522 19.2227 0.799999
      vertex 7.76847 18.7548 0.799999
    endloop
  endfacet
  facet normal 0.729913 -0.68354 0
    outer loop
      vertex -15.2623 13.3847 35.2
      vertex -14.3543 14.3543 0.799999
      vertex -14.3543 14.3543 35.2
    endloop
  endfacet
  facet normal 0.729913 -0.68354 0
    outer loop
      vertex -14.3543 14.3543 0.799999
      vertex -15.2623 13.3847 35.2
      vertex -15.2623 13.3847 0.799999
    endloop
  endfacet
  facet normal -0.729913 0.68354 0
    outer loop
      vertex 14.3543 -14.3543 0.799999
      vertex 15.2623 -13.3847 35.2
      vertex 15.2623 -13.3847 0.799999
    endloop
  endfacet
  facet normal -0.729913 0.68354 0
    outer loop
      vertex 15.2623 -13.3847 35.2
      vertex 14.3543 -14.3543 0.799999
      vertex 14.3543 -14.3543 35.2
    endloop
  endfacet
  facet normal -0.412745 0.910847 0
    outer loop
      vertex 8.97846 -18.2065 0.799999
      vertex 7.76847 -18.7548 35.2
      vertex 8.97846 -18.2065 35.2
    endloop
  endfacet
  facet normal -0.412745 0.910847 0
    outer loop
      vertex 7.76847 -18.7548 35.2
      vertex 8.97846 -18.2065 0.799999
      vertex 7.76847 -18.7548 0.799999
    endloop
  endfacet
  facet normal 0.162903 0.986642 -0
    outer loop
      vertex -2.64968 -20.1263 0.799999
      vertex -3.96033 -19.9099 35.2
      vertex -2.64968 -20.1263 35.2
    endloop
  endfacet
  facet normal 0.162903 0.986642 0
    outer loop
      vertex -3.96033 -19.9099 35.2
      vertex -2.64968 -20.1263 0.799999
      vertex -3.96033 -19.9099 0.799999
    endloop
  endfacet
  facet normal -0.352233 0.935912 0
    outer loop
      vertex 7.76847 -18.7548 0.799999
      vertex 6.52522 -19.2227 35.2
      vertex 7.76847 -18.7548 35.2
    endloop
  endfacet
  facet normal -0.352233 0.935912 0
    outer loop
      vertex 6.52522 -19.2227 35.2
      vertex 7.76847 -18.7548 0.799999
      vertex 6.52522 -19.2227 0.799999
    endloop
  endfacet
  facet normal -0.772964 -0.63445 0
    outer loop
      vertex 16.1051 12.3579 0.799999
      vertex 15.2623 13.3847 35.2
      vertex 15.2623 13.3847 0.799999
    endloop
  endfacet
  facet normal -0.772964 -0.63445 0
    outer loop
      vertex 15.2623 13.3847 35.2
      vertex 16.1051 12.3579 0.799999
      vertex 16.1051 12.3579 35.2
    endloop
  endfacet
  facet normal 0.935912 -0.352233 0
    outer loop
      vertex -19.2227 6.52522 35.2
      vertex -18.7548 7.76847 0.799999
      vertex -18.7548 7.76847 35.2
    endloop
  endfacet
  facet normal 0.935912 -0.352233 0
    outer loop
      vertex -18.7548 7.76847 0.799999
      vertex -19.2227 6.52522 35.2
      vertex -19.2227 6.52522 0.799999
    endloop
  endfacet
  facet normal -0.772964 0.63445 0
    outer loop
      vertex 15.2623 -13.3847 0.799999
      vertex 16.1051 -12.3579 35.2
      vertex 16.1051 -12.3579 0.799999
    endloop
  endfacet
  facet normal -0.772964 0.63445 0
    outer loop
      vertex 16.1051 -12.3579 35.2
      vertex 15.2623 -13.3847 0.799999
      vertex 15.2623 -13.3847 35.2
    endloop
  endfacet
  facet normal 0.986642 -0.162903 0
    outer loop
      vertex -20.1263 2.64968 35.2
      vertex -19.9099 3.96033 0.799999
      vertex -19.9099 3.96033 35.2
    endloop
  endfacet
  facet normal 0.986642 -0.162903 0
    outer loop
      vertex -19.9099 3.96033 0.799999
      vertex -20.1263 2.64968 35.2
      vertex -20.1263 2.64968 0.799999
    endloop
  endfacet
  facet normal 0.772964 -0.63445 0
    outer loop
      vertex -16.1051 12.3579 35.2
      vertex -15.2623 13.3847 0.799999
      vertex -15.2623 13.3847 35.2
    endloop
  endfacet
  facet normal 0.772964 -0.63445 0
    outer loop
      vertex -15.2623 13.3847 0.799999
      vertex -16.1051 12.3579 35.2
      vertex -16.1051 12.3579 0.799999
    endloop
  endfacet
  facet normal -0.68354 0.729913 0
    outer loop
      vertex 14.3543 -14.3543 0.799999
      vertex 13.3847 -15.2623 35.2
      vertex 14.3543 -14.3543 35.2
    endloop
  endfacet
  facet normal -0.68354 0.729913 0
    outer loop
      vertex 13.3847 -15.2623 35.2
      vertex 14.3543 -14.3543 0.799999
      vertex 13.3847 -15.2623 0.799999
    endloop
  endfacet
  facet normal -0.910847 -0.412745 0
    outer loop
      vertex 18.7548 7.76847 0.799999
      vertex 18.2065 8.97846 35.2
      vertex 18.2065 8.97846 0.799999
    endloop
  endfacet
  facet normal -0.910847 -0.412745 0
    outer loop
      vertex 18.2065 8.97846 35.2
      vertex 18.7548 7.76847 0.799999
      vertex 18.7548 7.76847 35.2
    endloop
  endfacet
  facet normal -0.986642 -0.162903 0
    outer loop
      vertex 20.1263 2.64968 0.799999
      vertex 19.9099 3.96033 35.2
      vertex 19.9099 3.96033 0.799999
    endloop
  endfacet
  facet normal -0.986642 -0.162903 0
    outer loop
      vertex 19.9099 3.96033 35.2
      vertex 20.1263 2.64968 0.799999
      vertex 20.1263 2.64968 35.2
    endloop
  endfacet
  facet normal 0.0327463 -0.999464 0
    outer loop
      vertex -1.32768 20.2565 0.799999
      vertex 0 20.3 25.2
      vertex -1.32768 20.2565 25.2
    endloop
  endfacet
  facet normal 0.0327463 -0.999464 0
    outer loop
      vertex 0 20.3 25.2
      vertex -1.32768 20.2565 0.799999
      vertex 0 20.3 0.799999
    endloop
  endfacet
  facet normal 0.729913 0.68354 0
    outer loop
      vertex -14.3543 -14.3543 35.2
      vertex -15.2623 -13.3847 0.799999
      vertex -15.2623 -13.3847 35.2
    endloop
  endfacet
  facet normal 0.729913 0.68354 0
    outer loop
      vertex -15.2623 -13.3847 0.799999
      vertex -14.3543 -14.3543 35.2
      vertex -14.3543 -14.3543 0.799999
    endloop
  endfacet
  facet normal 0.471396 0.881922 -0
    outer loop
      vertex -8.97846 -18.2065 0.799999
      vertex -10.15 -17.5803 35.2
      vertex -8.97846 -18.2065 35.2
    endloop
  endfacet
  facet normal 0.471396 0.881922 0
    outer loop
      vertex -10.15 -17.5803 35.2
      vertex -8.97846 -18.2065 0.799999
      vertex -10.15 -17.5803 0.799999
    endloop
  endfacet
  facet normal -0.290277 0.956943 0
    outer loop
      vertex 6.52522 -19.2227 0.799999
      vertex 5.25403 -19.6083 35.2
      vertex 6.52522 -19.2227 35.2
    endloop
  endfacet
  facet normal -0.290277 0.956943 0
    outer loop
      vertex 5.25403 -19.6083 35.2
      vertex 6.52522 -19.2227 0.799999
      vertex 5.25403 -19.6083 0.799999
    endloop
  endfacet
  facet normal 0.68354 0.729913 -0
    outer loop
      vertex -13.3847 -15.2623 0.799999
      vertex -14.3543 -14.3543 35.2
      vertex -13.3847 -15.2623 35.2
    endloop
  endfacet
  facet normal 0.68354 0.729913 0
    outer loop
      vertex -14.3543 -14.3543 35.2
      vertex -13.3847 -15.2623 0.799999
      vertex -14.3543 -14.3543 0.799999
    endloop
  endfacet
  facet normal -0.995185 0.0980129 0
    outer loop
      vertex 20.1263 -2.64968 0.799999
      vertex 20.2565 -1.32768 35.2
      vertex 20.2565 -1.32768 0.799999
    endloop
  endfacet
  facet normal -0.995185 0.0980129 0
    outer loop
      vertex 20.2565 -1.32768 35.2
      vertex 20.1263 -2.64968 0.799999
      vertex 20.1263 -2.64968 35.2
    endloop
  endfacet
  facet normal 0.471396 -0.881922 0
    outer loop
      vertex -10.15 17.5803 0.799999
      vertex -8.97846 18.2065 35.2
      vertex -10.15 17.5803 35.2
    endloop
  endfacet
  facet normal 0.471396 -0.881922 0
    outer loop
      vertex -8.97846 18.2065 35.2
      vertex -10.15 17.5803 0.799999
      vertex -8.97846 18.2065 0.799999
    endloop
  endfacet
  facet normal -0.881922 0.471396 0
    outer loop
      vertex 17.5803 -10.15 0.799999
      vertex 18.2065 -8.97846 35.2
      vertex 18.2065 -8.97846 0.799999
    endloop
  endfacet
  facet normal -0.881922 0.471396 0
    outer loop
      vertex 18.2065 -8.97846 35.2
      vertex 17.5803 -10.15 0.799999
      vertex 17.5803 -10.15 35.2
    endloop
  endfacet
  facet normal -0.729913 -0.68354 0
    outer loop
      vertex 15.2623 13.3847 0.799999
      vertex 14.3543 14.3543 35.2
      vertex 14.3543 14.3543 0.799999
    endloop
  endfacet
  facet normal -0.729913 -0.68354 0
    outer loop
      vertex 14.3543 14.3543 35.2
      vertex 15.2623 13.3847 0.799999
      vertex 15.2623 13.3847 35.2
    endloop
  endfacet
  facet normal -0.63445 0.772964 0
    outer loop
      vertex 13.3847 -15.2623 0.799999
      vertex 12.3579 -16.1051 35.2
      vertex 13.3847 -15.2623 35.2
    endloop
  endfacet
  facet normal -0.63445 0.772964 0
    outer loop
      vertex 12.3579 -16.1051 35.2
      vertex 13.3847 -15.2623 0.799999
      vertex 12.3579 -16.1051 0.799999
    endloop
  endfacet
  facet normal 0 0 1
    outer loop
      vertex 17.5 0 0.799999
      vertex 20.3 0 0.799999
      vertex 20.2565 1.32768 0.799999
    endloop
  endfacet
  facet normal 0 0 1
    outer loop
      vertex 17.4625 1.14455 0.799999
      vertex 20.2565 1.32768 0.799999
      vertex 20.1263 2.64968 0.799999
    endloop
  endfacet
  facet normal 0 0 1
    outer loop
      vertex 20.3 0 0.799999
      vertex 17.5 0 0.799999
      vertex 20.2565 -1.32768 0.799999
    endloop
  endfacet
  facet normal 0 0 1
    outer loop
      vertex 17.3503 2.28421 0.799999
      vertex 20.1263 2.64968 0.799999
      vertex 19.9099 3.96033 0.799999
    endloop
  endfacet
  facet normal -0 0 1
    outer loop
      vertex 17.4625 -1.14455 0.799999
      vertex 20.2565 -1.32768 0.799999
      vertex 17.5 0 0.799999
    endloop
  endfacet
  facet normal 0 0 1
    outer loop
      vertex 17.1637 3.41408 0.799999
      vertex 19.9099 3.96033 0.799999
      vertex 19.6083 5.25403 0.799999
    endloop
  endfacet
  facet normal 0 0 1
    outer loop
      vertex 20.2565 -1.32768 0.799999
      vertex 17.4625 -1.14455 0.799999
      vertex 20.1263 -2.64968 0.799999
    endloop
  endfacet
  facet normal 0 0 1
    outer loop
      vertex 16.9037 4.52933 0.799999
      vertex 19.6083 5.25403 0.799999
      vertex 19.2227 6.52522 0.799999
    endloop
  endfacet
  facet normal -0 0 1
    outer loop
      vertex 17.3503 -2.28421 0.799999
      vertex 20.1263 -2.64968 0.799999
      vertex 17.4625 -1.14455 0.799999
    endloop
  endfacet
  facet normal 0 0 1
    outer loop
      vertex 16.5713 5.62519 0.799999
      vertex 19.2227 6.52522 0.799999
      vertex 18.7548 7.76847 0.799999
    endloop
  endfacet
  facet normal 0 0 1
    outer loop
      vertex 20.1263 -2.64968 0.799999
      vertex 17.3503 -2.28421 0.799999
      vertex 19.9099 -3.96033 0.799999
    endloop
  endfacet
  facet normal 0 0 1
    outer loop
      vertex 16.1679 6.69696 0.799999
      vertex 18.7548 7.76847 0.799999
      vertex 18.2065 8.97846 0.799999
    endloop
  endfacet
  facet normal -0 0 1
    outer loop
      vertex 17.1637 -3.41408 0.799999
      vertex 19.9099 -3.96033 0.799999
      vertex 17.3503 -2.28421 0.799999
    endloop
  endfacet
  facet normal 0 0 1
    outer loop
      vertex 15.6953 7.74005 0.799999
      vertex 18.2065 8.97846 0.799999
      vertex 17.5803 10.15 0.799999
    endloop
  endfacet
  facet normal 0 0 1
    outer loop
      vertex 19.9099 -3.96033 0.799999
      vertex 17.1637 -3.41408 0.799999
      vertex 19.6083 -5.25403 0.799999
    endloop
  endfacet
  facet normal -0 0 1
    outer loop
      vertex 16.9037 -4.52933 0.799999
      vertex 19.6083 -5.25403 0.799999
      vertex 17.1637 -3.41408 0.799999
    endloop
  endfacet
  facet normal 0 0 1
    outer loop
      vertex 20.2565 1.32768 0.799999
      vertex 17.4625 1.14455 0.799999
      vertex 17.5 0 0.799999
    endloop
  endfacet
  facet normal 0 0 1
    outer loop
      vertex 20.1263 2.64968 0.799999
      vertex 17.3503 2.28421 0.799999
      vertex 17.4625 1.14455 0.799999
    endloop
  endfacet
  facet normal 0 0 1
    outer loop
      vertex 19.9099 3.96033 0.799999
      vertex 17.1637 3.41408 0.799999
      vertex 17.3503 2.28421 0.799999
    endloop
  endfacet
  facet normal 0 0 1
    outer loop
      vertex 19.6083 5.25403 0.799999
      vertex 16.9037 4.52933 0.799999
      vertex 17.1637 3.41408 0.799999
    endloop
  endfacet
  facet normal 0 0 1
    outer loop
      vertex 15.1554 8.75 0.799999
      vertex 17.5803 10.15 0.799999
      vertex 16.8788 11.2781 0.799999
    endloop
  endfacet
  facet normal 0 0 1
    outer loop
      vertex 19.2227 6.52522 0.799999
      vertex 16.5713 5.62519 0.799999
      vertex 16.9037 4.52933 0.799999
    endloop
  endfacet
  facet normal 0 0 1
    outer loop
      vertex 18.7548 7.76847 0.799999
      vertex 16.1679 6.69696 0.799999
      vertex 16.5713 5.62519 0.799999
    endloop
  endfacet
  facet normal 0 0 1
    outer loop
      vertex 14.5507 9.72248 0.799999
      vertex 16.8788 11.2781 0.799999
      vertex 16.1051 12.3579 0.799999
    endloop
  endfacet
  facet normal 0 0 1
    outer loop
      vertex 18.2065 8.97846 0.799999
      vertex 15.6953 7.74005 0.799999
      vertex 16.1679 6.69696 0.799999
    endloop
  endfacet
  facet normal 0 0 1
    outer loop
      vertex 13.8837 10.6533 0.799999
      vertex 16.1051 12.3579 0.799999
      vertex 15.2623 13.3847 0.799999
    endloop
  endfacet
  facet normal 0 0 1
    outer loop
      vertex 17.5803 10.15 0.799999
      vertex 15.1554 8.75 0.799999
      vertex 15.6953 7.74005 0.799999
    endloop
  endfacet
  facet normal 0 0 1
    outer loop
      vertex 16.8788 11.2781 0.799999
      vertex 14.5507 9.72248 0.799999
      vertex 15.1554 8.75 0.799999
    endloop
  endfacet
  facet normal 0 0 1
    outer loop
      vertex 13.1572 11.5386 0.799999
      vertex 15.2623 13.3847 0.799999
      vertex 14.3543 14.3543 0.799999
    endloop
  endfacet
  facet normal 0 0 1
    outer loop
      vertex 16.1051 12.3579 0.799999
      vertex 13.8837 10.6533 0.799999
      vertex 14.5507 9.72248 0.799999
    endloop
  endfacet
  facet normal 0 0 1
    outer loop
      vertex 12.3744 12.3744 0.799999
      vertex 14.3543 14.3543 0.799999
      vertex 13.3847 15.2623 0.799999
    endloop
  endfacet
  facet normal 0 0 1
    outer loop
      vertex 15.2623 13.3847 0.799999
      vertex 13.1572 11.5386 0.799999
      vertex 13.8837 10.6533 0.799999
    endloop
  endfacet
  facet normal 0 0 1
    outer loop
      vertex 14.3543 14.3543 0.799999
      vertex 12.3744 12.3744 0.799999
      vertex 13.1572 11.5386 0.799999
    endloop
  endfacet
  facet normal 0 0 1
    outer loop
      vertex 11.5386 13.1572 0.799999
      vertex 13.3847 15.2623 0.799999
      vertex 12.3579 16.1051 0.799999
    endloop
  endfacet
  facet normal 0 0 1
    outer loop
      vertex 13.3847 15.2623 0.799999
      vertex 11.5386 13.1572 0.799999
      vertex 12.3744 12.3744 0.799999
    endloop
  endfacet
  facet normal 0 0 1
    outer loop
      vertex 10.6533 13.8837 0.799999
      vertex 12.3579 16.1051 0.799999
      vertex 11.2781 16.8788 0.799999
    endloop
  endfacet
  facet normal 0 0 1
    outer loop
      vertex 12.3579 16.1051 0.799999
      vertex 10.6533 13.8837 0.799999
      vertex 11.5386 13.1572 0.799999
    endloop
  endfacet
  facet normal 0 0 1
    outer loop
      vertex 9.72248 14.5507 0.799999
      vertex 11.2781 16.8788 0.799999
      vertex 10.15 17.5803 0.799999
    endloop
  endfacet
  facet normal 0 0 1
    outer loop
      vertex 11.2781 16.8788 0.799999
      vertex 9.72248 14.5507 0.799999
      vertex 10.6533 13.8837 0.799999
    endloop
  endfacet
  facet normal 0 0 1
    outer loop
      vertex 8.75 15.1554 0.799999
      vertex 10.15 17.5803 0.799999
      vertex 8.97846 18.2065 0.799999
    endloop
  endfacet
  facet normal 0 0 1
    outer loop
      vertex 10.15 17.5803 0.799999
      vertex 8.75 15.1554 0.799999
      vertex 9.72248 14.5507 0.799999
    endloop
  endfacet
  facet normal 0 0 1
    outer loop
      vertex 7.74005 15.6953 0.799999
      vertex 8.97846 18.2065 0.799999
      vertex 7.76847 18.7548 0.799999
    endloop
  endfacet
  facet normal 0 0 1
    outer loop
      vertex 8.97846 18.2065 0.799999
      vertex 7.74005 15.6953 0.799999
      vertex 8.75 15.1554 0.799999
    endloop
  endfacet
  facet normal 0 0 1
    outer loop
      vertex 7.76847 18.7548 0.799999
      vertex 6.69696 16.1679 0.799999
      vertex 7.74005 15.6953 0.799999
    endloop
  endfacet
  facet normal 0 0 1
    outer loop
      vertex 6.52522 19.2227 0.799999
      vertex 6.69696 16.1679 0.799999
      vertex 7.76847 18.7548 0.799999
    endloop
  endfacet
  facet normal 0 0 1
    outer loop
      vertex 6.52522 19.2227 0.799999
      vertex 5.62519 16.5713 0.799999
      vertex 6.69696 16.1679 0.799999
    endloop
  endfacet
  facet normal 0 0 1
    outer loop
      vertex 5.25403 19.6083 0.799999
      vertex 5.62519 16.5713 0.799999
      vertex 6.52522 19.2227 0.799999
    endloop
  endfacet
  facet normal 0 0 1
    outer loop
      vertex 5.25403 19.6083 0.799999
      vertex 4.52933 16.9037 0.799999
      vertex 5.62519 16.5713 0.799999
    endloop
  endfacet
  facet normal 0 0 1
    outer loop
      vertex 3.96033 19.9099 0.799999
      vertex 4.52933 16.9037 0.799999
      vertex 5.25403 19.6083 0.799999
    endloop
  endfacet
  facet normal 0 0 1
    outer loop
      vertex 3.96033 19.9099 0.799999
      vertex 3.41408 17.1637 0.799999
      vertex 4.52933 16.9037 0.799999
    endloop
  endfacet
  facet normal 0 0 1
    outer loop
      vertex 2.64968 20.1263 0.799999
      vertex 3.41408 17.1637 0.799999
      vertex 3.96033 19.9099 0.799999
    endloop
  endfacet
  facet normal 0 0 1
    outer loop
      vertex 2.64968 20.1263 0.799999
      vertex 2.28421 17.3503 0.799999
      vertex 3.41408 17.1637 0.799999
    endloop
  endfacet
  facet normal 0 0 1
    outer loop
      vertex 1.32768 20.2565 0.799999
      vertex 2.28421 17.3503 0.799999
      vertex 2.64968 20.1263 0.799999
    endloop
  endfacet
  facet normal 0 0 1
    outer loop
      vertex 1.32768 20.2565 0.799999
      vertex 1.14455 17.4625 0.799999
      vertex 2.28421 17.3503 0.799999
    endloop
  endfacet
  facet normal 0 0 1
    outer loop
      vertex 0 20.3 0.799999
      vertex 1.14455 17.4625 0.799999
      vertex 1.32768 20.2565 0.799999
    endloop
  endfacet
  facet normal 0 0 1
    outer loop
      vertex 0 20.3 0.799999
      vertex 0 17.5 0.799999
      vertex 1.14455 17.4625 0.799999
    endloop
  endfacet
  facet normal 0 0 1
    outer loop
      vertex 0 20.3 0.799999
      vertex -1.14455 17.4625 0.799999
      vertex 0 17.5 0.799999
    endloop
  endfacet
  facet normal -0 0 1
    outer loop
      vertex -1.32768 20.2565 0.799999
      vertex -1.14455 17.4625 0.799999
      vertex 0 20.3 0.799999
    endloop
  endfacet
  facet normal 0 0 1
    outer loop
      vertex -1.32768 20.2565 0.799999
      vertex -2.28421 17.3503 0.799999
      vertex -1.14455 17.4625 0.799999
    endloop
  endfacet
  facet normal -0 0 1
    outer loop
      vertex -2.64968 20.1263 0.799999
      vertex -2.28421 17.3503 0.799999
      vertex -1.32768 20.2565 0.799999
    endloop
  endfacet
  facet normal 0 0 1
    outer loop
      vertex -2.64968 20.1263 0.799999
      vertex -3.41408 17.1637 0.799999
      vertex -2.28421 17.3503 0.799999
    endloop
  endfacet
  facet normal -0 0 1
    outer loop
      vertex -3.96033 19.9099 0.799999
      vertex -3.41408 17.1637 0.799999
      vertex -2.64968 20.1263 0.799999
    endloop
  endfacet
  facet normal 0 0 1
    outer loop
      vertex -3.96033 19.9099 0.799999
      vertex -4.52933 16.9037 0.799999
      vertex -3.41408 17.1637 0.799999
    endloop
  endfacet
  facet normal -0 0 1
    outer loop
      vertex -5.25403 19.6083 0.799999
      vertex -4.52933 16.9037 0.799999
      vertex -3.96033 19.9099 0.799999
    endloop
  endfacet
  facet normal 0 0 1
    outer loop
      vertex -5.25403 19.6083 0.799999
      vertex -5.62519 16.5713 0.799999
      vertex -4.52933 16.9037 0.799999
    endloop
  endfacet
  facet normal -0 0 1
    outer loop
      vertex -6.52522 19.2227 0.799999
      vertex -5.62519 16.5713 0.799999
      vertex -5.25403 19.6083 0.799999
    endloop
  endfacet
  facet normal 0 0 1
    outer loop
      vertex -6.52522 19.2227 0.799999
      vertex -6.69696 16.1679 0.799999
      vertex -5.62519 16.5713 0.799999
    endloop
  endfacet
  facet normal -0 0 1
    outer loop
      vertex -7.76847 18.7548 0.799999
      vertex -6.69696 16.1679 0.799999
      vertex -6.52522 19.2227 0.799999
    endloop
  endfacet
  facet normal 0 0 1
    outer loop
      vertex -6.69696 16.1679 0.799999
      vertex -7.76847 18.7548 0.799999
      vertex -7.74005 15.6953 0.799999
    endloop
  endfacet
  facet normal -0 0 1
    outer loop
      vertex -8.97846 18.2065 0.799999
      vertex -7.74005 15.6953 0.799999
      vertex -7.76847 18.7548 0.799999
    endloop
  endfacet
  facet normal 0 0 1
    outer loop
      vertex -7.74005 15.6953 0.799999
      vertex -8.97846 18.2065 0.799999
      vertex -8.75 15.1554 0.799999
    endloop
  endfacet
  facet normal -0 0 1
    outer loop
      vertex -10.15 17.5803 0.799999
      vertex -8.75 15.1554 0.799999
      vertex -8.97846 18.2065 0.799999
    endloop
  endfacet
  facet normal 0 0 1
    outer loop
      vertex -8.75 15.1554 0.799999
      vertex -10.15 17.5803 0.799999
      vertex -9.72248 14.5507 0.799999
    endloop
  endfacet
  facet normal -0 0 1
    outer loop
      vertex -11.2781 16.8788 0.799999
      vertex -9.72248 14.5507 0.799999
      vertex -10.15 17.5803 0.799999
    endloop
  endfacet
  facet normal 0 0 1
    outer loop
      vertex -9.72248 14.5507 0.799999
      vertex -11.2781 16.8788 0.799999
      vertex -10.6533 13.8837 0.799999
    endloop
  endfacet
  facet normal -0 0 1
    outer loop
      vertex -12.3579 16.1051 0.799999
      vertex -10.6533 13.8837 0.799999
      vertex -11.2781 16.8788 0.799999
    endloop
  endfacet
  facet normal 0 0 1
    outer loop
      vertex -10.6533 13.8837 0.799999
      vertex -12.3579 16.1051 0.799999
      vertex -11.5386 13.1572 0.799999
    endloop
  endfacet
  facet normal -0 0 1
    outer loop
      vertex -13.3847 15.2623 0.799999
      vertex -11.5386 13.1572 0.799999
      vertex -12.3579 16.1051 0.799999
    endloop
  endfacet
  facet normal 0 0 1
    outer loop
      vertex -11.5386 13.1572 0.799999
      vertex -13.3847 15.2623 0.799999
      vertex -12.3744 12.3744 0.799999
    endloop
  endfacet
  facet normal -0 0 1
    outer loop
      vertex -14.3543 14.3543 0.799999
      vertex -12.3744 12.3744 0.799999
      vertex -13.3847 15.2623 0.799999
    endloop
  endfacet
  facet normal 0 0 1
    outer loop
      vertex -12.3744 12.3744 0.799999
      vertex -14.3543 14.3543 0.799999
      vertex -13.1572 11.5386 0.799999
    endloop
  endfacet
  facet normal -0 0 1
    outer loop
      vertex -15.2623 13.3847 0.799999
      vertex -13.1572 11.5386 0.799999
      vertex -14.3543 14.3543 0.799999
    endloop
  endfacet
  facet normal 0 0 1
    outer loop
      vertex -13.1572 11.5386 0.799999
      vertex -15.2623 13.3847 0.799999
      vertex -13.8837 10.6533 0.799999
    endloop
  endfacet
  facet normal -0 0 1
    outer loop
      vertex -16.1051 12.3579 0.799999
      vertex -13.8837 10.6533 0.799999
      vertex -15.2623 13.3847 0.799999
    endloop
  endfacet
  facet normal 0 0 1
    outer loop
      vertex -13.8837 10.6533 0.799999
      vertex -16.1051 12.3579 0.799999
      vertex -14.5507 9.72248 0.799999
    endloop
  endfacet
  facet normal -0 0 1
    outer loop
      vertex -16.8788 11.2781 0.799999
      vertex -14.5507 9.72248 0.799999
      vertex -16.1051 12.3579 0.799999
    endloop
  endfacet
  facet normal 0 0 1
    outer loop
      vertex -14.5507 9.72248 0.799999
      vertex -16.8788 11.2781 0.799999
      vertex -15.1554 8.75 0.799999
    endloop
  endfacet
  facet normal -0 0 1
    outer loop
      vertex -17.5803 10.15 0.799999
      vertex -15.1554 8.75 0.799999
      vertex -16.8788 11.2781 0.799999
    endloop
  endfacet
  facet normal 0 0 1
    outer loop
      vertex -15.1554 8.75 0.799999
      vertex -17.5803 10.15 0.799999
      vertex -15.6953 7.74005 0.799999
    endloop
  endfacet
  facet normal -0 0 1
    outer loop
      vertex -18.2065 8.97846 0.799999
      vertex -15.6953 7.74005 0.799999
      vertex -17.5803 10.15 0.799999
    endloop
  endfacet
  facet normal 0 0 1
    outer loop
      vertex -15.6953 7.74005 0.799999
      vertex -18.2065 8.97846 0.799999
      vertex -16.1679 6.69696 0.799999
    endloop
  endfacet
  facet normal -0 0 1
    outer loop
      vertex -18.7548 7.76847 0.799999
      vertex -16.1679 6.69696 0.799999
      vertex -18.2065 8.97846 0.799999
    endloop
  endfacet
  facet normal 0 0 1
    outer loop
      vertex -16.1679 6.69696 0.799999
      vertex -18.7548 7.76847 0.799999
      vertex -16.5713 5.62519 0.799999
    endloop
  endfacet
  facet normal -0 0 1
    outer loop
      vertex -19.2227 6.52522 0.799999
      vertex -16.5713 5.62519 0.799999
      vertex -18.7548 7.76847 0.799999
    endloop
  endfacet
  facet normal -0 0 1
    outer loop
      vertex -19.6083 5.25403 0.799999
      vertex -16.9037 4.52933 0.799999
      vertex -19.2227 6.52522 0.799999
    endloop
  endfacet
  facet normal 0 0 1
    outer loop
      vertex -16.5713 5.62519 0.799999
      vertex -19.2227 6.52522 0.799999
      vertex -16.9037 4.52933 0.799999
    endloop
  endfacet
  facet normal 0 0 1
    outer loop
      vertex 19.6083 -5.25403 0.799999
      vertex 16.9037 -4.52933 0.799999
      vertex 19.2227 -6.52522 0.799999
    endloop
  endfacet
  facet normal -0 0 1
    outer loop
      vertex 16.5713 -5.62519 0.799999
      vertex 19.2227 -6.52522 0.799999
      vertex 16.9037 -4.52933 0.799999
    endloop
  endfacet
  facet normal 0 0 1
    outer loop
      vertex 19.2227 -6.52522 0.799999
      vertex 16.5713 -5.62519 0.799999
      vertex 18.7548 -7.76847 0.799999
    endloop
  endfacet
  facet normal -0 0 1
    outer loop
      vertex 16.1679 -6.69696 0.799999
      vertex 18.7548 -7.76847 0.799999
      vertex 16.5713 -5.62519 0.799999
    endloop
  endfacet
  facet normal 0 0 1
    outer loop
      vertex 18.7548 -7.76847 0.799999
      vertex 16.1679 -6.69696 0.799999
      vertex 18.2065 -8.97846 0.799999
    endloop
  endfacet
  facet normal -0 0 1
    outer loop
      vertex 15.6953 -7.74005 0.799999
      vertex 18.2065 -8.97846 0.799999
      vertex 16.1679 -6.69696 0.799999
    endloop
  endfacet
  facet normal 0 0 1
    outer loop
      vertex 18.2065 -8.97846 0.799999
      vertex 15.6953 -7.74005 0.799999
      vertex 17.5803 -10.15 0.799999
    endloop
  endfacet
  facet normal -0 0 1
    outer loop
      vertex 15.1554 -8.75 0.799999
      vertex 17.5803 -10.15 0.799999
      vertex 15.6953 -7.74005 0.799999
    endloop
  endfacet
  facet normal 0 0 1
    outer loop
      vertex 17.5803 -10.15 0.799999
      vertex 15.1554 -8.75 0.799999
      vertex 16.8788 -11.2781 0.799999
    endloop
  endfacet
  facet normal -0 0 1
    outer loop
      vertex 14.5507 -9.72248 0.799999
      vertex 16.8788 -11.2781 0.799999
      vertex 15.1554 -8.75 0.799999
    endloop
  endfacet
  facet normal 0 0 1
    outer loop
      vertex 16.8788 -11.2781 0.799999
      vertex 14.5507 -9.72248 0.799999
      vertex 16.1051 -12.3579 0.799999
    endloop
  endfacet
  facet normal -0 0 1
    outer loop
      vertex 13.8837 -10.6533 0.799999
      vertex 16.1051 -12.3579 0.799999
      vertex 14.5507 -9.72248 0.799999
    endloop
  endfacet
  facet normal 0 0 1
    outer loop
      vertex 16.1051 -12.3579 0.799999
      vertex 13.8837 -10.6533 0.799999
      vertex 15.2623 -13.3847 0.799999
    endloop
  endfacet
  facet normal -0 0 1
    outer loop
      vertex 13.1572 -11.5386 0.799999
      vertex 15.2623 -13.3847 0.799999
      vertex 13.8837 -10.6533 0.799999
    endloop
  endfacet
  facet normal 0 0 1
    outer loop
      vertex 15.2623 -13.3847 0.799999
      vertex 13.1572 -11.5386 0.799999
      vertex 14.3543 -14.3543 0.799999
    endloop
  endfacet
  facet normal -0 0 1
    outer loop
      vertex 12.3744 -12.3744 0.799999
      vertex 14.3543 -14.3543 0.799999
      vertex 13.1572 -11.5386 0.799999
    endloop
  endfacet
  facet normal 0 0 1
    outer loop
      vertex 14.3543 -14.3543 0.799999
      vertex 12.3744 -12.3744 0.799999
      vertex 13.3847 -15.2623 0.799999
    endloop
  endfacet
  facet normal -0 0 1
    outer loop
      vertex 11.5386 -13.1572 0.799999
      vertex 13.3847 -15.2623 0.799999
      vertex 12.3744 -12.3744 0.799999
    endloop
  endfacet
  facet normal 0 0 1
    outer loop
      vertex 13.3847 -15.2623 0.799999
      vertex 11.5386 -13.1572 0.799999
      vertex 12.3579 -16.1051 0.799999
    endloop
  endfacet
  facet normal -0 0 1
    outer loop
      vertex 10.6533 -13.8837 0.799999
      vertex 12.3579 -16.1051 0.799999
      vertex 11.5386 -13.1572 0.799999
    endloop
  endfacet
  facet normal 0 0 1
    outer loop
      vertex 12.3579 -16.1051 0.799999
      vertex 10.6533 -13.8837 0.799999
      vertex 11.2781 -16.8788 0.799999
    endloop
  endfacet
  facet normal -0 0 1
    outer loop
      vertex 9.72248 -14.5507 0.799999
      vertex 11.2781 -16.8788 0.799999
      vertex 10.6533 -13.8837 0.799999
    endloop
  endfacet
  facet normal 0 0 1
    outer loop
      vertex 11.2781 -16.8788 0.799999
      vertex 9.72248 -14.5507 0.799999
      vertex 10.15 -17.5803 0.799999
    endloop
  endfacet
  facet normal -0 0 1
    outer loop
      vertex 8.75 -15.1554 0.799999
      vertex 10.15 -17.5803 0.799999
      vertex 9.72248 -14.5507 0.799999
    endloop
  endfacet
  facet normal 0 0 1
    outer loop
      vertex 10.15 -17.5803 0.799999
      vertex 8.75 -15.1554 0.799999
      vertex 8.97846 -18.2065 0.799999
    endloop
  endfacet
  facet normal -0 0 1
    outer loop
      vertex 7.74005 -15.6953 0.799999
      vertex 8.97846 -18.2065 0.799999
      vertex 8.75 -15.1554 0.799999
    endloop
  endfacet
  facet normal 0 0 1
    outer loop
      vertex 8.97846 -18.2065 0.799999
      vertex 7.74005 -15.6953 0.799999
      vertex 7.76847 -18.7548 0.799999
    endloop
  endfacet
  facet normal -0 0 1
    outer loop
      vertex 6.69696 -16.1679 0.799999
      vertex 7.76847 -18.7548 0.799999
      vertex 7.74005 -15.6953 0.799999
    endloop
  endfacet
  facet normal 0 0 1
    outer loop
      vertex 6.69696 -16.1679 0.799999
      vertex 6.52522 -19.2227 0.799999
      vertex 7.76847 -18.7548 0.799999
    endloop
  endfacet
  facet normal -0 0 1
    outer loop
      vertex 5.62519 -16.5713 0.799999
      vertex 6.52522 -19.2227 0.799999
      vertex 6.69696 -16.1679 0.799999
    endloop
  endfacet
  facet normal 0 0 1
    outer loop
      vertex 5.62519 -16.5713 0.799999
      vertex 5.25403 -19.6083 0.799999
      vertex 6.52522 -19.2227 0.799999
    endloop
  endfacet
  facet normal -0 0 1
    outer loop
      vertex 4.52933 -16.9037 0.799999
      vertex 5.25403 -19.6083 0.799999
      vertex 5.62519 -16.5713 0.799999
    endloop
  endfacet
  facet normal 0 0 1
    outer loop
      vertex 4.52933 -16.9037 0.799999
      vertex 3.96033 -19.9099 0.799999
      vertex 5.25403 -19.6083 0.799999
    endloop
  endfacet
  facet normal -0 0 1
    outer loop
      vertex 3.41408 -17.1637 0.799999
      vertex 3.96033 -19.9099 0.799999
      vertex 4.52933 -16.9037 0.799999
    endloop
  endfacet
  facet normal 0 0 1
    outer loop
      vertex 3.41408 -17.1637 0.799999
      vertex 2.64968 -20.1263 0.799999
      vertex 3.96033 -19.9099 0.799999
    endloop
  endfacet
  facet normal -0 0 1
    outer loop
      vertex 2.28421 -17.3503 0.799999
      vertex 2.64968 -20.1263 0.799999
      vertex 3.41408 -17.1637 0.799999
    endloop
  endfacet
  facet normal 0 0 1
    outer loop
      vertex 2.28421 -17.3503 0.799999
      vertex 1.32768 -20.2565 0.799999
      vertex 2.64968 -20.1263 0.799999
    endloop
  endfacet
  facet normal -0 0 1
    outer loop
      vertex 1.14455 -17.4625 0.799999
      vertex 1.32768 -20.2565 0.799999
      vertex 2.28421 -17.3503 0.799999
    endloop
  endfacet
  facet normal -0 0 1
    outer loop
      vertex 0 -17.5 0.799999
      vertex 1.32768 -20.2565 0.799999
      vertex 1.14455 -17.4625 0.799999
    endloop
  endfacet
  facet normal 0 0 1
    outer loop
      vertex 0 -17.5 0.799999
      vertex 0 -20.3 0.799999
      vertex 1.32768 -20.2565 0.799999
    endloop
  endfacet
  facet normal 0 0 1
    outer loop
      vertex -1.14455 -17.4625 0.799999
      vertex 0 -20.3 0.799999
      vertex 0 -17.5 0.799999
    endloop
  endfacet
  facet normal 0 0 1
    outer loop
      vertex -1.14455 -17.4625 0.799999
      vertex -1.32768 -20.2565 0.799999
      vertex 0 -20.3 0.799999
    endloop
  endfacet
  facet normal 0 0 1
    outer loop
      vertex -2.28421 -17.3503 0.799999
      vertex -1.32768 -20.2565 0.799999
      vertex -1.14455 -17.4625 0.799999
    endloop
  endfacet
  facet normal 0 0 1
    outer loop
      vertex -2.28421 -17.3503 0.799999
      vertex -2.64968 -20.1263 0.799999
      vertex -1.32768 -20.2565 0.799999
    endloop
  endfacet
  facet normal 0 0 1
    outer loop
      vertex -3.41408 -17.1637 0.799999
      vertex -2.64968 -20.1263 0.799999
      vertex -2.28421 -17.3503 0.799999
    endloop
  endfacet
  facet normal 0 0 1
    outer loop
      vertex -3.41408 -17.1637 0.799999
      vertex -3.96033 -19.9099 0.799999
      vertex -2.64968 -20.1263 0.799999
    endloop
  endfacet
  facet normal 0 0 1
    outer loop
      vertex -4.52933 -16.9037 0.799999
      vertex -3.96033 -19.9099 0.799999
      vertex -3.41408 -17.1637 0.799999
    endloop
  endfacet
  facet normal 0 0 1
    outer loop
      vertex -4.52933 -16.9037 0.799999
      vertex -5.25403 -19.6083 0.799999
      vertex -3.96033 -19.9099 0.799999
    endloop
  endfacet
  facet normal 0 0 1
    outer loop
      vertex -5.62519 -16.5713 0.799999
      vertex -5.25403 -19.6083 0.799999
      vertex -4.52933 -16.9037 0.799999
    endloop
  endfacet
  facet normal 0 0 1
    outer loop
      vertex -5.62519 -16.5713 0.799999
      vertex -6.52522 -19.2227 0.799999
      vertex -5.25403 -19.6083 0.799999
    endloop
  endfacet
  facet normal 0 0 1
    outer loop
      vertex -6.69696 -16.1679 0.799999
      vertex -6.52522 -19.2227 0.799999
      vertex -5.62519 -16.5713 0.799999
    endloop
  endfacet
  facet normal 0 0 1
    outer loop
      vertex -7.76847 -18.7548 0.799999
      vertex -6.69696 -16.1679 0.799999
      vertex -7.74005 -15.6953 0.799999
    endloop
  endfacet
  facet normal 0 0 1
    outer loop
      vertex -6.69696 -16.1679 0.799999
      vertex -7.76847 -18.7548 0.799999
      vertex -6.52522 -19.2227 0.799999
    endloop
  endfacet
  facet normal 0 0 1
    outer loop
      vertex -8.97846 -18.2065 0.799999
      vertex -7.74005 -15.6953 0.799999
      vertex -8.75 -15.1554 0.799999
    endloop
  endfacet
  facet normal 0 0 1
    outer loop
      vertex -7.74005 -15.6953 0.799999
      vertex -8.97846 -18.2065 0.799999
      vertex -7.76847 -18.7548 0.799999
    endloop
  endfacet
  facet normal 0 0 1
    outer loop
      vertex -10.15 -17.5803 0.799999
      vertex -8.75 -15.1554 0.799999
      vertex -9.72248 -14.5507 0.799999
    endloop
  endfacet
  facet normal 0 0 1
    outer loop
      vertex -8.75 -15.1554 0.799999
      vertex -10.15 -17.5803 0.799999
      vertex -8.97846 -18.2065 0.799999
    endloop
  endfacet
  facet normal 0 0 1
    outer loop
      vertex -11.2781 -16.8788 0.799999
      vertex -9.72248 -14.5507 0.799999
      vertex -10.6533 -13.8837 0.799999
    endloop
  endfacet
  facet normal 0 0 1
    outer loop
      vertex -9.72248 -14.5507 0.799999
      vertex -11.2781 -16.8788 0.799999
      vertex -10.15 -17.5803 0.799999
    endloop
  endfacet
  facet normal 0 0 1
    outer loop
      vertex -12.3579 -16.1051 0.799999
      vertex -10.6533 -13.8837 0.799999
      vertex -11.5386 -13.1572 0.799999
    endloop
  endfacet
  facet normal 0 0 1
    outer loop
      vertex -10.6533 -13.8837 0.799999
      vertex -12.3579 -16.1051 0.799999
      vertex -11.2781 -16.8788 0.799999
    endloop
  endfacet
  facet normal 0 0 1
    outer loop
      vertex -13.3847 -15.2623 0.799999
      vertex -11.5386 -13.1572 0.799999
      vertex -12.3744 -12.3744 0.799999
    endloop
  endfacet
  facet normal 0 0 1
    outer loop
      vertex -14.3543 -14.3543 0.799999
      vertex -12.3744 -12.3744 0.799999
      vertex -13.1572 -11.5386 0.799999
    endloop
  endfacet
  facet normal 0 0 1
    outer loop
      vertex -11.5386 -13.1572 0.799999
      vertex -13.3847 -15.2623 0.799999
      vertex -12.3579 -16.1051 0.799999
    endloop
  endfacet
  facet normal 0 0 1
    outer loop
      vertex -15.2623 -13.3847 0.799999
      vertex -13.1572 -11.5386 0.799999
      vertex -13.8837 -10.6533 0.799999
    endloop
  endfacet
  facet normal 0 0 1
    outer loop
      vertex -12.3744 -12.3744 0.799999
      vertex -14.3543 -14.3543 0.799999
      vertex -13.3847 -15.2623 0.799999
    endloop
  endfacet
  facet normal 0 0 1
    outer loop
      vertex -16.1051 -12.3579 0.799999
      vertex -13.8837 -10.6533 0.799999
      vertex -14.5507 -9.72248 0.799999
    endloop
  endfacet
  facet normal 0 0 1
    outer loop
      vertex -16.8788 -11.2781 0.799999
      vertex -14.5507 -9.72248 0.799999
      vertex -15.1554 -8.75 0.799999
    endloop
  endfacet
  facet normal 0 0 1
    outer loop
      vertex -13.1572 -11.5386 0.799999
      vertex -15.2623 -13.3847 0.799999
      vertex -14.3543 -14.3543 0.799999
    endloop
  endfacet
  facet normal 0 0 1
    outer loop
      vertex -17.5803 -10.15 0.799999
      vertex -15.1554 -8.75 0.799999
      vertex -15.6953 -7.74005 0.799999
    endloop
  endfacet
  facet normal 0 0 1
    outer loop
      vertex -13.8837 -10.6533 0.799999
      vertex -16.1051 -12.3579 0.799999
      vertex -15.2623 -13.3847 0.799999
    endloop
  endfacet
  facet normal 0 0 1
    outer loop
      vertex -18.2065 -8.97846 0.799999
      vertex -15.6953 -7.74005 0.799999
      vertex -16.1679 -6.69696 0.799999
    endloop
  endfacet
  facet normal 0 0 1
    outer loop
      vertex -18.7548 -7.76847 0.799999
      vertex -16.1679 -6.69696 0.799999
      vertex -16.5713 -5.62519 0.799999
    endloop
  endfacet
  facet normal 0 0 1
    outer loop
      vertex -14.5507 -9.72248 0.799999
      vertex -16.8788 -11.2781 0.799999
      vertex -16.1051 -12.3579 0.799999
    endloop
  endfacet
  facet normal 0 0 1
    outer loop
      vertex -19.2227 -6.52522 0.799999
      vertex -16.5713 -5.62519 0.799999
      vertex -16.9037 -4.52933 0.799999
    endloop
  endfacet
  facet normal 0 0 1
    outer loop
      vertex -19.6083 -5.25403 0.799999
      vertex -16.9037 -4.52933 0.799999
      vertex -17.1637 -3.41408 0.799999
    endloop
  endfacet
  facet normal 0 0 1
    outer loop
      vertex -19.9099 -3.96033 0.799999
      vertex -17.1637 -3.41408 0.799999
      vertex -17.3503 -2.28421 0.799999
    endloop
  endfacet
  facet normal 0 0 1
    outer loop
      vertex -20.1263 -2.64968 0.799999
      vertex -17.3503 -2.28421 0.799999
      vertex -17.4625 -1.14455 0.799999
    endloop
  endfacet
  facet normal 0 0 1
    outer loop
      vertex -15.1554 -8.75 0.799999
      vertex -17.5803 -10.15 0.799999
      vertex -16.8788 -11.2781 0.799999
    endloop
  endfacet
  facet normal 0 0 1
    outer loop
      vertex -20.2565 -1.32768 0.799999
      vertex -17.4625 -1.14455 0.799999
      vertex -17.5 0 0.799999
    endloop
  endfacet
  facet normal 0 0 1
    outer loop
      vertex -16.9037 4.52933 0.799999
      vertex -19.6083 5.25403 0.799999
      vertex -17.1637 3.41408 0.799999
    endloop
  endfacet
  facet normal -0 0 1
    outer loop
      vertex -19.9099 3.96033 0.799999
      vertex -17.1637 3.41408 0.799999
      vertex -19.6083 5.25403 0.799999
    endloop
  endfacet
  facet normal 0 0 1
    outer loop
      vertex -15.6953 -7.74005 0.799999
      vertex -18.2065 -8.97846 0.799999
      vertex -17.5803 -10.15 0.799999
    endloop
  endfacet
  facet normal 0 0 1
    outer loop
      vertex -17.1637 3.41408 0.799999
      vertex -19.9099 3.96033 0.799999
      vertex -17.3503 2.28421 0.799999
    endloop
  endfacet
  facet normal 0 0 1
    outer loop
      vertex -16.1679 -6.69696 0.799999
      vertex -18.7548 -7.76847 0.799999
      vertex -18.2065 -8.97846 0.799999
    endloop
  endfacet
  facet normal -0 0 1
    outer loop
      vertex -20.1263 2.64968 0.799999
      vertex -17.3503 2.28421 0.799999
      vertex -19.9099 3.96033 0.799999
    endloop
  endfacet
  facet normal 0 0 1
    outer loop
      vertex -16.5713 -5.62519 0.799999
      vertex -19.2227 -6.52522 0.799999
      vertex -18.7548 -7.76847 0.799999
    endloop
  endfacet
  facet normal 0 0 1
    outer loop
      vertex -17.3503 2.28421 0.799999
      vertex -20.1263 2.64968 0.799999
      vertex -17.4625 1.14455 0.799999
    endloop
  endfacet
  facet normal 0 0 1
    outer loop
      vertex -16.9037 -4.52933 0.799999
      vertex -19.6083 -5.25403 0.799999
      vertex -19.2227 -6.52522 0.799999
    endloop
  endfacet
  facet normal -0 0 1
    outer loop
      vertex -20.2565 1.32768 0.799999
      vertex -17.4625 1.14455 0.799999
      vertex -20.1263 2.64968 0.799999
    endloop
  endfacet
  facet normal 0 0 1
    outer loop
      vertex -17.1637 -3.41408 0.799999
      vertex -19.9099 -3.96033 0.799999
      vertex -19.6083 -5.25403 0.799999
    endloop
  endfacet
  facet normal 0 0 1
    outer loop
      vertex -17.4625 1.14455 0.799999
      vertex -20.2565 1.32768 0.799999
      vertex -17.5 0 0.799999
    endloop
  endfacet
  facet normal 0 0 1
    outer loop
      vertex -17.3503 -2.28421 0.799999
      vertex -20.1263 -2.64968 0.799999
      vertex -19.9099 -3.96033 0.799999
    endloop
  endfacet
  facet normal 0 0 1
    outer loop
      vertex -20.3 0 0.799999
      vertex -17.5 0 0.799999
      vertex -20.2565 1.32768 0.799999
    endloop
  endfacet
  facet normal 0 0 1
    outer loop
      vertex -17.4625 -1.14455 0.799999
      vertex -20.2565 -1.32768 0.799999
      vertex -20.1263 -2.64968 0.799999
    endloop
  endfacet
  facet normal 0 0 1
    outer loop
      vertex -17.5 0 0.799999
      vertex -20.3 0 0.799999
      vertex -20.2565 -1.32768 0.799999
    endloop
  endfacet
  facet normal -0.881922 -0.471396 0
    outer loop
      vertex 18.2065 8.97846 0.799999
      vertex 17.5803 10.15 35.2
      vertex 17.5803 10.15 0.799999
    endloop
  endfacet
  facet normal -0.881922 -0.471396 0
    outer loop
      vertex 17.5803 10.15 35.2
      vertex 18.2065 8.97846 0.799999
      vertex 18.2065 8.97846 35.2
    endloop
  endfacet
  facet normal -0.995185 -0.0980129 0
    outer loop
      vertex 20.2565 1.32768 0.799999
      vertex 20.1263 2.64968 35.2
      vertex 20.1263 2.64968 0.799999
    endloop
  endfacet
  facet normal -0.995185 -0.0980129 0
    outer loop
      vertex 20.1263 2.64968 35.2
      vertex 20.2565 1.32768 0.799999
      vertex 20.2565 1.32768 35.2
    endloop
  endfacet
  facet normal -0.999464 -0.0327463 0
    outer loop
      vertex 20.3 0 0.799999
      vertex 20.2565 1.32768 35.2
      vertex 20.2565 1.32768 0.799999
    endloop
  endfacet
  facet normal -0.999464 -0.0327463 0
    outer loop
      vertex 20.2565 1.32768 35.2
      vertex 20.3 0 0.799999
      vertex 20.3 0 35.2
    endloop
  endfacet
  facet normal -0.956943 0.290277 0
    outer loop
      vertex 19.2227 -6.52522 0.799999
      vertex 19.6083 -5.25403 35.2
      vertex 19.6083 -5.25403 0.799999
    endloop
  endfacet
  facet normal -0.956943 0.290277 0
    outer loop
      vertex 19.6083 -5.25403 35.2
      vertex 19.2227 -6.52522 0.799999
      vertex 19.2227 -6.52522 35.2
    endloop
  endfacet
  facet normal -0.471396 0.881922 0
    outer loop
      vertex 10.15 -17.5803 0.799999
      vertex 8.97846 -18.2065 35.2
      vertex 10.15 -17.5803 35.2
    endloop
  endfacet
  facet normal -0.471396 0.881922 0
    outer loop
      vertex 8.97846 -18.2065 35.2
      vertex 10.15 -17.5803 0.799999
      vertex 8.97846 -18.2065 0.799999
    endloop
  endfacet
  facet normal 0.995189 -0.0979767 0
    outer loop
      vertex -17.4625 1.14455 0.799999
      vertex -17.3503 2.28421 0
      vertex -17.3503 2.28421 0.799999
    endloop
  endfacet
  facet normal 0.995189 -0.0979767 0
    outer loop
      vertex -17.3503 2.28421 0
      vertex -17.4625 1.14455 0.799999
      vertex -17.4625 1.14455 0
    endloop
  endfacet
  facet normal 0.999464 -0.0327464 0
    outer loop
      vertex -17.5 0 0.799999
      vertex -17.4625 1.14455 0
      vertex -17.4625 1.14455 0.799999
    endloop
  endfacet
  facet normal 0.999464 -0.0327464 0
    outer loop
      vertex -17.4625 1.14455 0
      vertex -17.5 0 0.799999
      vertex -17.5 0 0
    endloop
  endfacet
  facet normal 0.986635 -0.162945 0
    outer loop
      vertex -17.3503 2.28421 0.799999
      vertex -17.1637 3.41408 0
      vertex -17.1637 3.41408 0.799999
    endloop
  endfacet
  facet normal 0.986635 -0.162945 0
    outer loop
      vertex -17.1637 3.41408 0
      vertex -17.3503 2.28421 0.799999
      vertex -17.3503 2.28421 0
    endloop
  endfacet
  facet normal -0.812853 0.582468 0
    outer loop
      vertex 13.8837 -10.6533 0
      vertex 14.5507 -9.72248 0.799999
      vertex 14.5507 -9.72248 0
    endloop
  endfacet
  facet normal -0.812853 0.582468 0
    outer loop
      vertex 14.5507 -9.72248 0.799999
      vertex 13.8837 -10.6533 0
      vertex 13.8837 -10.6533 0.799999
    endloop
  endfacet
  facet normal -0.956947 0.290264 0
    outer loop
      vertex 16.5713 -5.62519 0
      vertex 16.9037 -4.52933 0.799999
      vertex 16.9037 -4.52933 0
    endloop
  endfacet
  facet normal -0.956947 0.290264 0
    outer loop
      vertex 16.9037 -4.52933 0.799999
      vertex 16.5713 -5.62519 0
      vertex 16.5713 -5.62519 0.799999
    endloop
  endfacet
  facet normal -0.849213 0.528051 0
    outer loop
      vertex 14.5507 -9.72248 0
      vertex 15.1554 -8.75 0.799999
      vertex 15.1554 -8.75 0
    endloop
  endfacet
  facet normal -0.849213 0.528051 0
    outer loop
      vertex 15.1554 -8.75 0.799999
      vertex 14.5507 -9.72248 0
      vertex 14.5507 -9.72248 0.799999
    endloop
  endfacet
  facet normal 0.91087 -0.412694 0
    outer loop
      vertex -16.1679 6.69696 0.799999
      vertex -15.6953 7.74005 0
      vertex -15.6953 7.74005 0.799999
    endloop
  endfacet
  facet normal 0.91087 -0.412694 0
    outer loop
      vertex -15.6953 7.74005 0
      vertex -16.1679 6.69696 0.799999
      vertex -16.1679 6.69696 0
    endloop
  endfacet
  facet normal 0.849213 -0.528051 0
    outer loop
      vertex -15.1554 8.75 0.799999
      vertex -14.5507 9.72248 0
      vertex -14.5507 9.72248 0.799999
    endloop
  endfacet
  facet normal 0.849213 -0.528051 0
    outer loop
      vertex -14.5507 9.72248 0
      vertex -15.1554 8.75 0.799999
      vertex -15.1554 8.75 0
    endloop
  endfacet
  facet normal 0.999464 0.0327464 0
    outer loop
      vertex -17.4625 -1.14455 0.799999
      vertex -17.5 0 0
      vertex -17.5 0 0.799999
    endloop
  endfacet
  facet normal 0.999464 0.0327464 0
    outer loop
      vertex -17.5 0 0
      vertex -17.4625 -1.14455 0.799999
      vertex -17.4625 -1.14455 0
    endloop
  endfacet
  facet normal 0.935902 -0.352261 0
    outer loop
      vertex -16.5713 5.62519 0.799999
      vertex -16.1679 6.69696 0
      vertex -16.1679 6.69696 0.799999
    endloop
  endfacet
  facet normal 0.935902 -0.352261 0
    outer loop
      vertex -16.1679 6.69696 0
      vertex -16.5713 5.62519 0.799999
      vertex -16.5713 5.62519 0
    endloop
  endfacet
  facet normal -0.471445 0.881896 0
    outer loop
      vertex 8.75 -15.1554 0
      vertex 7.74005 -15.6953 0.799999
      vertex 8.75 -15.1554 0.799999
    endloop
  endfacet
  facet normal -0.471445 0.881896 0
    outer loop
      vertex 7.74005 -15.6953 0.799999
      vertex 8.75 -15.1554 0
      vertex 7.74005 -15.6953 0
    endloop
  endfacet
  facet normal 0.528051 0.849213 -0
    outer loop
      vertex -8.75 -15.1554 0
      vertex -9.72248 -14.5507 0.799999
      vertex -8.75 -15.1554 0.799999
    endloop
  endfacet
  facet normal 0.528051 0.849213 0
    outer loop
      vertex -9.72248 -14.5507 0.799999
      vertex -8.75 -15.1554 0
      vertex -9.72248 -14.5507 0
    endloop
  endfacet
  facet normal 0.290264 0.956947 -0
    outer loop
      vertex -4.52933 -16.9037 0
      vertex -5.62519 -16.5713 0.799999
      vertex -4.52933 -16.9037 0.799999
    endloop
  endfacet
  facet normal 0.290264 0.956947 0
    outer loop
      vertex -5.62519 -16.5713 0.799999
      vertex -4.52933 -16.9037 0
      vertex -5.62519 -16.5713 0
    endloop
  endfacet
  facet normal 0.471445 -0.881896 0
    outer loop
      vertex -8.75 15.1554 0
      vertex -7.74005 15.6953 0.799999
      vertex -8.75 15.1554 0.799999
    endloop
  endfacet
  facet normal 0.471445 -0.881896 0
    outer loop
      vertex -7.74005 15.6953 0.799999
      vertex -8.75 15.1554 0
      vertex -7.74005 15.6953 0
    endloop
  endfacet
  facet normal -0.683587 -0.729869 0
    outer loop
      vertex 11.5386 13.1572 0
      vertex 12.3744 12.3744 0.799999
      vertex 11.5386 13.1572 0.799999
    endloop
  endfacet
  facet normal -0.683587 -0.729869 -0
    outer loop
      vertex 12.3744 12.3744 0.799999
      vertex 11.5386 13.1572 0
      vertex 12.3744 12.3744 0
    endloop
  endfacet
  facet normal -0.935902 0.352261 0
    outer loop
      vertex 16.1679 -6.69696 0
      vertex 16.5713 -5.62519 0.799999
      vertex 16.5713 -5.62519 0
    endloop
  endfacet
  facet normal -0.935902 0.352261 0
    outer loop
      vertex 16.5713 -5.62519 0.799999
      vertex 16.1679 -6.69696 0
      vertex 16.1679 -6.69696 0.799999
    endloop
  endfacet
  facet normal -0.986635 -0.162945 0
    outer loop
      vertex 17.3503 2.28421 0
      vertex 17.1637 3.41408 0.799999
      vertex 17.1637 3.41408 0
    endloop
  endfacet
  facet normal -0.986635 -0.162945 0
    outer loop
      vertex 17.1637 3.41408 0.799999
      vertex 17.3503 2.28421 0
      vertex 17.3503 2.28421 0.799999
    endloop
  endfacet
  facet normal 0.773031 -0.634369 0
    outer loop
      vertex -13.8837 10.6533 0.799999
      vertex -13.1572 11.5386 0
      vertex -13.1572 11.5386 0.799999
    endloop
  endfacet
  facet normal 0.773031 -0.634369 0
    outer loop
      vertex -13.1572 11.5386 0
      vertex -13.8837 10.6533 0.799999
      vertex -13.8837 10.6533 0
    endloop
  endfacet
  facet normal 0.0327464 -0.999464 0
    outer loop
      vertex -1.14455 17.4625 0
      vertex 0 17.5 0.799999
      vertex -1.14455 17.4625 0.799999
    endloop
  endfacet
  facet normal 0.0327464 -0.999464 0
    outer loop
      vertex 0 17.5 0.799999
      vertex -1.14455 17.4625 0
      vertex 0 17.5 0
    endloop
  endfacet
  facet normal 0.973885 -0.227043 0
    outer loop
      vertex -17.1637 3.41408 0.799999
      vertex -16.9037 4.52933 0
      vertex -16.9037 4.52933 0.799999
    endloop
  endfacet
  facet normal 0.973885 -0.227043 0
    outer loop
      vertex -16.9037 4.52933 0
      vertex -17.1637 3.41408 0.799999
      vertex -17.1637 3.41408 0
    endloop
  endfacet
  facet normal -0.995189 -0.0979767 0
    outer loop
      vertex 17.4625 1.14455 0
      vertex 17.3503 2.28421 0.799999
      vertex 17.3503 2.28421 0
    endloop
  endfacet
  facet normal -0.995189 -0.0979767 0
    outer loop
      vertex 17.3503 2.28421 0.799999
      vertex 17.4625 1.14455 0
      vertex 17.4625 1.14455 0.799999
    endloop
  endfacet
  facet normal 0.956947 -0.290264 0
    outer loop
      vertex -16.9037 4.52933 0.799999
      vertex -16.5713 5.62519 0
      vertex -16.5713 5.62519 0.799999
    endloop
  endfacet
  facet normal 0.956947 -0.290264 0
    outer loop
      vertex -16.5713 5.62519 0
      vertex -16.9037 4.52933 0.799999
      vertex -16.9037 4.52933 0
    endloop
  endfacet
  facet normal -0.352261 -0.935902 0
    outer loop
      vertex 5.62519 16.5713 0
      vertex 6.69696 16.1679 0.799999
      vertex 5.62519 16.5713 0.799999
    endloop
  endfacet
  facet normal -0.352261 -0.935902 -0
    outer loop
      vertex 6.69696 16.1679 0.799999
      vertex 5.62519 16.5713 0
      vertex 6.69696 16.1679 0
    endloop
  endfacet
  facet normal -0.935902 -0.352261 0
    outer loop
      vertex 16.5713 5.62519 0
      vertex 16.1679 6.69696 0.799999
      vertex 16.1679 6.69696 0
    endloop
  endfacet
  facet normal -0.935902 -0.352261 0
    outer loop
      vertex 16.1679 6.69696 0.799999
      vertex 16.5713 5.62519 0
      vertex 16.5713 5.62519 0.799999
    endloop
  endfacet
  facet normal -0.162945 -0.986635 0
    outer loop
      vertex 2.28421 17.3503 0
      vertex 3.41408 17.1637 0.799999
      vertex 2.28421 17.3503 0.799999
    endloop
  endfacet
  facet normal -0.162945 -0.986635 -0
    outer loop
      vertex 3.41408 17.1637 0.799999
      vertex 2.28421 17.3503 0
      vertex 3.41408 17.1637 0
    endloop
  endfacet
  facet normal 0.162945 0.986635 -0
    outer loop
      vertex -2.28421 -17.3503 0
      vertex -3.41408 -17.1637 0.799999
      vertex -2.28421 -17.3503 0.799999
    endloop
  endfacet
  facet normal 0.162945 0.986635 0
    outer loop
      vertex -3.41408 -17.1637 0.799999
      vertex -2.28421 -17.3503 0
      vertex -3.41408 -17.1637 0
    endloop
  endfacet
  facet normal -0.995189 0.0979767 0
    outer loop
      vertex 17.3503 -2.28421 0
      vertex 17.4625 -1.14455 0.799999
      vertex 17.4625 -1.14455 0
    endloop
  endfacet
  facet normal -0.995189 0.0979767 0
    outer loop
      vertex 17.4625 -1.14455 0.799999
      vertex 17.3503 -2.28421 0
      vertex 17.3503 -2.28421 0.799999
    endloop
  endfacet
  facet normal -0.582468 -0.812853 0
    outer loop
      vertex 9.72248 14.5507 0
      vertex 10.6533 13.8837 0.799999
      vertex 9.72248 14.5507 0.799999
    endloop
  endfacet
  facet normal -0.582468 -0.812853 -0
    outer loop
      vertex 10.6533 13.8837 0.799999
      vertex 9.72248 14.5507 0
      vertex 10.6533 13.8837 0
    endloop
  endfacet
  facet normal 0.582468 -0.812853 0
    outer loop
      vertex -10.6533 13.8837 0
      vertex -9.72248 14.5507 0.799999
      vertex -10.6533 13.8837 0.799999
    endloop
  endfacet
  facet normal 0.582468 -0.812853 0
    outer loop
      vertex -9.72248 14.5507 0.799999
      vertex -10.6533 13.8837 0
      vertex -9.72248 14.5507 0
    endloop
  endfacet
  facet normal -0.634369 0.773031 0
    outer loop
      vertex 11.5386 -13.1572 0
      vertex 10.6533 -13.8837 0.799999
      vertex 11.5386 -13.1572 0.799999
    endloop
  endfacet
  facet normal -0.634369 0.773031 0
    outer loop
      vertex 10.6533 -13.8837 0.799999
      vertex 11.5386 -13.1572 0
      vertex 10.6533 -13.8837 0
    endloop
  endfacet
  facet normal 0.290264 -0.956947 0
    outer loop
      vertex -5.62519 16.5713 0
      vertex -4.52933 16.9037 0.799999
      vertex -5.62519 16.5713 0.799999
    endloop
  endfacet
  facet normal 0.290264 -0.956947 0
    outer loop
      vertex -4.52933 16.9037 0.799999
      vertex -5.62519 16.5713 0
      vertex -4.52933 16.9037 0
    endloop
  endfacet
  facet normal 0.162945 -0.986635 0
    outer loop
      vertex -3.41408 17.1637 0
      vertex -2.28421 17.3503 0.799999
      vertex -3.41408 17.1637 0.799999
    endloop
  endfacet
  facet normal 0.162945 -0.986635 0
    outer loop
      vertex -2.28421 17.3503 0.799999
      vertex -3.41408 17.1637 0
      vertex -2.28421 17.3503 0
    endloop
  endfacet
  facet normal -0.0327464 -0.999464 0
    outer loop
      vertex 0 17.5 0
      vertex 1.14455 17.4625 0.799999
      vertex 0 17.5 0.799999
    endloop
  endfacet
  facet normal -0.0327464 -0.999464 -0
    outer loop
      vertex 1.14455 17.4625 0.799999
      vertex 0 17.5 0
      vertex 1.14455 17.4625 0
    endloop
  endfacet
  facet normal -0.290264 0.956947 0
    outer loop
      vertex 5.62519 -16.5713 0
      vertex 4.52933 -16.9037 0.799999
      vertex 5.62519 -16.5713 0.799999
    endloop
  endfacet
  facet normal -0.290264 0.956947 0
    outer loop
      vertex 4.52933 -16.9037 0.799999
      vertex 5.62519 -16.5713 0
      vertex 4.52933 -16.9037 0
    endloop
  endfacet
  facet normal 0.973885 0.227043 0
    outer loop
      vertex -16.9037 -4.52933 0.799999
      vertex -17.1637 -3.41408 0
      vertex -17.1637 -3.41408 0.799999
    endloop
  endfacet
  facet normal 0.973885 0.227043 0
    outer loop
      vertex -17.1637 -3.41408 0
      vertex -16.9037 -4.52933 0.799999
      vertex -16.9037 -4.52933 0
    endloop
  endfacet
  facet normal -0.227043 -0.973885 0
    outer loop
      vertex 3.41408 17.1637 0
      vertex 4.52933 16.9037 0.799999
      vertex 3.41408 17.1637 0.799999
    endloop
  endfacet
  facet normal -0.227043 -0.973885 -0
    outer loop
      vertex 4.52933 16.9037 0.799999
      vertex 3.41408 17.1637 0
      vertex 4.52933 16.9037 0
    endloop
  endfacet
  facet normal 0.986635 0.162945 0
    outer loop
      vertex -17.1637 -3.41408 0.799999
      vertex -17.3503 -2.28421 0
      vertex -17.3503 -2.28421 0.799999
    endloop
  endfacet
  facet normal 0.986635 0.162945 0
    outer loop
      vertex -17.3503 -2.28421 0
      vertex -17.1637 -3.41408 0.799999
      vertex -17.1637 -3.41408 0
    endloop
  endfacet
  facet normal 0.528051 -0.849213 0
    outer loop
      vertex -9.72248 14.5507 0
      vertex -8.75 15.1554 0.799999
      vertex -9.72248 14.5507 0.799999
    endloop
  endfacet
  facet normal 0.528051 -0.849213 0
    outer loop
      vertex -8.75 15.1554 0.799999
      vertex -9.72248 14.5507 0
      vertex -8.75 15.1554 0
    endloop
  endfacet
  facet normal 0.0327464 0.999464 -0
    outer loop
      vertex 0 -17.5 0
      vertex -1.14455 -17.4625 0.799999
      vertex 0 -17.5 0.799999
    endloop
  endfacet
  facet normal 0.0327464 0.999464 0
    outer loop
      vertex -1.14455 -17.4625 0.799999
      vertex 0 -17.5 0
      vertex -1.14455 -17.4625 0
    endloop
  endfacet
  facet normal 0.227043 -0.973885 0
    outer loop
      vertex -4.52933 16.9037 0
      vertex -3.41408 17.1637 0.799999
      vertex -4.52933 16.9037 0.799999
    endloop
  endfacet
  facet normal 0.227043 -0.973885 0
    outer loop
      vertex -3.41408 17.1637 0.799999
      vertex -4.52933 16.9037 0
      vertex -3.41408 17.1637 0
    endloop
  endfacet
  facet normal 0.812853 0.582468 0
    outer loop
      vertex -13.8837 -10.6533 0.799999
      vertex -14.5507 -9.72248 0
      vertex -14.5507 -9.72248 0.799999
    endloop
  endfacet
  facet normal 0.812853 0.582468 0
    outer loop
      vertex -14.5507 -9.72248 0
      vertex -13.8837 -10.6533 0.799999
      vertex -13.8837 -10.6533 0
    endloop
  endfacet
  facet normal 0.849213 0.528051 0
    outer loop
      vertex -14.5507 -9.72248 0.799999
      vertex -15.1554 -8.75 0
      vertex -15.1554 -8.75 0.799999
    endloop
  endfacet
  facet normal 0.849213 0.528051 0
    outer loop
      vertex -15.1554 -8.75 0
      vertex -14.5507 -9.72248 0.799999
      vertex -14.5507 -9.72248 0
    endloop
  endfacet
  facet normal 0.729869 -0.683587 0
    outer loop
      vertex -13.1572 11.5386 0.799999
      vertex -12.3744 12.3744 0
      vertex -12.3744 12.3744 0.799999
    endloop
  endfacet
  facet normal 0.729869 -0.683587 0
    outer loop
      vertex -12.3744 12.3744 0
      vertex -13.1572 11.5386 0.799999
      vertex -13.1572 11.5386 0
    endloop
  endfacet
  facet normal -0.91087 -0.412694 0
    outer loop
      vertex 16.1679 6.69696 0
      vertex 15.6953 7.74005 0.799999
      vertex 15.6953 7.74005 0
    endloop
  endfacet
  facet normal -0.91087 -0.412694 0
    outer loop
      vertex 15.6953 7.74005 0.799999
      vertex 16.1679 6.69696 0
      vertex 16.1679 6.69696 0.799999
    endloop
  endfacet
  facet normal -0.290264 -0.956947 0
    outer loop
      vertex 4.52933 16.9037 0
      vertex 5.62519 16.5713 0.799999
      vertex 4.52933 16.9037 0.799999
    endloop
  endfacet
  facet normal -0.290264 -0.956947 -0
    outer loop
      vertex 5.62519 16.5713 0.799999
      vertex 4.52933 16.9037 0
      vertex 5.62519 16.5713 0
    endloop
  endfacet
  facet normal -0.973885 -0.227043 0
    outer loop
      vertex 17.1637 3.41408 0
      vertex 16.9037 4.52933 0.799999
      vertex 16.9037 4.52933 0
    endloop
  endfacet
  facet normal -0.973885 -0.227043 0
    outer loop
      vertex 16.9037 4.52933 0.799999
      vertex 17.1637 3.41408 0
      vertex 17.1637 3.41408 0.799999
    endloop
  endfacet
  facet normal 0.412694 0.91087 -0
    outer loop
      vertex -6.69696 -16.1679 0
      vertex -7.74005 -15.6953 0.799999
      vertex -6.69696 -16.1679 0.799999
    endloop
  endfacet
  facet normal 0.412694 0.91087 0
    outer loop
      vertex -7.74005 -15.6953 0.799999
      vertex -6.69696 -16.1679 0
      vertex -7.74005 -15.6953 0
    endloop
  endfacet
  facet normal -0.582468 0.812853 0
    outer loop
      vertex 10.6533 -13.8837 0
      vertex 9.72248 -14.5507 0.799999
      vertex 10.6533 -13.8837 0.799999
    endloop
  endfacet
  facet normal -0.582468 0.812853 0
    outer loop
      vertex 9.72248 -14.5507 0.799999
      vertex 10.6533 -13.8837 0
      vertex 9.72248 -14.5507 0
    endloop
  endfacet
  facet normal 0.729869 0.683587 0
    outer loop
      vertex -12.3744 -12.3744 0.799999
      vertex -13.1572 -11.5386 0
      vertex -13.1572 -11.5386 0.799999
    endloop
  endfacet
  facet normal 0.729869 0.683587 0
    outer loop
      vertex -13.1572 -11.5386 0
      vertex -12.3744 -12.3744 0.799999
      vertex -12.3744 -12.3744 0
    endloop
  endfacet
  facet normal -0.812853 -0.582468 0
    outer loop
      vertex 14.5507 9.72248 0
      vertex 13.8837 10.6533 0.799999
      vertex 13.8837 10.6533 0
    endloop
  endfacet
  facet normal -0.812853 -0.582468 0
    outer loop
      vertex 13.8837 10.6533 0.799999
      vertex 14.5507 9.72248 0
      vertex 14.5507 9.72248 0.799999
    endloop
  endfacet
  facet normal 0.352261 0.935902 -0
    outer loop
      vertex -5.62519 -16.5713 0
      vertex -6.69696 -16.1679 0.799999
      vertex -5.62519 -16.5713 0.799999
    endloop
  endfacet
  facet normal 0.352261 0.935902 0
    outer loop
      vertex -6.69696 -16.1679 0.799999
      vertex -5.62519 -16.5713 0
      vertex -6.69696 -16.1679 0
    endloop
  endfacet
  facet normal 0.582468 0.812853 -0
    outer loop
      vertex -9.72248 -14.5507 0
      vertex -10.6533 -13.8837 0.799999
      vertex -9.72248 -14.5507 0.799999
    endloop
  endfacet
  facet normal 0.582468 0.812853 0
    outer loop
      vertex -10.6533 -13.8837 0.799999
      vertex -9.72248 -14.5507 0
      vertex -10.6533 -13.8837 0
    endloop
  endfacet
  facet normal -0.471445 -0.881896 0
    outer loop
      vertex 7.74005 15.6953 0
      vertex 8.75 15.1554 0.799999
      vertex 7.74005 15.6953 0.799999
    endloop
  endfacet
  facet normal -0.471445 -0.881896 -0
    outer loop
      vertex 8.75 15.1554 0.799999
      vertex 7.74005 15.6953 0
      vertex 8.75 15.1554 0
    endloop
  endfacet
  facet normal -0.729869 0.683587 0
    outer loop
      vertex 12.3744 -12.3744 0
      vertex 13.1572 -11.5386 0.799999
      vertex 13.1572 -11.5386 0
    endloop
  endfacet
  facet normal -0.729869 0.683587 0
    outer loop
      vertex 13.1572 -11.5386 0.799999
      vertex 12.3744 -12.3744 0
      vertex 12.3744 -12.3744 0.799999
    endloop
  endfacet
  facet normal 0.881896 -0.471445 0
    outer loop
      vertex -15.6953 7.74005 0.799999
      vertex -15.1554 8.75 0
      vertex -15.1554 8.75 0.799999
    endloop
  endfacet
  facet normal 0.881896 -0.471445 0
    outer loop
      vertex -15.1554 8.75 0
      vertex -15.6953 7.74005 0.799999
      vertex -15.6953 7.74005 0
    endloop
  endfacet
  facet normal -0.999464 0.0327464 0
    outer loop
      vertex 17.4625 -1.14455 0
      vertex 17.5 0 0.799999
      vertex 17.5 0 0
    endloop
  endfacet
  facet normal -0.999464 0.0327464 0
    outer loop
      vertex 17.5 0 0.799999
      vertex 17.4625 -1.14455 0
      vertex 17.4625 -1.14455 0.799999
    endloop
  endfacet
  facet normal 0.683587 0.729869 -0
    outer loop
      vertex -11.5386 -13.1572 0
      vertex -12.3744 -12.3744 0.799999
      vertex -11.5386 -13.1572 0.799999
    endloop
  endfacet
  facet normal 0.683587 0.729869 0
    outer loop
      vertex -12.3744 -12.3744 0.799999
      vertex -11.5386 -13.1572 0
      vertex -12.3744 -12.3744 0
    endloop
  endfacet
  facet normal -0.849213 -0.528051 0
    outer loop
      vertex 15.1554 8.75 0
      vertex 14.5507 9.72248 0.799999
      vertex 14.5507 9.72248 0
    endloop
  endfacet
  facet normal -0.849213 -0.528051 0
    outer loop
      vertex 14.5507 9.72248 0.799999
      vertex 15.1554 8.75 0
      vertex 15.1554 8.75 0.799999
    endloop
  endfacet
  facet normal 0.683587 -0.729869 0
    outer loop
      vertex -12.3744 12.3744 0
      vertex -11.5386 13.1572 0.799999
      vertex -12.3744 12.3744 0.799999
    endloop
  endfacet
  facet normal 0.683587 -0.729869 0
    outer loop
      vertex -11.5386 13.1572 0.799999
      vertex -12.3744 12.3744 0
      vertex -11.5386 13.1572 0
    endloop
  endfacet
  facet normal -0.973885 0.227043 0
    outer loop
      vertex 16.9037 -4.52933 0
      vertex 17.1637 -3.41408 0.799999
      vertex 17.1637 -3.41408 0
    endloop
  endfacet
  facet normal -0.973885 0.227043 0
    outer loop
      vertex 17.1637 -3.41408 0.799999
      vertex 16.9037 -4.52933 0
      vertex 16.9037 -4.52933 0.799999
    endloop
  endfacet
  facet normal -0.528051 -0.849213 0
    outer loop
      vertex 8.75 15.1554 0
      vertex 9.72248 14.5507 0.799999
      vertex 8.75 15.1554 0.799999
    endloop
  endfacet
  facet normal -0.528051 -0.849213 -0
    outer loop
      vertex 9.72248 14.5507 0.799999
      vertex 8.75 15.1554 0
      vertex 9.72248 14.5507 0
    endloop
  endfacet
  facet normal 0.634369 -0.773031 0
    outer loop
      vertex -11.5386 13.1572 0
      vertex -10.6533 13.8837 0.799999
      vertex -11.5386 13.1572 0.799999
    endloop
  endfacet
  facet normal 0.634369 -0.773031 0
    outer loop
      vertex -10.6533 13.8837 0.799999
      vertex -11.5386 13.1572 0
      vertex -10.6533 13.8837 0
    endloop
  endfacet
  facet normal 0.227043 0.973885 -0
    outer loop
      vertex -3.41408 -17.1637 0
      vertex -4.52933 -16.9037 0.799999
      vertex -3.41408 -17.1637 0.799999
    endloop
  endfacet
  facet normal 0.227043 0.973885 0
    outer loop
      vertex -4.52933 -16.9037 0.799999
      vertex -3.41408 -17.1637 0
      vertex -4.52933 -16.9037 0
    endloop
  endfacet
  facet normal -0.729869 -0.683587 0
    outer loop
      vertex 13.1572 11.5386 0
      vertex 12.3744 12.3744 0.799999
      vertex 12.3744 12.3744 0
    endloop
  endfacet
  facet normal -0.729869 -0.683587 0
    outer loop
      vertex 12.3744 12.3744 0.799999
      vertex 13.1572 11.5386 0
      vertex 13.1572 11.5386 0.799999
    endloop
  endfacet
  facet normal 0.91087 0.412694 0
    outer loop
      vertex -15.6953 -7.74005 0.799999
      vertex -16.1679 -6.69696 0
      vertex -16.1679 -6.69696 0.799999
    endloop
  endfacet
  facet normal 0.91087 0.412694 0
    outer loop
      vertex -16.1679 -6.69696 0
      vertex -15.6953 -7.74005 0.799999
      vertex -15.6953 -7.74005 0
    endloop
  endfacet
  facet normal 0.995189 0.0979767 0
    outer loop
      vertex -17.3503 -2.28421 0.799999
      vertex -17.4625 -1.14455 0
      vertex -17.4625 -1.14455 0.799999
    endloop
  endfacet
  facet normal 0.995189 0.0979767 0
    outer loop
      vertex -17.4625 -1.14455 0
      vertex -17.3503 -2.28421 0.799999
      vertex -17.3503 -2.28421 0
    endloop
  endfacet
  facet normal 0.935902 0.352261 0
    outer loop
      vertex -16.1679 -6.69696 0.799999
      vertex -16.5713 -5.62519 0
      vertex -16.5713 -5.62519 0.799999
    endloop
  endfacet
  facet normal 0.935902 0.352261 0
    outer loop
      vertex -16.5713 -5.62519 0
      vertex -16.1679 -6.69696 0.799999
      vertex -16.1679 -6.69696 0
    endloop
  endfacet
  facet normal 0.956947 0.290264 0
    outer loop
      vertex -16.5713 -5.62519 0.799999
      vertex -16.9037 -4.52933 0
      vertex -16.9037 -4.52933 0.799999
    endloop
  endfacet
  facet normal 0.956947 0.290264 0
    outer loop
      vertex -16.9037 -4.52933 0
      vertex -16.5713 -5.62519 0.799999
      vertex -16.5713 -5.62519 0
    endloop
  endfacet
  facet normal 0.412694 -0.91087 0
    outer loop
      vertex -7.74005 15.6953 0
      vertex -6.69696 16.1679 0.799999
      vertex -7.74005 15.6953 0.799999
    endloop
  endfacet
  facet normal 0.412694 -0.91087 0
    outer loop
      vertex -6.69696 16.1679 0.799999
      vertex -7.74005 15.6953 0
      vertex -6.69696 16.1679 0
    endloop
  endfacet
  facet normal 0.812853 -0.582468 0
    outer loop
      vertex -14.5507 9.72248 0.799999
      vertex -13.8837 10.6533 0
      vertex -13.8837 10.6533 0.799999
    endloop
  endfacet
  facet normal 0.812853 -0.582468 0
    outer loop
      vertex -13.8837 10.6533 0
      vertex -14.5507 9.72248 0.799999
      vertex -14.5507 9.72248 0
    endloop
  endfacet
  facet normal 0.773031 0.634369 0
    outer loop
      vertex -13.1572 -11.5386 0.799999
      vertex -13.8837 -10.6533 0
      vertex -13.8837 -10.6533 0.799999
    endloop
  endfacet
  facet normal 0.773031 0.634369 0
    outer loop
      vertex -13.8837 -10.6533 0
      vertex -13.1572 -11.5386 0.799999
      vertex -13.1572 -11.5386 0
    endloop
  endfacet
  facet normal -0.634369 -0.773031 0
    outer loop
      vertex 10.6533 13.8837 0
      vertex 11.5386 13.1572 0.799999
      vertex 10.6533 13.8837 0.799999
    endloop
  endfacet
  facet normal -0.634369 -0.773031 -0
    outer loop
      vertex 11.5386 13.1572 0.799999
      vertex 10.6533 13.8837 0
      vertex 11.5386 13.1572 0
    endloop
  endfacet
  facet normal -0.227043 0.973885 0
    outer loop
      vertex 4.52933 -16.9037 0
      vertex 3.41408 -17.1637 0.799999
      vertex 4.52933 -16.9037 0.799999
    endloop
  endfacet
  facet normal -0.227043 0.973885 0
    outer loop
      vertex 3.41408 -17.1637 0.799999
      vertex 4.52933 -16.9037 0
      vertex 3.41408 -17.1637 0
    endloop
  endfacet
  facet normal -0.0979767 -0.995189 0
    outer loop
      vertex 1.14455 17.4625 0
      vertex 2.28421 17.3503 0.799999
      vertex 1.14455 17.4625 0.799999
    endloop
  endfacet
  facet normal -0.0979767 -0.995189 -0
    outer loop
      vertex 2.28421 17.3503 0.799999
      vertex 1.14455 17.4625 0
      vertex 2.28421 17.3503 0
    endloop
  endfacet
  facet normal -0.986635 0.162945 0
    outer loop
      vertex 17.1637 -3.41408 0
      vertex 17.3503 -2.28421 0.799999
      vertex 17.3503 -2.28421 0
    endloop
  endfacet
  facet normal -0.986635 0.162945 0
    outer loop
      vertex 17.3503 -2.28421 0.799999
      vertex 17.1637 -3.41408 0
      vertex 17.1637 -3.41408 0.799999
    endloop
  endfacet
  facet normal 0.0979767 -0.995189 0
    outer loop
      vertex -2.28421 17.3503 0
      vertex -1.14455 17.4625 0.799999
      vertex -2.28421 17.3503 0.799999
    endloop
  endfacet
  facet normal 0.0979767 -0.995189 0
    outer loop
      vertex -1.14455 17.4625 0.799999
      vertex -2.28421 17.3503 0
      vertex -1.14455 17.4625 0
    endloop
  endfacet
  facet normal -0.683587 0.729869 0
    outer loop
      vertex 12.3744 -12.3744 0
      vertex 11.5386 -13.1572 0.799999
      vertex 12.3744 -12.3744 0.799999
    endloop
  endfacet
  facet normal -0.683587 0.729869 0
    outer loop
      vertex 11.5386 -13.1572 0.799999
      vertex 12.3744 -12.3744 0
      vertex 11.5386 -13.1572 0
    endloop
  endfacet
  facet normal -0.0327464 0.999464 0
    outer loop
      vertex 1.14455 -17.4625 0
      vertex 0 -17.5 0.799999
      vertex 1.14455 -17.4625 0.799999
    endloop
  endfacet
  facet normal -0.0327464 0.999464 0
    outer loop
      vertex 0 -17.5 0.799999
      vertex 1.14455 -17.4625 0
      vertex 0 -17.5 0
    endloop
  endfacet
  facet normal 0.634369 0.773031 -0
    outer loop
      vertex -10.6533 -13.8837 0
      vertex -11.5386 -13.1572 0.799999
      vertex -10.6533 -13.8837 0.799999
    endloop
  endfacet
  facet normal 0.634369 0.773031 0
    outer loop
      vertex -11.5386 -13.1572 0.799999
      vertex -10.6533 -13.8837 0
      vertex -11.5386 -13.1572 0
    endloop
  endfacet
  facet normal -0.528051 0.849213 0
    outer loop
      vertex 9.72248 -14.5507 0
      vertex 8.75 -15.1554 0.799999
      vertex 9.72248 -14.5507 0.799999
    endloop
  endfacet
  facet normal -0.528051 0.849213 0
    outer loop
      vertex 8.75 -15.1554 0.799999
      vertex 9.72248 -14.5507 0
      vertex 8.75 -15.1554 0
    endloop
  endfacet
  facet normal -0.162945 0.986635 0
    outer loop
      vertex 3.41408 -17.1637 0
      vertex 2.28421 -17.3503 0.799999
      vertex 3.41408 -17.1637 0.799999
    endloop
  endfacet
  facet normal -0.162945 0.986635 0
    outer loop
      vertex 2.28421 -17.3503 0.799999
      vertex 3.41408 -17.1637 0
      vertex 2.28421 -17.3503 0
    endloop
  endfacet
  facet normal 0.0979767 0.995189 -0
    outer loop
      vertex -1.14455 -17.4625 0
      vertex -2.28421 -17.3503 0.799999
      vertex -1.14455 -17.4625 0.799999
    endloop
  endfacet
  facet normal 0.0979767 0.995189 0
    outer loop
      vertex -2.28421 -17.3503 0.799999
      vertex -1.14455 -17.4625 0
      vertex -2.28421 -17.3503 0
    endloop
  endfacet
  facet normal -0.999464 -0.0327464 0
    outer loop
      vertex 17.5 0 0
      vertex 17.4625 1.14455 0.799999
      vertex 17.4625 1.14455 0
    endloop
  endfacet
  facet normal -0.999464 -0.0327464 0
    outer loop
      vertex 17.4625 1.14455 0.799999
      vertex 17.5 0 0
      vertex 17.5 0 0.799999
    endloop
  endfacet
  facet normal 0.471445 0.881896 -0
    outer loop
      vertex -7.74005 -15.6953 0
      vertex -8.75 -15.1554 0.799999
      vertex -7.74005 -15.6953 0.799999
    endloop
  endfacet
  facet normal 0.471445 0.881896 0
    outer loop
      vertex -8.75 -15.1554 0.799999
      vertex -7.74005 -15.6953 0
      vertex -8.75 -15.1554 0
    endloop
  endfacet
  facet normal 0.352261 -0.935902 0
    outer loop
      vertex -6.69696 16.1679 0
      vertex -5.62519 16.5713 0.799999
      vertex -6.69696 16.1679 0.799999
    endloop
  endfacet
  facet normal 0.352261 -0.935902 0
    outer loop
      vertex -5.62519 16.5713 0.799999
      vertex -6.69696 16.1679 0
      vertex -5.62519 16.5713 0
    endloop
  endfacet
  facet normal -0.956947 -0.290264 0
    outer loop
      vertex 16.9037 4.52933 0
      vertex 16.5713 5.62519 0.799999
      vertex 16.5713 5.62519 0
    endloop
  endfacet
  facet normal -0.956947 -0.290264 0
    outer loop
      vertex 16.5713 5.62519 0.799999
      vertex 16.9037 4.52933 0
      vertex 16.9037 4.52933 0.799999
    endloop
  endfacet
  facet normal -0.773031 0.634369 0
    outer loop
      vertex 13.1572 -11.5386 0
      vertex 13.8837 -10.6533 0.799999
      vertex 13.8837 -10.6533 0
    endloop
  endfacet
  facet normal -0.773031 0.634369 0
    outer loop
      vertex 13.8837 -10.6533 0.799999
      vertex 13.1572 -11.5386 0
      vertex 13.1572 -11.5386 0.799999
    endloop
  endfacet
  facet normal -0.773031 -0.634369 0
    outer loop
      vertex 13.8837 10.6533 0
      vertex 13.1572 11.5386 0.799999
      vertex 13.1572 11.5386 0
    endloop
  endfacet
  facet normal -0.773031 -0.634369 0
    outer loop
      vertex 13.1572 11.5386 0.799999
      vertex 13.8837 10.6533 0
      vertex 13.8837 10.6533 0.799999
    endloop
  endfacet
  facet normal -0.0979767 0.995189 0
    outer loop
      vertex 2.28421 -17.3503 0
      vertex 1.14455 -17.4625 0.799999
      vertex 2.28421 -17.3503 0.799999
    endloop
  endfacet
  facet normal -0.0979767 0.995189 0
    outer loop
      vertex 1.14455 -17.4625 0.799999
      vertex 2.28421 -17.3503 0
      vertex 1.14455 -17.4625 0
    endloop
  endfacet
  facet normal -0.881896 -0.471445 0
    outer loop
      vertex 15.6953 7.74005 0
      vertex 15.1554 8.75 0.799999
      vertex 15.1554 8.75 0
    endloop
  endfacet
  facet normal -0.881896 -0.471445 0
    outer loop
      vertex 15.1554 8.75 0.799999
      vertex 15.6953 7.74005 0
      vertex 15.6953 7.74005 0.799999
    endloop
  endfacet
  facet normal -0.412694 -0.91087 0
    outer loop
      vertex 6.69696 16.1679 0
      vertex 7.74005 15.6953 0.799999
      vertex 6.69696 16.1679 0.799999
    endloop
  endfacet
  facet normal -0.412694 -0.91087 -0
    outer loop
      vertex 7.74005 15.6953 0.799999
      vertex 6.69696 16.1679 0
      vertex 7.74005 15.6953 0
    endloop
  endfacet
  facet normal -0.91087 0.412694 0
    outer loop
      vertex 15.6953 -7.74005 0
      vertex 16.1679 -6.69696 0.799999
      vertex 16.1679 -6.69696 0
    endloop
  endfacet
  facet normal -0.91087 0.412694 0
    outer loop
      vertex 16.1679 -6.69696 0.799999
      vertex 15.6953 -7.74005 0
      vertex 15.6953 -7.74005 0.799999
    endloop
  endfacet
  facet normal 0.881896 0.471445 0
    outer loop
      vertex -15.1554 -8.75 0.799999
      vertex -15.6953 -7.74005 0
      vertex -15.6953 -7.74005 0.799999
    endloop
  endfacet
  facet normal 0.881896 0.471445 0
    outer loop
      vertex -15.6953 -7.74005 0
      vertex -15.1554 -8.75 0.799999
      vertex -15.1554 -8.75 0
    endloop
  endfacet
  facet normal -0.881896 0.471445 0
    outer loop
      vertex 15.1554 -8.75 0
      vertex 15.6953 -7.74005 0.799999
      vertex 15.6953 -7.74005 0
    endloop
  endfacet
  facet normal -0.881896 0.471445 0
    outer loop
      vertex 15.6953 -7.74005 0.799999
      vertex 15.1554 -8.75 0
      vertex 15.1554 -8.75 0.799999
    endloop
  endfacet
  facet normal -0.352261 0.935902 0
    outer loop
      vertex 6.69696 -16.1679 0
      vertex 5.62519 -16.5713 0.799999
      vertex 6.69696 -16.1679 0.799999
    endloop
  endfacet
  facet normal -0.352261 0.935902 0
    outer loop
      vertex 5.62519 -16.5713 0.799999
      vertex 6.69696 -16.1679 0
      vertex 5.62519 -16.5713 0
    endloop
  endfacet
  facet normal -0.412694 0.91087 0
    outer loop
      vertex 7.74005 -15.6953 0
      vertex 6.69696 -16.1679 0.799999
      vertex 7.74005 -15.6953 0.799999
    endloop
  endfacet
  facet normal -0.412694 0.91087 0
    outer loop
      vertex 6.69696 -16.1679 0.799999
      vertex 7.74005 -15.6953 0
      vertex 6.69696 -16.1679 0
    endloop
  endfacet
  facet normal 1 -0 0
    outer loop
      vertex -4 19.9007 35.2
      vertex -4 21.8281 25.2
      vertex -4 21.8281 35.2
    endloop
  endfacet
  facet normal 1 0 0
    outer loop
      vertex -4 21.8281 25.2
      vertex -4 19.9007 35.2
      vertex -4 19.9007 25.2
    endloop
  endfacet
  facet normal 0 0 1
    outer loop
      vertex 4 21.8281 25.2
      vertex 3.96033 19.9099 25.2
      vertex 4 19.9007 25.2
    endloop
  endfacet
  facet normal 0 0 1
    outer loop
      vertex 2.64968 20.1263 25.2
      vertex 4 21.8281 25.2
      vertex 2.89768 22.0101 25.2
    endloop
  endfacet
  facet normal 0 0 1
    outer loop
      vertex 4 21.8281 25.2
      vertex 2.64968 20.1263 25.2
      vertex 3.96033 19.9099 25.2
    endloop
  endfacet
  facet normal 0 0 1
    outer loop
      vertex 1.45195 22.1525 25.2
      vertex 2.64968 20.1263 25.2
      vertex 2.89768 22.0101 25.2
    endloop
  endfacet
  facet normal 0 0 1
    outer loop
      vertex 1.45195 22.1525 25.2
      vertex 1.32768 20.2565 25.2
      vertex 2.64968 20.1263 25.2
    endloop
  endfacet
  facet normal 0 0 1
    outer loop
      vertex 0 22.2 25.2
      vertex 1.32768 20.2565 25.2
      vertex 1.45195 22.1525 25.2
    endloop
  endfacet
  facet normal 0 0 1
    outer loop
      vertex 0 22.2 25.2
      vertex 0 20.3 25.2
      vertex 1.32768 20.2565 25.2
    endloop
  endfacet
  facet normal 0 0 1
    outer loop
      vertex 0 22.2 25.2
      vertex -1.32768 20.2565 25.2
      vertex 0 20.3 25.2
    endloop
  endfacet
  facet normal -0 0 1
    outer loop
      vertex -1.45195 22.1525 25.2
      vertex -1.32768 20.2565 25.2
      vertex 0 22.2 25.2
    endloop
  endfacet
  facet normal 0 0 1
    outer loop
      vertex -1.45195 22.1525 25.2
      vertex -2.64968 20.1263 25.2
      vertex -1.32768 20.2565 25.2
    endloop
  endfacet
  facet normal -0 0 1
    outer loop
      vertex -2.89768 22.0101 25.2
      vertex -2.64968 20.1263 25.2
      vertex -1.45195 22.1525 25.2
    endloop
  endfacet
  facet normal -0 0 1
    outer loop
      vertex -4 21.8281 25.2
      vertex -2.64968 20.1263 25.2
      vertex -2.89768 22.0101 25.2
    endloop
  endfacet
  facet normal 0 0 1
    outer loop
      vertex -2.64968 20.1263 25.2
      vertex -4 21.8281 25.2
      vertex -3.96033 19.9099 25.2
    endloop
  endfacet
  facet normal 0 0 1
    outer loop
      vertex -3.96033 19.9099 25.2
      vertex -4 21.8281 25.2
      vertex -4 19.9007 25.2
    endloop
  endfacet
  facet normal -1 0 0
    outer loop
      vertex 4 19.9007 25.2
      vertex 4 21.8281 35.2
      vertex 4 21.8281 25.2
    endloop
  endfacet
  facet normal -1 -0 0
    outer loop
      vertex 4 21.8281 35.2
      vertex 4 19.9007 25.2
      vertex 4 19.9007 35.2
    endloop
  endfacet
endsolid OpenSCAD_Model
