solid OpenSCAD_Model
  facet normal -0 0.111965 0.993712
    outer loop
      vertex 9.6 6.8063 4.93732
      vertex 15 6.25 5
      vertex 15 6.8063 4.93732
    endloop
  endfacet
  facet normal 0 0.111965 0.993712
    outer loop
      vertex 15 6.25 5
      vertex 9.6 6.8063 4.93732
      vertex 9.6 6.25 5
    endloop
  endfacet
  facet normal 0 0.532036 -0.846722
    outer loop
      vertex 9.6 7.33471 0.247579
      vertex 15 7.80872 0.545422
      vertex 15 7.33471 0.247579
    endloop
  endfacet
  facet normal 0 0.532036 -0.846722
    outer loop
      vertex 15 7.80872 0.545422
      vertex 9.6 7.33471 0.247579
      vertex 9.6 7.80872 0.545422
    endloop
  endfacet
  facet normal 0 0.943883 -0.330281
    outer loop
      vertex 15 8.50242 1.41529
      vertex 9.6 8.68732 1.9437
      vertex 15 8.68732 1.9437
    endloop
  endfacet
  facet normal 0 0.943883 -0.330281
    outer loop
      vertex 9.6 8.68732 1.9437
      vertex 15 8.50242 1.41529
      vertex 9.6 8.50242 1.41529
    endloop
  endfacet
  facet normal 0 0.707107 0.707107
    outer loop
      vertex 15 8.20458 4.05872
      vertex 9.6 7.80872 4.45458
      vertex 15 7.80872 4.45458
    endloop
  endfacet
  facet normal 0 0.707107 0.707107
    outer loop
      vertex 9.6 7.80872 4.45458
      vertex 15 8.20458 4.05872
      vertex 9.6 8.20458 4.05872
    endloop
  endfacet
  facet normal 0 0.707101 -0.707112
    outer loop
      vertex 15 7.80872 0.545422
      vertex 9.6 8.20458 0.941276
      vertex 15 8.20458 0.941276
    endloop
  endfacet
  facet normal 0 0.707101 -0.707112
    outer loop
      vertex 9.6 8.20458 0.941276
      vertex 15 7.80872 0.545422
      vertex 9.6 7.80872 0.545422
    endloop
  endfacet
  facet normal 0 0.111965 -0.993712
    outer loop
      vertex 9.6 6.25 0
      vertex 15 6.8063 0.0626802
      vertex 15 6.25 0
    endloop
  endfacet
  facet normal 0 0.111965 -0.993712
    outer loop
      vertex 15 6.8063 0.0626802
      vertex 9.6 6.25 0
      vertex 9.6 6.8063 0.0626802
    endloop
  endfacet
  facet normal 0 0.943883 0.330281
    outer loop
      vertex 15 8.68732 3.0563
      vertex 9.6 8.50242 3.58471
      vertex 15 8.50242 3.58471
    endloop
  endfacet
  facet normal 0 0.943883 0.330281
    outer loop
      vertex 9.6 8.50242 3.58471
      vertex 15 8.68732 3.0563
      vertex 9.6 8.68732 3.0563
    endloop
  endfacet
  facet normal 0 -0.707116 0.707098
    outer loop
      vertex 9.6 4.29542 4.05872
      vertex 15 4.69127 4.45458
      vertex 9.6 4.69127 4.45458
    endloop
  endfacet
  facet normal 0 -0.707116 0.707098
    outer loop
      vertex 15 4.69127 4.45458
      vertex 9.6 4.29542 4.05872
      vertex 15 4.29542 4.05872
    endloop
  endfacet
  facet normal 0 0.846726 -0.532029
    outer loop
      vertex 15 8.20458 0.941276
      vertex 9.6 8.50242 1.41529
      vertex 15 8.50242 1.41529
    endloop
  endfacet
  facet normal 0 0.846726 -0.532029
    outer loop
      vertex 9.6 8.50242 1.41529
      vertex 15 8.20458 0.941276
      vertex 9.6 8.20458 0.941276
    endloop
  endfacet
  facet normal 0 0.993712 -0.111965
    outer loop
      vertex 15 8.68732 1.9437
      vertex 9.6 8.75 2.5
      vertex 15 8.75 2.5
    endloop
  endfacet
  facet normal 0 0.993712 -0.111965
    outer loop
      vertex 9.6 8.75 2.5
      vertex 15 8.68732 1.9437
      vertex 9.6 8.68732 1.9437
    endloop
  endfacet
  facet normal 1 0 0
    outer loop
      vertex 15 1.1 5.2
      vertex 15 -1.1 5.2
      vertex 15 1.1 3.7
    endloop
  endfacet
  facet normal 1 0 0
    outer loop
      vertex 15 7.225 2.5
      vertex 15 8.75 2.5
      vertex 15 8.68732 3.0563
    endloop
  endfacet
  facet normal 1 0 0
    outer loop
      vertex 15 7.15078 2.87312
      vertex 15 8.68732 3.0563
      vertex 15 8.50242 3.58471
    endloop
  endfacet
  facet normal 1 0 0
    outer loop
      vertex 15 8.75 2.5
      vertex 15 7.225 2.5
      vertex 15 8.68732 1.9437
    endloop
  endfacet
  facet normal 1 0 0
    outer loop
      vertex 15 7.15078 2.87312
      vertex 15 8.50242 3.58471
      vertex 15 8.20458 4.05872
    endloop
  endfacet
  facet normal 1 -0 0
    outer loop
      vertex 15 7.15078 2.12688
      vertex 15 8.68732 1.9437
      vertex 15 7.225 2.5
    endloop
  endfacet
  facet normal 1 0 0
    outer loop
      vertex 15 6.93943 3.18943
      vertex 15 8.20458 4.05872
      vertex 15 7.80872 4.45458
    endloop
  endfacet
  facet normal 1 0 0
    outer loop
      vertex 15 8.68732 1.9437
      vertex 15 7.15078 2.12688
      vertex 15 8.50242 1.41529
    endloop
  endfacet
  facet normal 1 0 0
    outer loop
      vertex 15 6.62312 3.40078
      vertex 15 7.80872 4.45458
      vertex 15 7.33471 4.75242
    endloop
  endfacet
  facet normal 1 0 0
    outer loop
      vertex 15 8.50242 1.41529
      vertex 15 7.15078 2.12688
      vertex 15 8.20458 0.941276
    endloop
  endfacet
  facet normal 1 -0 0
    outer loop
      vertex 15 6.93943 1.81057
      vertex 15 8.20458 0.941276
      vertex 15 7.15078 2.12688
    endloop
  endfacet
  facet normal 1 0 0
    outer loop
      vertex 15 8.68732 3.0563
      vertex 15 7.15078 2.87312
      vertex 15 7.225 2.5
    endloop
  endfacet
  facet normal 1 0 0
    outer loop
      vertex 15 8.20458 4.05872
      vertex 15 6.93943 3.18943
      vertex 15 7.15078 2.87312
    endloop
  endfacet
  facet normal 1 0 0
    outer loop
      vertex 15 6.62312 3.40078
      vertex 15 7.33471 4.75242
      vertex 15 6.8063 4.93732
    endloop
  endfacet
  facet normal 1 0 0
    outer loop
      vertex 15 7.80872 4.45458
      vertex 15 6.62312 3.40078
      vertex 15 6.93943 3.18943
    endloop
  endfacet
  facet normal 1 0 0
    outer loop
      vertex 15 6.25 3.475
      vertex 15 6.8063 4.93732
      vertex 15 6.25 5
    endloop
  endfacet
  facet normal 1 0 0
    outer loop
      vertex 15 6.8063 4.93732
      vertex 15 6.25 3.475
      vertex 15 6.62312 3.40078
    endloop
  endfacet
  facet normal 1 -0 0
    outer loop
      vertex 15 5.6937 4.93732
      vertex 15 6.25 3.475
      vertex 15 6.25 5
    endloop
  endfacet
  facet normal 1 0 0
    outer loop
      vertex 15 6.25 3.475
      vertex 15 5.6937 4.93732
      vertex 15 5.87688 3.40078
    endloop
  endfacet
  facet normal 1 -0 0
    outer loop
      vertex 15 5.16529 4.75242
      vertex 15 5.87688 3.40078
      vertex 15 5.6937 4.93732
    endloop
  endfacet
  facet normal 1 -0 0
    outer loop
      vertex 15 4.69127 4.45458
      vertex 15 5.87688 3.40078
      vertex 15 5.16529 4.75242
    endloop
  endfacet
  facet normal 1 0 0
    outer loop
      vertex 15 5.87688 3.40078
      vertex 15 4.69127 4.45458
      vertex 15 5.56057 3.18943
    endloop
  endfacet
  facet normal 1 -0 0
    outer loop
      vertex 15 4.29542 4.05872
      vertex 15 5.56057 3.18943
      vertex 15 4.69127 4.45458
    endloop
  endfacet
  facet normal 1 0 0
    outer loop
      vertex 15 8.20458 0.941276
      vertex 15 6.93943 1.81057
      vertex 15 7.80872 0.545422
    endloop
  endfacet
  facet normal 1 -0 0
    outer loop
      vertex 15 6.62312 1.59922
      vertex 15 7.80872 0.545422
      vertex 15 6.93943 1.81057
    endloop
  endfacet
  facet normal 1 0 0
    outer loop
      vertex 15 7.80872 0.545422
      vertex 15 6.62312 1.59922
      vertex 15 7.33471 0.247579
    endloop
  endfacet
  facet normal 1 0 0
    outer loop
      vertex 15 7.33471 0.247579
      vertex 15 6.62312 1.59922
      vertex 15 6.8063 0.0626802
    endloop
  endfacet
  facet normal 1 -0 0
    outer loop
      vertex 15 6.25 1.525
      vertex 15 6.8063 0.0626802
      vertex 15 6.62312 1.59922
    endloop
  endfacet
  facet normal 1 0 0
    outer loop
      vertex 15 6.25 1.525
      vertex 15 6.25 0
      vertex 15 6.8063 0.0626802
    endloop
  endfacet
  facet normal 1 0 0
    outer loop
      vertex 15 5.87688 1.59922
      vertex 15 6.25 0
      vertex 15 6.25 1.525
    endloop
  endfacet
  facet normal 1 0 0
    outer loop
      vertex 15 5.56057 1.81057
      vertex 15 6.25 0
      vertex 15 5.87688 1.59922
    endloop
  endfacet
  facet normal 1 0 0
    outer loop
      vertex 15 1.1 3.7
      vertex 15 5.56057 1.81057
      vertex 15 5.34922 2.12688
    endloop
  endfacet
  facet normal 1 -0 0
    outer loop
      vertex 15 4.07002 3.7
      vertex 15 5.56057 3.18943
      vertex 15 4.29542 4.05872
    endloop
  endfacet
  facet normal 1 0 0
    outer loop
      vertex 15 5.56057 3.18943
      vertex 15 4.07002 3.7
      vertex 15 5.34922 2.87312
    endloop
  endfacet
  facet normal 1 0 0
    outer loop
      vertex 15 5.34922 2.87312
      vertex 15 4.07002 3.7
      vertex 15 5.275 2.5
    endloop
  endfacet
  facet normal 1 0 0
    outer loop
      vertex 15 5.275 2.5
      vertex 15 4.07002 3.7
      vertex 15 5.34922 2.12688
    endloop
  endfacet
  facet normal 1 -0 0
    outer loop
      vertex 15 1.1 3.7
      vertex 15 5.34922 2.12688
      vertex 15 4.07002 3.7
    endloop
  endfacet
  facet normal 1 0 0
    outer loop
      vertex 15 5.56057 1.81057
      vertex 15 1.1 3.7
      vertex 15 6.25 0
    endloop
  endfacet
  facet normal 1 0 0
    outer loop
      vertex 15 -1.1 3.7
      vertex 15 1.1 3.7
      vertex 15 -1.1 5.2
    endloop
  endfacet
  facet normal 1 0 0
    outer loop
      vertex 15 -3.35 0
      vertex 15 1.1 3.7
      vertex 15 -1.1 3.7
    endloop
  endfacet
  facet normal 1 0 0
    outer loop
      vertex 15 -3.35 0
      vertex 15 -1.1 3.7
      vertex 15 -3.35 3.7
    endloop
  endfacet
  facet normal 1 0 0
    outer loop
      vertex 15 1.1 3.7
      vertex 15 -3.35 0
      vertex 15 6.25 0
    endloop
  endfacet
  facet normal -0 0.532032 0.846724
    outer loop
      vertex 9.6 7.80872 4.45458
      vertex 15 7.33471 4.75242
      vertex 15 7.80872 4.45458
    endloop
  endfacet
  facet normal 0 0.532032 0.846724
    outer loop
      vertex 15 7.33471 4.75242
      vertex 9.6 7.80872 4.45458
      vertex 9.6 7.33471 4.75242
    endloop
  endfacet
  facet normal 0 0.330279 -0.943883
    outer loop
      vertex 9.6 6.8063 0.0626802
      vertex 15 7.33471 0.247579
      vertex 15 6.8063 0.0626802
    endloop
  endfacet
  facet normal 0 0.330279 -0.943883
    outer loop
      vertex 15 7.33471 0.247579
      vertex 9.6 6.8063 0.0626802
      vertex 9.6 7.33471 0.247579
    endloop
  endfacet
  facet normal 0 -0.330281 0.943883
    outer loop
      vertex 9.6 5.6937 4.93732
      vertex 15 5.16529 4.75242
      vertex 15 5.6937 4.93732
    endloop
  endfacet
  facet normal 0 -0.330281 0.943883
    outer loop
      vertex 15 5.16529 4.75242
      vertex 9.6 5.6937 4.93732
      vertex 9.6 5.16529 4.75242
    endloop
  endfacet
  facet normal 0 0.846724 0.532032
    outer loop
      vertex 15 8.50242 3.58471
      vertex 9.6 8.20458 4.05872
      vertex 15 8.20458 4.05872
    endloop
  endfacet
  facet normal 0 0.846724 0.532032
    outer loop
      vertex 9.6 8.20458 4.05872
      vertex 15 8.50242 3.58471
      vertex 9.6 8.50242 3.58471
    endloop
  endfacet
  facet normal 0 0.993712 0.111965
    outer loop
      vertex 15 8.75 2.5
      vertex 9.6 8.68732 3.0563
      vertex 15 8.68732 3.0563
    endloop
  endfacet
  facet normal 0 0.993712 0.111965
    outer loop
      vertex 9.6 8.68732 3.0563
      vertex 15 8.75 2.5
      vertex 9.6 8.75 2.5
    endloop
  endfacet
  facet normal -1 0 0
    outer loop
      vertex 9.6 7.225 2.5
      vertex 9.6 8.75 2.5
      vertex 9.6 8.68732 1.9437
    endloop
  endfacet
  facet normal -1 0 0
    outer loop
      vertex 9.6 7.15078 2.12688
      vertex 9.6 8.68732 1.9437
      vertex 9.6 8.50242 1.41529
    endloop
  endfacet
  facet normal -1 0 0
    outer loop
      vertex 9.6 8.75 2.5
      vertex 9.6 7.225 2.5
      vertex 9.6 8.68732 3.0563
    endloop
  endfacet
  facet normal -1 0 0
    outer loop
      vertex 9.6 7.15078 2.12688
      vertex 9.6 8.50242 1.41529
      vertex 9.6 8.20458 0.941276
    endloop
  endfacet
  facet normal -1 0 0
    outer loop
      vertex 9.6 7.15078 2.87312
      vertex 9.6 8.68732 3.0563
      vertex 9.6 7.225 2.5
    endloop
  endfacet
  facet normal -1 0 0
    outer loop
      vertex 9.6 6.93943 1.81057
      vertex 9.6 8.20458 0.941276
      vertex 9.6 7.80872 0.545422
    endloop
  endfacet
  facet normal -1 -0 0
    outer loop
      vertex 9.6 8.68732 3.0563
      vertex 9.6 7.15078 2.87312
      vertex 9.6 8.50242 3.58471
    endloop
  endfacet
  facet normal -1 0 0
    outer loop
      vertex 9.6 6.62312 1.59922
      vertex 9.6 7.80872 0.545422
      vertex 9.6 7.33471 0.247579
    endloop
  endfacet
  facet normal -1 -0 0
    outer loop
      vertex 9.6 8.50242 3.58471
      vertex 9.6 7.15078 2.87312
      vertex 9.6 8.20458 4.05872
    endloop
  endfacet
  facet normal -1 0 0
    outer loop
      vertex 9.6 6.93943 3.18943
      vertex 9.6 8.20458 4.05872
      vertex 9.6 7.15078 2.87312
    endloop
  endfacet
  facet normal -1 0 0
    outer loop
      vertex 9.6 8.68732 1.9437
      vertex 9.6 7.15078 2.12688
      vertex 9.6 7.225 2.5
    endloop
  endfacet
  facet normal -1 0 0
    outer loop
      vertex 9.6 8.20458 0.941276
      vertex 9.6 6.93943 1.81057
      vertex 9.6 7.15078 2.12688
    endloop
  endfacet
  facet normal -1 0 0
    outer loop
      vertex 9.6 6.62312 1.59922
      vertex 9.6 7.33471 0.247579
      vertex 9.6 6.8063 0.0626802
    endloop
  endfacet
  facet normal -1 0 0
    outer loop
      vertex 9.6 7.80872 0.545422
      vertex 9.6 6.62312 1.59922
      vertex 9.6 6.93943 1.81057
    endloop
  endfacet
  facet normal -1 0 0
    outer loop
      vertex 9.6 6.25 1.525
      vertex 9.6 6.8063 0.0626802
      vertex 9.6 6.25 0
    endloop
  endfacet
  facet normal -1 0 0
    outer loop
      vertex 9.6 6.8063 0.0626802
      vertex 9.6 6.25 1.525
      vertex 9.6 6.62312 1.59922
    endloop
  endfacet
  facet normal -1 0 0
    outer loop
      vertex 9.6 6.25 0
      vertex 9.6 5.87688 1.59922
      vertex 9.6 6.25 1.525
    endloop
  endfacet
  facet normal -1 0 0
    outer loop
      vertex 9.6 6.25 0
      vertex 9.6 5.56057 1.81057
      vertex 9.6 5.87688 1.59922
    endloop
  endfacet
  facet normal -1 0 0
    outer loop
      vertex 9.6 3.35 0
      vertex 9.6 5.56057 1.81057
      vertex 9.6 6.25 0
    endloop
  endfacet
  facet normal -1 0 0
    outer loop
      vertex 9.6 5.87688 3.40078
      vertex 9.6 4.69127 4.45458
      vertex 9.6 5.16529 4.75242
    endloop
  endfacet
  facet normal -1 0 0
    outer loop
      vertex 9.6 3.35 3.7
      vertex 9.6 5.275 2.5
      vertex 9.6 5.34922 2.12688
    endloop
  endfacet
  facet normal -1 0 0
    outer loop
      vertex 9.6 5.34922 2.87312
      vertex 9.6 4.29542 4.05872
      vertex 9.6 4.69127 4.45458
    endloop
  endfacet
  facet normal -1 -0 0
    outer loop
      vertex 9.6 5.56057 1.81057
      vertex 9.6 3.35 0
      vertex 9.6 5.34922 2.12688
    endloop
  endfacet
  facet normal -1 0 0
    outer loop
      vertex 9.6 5.34922 2.87312
      vertex 9.6 4.07002 3.7
      vertex 9.6 4.29542 4.05872
    endloop
  endfacet
  facet normal -1 0 0
    outer loop
      vertex 9.6 3.35 3.7
      vertex 9.6 5.34922 2.12688
      vertex 9.6 3.35 0
    endloop
  endfacet
  facet normal -1 0 0
    outer loop
      vertex 9.6 5.275 2.5
      vertex 9.6 3.35 3.7
      vertex 9.6 4.07002 3.7
    endloop
  endfacet
  facet normal -1 -0 0
    outer loop
      vertex 9.6 8.20458 4.05872
      vertex 9.6 6.93943 3.18943
      vertex 9.6 7.80872 4.45458
    endloop
  endfacet
  facet normal -1 0 0
    outer loop
      vertex 9.6 6.62312 3.40078
      vertex 9.6 7.80872 4.45458
      vertex 9.6 6.93943 3.18943
    endloop
  endfacet
  facet normal -1 -0 0
    outer loop
      vertex 9.6 7.80872 4.45458
      vertex 9.6 6.62312 3.40078
      vertex 9.6 7.33471 4.75242
    endloop
  endfacet
  facet normal -1 -0 0
    outer loop
      vertex 9.6 7.33471 4.75242
      vertex 9.6 6.62312 3.40078
      vertex 9.6 6.8063 4.93732
    endloop
  endfacet
  facet normal -1 0 0
    outer loop
      vertex 9.6 6.25 3.475
      vertex 9.6 6.8063 4.93732
      vertex 9.6 6.62312 3.40078
    endloop
  endfacet
  facet normal -1 0 0
    outer loop
      vertex 9.6 6.25 3.475
      vertex 9.6 6.25 5
      vertex 9.6 6.8063 4.93732
    endloop
  endfacet
  facet normal -1 0 0
    outer loop
      vertex 9.6 5.6937 4.93732
      vertex 9.6 6.25 3.475
      vertex 9.6 5.87688 3.40078
    endloop
  endfacet
  facet normal -1 0 0
    outer loop
      vertex 9.6 6.25 3.475
      vertex 9.6 5.6937 4.93732
      vertex 9.6 6.25 5
    endloop
  endfacet
  facet normal -1 0 0
    outer loop
      vertex 9.6 4.69127 4.45458
      vertex 9.6 5.87688 3.40078
      vertex 9.6 5.56057 3.18943
    endloop
  endfacet
  facet normal -1 0 0
    outer loop
      vertex 9.6 4.69127 4.45458
      vertex 9.6 5.56057 3.18943
      vertex 9.6 5.34922 2.87312
    endloop
  endfacet
  facet normal -1 0 0
    outer loop
      vertex 9.6 4.07002 3.7
      vertex 9.6 5.34922 2.87312
      vertex 9.6 5.275 2.5
    endloop
  endfacet
  facet normal -1 0 0
    outer loop
      vertex 9.6 5.87688 3.40078
      vertex 9.6 5.16529 4.75242
      vertex 9.6 5.6937 4.93732
    endloop
  endfacet
  facet normal 0 -0.532024 0.846729
    outer loop
      vertex 9.6 5.16529 4.75242
      vertex 15 4.69127 4.45458
      vertex 15 5.16529 4.75242
    endloop
  endfacet
  facet normal 0 -0.532024 0.846729
    outer loop
      vertex 15 4.69127 4.45458
      vertex 9.6 5.16529 4.75242
      vertex 9.6 4.69127 4.45458
    endloop
  endfacet
  facet normal 0 -0.846723 0.532034
    outer loop
      vertex 9.6 4.07002 3.7
      vertex 15 4.29542 4.05872
      vertex 9.6 4.29542 4.05872
    endloop
  endfacet
  facet normal 0 -0.846723 0.532034
    outer loop
      vertex 15 4.29542 4.05872
      vertex 9.6 4.07002 3.7
      vertex 15 4.07002 3.7
    endloop
  endfacet
  facet normal -0 0.330281 0.943883
    outer loop
      vertex 9.6 7.33471 4.75242
      vertex 15 6.8063 4.93732
      vertex 15 7.33471 4.75242
    endloop
  endfacet
  facet normal 0 0.330281 0.943883
    outer loop
      vertex 15 6.8063 4.93732
      vertex 9.6 7.33471 4.75242
      vertex 9.6 6.8063 4.93732
    endloop
  endfacet
  facet normal 0 -0.111965 0.993712
    outer loop
      vertex 9.6 6.25 5
      vertex 15 5.6937 4.93732
      vertex 15 6.25 5
    endloop
  endfacet
  facet normal 0 -0.111965 0.993712
    outer loop
      vertex 15 5.6937 4.93732
      vertex 9.6 6.25 5
      vertex 9.6 5.6937 4.93732
    endloop
  endfacet
  facet normal -0 0.111965 0.993712
    outer loop
      vertex -4.9 6.8063 4.93732
      vertex 4.9 6.25 5
      vertex 4.9 6.8063 4.93732
    endloop
  endfacet
  facet normal 0 0.111965 0.993712
    outer loop
      vertex 4.9 6.25 5
      vertex -4.9 6.8063 4.93732
      vertex -4.9 6.25 5
    endloop
  endfacet
  facet normal 0 0.532036 -0.846722
    outer loop
      vertex -4.9 7.33471 0.247579
      vertex 4.9 7.80872 0.545422
      vertex 4.9 7.33471 0.247579
    endloop
  endfacet
  facet normal 0 0.532036 -0.846722
    outer loop
      vertex 4.9 7.80872 0.545422
      vertex -4.9 7.33471 0.247579
      vertex -4.9 7.80872 0.545422
    endloop
  endfacet
  facet normal 0 0.943883 -0.330281
    outer loop
      vertex 4.9 8.50242 1.41529
      vertex -4.9 8.68732 1.9437
      vertex 4.9 8.68732 1.9437
    endloop
  endfacet
  facet normal 0 0.943883 -0.330281
    outer loop
      vertex -4.9 8.68732 1.9437
      vertex 4.9 8.50242 1.41529
      vertex -4.9 8.50242 1.41529
    endloop
  endfacet
  facet normal 0 0.707107 0.707107
    outer loop
      vertex 4.9 8.20458 4.05872
      vertex -4.9 7.80872 4.45458
      vertex 4.9 7.80872 4.45458
    endloop
  endfacet
  facet normal 0 0.707107 0.707107
    outer loop
      vertex -4.9 7.80872 4.45458
      vertex 4.9 8.20458 4.05872
      vertex -4.9 8.20458 4.05872
    endloop
  endfacet
  facet normal -1 0 0
    outer loop
      vertex -4.9 7.225 2.5
      vertex -4.9 8.75 2.5
      vertex -4.9 8.68732 1.9437
    endloop
  endfacet
  facet normal -1 0 0
    outer loop
      vertex -4.9 7.15078 2.12688
      vertex -4.9 8.68732 1.9437
      vertex -4.9 8.50242 1.41529
    endloop
  endfacet
  facet normal -1 0 0
    outer loop
      vertex -4.9 8.75 2.5
      vertex -4.9 7.225 2.5
      vertex -4.9 8.68732 3.0563
    endloop
  endfacet
  facet normal -1 0 0
    outer loop
      vertex -4.9 7.15078 2.12688
      vertex -4.9 8.50242 1.41529
      vertex -4.9 8.20458 0.941276
    endloop
  endfacet
  facet normal -1 0 0
    outer loop
      vertex -4.9 7.15078 2.87312
      vertex -4.9 8.68732 3.0563
      vertex -4.9 7.225 2.5
    endloop
  endfacet
  facet normal -1 0 0
    outer loop
      vertex -4.9 6.93943 1.81057
      vertex -4.9 8.20458 0.941276
      vertex -4.9 7.80872 0.545422
    endloop
  endfacet
  facet normal -1 -0 0
    outer loop
      vertex -4.9 8.68732 3.0563
      vertex -4.9 7.15078 2.87312
      vertex -4.9 8.50242 3.58471
    endloop
  endfacet
  facet normal -1 0 0
    outer loop
      vertex -4.9 6.62312 1.59922
      vertex -4.9 7.80872 0.545422
      vertex -4.9 7.33471 0.247579
    endloop
  endfacet
  facet normal -1 -0 0
    outer loop
      vertex -4.9 8.50242 3.58471
      vertex -4.9 7.15078 2.87312
      vertex -4.9 8.20458 4.05872
    endloop
  endfacet
  facet normal -1 0 0
    outer loop
      vertex -4.9 6.93943 3.18943
      vertex -4.9 8.20458 4.05872
      vertex -4.9 7.15078 2.87312
    endloop
  endfacet
  facet normal -1 0 0
    outer loop
      vertex -4.9 8.68732 1.9437
      vertex -4.9 7.15078 2.12688
      vertex -4.9 7.225 2.5
    endloop
  endfacet
  facet normal -1 0 0
    outer loop
      vertex -4.9 8.20458 0.941276
      vertex -4.9 6.93943 1.81057
      vertex -4.9 7.15078 2.12688
    endloop
  endfacet
  facet normal -1 0 0
    outer loop
      vertex -4.9 6.62312 1.59922
      vertex -4.9 7.33471 0.247579
      vertex -4.9 6.8063 0.0626802
    endloop
  endfacet
  facet normal -1 0 0
    outer loop
      vertex -4.9 7.80872 0.545422
      vertex -4.9 6.62312 1.59922
      vertex -4.9 6.93943 1.81057
    endloop
  endfacet
  facet normal -1 0 0
    outer loop
      vertex -4.9 6.25 1.525
      vertex -4.9 6.8063 0.0626802
      vertex -4.9 6.25 0
    endloop
  endfacet
  facet normal -1 0 0
    outer loop
      vertex -4.9 6.8063 0.0626802
      vertex -4.9 6.25 1.525
      vertex -4.9 6.62312 1.59922
    endloop
  endfacet
  facet normal -1 0 0
    outer loop
      vertex -4.9 6.25 0
      vertex -4.9 5.87688 1.59922
      vertex -4.9 6.25 1.525
    endloop
  endfacet
  facet normal -1 0 0
    outer loop
      vertex -4.9 6.25 0
      vertex -4.9 5.56057 1.81057
      vertex -4.9 5.87688 1.59922
    endloop
  endfacet
  facet normal -1 0 0
    outer loop
      vertex -4.9 3.35 0
      vertex -4.9 5.56057 1.81057
      vertex -4.9 6.25 0
    endloop
  endfacet
  facet normal -1 0 0
    outer loop
      vertex -4.9 5.87688 3.40078
      vertex -4.9 4.69127 4.45458
      vertex -4.9 5.16529 4.75242
    endloop
  endfacet
  facet normal -1 0 0
    outer loop
      vertex -4.9 3.35 3.7
      vertex -4.9 5.275 2.5
      vertex -4.9 5.34922 2.12688
    endloop
  endfacet
  facet normal -1 0 0
    outer loop
      vertex -4.9 5.34922 2.87312
      vertex -4.9 4.29542 4.05872
      vertex -4.9 4.69127 4.45458
    endloop
  endfacet
  facet normal -1 -0 0
    outer loop
      vertex -4.9 5.56057 1.81057
      vertex -4.9 3.35 0
      vertex -4.9 5.34922 2.12688
    endloop
  endfacet
  facet normal -1 0 0
    outer loop
      vertex -4.9 5.34922 2.87312
      vertex -4.9 4.07002 3.7
      vertex -4.9 4.29542 4.05872
    endloop
  endfacet
  facet normal -1 0 0
    outer loop
      vertex -4.9 3.35 3.7
      vertex -4.9 5.34922 2.12688
      vertex -4.9 3.35 0
    endloop
  endfacet
  facet normal -1 0 0
    outer loop
      vertex -4.9 5.275 2.5
      vertex -4.9 3.35 3.7
      vertex -4.9 4.07002 3.7
    endloop
  endfacet
  facet normal -1 -0 0
    outer loop
      vertex -4.9 8.20458 4.05872
      vertex -4.9 6.93943 3.18943
      vertex -4.9 7.80872 4.45458
    endloop
  endfacet
  facet normal -1 0 0
    outer loop
      vertex -4.9 6.62312 3.40078
      vertex -4.9 7.80872 4.45458
      vertex -4.9 6.93943 3.18943
    endloop
  endfacet
  facet normal -1 -0 0
    outer loop
      vertex -4.9 7.80872 4.45458
      vertex -4.9 6.62312 3.40078
      vertex -4.9 7.33471 4.75242
    endloop
  endfacet
  facet normal -1 -0 0
    outer loop
      vertex -4.9 7.33471 4.75242
      vertex -4.9 6.62312 3.40078
      vertex -4.9 6.8063 4.93732
    endloop
  endfacet
  facet normal -1 0 0
    outer loop
      vertex -4.9 6.25 3.475
      vertex -4.9 6.8063 4.93732
      vertex -4.9 6.62312 3.40078
    endloop
  endfacet
  facet normal -1 0 0
    outer loop
      vertex -4.9 6.25 3.475
      vertex -4.9 6.25 5
      vertex -4.9 6.8063 4.93732
    endloop
  endfacet
  facet normal -1 0 0
    outer loop
      vertex -4.9 5.6937 4.93732
      vertex -4.9 6.25 3.475
      vertex -4.9 5.87688 3.40078
    endloop
  endfacet
  facet normal -1 0 0
    outer loop
      vertex -4.9 6.25 3.475
      vertex -4.9 5.6937 4.93732
      vertex -4.9 6.25 5
    endloop
  endfacet
  facet normal -1 0 0
    outer loop
      vertex -4.9 4.69127 4.45458
      vertex -4.9 5.87688 3.40078
      vertex -4.9 5.56057 3.18943
    endloop
  endfacet
  facet normal -1 0 0
    outer loop
      vertex -4.9 4.69127 4.45458
      vertex -4.9 5.56057 3.18943
      vertex -4.9 5.34922 2.87312
    endloop
  endfacet
  facet normal -1 0 0
    outer loop
      vertex -4.9 4.07002 3.7
      vertex -4.9 5.34922 2.87312
      vertex -4.9 5.275 2.5
    endloop
  endfacet
  facet normal -1 0 0
    outer loop
      vertex -4.9 5.87688 3.40078
      vertex -4.9 5.16529 4.75242
      vertex -4.9 5.6937 4.93732
    endloop
  endfacet
  facet normal 0 0.707101 -0.707112
    outer loop
      vertex 4.9 7.80872 0.545422
      vertex -4.9 8.20458 0.941276
      vertex 4.9 8.20458 0.941276
    endloop
  endfacet
  facet normal 0 0.707101 -0.707112
    outer loop
      vertex -4.9 8.20458 0.941276
      vertex 4.9 7.80872 0.545422
      vertex -4.9 7.80872 0.545422
    endloop
  endfacet
  facet normal 0 0.111965 -0.993712
    outer loop
      vertex -4.9 6.25 0
      vertex 4.9 6.8063 0.0626802
      vertex 4.9 6.25 0
    endloop
  endfacet
  facet normal 0 0.111965 -0.993712
    outer loop
      vertex 4.9 6.8063 0.0626802
      vertex -4.9 6.25 0
      vertex -4.9 6.8063 0.0626802
    endloop
  endfacet
  facet normal 0 0.943883 0.330281
    outer loop
      vertex 4.9 8.68732 3.0563
      vertex -4.9 8.50242 3.58471
      vertex 4.9 8.50242 3.58471
    endloop
  endfacet
  facet normal 0 0.943883 0.330281
    outer loop
      vertex -4.9 8.50242 3.58471
      vertex 4.9 8.68732 3.0563
      vertex -4.9 8.68732 3.0563
    endloop
  endfacet
  facet normal 0 -0.707116 0.707098
    outer loop
      vertex -4.9 4.29542 4.05872
      vertex 4.9 4.69127 4.45458
      vertex -4.9 4.69127 4.45458
    endloop
  endfacet
  facet normal 0 -0.707116 0.707098
    outer loop
      vertex 4.9 4.69127 4.45458
      vertex -4.9 4.29542 4.05872
      vertex 4.9 4.29542 4.05872
    endloop
  endfacet
  facet normal 0 0.846726 -0.532029
    outer loop
      vertex 4.9 8.20458 0.941276
      vertex -4.9 8.50242 1.41529
      vertex 4.9 8.50242 1.41529
    endloop
  endfacet
  facet normal 0 0.846726 -0.532029
    outer loop
      vertex -4.9 8.50242 1.41529
      vertex 4.9 8.20458 0.941276
      vertex -4.9 8.20458 0.941276
    endloop
  endfacet
  facet normal 0 0.993712 -0.111965
    outer loop
      vertex 4.9 8.68732 1.9437
      vertex -4.9 8.75 2.5
      vertex 4.9 8.75 2.5
    endloop
  endfacet
  facet normal 0 0.993712 -0.111965
    outer loop
      vertex -4.9 8.75 2.5
      vertex 4.9 8.68732 1.9437
      vertex -4.9 8.68732 1.9437
    endloop
  endfacet
  facet normal 1 0 0
    outer loop
      vertex 4.9 7.225 2.5
      vertex 4.9 8.75 2.5
      vertex 4.9 8.68732 3.0563
    endloop
  endfacet
  facet normal 1 0 0
    outer loop
      vertex 4.9 7.15078 2.87312
      vertex 4.9 8.68732 3.0563
      vertex 4.9 8.50242 3.58471
    endloop
  endfacet
  facet normal 1 0 0
    outer loop
      vertex 4.9 8.75 2.5
      vertex 4.9 7.225 2.5
      vertex 4.9 8.68732 1.9437
    endloop
  endfacet
  facet normal 1 0 0
    outer loop
      vertex 4.9 7.15078 2.87312
      vertex 4.9 8.50242 3.58471
      vertex 4.9 8.20458 4.05872
    endloop
  endfacet
  facet normal 1 -0 0
    outer loop
      vertex 4.9 7.15078 2.12688
      vertex 4.9 8.68732 1.9437
      vertex 4.9 7.225 2.5
    endloop
  endfacet
  facet normal 1 0 0
    outer loop
      vertex 4.9 6.93943 3.18943
      vertex 4.9 8.20458 4.05872
      vertex 4.9 7.80872 4.45458
    endloop
  endfacet
  facet normal 1 0 0
    outer loop
      vertex 4.9 8.68732 1.9437
      vertex 4.9 7.15078 2.12688
      vertex 4.9 8.50242 1.41529
    endloop
  endfacet
  facet normal 1 0 0
    outer loop
      vertex 4.9 6.62312 3.40078
      vertex 4.9 7.80872 4.45458
      vertex 4.9 7.33471 4.75242
    endloop
  endfacet
  facet normal 1 0 0
    outer loop
      vertex 4.9 8.50242 1.41529
      vertex 4.9 7.15078 2.12688
      vertex 4.9 8.20458 0.941276
    endloop
  endfacet
  facet normal 1 -0 0
    outer loop
      vertex 4.9 6.93943 1.81057
      vertex 4.9 8.20458 0.941276
      vertex 4.9 7.15078 2.12688
    endloop
  endfacet
  facet normal 1 0 0
    outer loop
      vertex 4.9 8.68732 3.0563
      vertex 4.9 7.15078 2.87312
      vertex 4.9 7.225 2.5
    endloop
  endfacet
  facet normal 1 0 0
    outer loop
      vertex 4.9 8.20458 4.05872
      vertex 4.9 6.93943 3.18943
      vertex 4.9 7.15078 2.87312
    endloop
  endfacet
  facet normal 1 0 0
    outer loop
      vertex 4.9 6.62312 3.40078
      vertex 4.9 7.33471 4.75242
      vertex 4.9 6.8063 4.93732
    endloop
  endfacet
  facet normal 1 0 0
    outer loop
      vertex 4.9 7.80872 4.45458
      vertex 4.9 6.62312 3.40078
      vertex 4.9 6.93943 3.18943
    endloop
  endfacet
  facet normal 1 0 0
    outer loop
      vertex 4.9 6.25 3.475
      vertex 4.9 6.8063 4.93732
      vertex 4.9 6.25 5
    endloop
  endfacet
  facet normal 1 0 0
    outer loop
      vertex 4.9 6.8063 4.93732
      vertex 4.9 6.25 3.475
      vertex 4.9 6.62312 3.40078
    endloop
  endfacet
  facet normal 1 -0 0
    outer loop
      vertex 4.9 5.6937 4.93732
      vertex 4.9 6.25 3.475
      vertex 4.9 6.25 5
    endloop
  endfacet
  facet normal 1 0 0
    outer loop
      vertex 4.9 6.25 3.475
      vertex 4.9 5.6937 4.93732
      vertex 4.9 5.87688 3.40078
    endloop
  endfacet
  facet normal 1 -0 0
    outer loop
      vertex 4.9 5.16529 4.75242
      vertex 4.9 5.87688 3.40078
      vertex 4.9 5.6937 4.93732
    endloop
  endfacet
  facet normal 1 -0 0
    outer loop
      vertex 4.9 4.69127 4.45458
      vertex 4.9 5.87688 3.40078
      vertex 4.9 5.16529 4.75242
    endloop
  endfacet
  facet normal 1 0 0
    outer loop
      vertex 4.9 5.87688 3.40078
      vertex 4.9 4.69127 4.45458
      vertex 4.9 5.56057 3.18943
    endloop
  endfacet
  facet normal 1 -0 0
    outer loop
      vertex 4.9 4.29542 4.05872
      vertex 4.9 5.56057 3.18943
      vertex 4.9 4.69127 4.45458
    endloop
  endfacet
  facet normal 1 0 0
    outer loop
      vertex 4.9 8.20458 0.941276
      vertex 4.9 6.93943 1.81057
      vertex 4.9 7.80872 0.545422
    endloop
  endfacet
  facet normal 1 -0 0
    outer loop
      vertex 4.9 6.62312 1.59922
      vertex 4.9 7.80872 0.545422
      vertex 4.9 6.93943 1.81057
    endloop
  endfacet
  facet normal 1 0 0
    outer loop
      vertex 4.9 7.80872 0.545422
      vertex 4.9 6.62312 1.59922
      vertex 4.9 7.33471 0.247579
    endloop
  endfacet
  facet normal 1 0 0
    outer loop
      vertex 4.9 7.33471 0.247579
      vertex 4.9 6.62312 1.59922
      vertex 4.9 6.8063 0.0626802
    endloop
  endfacet
  facet normal 1 -0 0
    outer loop
      vertex 4.9 6.25 1.525
      vertex 4.9 6.8063 0.0626802
      vertex 4.9 6.62312 1.59922
    endloop
  endfacet
  facet normal 1 0 0
    outer loop
      vertex 4.9 6.25 1.525
      vertex 4.9 6.25 0
      vertex 4.9 6.8063 0.0626802
    endloop
  endfacet
  facet normal 1 0 0
    outer loop
      vertex 4.9 5.87688 1.59922
      vertex 4.9 6.25 0
      vertex 4.9 6.25 1.525
    endloop
  endfacet
  facet normal 1 0 0
    outer loop
      vertex 4.9 5.56057 1.81057
      vertex 4.9 6.25 0
      vertex 4.9 5.87688 1.59922
    endloop
  endfacet
  facet normal 1 0 0
    outer loop
      vertex 4.9 3.35 0
      vertex 4.9 5.56057 1.81057
      vertex 4.9 5.34922 2.12688
    endloop
  endfacet
  facet normal 1 -0 0
    outer loop
      vertex 4.9 4.07002 3.7
      vertex 4.9 5.56057 3.18943
      vertex 4.9 4.29542 4.05872
    endloop
  endfacet
  facet normal 1 0 0
    outer loop
      vertex 4.9 5.56057 3.18943
      vertex 4.9 4.07002 3.7
      vertex 4.9 5.34922 2.87312
    endloop
  endfacet
  facet normal 1 0 0
    outer loop
      vertex 4.9 5.34922 2.87312
      vertex 4.9 4.07002 3.7
      vertex 4.9 5.275 2.5
    endloop
  endfacet
  facet normal 1 -0 0
    outer loop
      vertex 4.9 3.35 3.7
      vertex 4.9 5.275 2.5
      vertex 4.9 4.07002 3.7
    endloop
  endfacet
  facet normal 1 0 0
    outer loop
      vertex 4.9 5.275 2.5
      vertex 4.9 3.35 3.7
      vertex 4.9 5.34922 2.12688
    endloop
  endfacet
  facet normal 1 0 0
    outer loop
      vertex 4.9 5.34922 2.12688
      vertex 4.9 3.35 3.7
      vertex 4.9 3.35 0
    endloop
  endfacet
  facet normal 1 0 0
    outer loop
      vertex 4.9 5.56057 1.81057
      vertex 4.9 3.35 0
      vertex 4.9 6.25 0
    endloop
  endfacet
  facet normal -0 0.532032 0.846724
    outer loop
      vertex -4.9 7.80872 4.45458
      vertex 4.9 7.33471 4.75242
      vertex 4.9 7.80872 4.45458
    endloop
  endfacet
  facet normal 0 0.532032 0.846724
    outer loop
      vertex 4.9 7.33471 4.75242
      vertex -4.9 7.80872 4.45458
      vertex -4.9 7.33471 4.75242
    endloop
  endfacet
  facet normal 0 0.330279 -0.943883
    outer loop
      vertex -4.9 6.8063 0.0626802
      vertex 4.9 7.33471 0.247579
      vertex 4.9 6.8063 0.0626802
    endloop
  endfacet
  facet normal 0 0.330279 -0.943883
    outer loop
      vertex 4.9 7.33471 0.247579
      vertex -4.9 6.8063 0.0626802
      vertex -4.9 7.33471 0.247579
    endloop
  endfacet
  facet normal 0 -0.330281 0.943883
    outer loop
      vertex -4.9 5.6937 4.93732
      vertex 4.9 5.16529 4.75242
      vertex 4.9 5.6937 4.93732
    endloop
  endfacet
  facet normal 0 -0.330281 0.943883
    outer loop
      vertex 4.9 5.16529 4.75242
      vertex -4.9 5.6937 4.93732
      vertex -4.9 5.16529 4.75242
    endloop
  endfacet
  facet normal 0 0.846724 0.532032
    outer loop
      vertex 4.9 8.50242 3.58471
      vertex -4.9 8.20458 4.05872
      vertex 4.9 8.20458 4.05872
    endloop
  endfacet
  facet normal 0 0.846724 0.532032
    outer loop
      vertex -4.9 8.20458 4.05872
      vertex 4.9 8.50242 3.58471
      vertex -4.9 8.50242 3.58471
    endloop
  endfacet
  facet normal 0 0.993712 0.111965
    outer loop
      vertex 4.9 8.75 2.5
      vertex -4.9 8.68732 3.0563
      vertex 4.9 8.68732 3.0563
    endloop
  endfacet
  facet normal 0 0.993712 0.111965
    outer loop
      vertex -4.9 8.68732 3.0563
      vertex 4.9 8.75 2.5
      vertex -4.9 8.75 2.5
    endloop
  endfacet
  facet normal 0 -0.532024 0.846729
    outer loop
      vertex -4.9 5.16529 4.75242
      vertex 4.9 4.69127 4.45458
      vertex 4.9 5.16529 4.75242
    endloop
  endfacet
  facet normal 0 -0.532024 0.846729
    outer loop
      vertex 4.9 4.69127 4.45458
      vertex -4.9 5.16529 4.75242
      vertex -4.9 4.69127 4.45458
    endloop
  endfacet
  facet normal 0 -0.846723 0.532034
    outer loop
      vertex -4.9 4.07002 3.7
      vertex 4.9 4.29542 4.05872
      vertex -4.9 4.29542 4.05872
    endloop
  endfacet
  facet normal 0 -0.846723 0.532034
    outer loop
      vertex 4.9 4.29542 4.05872
      vertex -4.9 4.07002 3.7
      vertex 4.9 4.07002 3.7
    endloop
  endfacet
  facet normal -0 0.330281 0.943883
    outer loop
      vertex -4.9 7.33471 4.75242
      vertex 4.9 6.8063 4.93732
      vertex 4.9 7.33471 4.75242
    endloop
  endfacet
  facet normal 0 0.330281 0.943883
    outer loop
      vertex 4.9 6.8063 4.93732
      vertex -4.9 7.33471 4.75242
      vertex -4.9 6.8063 4.93732
    endloop
  endfacet
  facet normal 0 -0.111965 0.993712
    outer loop
      vertex -4.9 6.25 5
      vertex 4.9 5.6937 4.93732
      vertex 4.9 6.25 5
    endloop
  endfacet
  facet normal 0 -0.111965 0.993712
    outer loop
      vertex 4.9 5.6937 4.93732
      vertex -4.9 6.25 5
      vertex -4.9 5.6937 4.93732
    endloop
  endfacet
  facet normal -0 0.111965 0.993712
    outer loop
      vertex -15 6.8063 4.93732
      vertex -9.6 6.25 5
      vertex -9.6 6.8063 4.93732
    endloop
  endfacet
  facet normal 0 0.111965 0.993712
    outer loop
      vertex -9.6 6.25 5
      vertex -15 6.8063 4.93732
      vertex -15 6.25 5
    endloop
  endfacet
  facet normal 0 0.532036 -0.846722
    outer loop
      vertex -15 7.33471 0.247579
      vertex -9.6 7.80872 0.545422
      vertex -9.6 7.33471 0.247579
    endloop
  endfacet
  facet normal 0 0.532036 -0.846722
    outer loop
      vertex -9.6 7.80872 0.545422
      vertex -15 7.33471 0.247579
      vertex -15 7.80872 0.545422
    endloop
  endfacet
  facet normal 0 0.943883 -0.330281
    outer loop
      vertex -9.6 8.50242 1.41529
      vertex -15 8.68732 1.9437
      vertex -9.6 8.68732 1.9437
    endloop
  endfacet
  facet normal 0 0.943883 -0.330281
    outer loop
      vertex -15 8.68732 1.9437
      vertex -9.6 8.50242 1.41529
      vertex -15 8.50242 1.41529
    endloop
  endfacet
  facet normal 0 0.707107 0.707107
    outer loop
      vertex -9.6 8.20458 4.05872
      vertex -15 7.80872 4.45458
      vertex -9.6 7.80872 4.45458
    endloop
  endfacet
  facet normal 0 0.707107 0.707107
    outer loop
      vertex -15 7.80872 4.45458
      vertex -9.6 8.20458 4.05872
      vertex -15 8.20458 4.05872
    endloop
  endfacet
  facet normal -1 0 0
    outer loop
      vertex -15 7.225 2.5
      vertex -15 8.75 2.5
      vertex -15 8.68732 1.9437
    endloop
  endfacet
  facet normal -1 0 0
    outer loop
      vertex -15 7.15078 2.12688
      vertex -15 8.68732 1.9437
      vertex -15 8.50242 1.41529
    endloop
  endfacet
  facet normal -1 0 0
    outer loop
      vertex -15 8.75 2.5
      vertex -15 7.225 2.5
      vertex -15 8.68732 3.0563
    endloop
  endfacet
  facet normal -1 0 0
    outer loop
      vertex -15 7.15078 2.12688
      vertex -15 8.50242 1.41529
      vertex -15 8.20458 0.941276
    endloop
  endfacet
  facet normal -1 0 0
    outer loop
      vertex -15 7.15078 2.87312
      vertex -15 8.68732 3.0563
      vertex -15 7.225 2.5
    endloop
  endfacet
  facet normal -1 0 0
    outer loop
      vertex -15 6.93943 1.81057
      vertex -15 8.20458 0.941276
      vertex -15 7.80872 0.545422
    endloop
  endfacet
  facet normal -1 -0 0
    outer loop
      vertex -15 8.68732 3.0563
      vertex -15 7.15078 2.87312
      vertex -15 8.50242 3.58471
    endloop
  endfacet
  facet normal -1 0 0
    outer loop
      vertex -15 6.62312 1.59922
      vertex -15 7.80872 0.545422
      vertex -15 7.33471 0.247579
    endloop
  endfacet
  facet normal -1 -0 0
    outer loop
      vertex -15 8.50242 3.58471
      vertex -15 7.15078 2.87312
      vertex -15 8.20458 4.05872
    endloop
  endfacet
  facet normal -1 0 0
    outer loop
      vertex -15 6.93943 3.18943
      vertex -15 8.20458 4.05872
      vertex -15 7.15078 2.87312
    endloop
  endfacet
  facet normal -1 0 0
    outer loop
      vertex -15 8.68732 1.9437
      vertex -15 7.15078 2.12688
      vertex -15 7.225 2.5
    endloop
  endfacet
  facet normal -1 0 0
    outer loop
      vertex -15 8.20458 0.941276
      vertex -15 6.93943 1.81057
      vertex -15 7.15078 2.12688
    endloop
  endfacet
  facet normal -1 0 0
    outer loop
      vertex -15 6.62312 1.59922
      vertex -15 7.33471 0.247579
      vertex -15 6.8063 0.0626802
    endloop
  endfacet
  facet normal -1 0 0
    outer loop
      vertex -15 7.80872 0.545422
      vertex -15 6.62312 1.59922
      vertex -15 6.93943 1.81057
    endloop
  endfacet
  facet normal -1 0 0
    outer loop
      vertex -15 6.25 1.525
      vertex -15 6.8063 0.0626802
      vertex -15 6.25 0
    endloop
  endfacet
  facet normal -1 0 0
    outer loop
      vertex -15 6.8063 0.0626802
      vertex -15 6.25 1.525
      vertex -15 6.62312 1.59922
    endloop
  endfacet
  facet normal -1 0 0
    outer loop
      vertex -15 6.25 0
      vertex -15 5.87688 1.59922
      vertex -15 6.25 1.525
    endloop
  endfacet
  facet normal -1 0 0
    outer loop
      vertex -15 6.25 0
      vertex -15 5.56057 1.81057
      vertex -15 5.87688 1.59922
    endloop
  endfacet
  facet normal -1 0 0
    outer loop
      vertex -15 1.1 3.7
      vertex -15 5.56057 1.81057
      vertex -15 6.25 0
    endloop
  endfacet
  facet normal -1 0 0
    outer loop
      vertex -15 5.87688 3.40078
      vertex -15 4.69127 4.45458
      vertex -15 5.16529 4.75242
    endloop
  endfacet
  facet normal -1 0 0
    outer loop
      vertex -15 4.07002 3.7
      vertex -15 5.275 2.5
      vertex -15 5.34922 2.12688
    endloop
  endfacet
  facet normal -1 0 0
    outer loop
      vertex -15 5.34922 2.87312
      vertex -15 4.29542 4.05872
      vertex -15 4.69127 4.45458
    endloop
  endfacet
  facet normal -1 0 0
    outer loop
      vertex -15 5.56057 1.81057
      vertex -15 1.1 3.7
      vertex -15 5.34922 2.12688
    endloop
  endfacet
  facet normal -1 0 0
    outer loop
      vertex -15 5.34922 2.87312
      vertex -15 4.07002 3.7
      vertex -15 4.29542 4.05872
    endloop
  endfacet
  facet normal -1 0 0
    outer loop
      vertex -15 5.34922 2.12688
      vertex -15 1.1 3.7
      vertex -15 4.07002 3.7
    endloop
  endfacet
  facet normal -1 0 0
    outer loop
      vertex -15 1.1 3.7
      vertex -15 -1.1 3.7
      vertex -15 1.1 5.2
    endloop
  endfacet
  facet normal -1 0 0
    outer loop
      vertex -15 -3.35 0
      vertex -15 1.1 3.7
      vertex -15 6.25 0
    endloop
  endfacet
  facet normal -1 -0 0
    outer loop
      vertex -15 1.1 3.7
      vertex -15 -3.35 0
      vertex -15 -1.1 3.7
    endloop
  endfacet
  facet normal -1 -0 0
    outer loop
      vertex -15 -1.1 3.7
      vertex -15 -3.35 0
      vertex -15 -3.35 3.7
    endloop
  endfacet
  facet normal -1 -0 0
    outer loop
      vertex -15 8.20458 4.05872
      vertex -15 6.93943 3.18943
      vertex -15 7.80872 4.45458
    endloop
  endfacet
  facet normal -1 0 0
    outer loop
      vertex -15 6.62312 3.40078
      vertex -15 7.80872 4.45458
      vertex -15 6.93943 3.18943
    endloop
  endfacet
  facet normal -1 -0 0
    outer loop
      vertex -15 7.80872 4.45458
      vertex -15 6.62312 3.40078
      vertex -15 7.33471 4.75242
    endloop
  endfacet
  facet normal -1 -0 0
    outer loop
      vertex -15 7.33471 4.75242
      vertex -15 6.62312 3.40078
      vertex -15 6.8063 4.93732
    endloop
  endfacet
  facet normal -1 0 0
    outer loop
      vertex -15 6.25 3.475
      vertex -15 6.8063 4.93732
      vertex -15 6.62312 3.40078
    endloop
  endfacet
  facet normal -1 0 0
    outer loop
      vertex -15 6.25 3.475
      vertex -15 6.25 5
      vertex -15 6.8063 4.93732
    endloop
  endfacet
  facet normal -1 0 0
    outer loop
      vertex -15 5.6937 4.93732
      vertex -15 6.25 3.475
      vertex -15 5.87688 3.40078
    endloop
  endfacet
  facet normal -1 0 0
    outer loop
      vertex -15 6.25 3.475
      vertex -15 5.6937 4.93732
      vertex -15 6.25 5
    endloop
  endfacet
  facet normal -1 0 0
    outer loop
      vertex -15 4.69127 4.45458
      vertex -15 5.87688 3.40078
      vertex -15 5.56057 3.18943
    endloop
  endfacet
  facet normal -1 0 0
    outer loop
      vertex -15 4.69127 4.45458
      vertex -15 5.56057 3.18943
      vertex -15 5.34922 2.87312
    endloop
  endfacet
  facet normal -1 0 0
    outer loop
      vertex -15 4.07002 3.7
      vertex -15 5.34922 2.87312
      vertex -15 5.275 2.5
    endloop
  endfacet
  facet normal -1 0 0
    outer loop
      vertex -15 5.87688 3.40078
      vertex -15 5.16529 4.75242
      vertex -15 5.6937 4.93732
    endloop
  endfacet
  facet normal -1 -0 0
    outer loop
      vertex -15 1.1 5.2
      vertex -15 -1.1 3.7
      vertex -15 -1.1 5.2
    endloop
  endfacet
  facet normal 0 0.707101 -0.707112
    outer loop
      vertex -9.6 7.80872 0.545422
      vertex -15 8.20458 0.941276
      vertex -9.6 8.20458 0.941276
    endloop
  endfacet
  facet normal 0 0.707101 -0.707112
    outer loop
      vertex -15 8.20458 0.941276
      vertex -9.6 7.80872 0.545422
      vertex -15 7.80872 0.545422
    endloop
  endfacet
  facet normal 0 0.111965 -0.993712
    outer loop
      vertex -15 6.25 0
      vertex -9.6 6.8063 0.0626802
      vertex -9.6 6.25 0
    endloop
  endfacet
  facet normal 0 0.111965 -0.993712
    outer loop
      vertex -9.6 6.8063 0.0626802
      vertex -15 6.25 0
      vertex -15 6.8063 0.0626802
    endloop
  endfacet
  facet normal 0 0.943883 0.330281
    outer loop
      vertex -9.6 8.68732 3.0563
      vertex -15 8.50242 3.58471
      vertex -9.6 8.50242 3.58471
    endloop
  endfacet
  facet normal 0 0.943883 0.330281
    outer loop
      vertex -15 8.50242 3.58471
      vertex -9.6 8.68732 3.0563
      vertex -15 8.68732 3.0563
    endloop
  endfacet
  facet normal 0 -0.707116 0.707098
    outer loop
      vertex -15 4.29542 4.05872
      vertex -9.6 4.69127 4.45458
      vertex -15 4.69127 4.45458
    endloop
  endfacet
  facet normal 0 -0.707116 0.707098
    outer loop
      vertex -9.6 4.69127 4.45458
      vertex -15 4.29542 4.05872
      vertex -9.6 4.29542 4.05872
    endloop
  endfacet
  facet normal 0 0.846726 -0.532029
    outer loop
      vertex -9.6 8.20458 0.941276
      vertex -15 8.50242 1.41529
      vertex -9.6 8.50242 1.41529
    endloop
  endfacet
  facet normal 0 0.846726 -0.532029
    outer loop
      vertex -15 8.50242 1.41529
      vertex -9.6 8.20458 0.941276
      vertex -15 8.20458 0.941276
    endloop
  endfacet
  facet normal 0 0.993712 -0.111965
    outer loop
      vertex -9.6 8.68732 1.9437
      vertex -15 8.75 2.5
      vertex -9.6 8.75 2.5
    endloop
  endfacet
  facet normal 0 0.993712 -0.111965
    outer loop
      vertex -15 8.75 2.5
      vertex -9.6 8.68732 1.9437
      vertex -15 8.68732 1.9437
    endloop
  endfacet
  facet normal 1 0 0
    outer loop
      vertex -9.6 7.225 2.5
      vertex -9.6 8.75 2.5
      vertex -9.6 8.68732 3.0563
    endloop
  endfacet
  facet normal 1 0 0
    outer loop
      vertex -9.6 7.15078 2.87312
      vertex -9.6 8.68732 3.0563
      vertex -9.6 8.50242 3.58471
    endloop
  endfacet
  facet normal 1 0 0
    outer loop
      vertex -9.6 8.75 2.5
      vertex -9.6 7.225 2.5
      vertex -9.6 8.68732 1.9437
    endloop
  endfacet
  facet normal 1 0 0
    outer loop
      vertex -9.6 7.15078 2.87312
      vertex -9.6 8.50242 3.58471
      vertex -9.6 8.20458 4.05872
    endloop
  endfacet
  facet normal 1 -0 0
    outer loop
      vertex -9.6 7.15078 2.12688
      vertex -9.6 8.68732 1.9437
      vertex -9.6 7.225 2.5
    endloop
  endfacet
  facet normal 1 0 0
    outer loop
      vertex -9.6 6.93943 3.18943
      vertex -9.6 8.20458 4.05872
      vertex -9.6 7.80872 4.45458
    endloop
  endfacet
  facet normal 1 0 0
    outer loop
      vertex -9.6 8.68732 1.9437
      vertex -9.6 7.15078 2.12688
      vertex -9.6 8.50242 1.41529
    endloop
  endfacet
  facet normal 1 0 0
    outer loop
      vertex -9.6 6.62312 3.40078
      vertex -9.6 7.80872 4.45458
      vertex -9.6 7.33471 4.75242
    endloop
  endfacet
  facet normal 1 0 0
    outer loop
      vertex -9.6 8.50242 1.41529
      vertex -9.6 7.15078 2.12688
      vertex -9.6 8.20458 0.941276
    endloop
  endfacet
  facet normal 1 -0 0
    outer loop
      vertex -9.6 6.93943 1.81057
      vertex -9.6 8.20458 0.941276
      vertex -9.6 7.15078 2.12688
    endloop
  endfacet
  facet normal 1 0 0
    outer loop
      vertex -9.6 8.68732 3.0563
      vertex -9.6 7.15078 2.87312
      vertex -9.6 7.225 2.5
    endloop
  endfacet
  facet normal 1 0 0
    outer loop
      vertex -9.6 8.20458 4.05872
      vertex -9.6 6.93943 3.18943
      vertex -9.6 7.15078 2.87312
    endloop
  endfacet
  facet normal 1 0 0
    outer loop
      vertex -9.6 6.62312 3.40078
      vertex -9.6 7.33471 4.75242
      vertex -9.6 6.8063 4.93732
    endloop
  endfacet
  facet normal 1 0 0
    outer loop
      vertex -9.6 7.80872 4.45458
      vertex -9.6 6.62312 3.40078
      vertex -9.6 6.93943 3.18943
    endloop
  endfacet
  facet normal 1 0 0
    outer loop
      vertex -9.6 6.25 3.475
      vertex -9.6 6.8063 4.93732
      vertex -9.6 6.25 5
    endloop
  endfacet
  facet normal 1 0 0
    outer loop
      vertex -9.6 6.8063 4.93732
      vertex -9.6 6.25 3.475
      vertex -9.6 6.62312 3.40078
    endloop
  endfacet
  facet normal 1 -0 0
    outer loop
      vertex -9.6 5.6937 4.93732
      vertex -9.6 6.25 3.475
      vertex -9.6 6.25 5
    endloop
  endfacet
  facet normal 1 0 0
    outer loop
      vertex -9.6 6.25 3.475
      vertex -9.6 5.6937 4.93732
      vertex -9.6 5.87688 3.40078
    endloop
  endfacet
  facet normal 1 -0 0
    outer loop
      vertex -9.6 5.16529 4.75242
      vertex -9.6 5.87688 3.40078
      vertex -9.6 5.6937 4.93732
    endloop
  endfacet
  facet normal 1 -0 0
    outer loop
      vertex -9.6 4.69127 4.45458
      vertex -9.6 5.87688 3.40078
      vertex -9.6 5.16529 4.75242
    endloop
  endfacet
  facet normal 1 0 0
    outer loop
      vertex -9.6 5.87688 3.40078
      vertex -9.6 4.69127 4.45458
      vertex -9.6 5.56057 3.18943
    endloop
  endfacet
  facet normal 1 -0 0
    outer loop
      vertex -9.6 4.29542 4.05872
      vertex -9.6 5.56057 3.18943
      vertex -9.6 4.69127 4.45458
    endloop
  endfacet
  facet normal 1 0 0
    outer loop
      vertex -9.6 8.20458 0.941276
      vertex -9.6 6.93943 1.81057
      vertex -9.6 7.80872 0.545422
    endloop
  endfacet
  facet normal 1 -0 0
    outer loop
      vertex -9.6 6.62312 1.59922
      vertex -9.6 7.80872 0.545422
      vertex -9.6 6.93943 1.81057
    endloop
  endfacet
  facet normal 1 0 0
    outer loop
      vertex -9.6 7.80872 0.545422
      vertex -9.6 6.62312 1.59922
      vertex -9.6 7.33471 0.247579
    endloop
  endfacet
  facet normal 1 0 0
    outer loop
      vertex -9.6 7.33471 0.247579
      vertex -9.6 6.62312 1.59922
      vertex -9.6 6.8063 0.0626802
    endloop
  endfacet
  facet normal 1 -0 0
    outer loop
      vertex -9.6 6.25 1.525
      vertex -9.6 6.8063 0.0626802
      vertex -9.6 6.62312 1.59922
    endloop
  endfacet
  facet normal 1 0 0
    outer loop
      vertex -9.6 6.25 1.525
      vertex -9.6 6.25 0
      vertex -9.6 6.8063 0.0626802
    endloop
  endfacet
  facet normal 1 0 0
    outer loop
      vertex -9.6 5.87688 1.59922
      vertex -9.6 6.25 0
      vertex -9.6 6.25 1.525
    endloop
  endfacet
  facet normal 1 0 0
    outer loop
      vertex -9.6 5.56057 1.81057
      vertex -9.6 6.25 0
      vertex -9.6 5.87688 1.59922
    endloop
  endfacet
  facet normal 1 0 0
    outer loop
      vertex -9.6 3.35 0
      vertex -9.6 5.56057 1.81057
      vertex -9.6 5.34922 2.12688
    endloop
  endfacet
  facet normal 1 -0 0
    outer loop
      vertex -9.6 4.07002 3.7
      vertex -9.6 5.56057 3.18943
      vertex -9.6 4.29542 4.05872
    endloop
  endfacet
  facet normal 1 0 0
    outer loop
      vertex -9.6 5.56057 3.18943
      vertex -9.6 4.07002 3.7
      vertex -9.6 5.34922 2.87312
    endloop
  endfacet
  facet normal 1 0 0
    outer loop
      vertex -9.6 5.34922 2.87312
      vertex -9.6 4.07002 3.7
      vertex -9.6 5.275 2.5
    endloop
  endfacet
  facet normal 1 -0 0
    outer loop
      vertex -9.6 3.35 3.7
      vertex -9.6 5.275 2.5
      vertex -9.6 4.07002 3.7
    endloop
  endfacet
  facet normal 1 0 0
    outer loop
      vertex -9.6 5.275 2.5
      vertex -9.6 3.35 3.7
      vertex -9.6 5.34922 2.12688
    endloop
  endfacet
  facet normal 1 0 0
    outer loop
      vertex -9.6 5.34922 2.12688
      vertex -9.6 3.35 3.7
      vertex -9.6 3.35 0
    endloop
  endfacet
  facet normal 1 0 0
    outer loop
      vertex -9.6 5.56057 1.81057
      vertex -9.6 3.35 0
      vertex -9.6 6.25 0
    endloop
  endfacet
  facet normal -0 0.532032 0.846724
    outer loop
      vertex -15 7.80872 4.45458
      vertex -9.6 7.33471 4.75242
      vertex -9.6 7.80872 4.45458
    endloop
  endfacet
  facet normal 0 0.532032 0.846724
    outer loop
      vertex -9.6 7.33471 4.75242
      vertex -15 7.80872 4.45458
      vertex -15 7.33471 4.75242
    endloop
  endfacet
  facet normal 0 0.330279 -0.943883
    outer loop
      vertex -15 6.8063 0.0626802
      vertex -9.6 7.33471 0.247579
      vertex -9.6 6.8063 0.0626802
    endloop
  endfacet
  facet normal 0 0.330279 -0.943883
    outer loop
      vertex -9.6 7.33471 0.247579
      vertex -15 6.8063 0.0626802
      vertex -15 7.33471 0.247579
    endloop
  endfacet
  facet normal 0 -0.330281 0.943883
    outer loop
      vertex -15 5.6937 4.93732
      vertex -9.6 5.16529 4.75242
      vertex -9.6 5.6937 4.93732
    endloop
  endfacet
  facet normal 0 -0.330281 0.943883
    outer loop
      vertex -9.6 5.16529 4.75242
      vertex -15 5.6937 4.93732
      vertex -15 5.16529 4.75242
    endloop
  endfacet
  facet normal 0 0.846724 0.532032
    outer loop
      vertex -9.6 8.50242 3.58471
      vertex -15 8.20458 4.05872
      vertex -9.6 8.20458 4.05872
    endloop
  endfacet
  facet normal 0 0.846724 0.532032
    outer loop
      vertex -15 8.20458 4.05872
      vertex -9.6 8.50242 3.58471
      vertex -15 8.50242 3.58471
    endloop
  endfacet
  facet normal 0 0.993712 0.111965
    outer loop
      vertex -9.6 8.75 2.5
      vertex -15 8.68732 3.0563
      vertex -9.6 8.68732 3.0563
    endloop
  endfacet
  facet normal 0 0.993712 0.111965
    outer loop
      vertex -15 8.68732 3.0563
      vertex -9.6 8.75 2.5
      vertex -15 8.75 2.5
    endloop
  endfacet
  facet normal 0 -0.846723 0.532034
    outer loop
      vertex -15 4.07002 3.7
      vertex -9.6 4.29542 4.05872
      vertex -15 4.29542 4.05872
    endloop
  endfacet
  facet normal 0 -0.846723 0.532034
    outer loop
      vertex -9.6 4.29542 4.05872
      vertex -15 4.07002 3.7
      vertex -9.6 4.07002 3.7
    endloop
  endfacet
  facet normal 0 -0.532024 0.846729
    outer loop
      vertex -15 5.16529 4.75242
      vertex -9.6 4.69127 4.45458
      vertex -9.6 5.16529 4.75242
    endloop
  endfacet
  facet normal 0 -0.532024 0.846729
    outer loop
      vertex -9.6 4.69127 4.45458
      vertex -15 5.16529 4.75242
      vertex -15 4.69127 4.45458
    endloop
  endfacet
  facet normal -0 0.330281 0.943883
    outer loop
      vertex -15 7.33471 4.75242
      vertex -9.6 6.8063 4.93732
      vertex -9.6 7.33471 4.75242
    endloop
  endfacet
  facet normal 0 0.330281 0.943883
    outer loop
      vertex -9.6 6.8063 4.93732
      vertex -15 7.33471 4.75242
      vertex -15 6.8063 4.93732
    endloop
  endfacet
  facet normal 0 -0.111965 0.993712
    outer loop
      vertex -15 6.25 5
      vertex -9.6 5.6937 4.93732
      vertex -9.6 6.25 5
    endloop
  endfacet
  facet normal 0 -0.111965 0.993712
    outer loop
      vertex -9.6 5.6937 4.93732
      vertex -15 6.25 5
      vertex -15 5.6937 4.93732
    endloop
  endfacet
  facet normal 0 -0.846724 0.532032
    outer loop
      vertex 5.3 -8.50242 3.58471
      vertex 9.2 -8.20458 4.05872
      vertex 5.3 -8.20458 4.05872
    endloop
  endfacet
  facet normal 0 -0.846724 0.532032
    outer loop
      vertex 9.2 -8.20458 4.05872
      vertex 5.3 -8.50242 3.58471
      vertex 9.2 -8.50242 3.58471
    endloop
  endfacet
  facet normal 0 -0.111965 -0.993712
    outer loop
      vertex 5.3 -6.8063 0.0626802
      vertex 9.2 -6.25 0
      vertex 9.2 -6.8063 0.0626802
    endloop
  endfacet
  facet normal -0 -0.111965 -0.993712
    outer loop
      vertex 9.2 -6.25 0
      vertex 5.3 -6.8063 0.0626802
      vertex 5.3 -6.25 0
    endloop
  endfacet
  facet normal 0 -0.532036 -0.846722
    outer loop
      vertex 5.3 -7.80872 0.545422
      vertex 9.2 -7.33471 0.247579
      vertex 9.2 -7.80872 0.545422
    endloop
  endfacet
  facet normal -0 -0.532036 -0.846722
    outer loop
      vertex 9.2 -7.33471 0.247579
      vertex 5.3 -7.80872 0.545422
      vertex 5.3 -7.33471 0.247579
    endloop
  endfacet
  facet normal 0 -0.330281 0.943883
    outer loop
      vertex 5.3 -6.8063 4.93732
      vertex 9.2 -7.33471 4.75242
      vertex 9.2 -6.8063 4.93732
    endloop
  endfacet
  facet normal 0 -0.330281 0.943883
    outer loop
      vertex 9.2 -7.33471 4.75242
      vertex 5.3 -6.8063 4.93732
      vertex 5.3 -7.33471 4.75242
    endloop
  endfacet
  facet normal 0 0.707116 0.707098
    outer loop
      vertex 9.2 -4.29542 4.05872
      vertex 5.3 -4.69127 4.45458
      vertex 9.2 -4.69127 4.45458
    endloop
  endfacet
  facet normal 0 0.707116 0.707098
    outer loop
      vertex 5.3 -4.69127 4.45458
      vertex 9.2 -4.29542 4.05872
      vertex 5.3 -4.29542 4.05872
    endloop
  endfacet
  facet normal -0 0.330281 0.943883
    outer loop
      vertex 5.3 -5.16529 4.75242
      vertex 9.2 -5.6937 4.93732
      vertex 9.2 -5.16529 4.75242
    endloop
  endfacet
  facet normal 0 0.330281 0.943883
    outer loop
      vertex 9.2 -5.6937 4.93732
      vertex 5.3 -5.16529 4.75242
      vertex 5.3 -5.6937 4.93732
    endloop
  endfacet
  facet normal -0 0.532024 0.846729
    outer loop
      vertex 5.3 -4.69127 4.45458
      vertex 9.2 -5.16529 4.75242
      vertex 9.2 -4.69127 4.45458
    endloop
  endfacet
  facet normal 0 0.532024 0.846729
    outer loop
      vertex 9.2 -5.16529 4.75242
      vertex 5.3 -4.69127 4.45458
      vertex 5.3 -5.16529 4.75242
    endloop
  endfacet
  facet normal 0 -0.993712 -0.111965
    outer loop
      vertex 5.3 -8.68732 1.9437
      vertex 9.2 -8.75 2.5
      vertex 5.3 -8.75 2.5
    endloop
  endfacet
  facet normal 0 -0.993712 -0.111965
    outer loop
      vertex 9.2 -8.75 2.5
      vertex 5.3 -8.68732 1.9437
      vertex 9.2 -8.68732 1.9437
    endloop
  endfacet
  facet normal -0 0.111965 0.993712
    outer loop
      vertex 5.3 -5.6937 4.93732
      vertex 9.2 -6.25 5
      vertex 9.2 -5.6937 4.93732
    endloop
  endfacet
  facet normal 0 0.111965 0.993712
    outer loop
      vertex 9.2 -6.25 5
      vertex 5.3 -5.6937 4.93732
      vertex 5.3 -6.25 5
    endloop
  endfacet
  facet normal 0 -0.707101 -0.707112
    outer loop
      vertex 5.3 -7.80872 0.545422
      vertex 9.2 -8.20458 0.941276
      vertex 5.3 -8.20458 0.941276
    endloop
  endfacet
  facet normal 0 -0.707101 -0.707112
    outer loop
      vertex 9.2 -8.20458 0.941276
      vertex 5.3 -7.80872 0.545422
      vertex 9.2 -7.80872 0.545422
    endloop
  endfacet
  facet normal -1 0 0
    outer loop
      vertex 5.3 -5.34922 2.12688
      vertex 5.3 -3.35 3.7
      vertex 5.3 -3.35 0
    endloop
  endfacet
  facet normal -1 0 -0
    outer loop
      vertex 5.3 -5.275 2.5
      vertex 5.3 -3.35 3.7
      vertex 5.3 -5.34922 2.12688
    endloop
  endfacet
  facet normal -1 0 0
    outer loop
      vertex 5.3 -5.34922 2.87312
      vertex 5.3 -4.07002 3.7
      vertex 5.3 -5.275 2.5
    endloop
  endfacet
  facet normal -1 0 0
    outer loop
      vertex 5.3 -5.56057 3.18943
      vertex 5.3 -4.07002 3.7
      vertex 5.3 -5.34922 2.87312
    endloop
  endfacet
  facet normal -1 -0 0
    outer loop
      vertex 5.3 -4.07002 3.7
      vertex 5.3 -5.56057 3.18943
      vertex 5.3 -4.29542 4.05872
    endloop
  endfacet
  facet normal -1 -0 0
    outer loop
      vertex 5.3 -3.35 3.7
      vertex 5.3 -5.275 2.5
      vertex 5.3 -4.07002 3.7
    endloop
  endfacet
  facet normal -1 0 0
    outer loop
      vertex 5.3 -3.35 0
      vertex 5.3 -5.56057 1.81057
      vertex 5.3 -5.34922 2.12688
    endloop
  endfacet
  facet normal -1 0 0
    outer loop
      vertex 5.3 -6.25 0
      vertex 5.3 -5.56057 1.81057
      vertex 5.3 -3.35 0
    endloop
  endfacet
  facet normal -1 0 0
    outer loop
      vertex 5.3 -5.56057 1.81057
      vertex 5.3 -6.25 0
      vertex 5.3 -5.87688 1.59922
    endloop
  endfacet
  facet normal -1 0 0
    outer loop
      vertex 5.3 -6.25 0
      vertex 5.3 -6.25 1.525
      vertex 5.3 -5.87688 1.59922
    endloop
  endfacet
  facet normal -1 0 0
    outer loop
      vertex 5.3 -6.8063 0.0626802
      vertex 5.3 -6.25 1.525
      vertex 5.3 -6.25 0
    endloop
  endfacet
  facet normal -1 -0 0
    outer loop
      vertex 5.3 -6.25 1.525
      vertex 5.3 -6.8063 0.0626802
      vertex 5.3 -6.62312 1.59922
    endloop
  endfacet
  facet normal -1 0 0
    outer loop
      vertex 5.3 -7.33471 0.247579
      vertex 5.3 -6.62312 1.59922
      vertex 5.3 -6.8063 0.0626802
    endloop
  endfacet
  facet normal -1 0 0
    outer loop
      vertex 5.3 -7.80872 0.545422
      vertex 5.3 -6.62312 1.59922
      vertex 5.3 -7.33471 0.247579
    endloop
  endfacet
  facet normal -1 -0 0
    outer loop
      vertex 5.3 -6.62312 1.59922
      vertex 5.3 -7.80872 0.545422
      vertex 5.3 -6.93943 1.81057
    endloop
  endfacet
  facet normal -1 0 0
    outer loop
      vertex 5.3 -8.20458 0.941276
      vertex 5.3 -6.93943 1.81057
      vertex 5.3 -7.80872 0.545422
    endloop
  endfacet
  facet normal -1 -0 0
    outer loop
      vertex 5.3 -4.29542 4.05872
      vertex 5.3 -5.56057 3.18943
      vertex 5.3 -4.69127 4.45458
    endloop
  endfacet
  facet normal -1 0 0
    outer loop
      vertex 5.3 -5.87688 3.40078
      vertex 5.3 -4.69127 4.45458
      vertex 5.3 -5.56057 3.18943
    endloop
  endfacet
  facet normal -1 -0 0
    outer loop
      vertex 5.3 -4.69127 4.45458
      vertex 5.3 -5.87688 3.40078
      vertex 5.3 -5.16529 4.75242
    endloop
  endfacet
  facet normal -1 -0 0
    outer loop
      vertex 5.3 -5.16529 4.75242
      vertex 5.3 -5.87688 3.40078
      vertex 5.3 -5.6937 4.93732
    endloop
  endfacet
  facet normal -1 0 0
    outer loop
      vertex 5.3 -6.25 3.475
      vertex 5.3 -5.6937 4.93732
      vertex 5.3 -5.87688 3.40078
    endloop
  endfacet
  facet normal -1 0 0
    outer loop
      vertex 5.3 -6.25 3.475
      vertex 5.3 -6.25 5
      vertex 5.3 -5.6937 4.93732
    endloop
  endfacet
  facet normal -1 0 0
    outer loop
      vertex 5.3 -6.8063 4.93732
      vertex 5.3 -6.25 3.475
      vertex 5.3 -6.62312 3.40078
    endloop
  endfacet
  facet normal -1 0 0
    outer loop
      vertex 5.3 -6.25 3.475
      vertex 5.3 -6.8063 4.93732
      vertex 5.3 -6.25 5
    endloop
  endfacet
  facet normal -1 0 0
    outer loop
      vertex 5.3 -7.80872 4.45458
      vertex 5.3 -6.62312 3.40078
      vertex 5.3 -6.93943 3.18943
    endloop
  endfacet
  facet normal -1 0 0
    outer loop
      vertex 5.3 -8.20458 4.05872
      vertex 5.3 -6.93943 3.18943
      vertex 5.3 -7.15078 2.87312
    endloop
  endfacet
  facet normal -1 0 0
    outer loop
      vertex 5.3 -8.68732 3.0563
      vertex 5.3 -7.15078 2.87312
      vertex 5.3 -7.225 2.5
    endloop
  endfacet
  facet normal -1 0 0
    outer loop
      vertex 5.3 -6.62312 3.40078
      vertex 5.3 -7.33471 4.75242
      vertex 5.3 -6.8063 4.93732
    endloop
  endfacet
  facet normal -1 -0 0
    outer loop
      vertex 5.3 -6.93943 1.81057
      vertex 5.3 -8.20458 0.941276
      vertex 5.3 -7.15078 2.12688
    endloop
  endfacet
  facet normal -1 0 0
    outer loop
      vertex 5.3 -8.50242 1.41529
      vertex 5.3 -7.15078 2.12688
      vertex 5.3 -8.20458 0.941276
    endloop
  endfacet
  facet normal -1 0 0
    outer loop
      vertex 5.3 -6.62312 3.40078
      vertex 5.3 -7.80872 4.45458
      vertex 5.3 -7.33471 4.75242
    endloop
  endfacet
  facet normal -1 0 0
    outer loop
      vertex 5.3 -8.68732 1.9437
      vertex 5.3 -7.15078 2.12688
      vertex 5.3 -8.50242 1.41529
    endloop
  endfacet
  facet normal -1 0 0
    outer loop
      vertex 5.3 -6.93943 3.18943
      vertex 5.3 -8.20458 4.05872
      vertex 5.3 -7.80872 4.45458
    endloop
  endfacet
  facet normal -1 -0 0
    outer loop
      vertex 5.3 -7.15078 2.12688
      vertex 5.3 -8.68732 1.9437
      vertex 5.3 -7.225 2.5
    endloop
  endfacet
  facet normal -1 0 0
    outer loop
      vertex 5.3 -7.15078 2.87312
      vertex 5.3 -8.50242 3.58471
      vertex 5.3 -8.20458 4.05872
    endloop
  endfacet
  facet normal -1 0 0
    outer loop
      vertex 5.3 -8.75 2.5
      vertex 5.3 -7.225 2.5
      vertex 5.3 -8.68732 1.9437
    endloop
  endfacet
  facet normal -1 0 0
    outer loop
      vertex 5.3 -7.15078 2.87312
      vertex 5.3 -8.68732 3.0563
      vertex 5.3 -8.50242 3.58471
    endloop
  endfacet
  facet normal -1 0 0
    outer loop
      vertex 5.3 -7.225 2.5
      vertex 5.3 -8.75 2.5
      vertex 5.3 -8.68732 3.0563
    endloop
  endfacet
  facet normal 0 -0.943883 -0.330281
    outer loop
      vertex 5.3 -8.50242 1.41529
      vertex 9.2 -8.68732 1.9437
      vertex 5.3 -8.68732 1.9437
    endloop
  endfacet
  facet normal 0 -0.943883 -0.330281
    outer loop
      vertex 9.2 -8.68732 1.9437
      vertex 5.3 -8.50242 1.41529
      vertex 9.2 -8.50242 1.41529
    endloop
  endfacet
  facet normal 0 -0.330279 -0.943883
    outer loop
      vertex 5.3 -7.33471 0.247579
      vertex 9.2 -6.8063 0.0626802
      vertex 9.2 -7.33471 0.247579
    endloop
  endfacet
  facet normal -0 -0.330279 -0.943883
    outer loop
      vertex 9.2 -6.8063 0.0626802
      vertex 5.3 -7.33471 0.247579
      vertex 5.3 -6.8063 0.0626802
    endloop
  endfacet
  facet normal 0 -0.993712 0.111965
    outer loop
      vertex 5.3 -8.75 2.5
      vertex 9.2 -8.68732 3.0563
      vertex 5.3 -8.68732 3.0563
    endloop
  endfacet
  facet normal 0 -0.993712 0.111965
    outer loop
      vertex 9.2 -8.68732 3.0563
      vertex 5.3 -8.75 2.5
      vertex 9.2 -8.75 2.5
    endloop
  endfacet
  facet normal 0 -0.707107 0.707107
    outer loop
      vertex 5.3 -8.20458 4.05872
      vertex 9.2 -7.80872 4.45458
      vertex 5.3 -7.80872 4.45458
    endloop
  endfacet
  facet normal 0 -0.707107 0.707107
    outer loop
      vertex 9.2 -7.80872 4.45458
      vertex 5.3 -8.20458 4.05872
      vertex 9.2 -8.20458 4.05872
    endloop
  endfacet
  facet normal 0 -0.532032 0.846724
    outer loop
      vertex 5.3 -7.33471 4.75242
      vertex 9.2 -7.80872 4.45458
      vertex 9.2 -7.33471 4.75242
    endloop
  endfacet
  facet normal 0 -0.532032 0.846724
    outer loop
      vertex 9.2 -7.80872 4.45458
      vertex 5.3 -7.33471 4.75242
      vertex 5.3 -7.80872 4.45458
    endloop
  endfacet
  facet normal 0 -0.943883 0.330281
    outer loop
      vertex 5.3 -8.68732 3.0563
      vertex 9.2 -8.50242 3.58471
      vertex 5.3 -8.50242 3.58471
    endloop
  endfacet
  facet normal 0 -0.943883 0.330281
    outer loop
      vertex 9.2 -8.50242 3.58471
      vertex 5.3 -8.68732 3.0563
      vertex 9.2 -8.68732 3.0563
    endloop
  endfacet
  facet normal 0 -0.846726 -0.532029
    outer loop
      vertex 5.3 -8.20458 0.941276
      vertex 9.2 -8.50242 1.41529
      vertex 5.3 -8.50242 1.41529
    endloop
  endfacet
  facet normal 0 -0.846726 -0.532029
    outer loop
      vertex 9.2 -8.50242 1.41529
      vertex 5.3 -8.20458 0.941276
      vertex 9.2 -8.20458 0.941276
    endloop
  endfacet
  facet normal 0 0.846723 0.532034
    outer loop
      vertex 9.2 -4.07002 3.7
      vertex 5.3 -4.29542 4.05872
      vertex 9.2 -4.29542 4.05872
    endloop
  endfacet
  facet normal 0 0.846723 0.532034
    outer loop
      vertex 5.3 -4.29542 4.05872
      vertex 9.2 -4.07002 3.7
      vertex 5.3 -4.07002 3.7
    endloop
  endfacet
  facet normal 0 -0.111965 0.993712
    outer loop
      vertex 5.3 -6.25 5
      vertex 9.2 -6.8063 4.93732
      vertex 9.2 -6.25 5
    endloop
  endfacet
  facet normal 0 -0.111965 0.993712
    outer loop
      vertex 9.2 -6.8063 4.93732
      vertex 5.3 -6.25 5
      vertex 5.3 -6.8063 4.93732
    endloop
  endfacet
  facet normal 1 0 0
    outer loop
      vertex 9.2 -4.07002 3.7
      vertex 9.2 -5.34922 2.87312
      vertex 9.2 -5.275 2.5
    endloop
  endfacet
  facet normal 1 0 0
    outer loop
      vertex 9.2 -4.69127 4.45458
      vertex 9.2 -5.56057 3.18943
      vertex 9.2 -5.34922 2.87312
    endloop
  endfacet
  facet normal 1 0 0
    outer loop
      vertex 9.2 -5.87688 3.40078
      vertex 9.2 -5.16529 4.75242
      vertex 9.2 -5.6937 4.93732
    endloop
  endfacet
  facet normal 1 0 0
    outer loop
      vertex 9.2 -4.69127 4.45458
      vertex 9.2 -5.87688 3.40078
      vertex 9.2 -5.56057 3.18943
    endloop
  endfacet
  facet normal 1 0 0
    outer loop
      vertex 9.2 -6.25 3.475
      vertex 9.2 -5.6937 4.93732
      vertex 9.2 -6.25 5
    endloop
  endfacet
  facet normal 1 0 0
    outer loop
      vertex 9.2 -5.6937 4.93732
      vertex 9.2 -6.25 3.475
      vertex 9.2 -5.87688 3.40078
    endloop
  endfacet
  facet normal 1 -0 0
    outer loop
      vertex 9.2 -6.8063 4.93732
      vertex 9.2 -6.25 3.475
      vertex 9.2 -6.25 5
    endloop
  endfacet
  facet normal 1 0 0
    outer loop
      vertex 9.2 -6.25 3.475
      vertex 9.2 -6.8063 4.93732
      vertex 9.2 -6.62312 3.40078
    endloop
  endfacet
  facet normal 1 -0 0
    outer loop
      vertex 9.2 -7.33471 4.75242
      vertex 9.2 -6.62312 3.40078
      vertex 9.2 -6.8063 4.93732
    endloop
  endfacet
  facet normal 1 -0 0
    outer loop
      vertex 9.2 -7.80872 4.45458
      vertex 9.2 -6.62312 3.40078
      vertex 9.2 -7.33471 4.75242
    endloop
  endfacet
  facet normal 1 0 0
    outer loop
      vertex 9.2 -6.62312 3.40078
      vertex 9.2 -7.80872 4.45458
      vertex 9.2 -6.93943 3.18943
    endloop
  endfacet
  facet normal 1 -0 0
    outer loop
      vertex 9.2 -8.20458 4.05872
      vertex 9.2 -6.93943 3.18943
      vertex 9.2 -7.80872 4.45458
    endloop
  endfacet
  facet normal 1 0 0
    outer loop
      vertex 9.2 -5.275 2.5
      vertex 9.2 -3.35 3.7
      vertex 9.2 -4.07002 3.7
    endloop
  endfacet
  facet normal 1 0 0
    outer loop
      vertex 9.2 -5.34922 2.87312
      vertex 9.2 -4.07002 3.7
      vertex 9.2 -4.29542 4.05872
    endloop
  endfacet
  facet normal 1 0 0
    outer loop
      vertex 9.2 -5.34922 2.87312
      vertex 9.2 -4.29542 4.05872
      vertex 9.2 -4.69127 4.45458
    endloop
  endfacet
  facet normal 1 0 0
    outer loop
      vertex 9.2 -5.87688 3.40078
      vertex 9.2 -4.69127 4.45458
      vertex 9.2 -5.16529 4.75242
    endloop
  endfacet
  facet normal 1 0 0
    outer loop
      vertex 9.2 -3.35 3.7
      vertex 9.2 -5.275 2.5
      vertex 9.2 -5.34922 2.12688
    endloop
  endfacet
  facet normal 1 0 0
    outer loop
      vertex 9.2 -3.35 3.7
      vertex 9.2 -5.34922 2.12688
      vertex 9.2 -3.35 0
    endloop
  endfacet
  facet normal 1 -0 0
    outer loop
      vertex 9.2 -5.56057 1.81057
      vertex 9.2 -3.35 0
      vertex 9.2 -5.34922 2.12688
    endloop
  endfacet
  facet normal 1 0 0
    outer loop
      vertex 9.2 -6.25 0
      vertex 9.2 -5.56057 1.81057
      vertex 9.2 -5.87688 1.59922
    endloop
  endfacet
  facet normal 1 0 0
    outer loop
      vertex 9.2 -6.25 0
      vertex 9.2 -5.87688 1.59922
      vertex 9.2 -6.25 1.525
    endloop
  endfacet
  facet normal 1 0 0
    outer loop
      vertex 9.2 -5.56057 1.81057
      vertex 9.2 -6.25 0
      vertex 9.2 -3.35 0
    endloop
  endfacet
  facet normal 1 0 0
    outer loop
      vertex 9.2 -6.8063 0.0626802
      vertex 9.2 -6.25 1.525
      vertex 9.2 -6.62312 1.59922
    endloop
  endfacet
  facet normal 1 0 0
    outer loop
      vertex 9.2 -6.25 1.525
      vertex 9.2 -6.8063 0.0626802
      vertex 9.2 -6.25 0
    endloop
  endfacet
  facet normal 1 0 0
    outer loop
      vertex 9.2 -7.80872 0.545422
      vertex 9.2 -6.62312 1.59922
      vertex 9.2 -6.93943 1.81057
    endloop
  endfacet
  facet normal 1 0 0
    outer loop
      vertex 9.2 -8.20458 0.941276
      vertex 9.2 -6.93943 1.81057
      vertex 9.2 -7.15078 2.12688
    endloop
  endfacet
  facet normal 1 0 0
    outer loop
      vertex 9.2 -8.68732 1.9437
      vertex 9.2 -7.15078 2.12688
      vertex 9.2 -7.225 2.5
    endloop
  endfacet
  facet normal 1 0 0
    outer loop
      vertex 9.2 -6.62312 1.59922
      vertex 9.2 -7.33471 0.247579
      vertex 9.2 -6.8063 0.0626802
    endloop
  endfacet
  facet normal 1 0 0
    outer loop
      vertex 9.2 -6.93943 3.18943
      vertex 9.2 -8.20458 4.05872
      vertex 9.2 -7.15078 2.87312
    endloop
  endfacet
  facet normal 1 -0 0
    outer loop
      vertex 9.2 -8.50242 3.58471
      vertex 9.2 -7.15078 2.87312
      vertex 9.2 -8.20458 4.05872
    endloop
  endfacet
  facet normal 1 0 0
    outer loop
      vertex 9.2 -6.62312 1.59922
      vertex 9.2 -7.80872 0.545422
      vertex 9.2 -7.33471 0.247579
    endloop
  endfacet
  facet normal 1 -0 0
    outer loop
      vertex 9.2 -8.68732 3.0563
      vertex 9.2 -7.15078 2.87312
      vertex 9.2 -8.50242 3.58471
    endloop
  endfacet
  facet normal 1 0 0
    outer loop
      vertex 9.2 -6.93943 1.81057
      vertex 9.2 -8.20458 0.941276
      vertex 9.2 -7.80872 0.545422
    endloop
  endfacet
  facet normal 1 0 0
    outer loop
      vertex 9.2 -7.15078 2.87312
      vertex 9.2 -8.68732 3.0563
      vertex 9.2 -7.225 2.5
    endloop
  endfacet
  facet normal 1 0 0
    outer loop
      vertex 9.2 -7.15078 2.12688
      vertex 9.2 -8.50242 1.41529
      vertex 9.2 -8.20458 0.941276
    endloop
  endfacet
  facet normal 1 0 0
    outer loop
      vertex 9.2 -8.75 2.5
      vertex 9.2 -7.225 2.5
      vertex 9.2 -8.68732 3.0563
    endloop
  endfacet
  facet normal 1 0 0
    outer loop
      vertex 9.2 -7.15078 2.12688
      vertex 9.2 -8.68732 1.9437
      vertex 9.2 -8.50242 1.41529
    endloop
  endfacet
  facet normal 1 0 0
    outer loop
      vertex 9.2 -7.225 2.5
      vertex 9.2 -8.75 2.5
      vertex 9.2 -8.68732 1.9437
    endloop
  endfacet
  facet normal 0 -0.846724 0.532032
    outer loop
      vertex -9.2 -8.50242 3.58471
      vertex -5.3 -8.20458 4.05872
      vertex -9.2 -8.20458 4.05872
    endloop
  endfacet
  facet normal 0 -0.846724 0.532032
    outer loop
      vertex -5.3 -8.20458 4.05872
      vertex -9.2 -8.50242 3.58471
      vertex -5.3 -8.50242 3.58471
    endloop
  endfacet
  facet normal 0 -0.111965 -0.993712
    outer loop
      vertex -9.2 -6.8063 0.0626802
      vertex -5.3 -6.25 0
      vertex -5.3 -6.8063 0.0626802
    endloop
  endfacet
  facet normal -0 -0.111965 -0.993712
    outer loop
      vertex -5.3 -6.25 0
      vertex -9.2 -6.8063 0.0626802
      vertex -9.2 -6.25 0
    endloop
  endfacet
  facet normal 0 -0.532036 -0.846722
    outer loop
      vertex -9.2 -7.80872 0.545422
      vertex -5.3 -7.33471 0.247579
      vertex -5.3 -7.80872 0.545422
    endloop
  endfacet
  facet normal -0 -0.532036 -0.846722
    outer loop
      vertex -5.3 -7.33471 0.247579
      vertex -9.2 -7.80872 0.545422
      vertex -9.2 -7.33471 0.247579
    endloop
  endfacet
  facet normal 0 -0.330281 0.943883
    outer loop
      vertex -9.2 -6.8063 4.93732
      vertex -5.3 -7.33471 4.75242
      vertex -5.3 -6.8063 4.93732
    endloop
  endfacet
  facet normal 0 -0.330281 0.943883
    outer loop
      vertex -5.3 -7.33471 4.75242
      vertex -9.2 -6.8063 4.93732
      vertex -9.2 -7.33471 4.75242
    endloop
  endfacet
  facet normal 0 0.707116 0.707098
    outer loop
      vertex -5.3 -4.29542 4.05872
      vertex -9.2 -4.69127 4.45458
      vertex -5.3 -4.69127 4.45458
    endloop
  endfacet
  facet normal 0 0.707116 0.707098
    outer loop
      vertex -9.2 -4.69127 4.45458
      vertex -5.3 -4.29542 4.05872
      vertex -9.2 -4.29542 4.05872
    endloop
  endfacet
  facet normal -0 0.330281 0.943883
    outer loop
      vertex -9.2 -5.16529 4.75242
      vertex -5.3 -5.6937 4.93732
      vertex -5.3 -5.16529 4.75242
    endloop
  endfacet
  facet normal 0 0.330281 0.943883
    outer loop
      vertex -5.3 -5.6937 4.93732
      vertex -9.2 -5.16529 4.75242
      vertex -9.2 -5.6937 4.93732
    endloop
  endfacet
  facet normal -0 0.532024 0.846729
    outer loop
      vertex -9.2 -4.69127 4.45458
      vertex -5.3 -5.16529 4.75242
      vertex -5.3 -4.69127 4.45458
    endloop
  endfacet
  facet normal 0 0.532024 0.846729
    outer loop
      vertex -5.3 -5.16529 4.75242
      vertex -9.2 -4.69127 4.45458
      vertex -9.2 -5.16529 4.75242
    endloop
  endfacet
  facet normal 0 -0.993712 -0.111965
    outer loop
      vertex -9.2 -8.68732 1.9437
      vertex -5.3 -8.75 2.5
      vertex -9.2 -8.75 2.5
    endloop
  endfacet
  facet normal 0 -0.993712 -0.111965
    outer loop
      vertex -5.3 -8.75 2.5
      vertex -9.2 -8.68732 1.9437
      vertex -5.3 -8.68732 1.9437
    endloop
  endfacet
  facet normal -0 0.111965 0.993712
    outer loop
      vertex -9.2 -5.6937 4.93732
      vertex -5.3 -6.25 5
      vertex -5.3 -5.6937 4.93732
    endloop
  endfacet
  facet normal 0 0.111965 0.993712
    outer loop
      vertex -5.3 -6.25 5
      vertex -9.2 -5.6937 4.93732
      vertex -9.2 -6.25 5
    endloop
  endfacet
  facet normal 0 -0.707101 -0.707112
    outer loop
      vertex -9.2 -7.80872 0.545422
      vertex -5.3 -8.20458 0.941276
      vertex -9.2 -8.20458 0.941276
    endloop
  endfacet
  facet normal 0 -0.707101 -0.707112
    outer loop
      vertex -5.3 -8.20458 0.941276
      vertex -9.2 -7.80872 0.545422
      vertex -5.3 -7.80872 0.545422
    endloop
  endfacet
  facet normal -1 0 0
    outer loop
      vertex -9.2 -5.34922 2.12688
      vertex -9.2 -3.35 3.7
      vertex -9.2 -3.35 0
    endloop
  endfacet
  facet normal -1 0 -0
    outer loop
      vertex -9.2 -5.275 2.5
      vertex -9.2 -3.35 3.7
      vertex -9.2 -5.34922 2.12688
    endloop
  endfacet
  facet normal -1 0 0
    outer loop
      vertex -9.2 -5.34922 2.87312
      vertex -9.2 -4.07002 3.7
      vertex -9.2 -5.275 2.5
    endloop
  endfacet
  facet normal -1 0 0
    outer loop
      vertex -9.2 -5.56057 3.18943
      vertex -9.2 -4.07002 3.7
      vertex -9.2 -5.34922 2.87312
    endloop
  endfacet
  facet normal -1 -0 0
    outer loop
      vertex -9.2 -4.07002 3.7
      vertex -9.2 -5.56057 3.18943
      vertex -9.2 -4.29542 4.05872
    endloop
  endfacet
  facet normal -1 -0 0
    outer loop
      vertex -9.2 -3.35 3.7
      vertex -9.2 -5.275 2.5
      vertex -9.2 -4.07002 3.7
    endloop
  endfacet
  facet normal -1 0 0
    outer loop
      vertex -9.2 -3.35 0
      vertex -9.2 -5.56057 1.81057
      vertex -9.2 -5.34922 2.12688
    endloop
  endfacet
  facet normal -1 0 0
    outer loop
      vertex -9.2 -6.25 0
      vertex -9.2 -5.56057 1.81057
      vertex -9.2 -3.35 0
    endloop
  endfacet
  facet normal -1 0 0
    outer loop
      vertex -9.2 -5.56057 1.81057
      vertex -9.2 -6.25 0
      vertex -9.2 -5.87688 1.59922
    endloop
  endfacet
  facet normal -1 0 0
    outer loop
      vertex -9.2 -6.25 0
      vertex -9.2 -6.25 1.525
      vertex -9.2 -5.87688 1.59922
    endloop
  endfacet
  facet normal -1 0 0
    outer loop
      vertex -9.2 -6.8063 0.0626802
      vertex -9.2 -6.25 1.525
      vertex -9.2 -6.25 0
    endloop
  endfacet
  facet normal -1 -0 0
    outer loop
      vertex -9.2 -6.25 1.525
      vertex -9.2 -6.8063 0.0626802
      vertex -9.2 -6.62312 1.59922
    endloop
  endfacet
  facet normal -1 0 0
    outer loop
      vertex -9.2 -7.33471 0.247579
      vertex -9.2 -6.62312 1.59922
      vertex -9.2 -6.8063 0.0626802
    endloop
  endfacet
  facet normal -1 0 0
    outer loop
      vertex -9.2 -7.80872 0.545422
      vertex -9.2 -6.62312 1.59922
      vertex -9.2 -7.33471 0.247579
    endloop
  endfacet
  facet normal -1 -0 0
    outer loop
      vertex -9.2 -6.62312 1.59922
      vertex -9.2 -7.80872 0.545422
      vertex -9.2 -6.93943 1.81057
    endloop
  endfacet
  facet normal -1 0 0
    outer loop
      vertex -9.2 -8.20458 0.941276
      vertex -9.2 -6.93943 1.81057
      vertex -9.2 -7.80872 0.545422
    endloop
  endfacet
  facet normal -1 -0 0
    outer loop
      vertex -9.2 -4.29542 4.05872
      vertex -9.2 -5.56057 3.18943
      vertex -9.2 -4.69127 4.45458
    endloop
  endfacet
  facet normal -1 0 0
    outer loop
      vertex -9.2 -5.87688 3.40078
      vertex -9.2 -4.69127 4.45458
      vertex -9.2 -5.56057 3.18943
    endloop
  endfacet
  facet normal -1 -0 0
    outer loop
      vertex -9.2 -4.69127 4.45458
      vertex -9.2 -5.87688 3.40078
      vertex -9.2 -5.16529 4.75242
    endloop
  endfacet
  facet normal -1 -0 0
    outer loop
      vertex -9.2 -5.16529 4.75242
      vertex -9.2 -5.87688 3.40078
      vertex -9.2 -5.6937 4.93732
    endloop
  endfacet
  facet normal -1 0 0
    outer loop
      vertex -9.2 -6.25 3.475
      vertex -9.2 -5.6937 4.93732
      vertex -9.2 -5.87688 3.40078
    endloop
  endfacet
  facet normal -1 0 0
    outer loop
      vertex -9.2 -6.25 3.475
      vertex -9.2 -6.25 5
      vertex -9.2 -5.6937 4.93732
    endloop
  endfacet
  facet normal -1 0 0
    outer loop
      vertex -9.2 -6.8063 4.93732
      vertex -9.2 -6.25 3.475
      vertex -9.2 -6.62312 3.40078
    endloop
  endfacet
  facet normal -1 0 0
    outer loop
      vertex -9.2 -6.25 3.475
      vertex -9.2 -6.8063 4.93732
      vertex -9.2 -6.25 5
    endloop
  endfacet
  facet normal -1 0 0
    outer loop
      vertex -9.2 -7.80872 4.45458
      vertex -9.2 -6.62312 3.40078
      vertex -9.2 -6.93943 3.18943
    endloop
  endfacet
  facet normal -1 0 0
    outer loop
      vertex -9.2 -8.20458 4.05872
      vertex -9.2 -6.93943 3.18943
      vertex -9.2 -7.15078 2.87312
    endloop
  endfacet
  facet normal -1 0 0
    outer loop
      vertex -9.2 -8.68732 3.0563
      vertex -9.2 -7.15078 2.87312
      vertex -9.2 -7.225 2.5
    endloop
  endfacet
  facet normal -1 0 0
    outer loop
      vertex -9.2 -6.62312 3.40078
      vertex -9.2 -7.33471 4.75242
      vertex -9.2 -6.8063 4.93732
    endloop
  endfacet
  facet normal -1 -0 0
    outer loop
      vertex -9.2 -6.93943 1.81057
      vertex -9.2 -8.20458 0.941276
      vertex -9.2 -7.15078 2.12688
    endloop
  endfacet
  facet normal -1 0 0
    outer loop
      vertex -9.2 -8.50242 1.41529
      vertex -9.2 -7.15078 2.12688
      vertex -9.2 -8.20458 0.941276
    endloop
  endfacet
  facet normal -1 0 0
    outer loop
      vertex -9.2 -6.62312 3.40078
      vertex -9.2 -7.80872 4.45458
      vertex -9.2 -7.33471 4.75242
    endloop
  endfacet
  facet normal -1 0 0
    outer loop
      vertex -9.2 -8.68732 1.9437
      vertex -9.2 -7.15078 2.12688
      vertex -9.2 -8.50242 1.41529
    endloop
  endfacet
  facet normal -1 0 0
    outer loop
      vertex -9.2 -6.93943 3.18943
      vertex -9.2 -8.20458 4.05872
      vertex -9.2 -7.80872 4.45458
    endloop
  endfacet
  facet normal -1 -0 0
    outer loop
      vertex -9.2 -7.15078 2.12688
      vertex -9.2 -8.68732 1.9437
      vertex -9.2 -7.225 2.5
    endloop
  endfacet
  facet normal -1 0 0
    outer loop
      vertex -9.2 -7.15078 2.87312
      vertex -9.2 -8.50242 3.58471
      vertex -9.2 -8.20458 4.05872
    endloop
  endfacet
  facet normal -1 0 0
    outer loop
      vertex -9.2 -8.75 2.5
      vertex -9.2 -7.225 2.5
      vertex -9.2 -8.68732 1.9437
    endloop
  endfacet
  facet normal -1 0 0
    outer loop
      vertex -9.2 -7.15078 2.87312
      vertex -9.2 -8.68732 3.0563
      vertex -9.2 -8.50242 3.58471
    endloop
  endfacet
  facet normal -1 0 0
    outer loop
      vertex -9.2 -7.225 2.5
      vertex -9.2 -8.75 2.5
      vertex -9.2 -8.68732 3.0563
    endloop
  endfacet
  facet normal 0 -0.330279 -0.943883
    outer loop
      vertex -9.2 -7.33471 0.247579
      vertex -5.3 -6.8063 0.0626802
      vertex -5.3 -7.33471 0.247579
    endloop
  endfacet
  facet normal -0 -0.330279 -0.943883
    outer loop
      vertex -5.3 -6.8063 0.0626802
      vertex -9.2 -7.33471 0.247579
      vertex -9.2 -6.8063 0.0626802
    endloop
  endfacet
  facet normal 0 -0.993712 0.111965
    outer loop
      vertex -9.2 -8.75 2.5
      vertex -5.3 -8.68732 3.0563
      vertex -9.2 -8.68732 3.0563
    endloop
  endfacet
  facet normal 0 -0.993712 0.111965
    outer loop
      vertex -5.3 -8.68732 3.0563
      vertex -9.2 -8.75 2.5
      vertex -5.3 -8.75 2.5
    endloop
  endfacet
  facet normal 0 -0.707107 0.707107
    outer loop
      vertex -9.2 -8.20458 4.05872
      vertex -5.3 -7.80872 4.45458
      vertex -9.2 -7.80872 4.45458
    endloop
  endfacet
  facet normal 0 -0.707107 0.707107
    outer loop
      vertex -5.3 -7.80872 4.45458
      vertex -9.2 -8.20458 4.05872
      vertex -5.3 -8.20458 4.05872
    endloop
  endfacet
  facet normal 0 -0.532032 0.846724
    outer loop
      vertex -9.2 -7.33471 4.75242
      vertex -5.3 -7.80872 4.45458
      vertex -5.3 -7.33471 4.75242
    endloop
  endfacet
  facet normal 0 -0.532032 0.846724
    outer loop
      vertex -5.3 -7.80872 4.45458
      vertex -9.2 -7.33471 4.75242
      vertex -9.2 -7.80872 4.45458
    endloop
  endfacet
  facet normal 0 -0.943883 0.330281
    outer loop
      vertex -9.2 -8.68732 3.0563
      vertex -5.3 -8.50242 3.58471
      vertex -9.2 -8.50242 3.58471
    endloop
  endfacet
  facet normal 0 -0.943883 0.330281
    outer loop
      vertex -5.3 -8.50242 3.58471
      vertex -9.2 -8.68732 3.0563
      vertex -5.3 -8.68732 3.0563
    endloop
  endfacet
  facet normal 0 -0.846726 -0.532029
    outer loop
      vertex -9.2 -8.20458 0.941276
      vertex -5.3 -8.50242 1.41529
      vertex -9.2 -8.50242 1.41529
    endloop
  endfacet
  facet normal 0 -0.846726 -0.532029
    outer loop
      vertex -5.3 -8.50242 1.41529
      vertex -9.2 -8.20458 0.941276
      vertex -5.3 -8.20458 0.941276
    endloop
  endfacet
  facet normal 0 -0.943883 -0.330281
    outer loop
      vertex -9.2 -8.50242 1.41529
      vertex -5.3 -8.68732 1.9437
      vertex -9.2 -8.68732 1.9437
    endloop
  endfacet
  facet normal 0 -0.943883 -0.330281
    outer loop
      vertex -5.3 -8.68732 1.9437
      vertex -9.2 -8.50242 1.41529
      vertex -5.3 -8.50242 1.41529
    endloop
  endfacet
  facet normal 0 0.846723 0.532034
    outer loop
      vertex -5.3 -4.07002 3.7
      vertex -9.2 -4.29542 4.05872
      vertex -5.3 -4.29542 4.05872
    endloop
  endfacet
  facet normal 0 0.846723 0.532034
    outer loop
      vertex -9.2 -4.29542 4.05872
      vertex -5.3 -4.07002 3.7
      vertex -9.2 -4.07002 3.7
    endloop
  endfacet
  facet normal 0 -0.111965 0.993712
    outer loop
      vertex -9.2 -6.25 5
      vertex -5.3 -6.8063 4.93732
      vertex -5.3 -6.25 5
    endloop
  endfacet
  facet normal 0 -0.111965 0.993712
    outer loop
      vertex -5.3 -6.8063 4.93732
      vertex -9.2 -6.25 5
      vertex -9.2 -6.8063 4.93732
    endloop
  endfacet
  facet normal 1 0 0
    outer loop
      vertex -5.3 -4.07002 3.7
      vertex -5.3 -5.34922 2.87312
      vertex -5.3 -5.275 2.5
    endloop
  endfacet
  facet normal 1 0 0
    outer loop
      vertex -5.3 -4.69127 4.45458
      vertex -5.3 -5.56057 3.18943
      vertex -5.3 -5.34922 2.87312
    endloop
  endfacet
  facet normal 1 0 0
    outer loop
      vertex -5.3 -5.87688 3.40078
      vertex -5.3 -5.16529 4.75242
      vertex -5.3 -5.6937 4.93732
    endloop
  endfacet
  facet normal 1 0 0
    outer loop
      vertex -5.3 -4.69127 4.45458
      vertex -5.3 -5.87688 3.40078
      vertex -5.3 -5.56057 3.18943
    endloop
  endfacet
  facet normal 1 0 0
    outer loop
      vertex -5.3 -6.25 3.475
      vertex -5.3 -5.6937 4.93732
      vertex -5.3 -6.25 5
    endloop
  endfacet
  facet normal 1 0 0
    outer loop
      vertex -5.3 -5.6937 4.93732
      vertex -5.3 -6.25 3.475
      vertex -5.3 -5.87688 3.40078
    endloop
  endfacet
  facet normal 1 -0 0
    outer loop
      vertex -5.3 -6.8063 4.93732
      vertex -5.3 -6.25 3.475
      vertex -5.3 -6.25 5
    endloop
  endfacet
  facet normal 1 0 0
    outer loop
      vertex -5.3 -6.25 3.475
      vertex -5.3 -6.8063 4.93732
      vertex -5.3 -6.62312 3.40078
    endloop
  endfacet
  facet normal 1 -0 0
    outer loop
      vertex -5.3 -7.33471 4.75242
      vertex -5.3 -6.62312 3.40078
      vertex -5.3 -6.8063 4.93732
    endloop
  endfacet
  facet normal 1 -0 0
    outer loop
      vertex -5.3 -7.80872 4.45458
      vertex -5.3 -6.62312 3.40078
      vertex -5.3 -7.33471 4.75242
    endloop
  endfacet
  facet normal 1 0 0
    outer loop
      vertex -5.3 -6.62312 3.40078
      vertex -5.3 -7.80872 4.45458
      vertex -5.3 -6.93943 3.18943
    endloop
  endfacet
  facet normal 1 -0 0
    outer loop
      vertex -5.3 -8.20458 4.05872
      vertex -5.3 -6.93943 3.18943
      vertex -5.3 -7.80872 4.45458
    endloop
  endfacet
  facet normal 1 0 0
    outer loop
      vertex -5.3 -5.275 2.5
      vertex -5.3 -3.35 3.7
      vertex -5.3 -4.07002 3.7
    endloop
  endfacet
  facet normal 1 0 0
    outer loop
      vertex -5.3 -5.34922 2.87312
      vertex -5.3 -4.07002 3.7
      vertex -5.3 -4.29542 4.05872
    endloop
  endfacet
  facet normal 1 0 0
    outer loop
      vertex -5.3 -5.34922 2.87312
      vertex -5.3 -4.29542 4.05872
      vertex -5.3 -4.69127 4.45458
    endloop
  endfacet
  facet normal 1 0 0
    outer loop
      vertex -5.3 -5.87688 3.40078
      vertex -5.3 -4.69127 4.45458
      vertex -5.3 -5.16529 4.75242
    endloop
  endfacet
  facet normal 1 0 0
    outer loop
      vertex -5.3 -3.35 3.7
      vertex -5.3 -5.275 2.5
      vertex -5.3 -5.34922 2.12688
    endloop
  endfacet
  facet normal 1 0 0
    outer loop
      vertex -5.3 -3.35 3.7
      vertex -5.3 -5.34922 2.12688
      vertex -5.3 -3.35 0
    endloop
  endfacet
  facet normal 1 -0 0
    outer loop
      vertex -5.3 -5.56057 1.81057
      vertex -5.3 -3.35 0
      vertex -5.3 -5.34922 2.12688
    endloop
  endfacet
  facet normal 1 0 0
    outer loop
      vertex -5.3 -6.25 0
      vertex -5.3 -5.56057 1.81057
      vertex -5.3 -5.87688 1.59922
    endloop
  endfacet
  facet normal 1 0 0
    outer loop
      vertex -5.3 -6.25 0
      vertex -5.3 -5.87688 1.59922
      vertex -5.3 -6.25 1.525
    endloop
  endfacet
  facet normal 1 0 0
    outer loop
      vertex -5.3 -5.56057 1.81057
      vertex -5.3 -6.25 0
      vertex -5.3 -3.35 0
    endloop
  endfacet
  facet normal 1 0 0
    outer loop
      vertex -5.3 -6.8063 0.0626802
      vertex -5.3 -6.25 1.525
      vertex -5.3 -6.62312 1.59922
    endloop
  endfacet
  facet normal 1 0 0
    outer loop
      vertex -5.3 -6.25 1.525
      vertex -5.3 -6.8063 0.0626802
      vertex -5.3 -6.25 0
    endloop
  endfacet
  facet normal 1 0 0
    outer loop
      vertex -5.3 -7.80872 0.545422
      vertex -5.3 -6.62312 1.59922
      vertex -5.3 -6.93943 1.81057
    endloop
  endfacet
  facet normal 1 0 0
    outer loop
      vertex -5.3 -8.20458 0.941276
      vertex -5.3 -6.93943 1.81057
      vertex -5.3 -7.15078 2.12688
    endloop
  endfacet
  facet normal 1 0 0
    outer loop
      vertex -5.3 -8.68732 1.9437
      vertex -5.3 -7.15078 2.12688
      vertex -5.3 -7.225 2.5
    endloop
  endfacet
  facet normal 1 0 0
    outer loop
      vertex -5.3 -6.62312 1.59922
      vertex -5.3 -7.33471 0.247579
      vertex -5.3 -6.8063 0.0626802
    endloop
  endfacet
  facet normal 1 0 0
    outer loop
      vertex -5.3 -6.93943 3.18943
      vertex -5.3 -8.20458 4.05872
      vertex -5.3 -7.15078 2.87312
    endloop
  endfacet
  facet normal 1 -0 0
    outer loop
      vertex -5.3 -8.50242 3.58471
      vertex -5.3 -7.15078 2.87312
      vertex -5.3 -8.20458 4.05872
    endloop
  endfacet
  facet normal 1 0 0
    outer loop
      vertex -5.3 -6.62312 1.59922
      vertex -5.3 -7.80872 0.545422
      vertex -5.3 -7.33471 0.247579
    endloop
  endfacet
  facet normal 1 -0 0
    outer loop
      vertex -5.3 -8.68732 3.0563
      vertex -5.3 -7.15078 2.87312
      vertex -5.3 -8.50242 3.58471
    endloop
  endfacet
  facet normal 1 0 0
    outer loop
      vertex -5.3 -6.93943 1.81057
      vertex -5.3 -8.20458 0.941276
      vertex -5.3 -7.80872 0.545422
    endloop
  endfacet
  facet normal 1 0 0
    outer loop
      vertex -5.3 -7.15078 2.87312
      vertex -5.3 -8.68732 3.0563
      vertex -5.3 -7.225 2.5
    endloop
  endfacet
  facet normal 1 0 0
    outer loop
      vertex -5.3 -7.15078 2.12688
      vertex -5.3 -8.50242 1.41529
      vertex -5.3 -8.20458 0.941276
    endloop
  endfacet
  facet normal 1 0 0
    outer loop
      vertex -5.3 -8.75 2.5
      vertex -5.3 -7.225 2.5
      vertex -5.3 -8.68732 3.0563
    endloop
  endfacet
  facet normal 1 0 0
    outer loop
      vertex -5.3 -7.15078 2.12688
      vertex -5.3 -8.68732 1.9437
      vertex -5.3 -8.50242 1.41529
    endloop
  endfacet
  facet normal 1 0 0
    outer loop
      vertex -5.3 -7.225 2.5
      vertex -5.3 -8.75 2.5
      vertex -5.3 -8.68732 1.9437
    endloop
  endfacet
  facet normal -1 0 0
    outer loop
      vertex 5.5 -1.1 3.7
      vertex 5.5 1.1 5.2
      vertex 5.5 1.1 3.7
    endloop
  endfacet
  facet normal -1 -0 0
    outer loop
      vertex 5.5 1.1 5.2
      vertex 5.5 -1.1 3.7
      vertex 5.5 -1.1 5.2
    endloop
  endfacet
  facet normal -0 0 1
    outer loop
      vertex 5.5 1.1 5.2
      vertex 15 -1.1 5.2
      vertex 15 1.1 5.2
    endloop
  endfacet
  facet normal 0 0 1
    outer loop
      vertex 15 -1.1 5.2
      vertex 5.5 1.1 5.2
      vertex 5.5 -1.1 5.2
    endloop
  endfacet
  facet normal 0 1 -0
    outer loop
      vertex 15 1.1 3.7
      vertex 5.5 1.1 5.2
      vertex 15 1.1 5.2
    endloop
  endfacet
  facet normal 0 1 0
    outer loop
      vertex 5.5 1.1 5.2
      vertex 15 1.1 3.7
      vertex 5.5 1.1 3.7
    endloop
  endfacet
  facet normal 0 -1 0
    outer loop
      vertex 5.5 -1.1 3.7
      vertex 15 -1.1 5.2
      vertex 5.5 -1.1 5.2
    endloop
  endfacet
  facet normal 0 -1 -0
    outer loop
      vertex 15 -1.1 5.2
      vertex 5.5 -1.1 3.7
      vertex 15 -1.1 3.7
    endloop
  endfacet
  facet normal -0 0 1
    outer loop
      vertex -15 1.1 5.2
      vertex -5.5 -1.1 5.2
      vertex -5.5 1.1 5.2
    endloop
  endfacet
  facet normal 0 0 1
    outer loop
      vertex -5.5 -1.1 5.2
      vertex -15 1.1 5.2
      vertex -15 -1.1 5.2
    endloop
  endfacet
  facet normal 1 -0 0
    outer loop
      vertex -5.5 -1.1 5.2
      vertex -5.5 1.1 3.7
      vertex -5.5 1.1 5.2
    endloop
  endfacet
  facet normal 1 0 0
    outer loop
      vertex -5.5 1.1 3.7
      vertex -5.5 -1.1 5.2
      vertex -5.5 -1.1 3.7
    endloop
  endfacet
  facet normal 0 1 -0
    outer loop
      vertex -5.5 1.1 3.7
      vertex -15 1.1 5.2
      vertex -5.5 1.1 5.2
    endloop
  endfacet
  facet normal 0 1 0
    outer loop
      vertex -15 1.1 5.2
      vertex -5.5 1.1 3.7
      vertex -15 1.1 3.7
    endloop
  endfacet
  facet normal 0 -1 0
    outer loop
      vertex -15 -1.1 3.7
      vertex -5.5 -1.1 5.2
      vertex -15 -1.1 5.2
    endloop
  endfacet
  facet normal 0 -1 -0
    outer loop
      vertex -5.5 -1.1 5.2
      vertex -15 -1.1 3.7
      vertex -5.5 -1.1 3.7
    endloop
  endfacet
  facet normal 0 0 1
    outer loop
      vertex -9.6 4.07002 3.7
      vertex -15 4.07002 3.7
      vertex -9.6 3.35 3.7
    endloop
  endfacet
  facet normal -0 0 1
    outer loop
      vertex -15 -1.1 3.7
      vertex -9.2 -3.35 3.7
      vertex -5.5 -1.1 3.7
    endloop
  endfacet
  facet normal 0 0 1
    outer loop
      vertex -9.2 -3.35 3.7
      vertex -15 -1.1 3.7
      vertex -15 -3.35 3.7
    endloop
  endfacet
  facet normal 0 0 1
    outer loop
      vertex -9.2 -3.35 3.7
      vertex -5.3 -3.35 3.7
      vertex -5.5 -1.1 3.7
    endloop
  endfacet
  facet normal 0 0 1
    outer loop
      vertex -5.3 -3.35 3.7
      vertex -9.2 -3.35 3.7
      vertex -5.3 -4.07002 3.7
    endloop
  endfacet
  facet normal 0 0 1
    outer loop
      vertex -5.3 -4.07002 3.7
      vertex -9.2 -3.35 3.7
      vertex -9.2 -4.07002 3.7
    endloop
  endfacet
  facet normal 0 0 1
    outer loop
      vertex 4.9 4.07002 3.7
      vertex 4.5 2.8 3.7
      vertex 4.9 3.35 3.7
    endloop
  endfacet
  facet normal 0 0 1
    outer loop
      vertex 4.9 4.07002 3.7
      vertex -4.5 2.8 3.7
      vertex 4.5 2.8 3.7
    endloop
  endfacet
  facet normal -0 0 1
    outer loop
      vertex -4.9 3.35 3.7
      vertex -4.5 2.8 3.7
      vertex -4.9 4.07002 3.7
    endloop
  endfacet
  facet normal -0 0 1
    outer loop
      vertex -4.9 4.07002 3.7
      vertex -4.5 2.8 3.7
      vertex 4.9 4.07002 3.7
    endloop
  endfacet
  facet normal 0 0 1
    outer loop
      vertex 9.6 3.35 3.7
      vertex 15 4.07002 3.7
      vertex 9.6 4.07002 3.7
    endloop
  endfacet
  facet normal 0 0 1
    outer loop
      vertex 15 4.07002 3.7
      vertex 9.6 3.35 3.7
      vertex 15 1.1 3.7
    endloop
  endfacet
  facet normal 0 0 1
    outer loop
      vertex 9.6 3.35 3.7
      vertex 5.5 1.1 3.7
      vertex 15 1.1 3.7
    endloop
  endfacet
  facet normal 0 0 1
    outer loop
      vertex 4.5 -2.8 3.7
      vertex 5.5 -1.1 3.7
      vertex 5.5 1.1 3.7
    endloop
  endfacet
  facet normal -0 0 1
    outer loop
      vertex 4.9 3.35 3.7
      vertex 5.5 1.1 3.7
      vertex 9.6 3.35 3.7
    endloop
  endfacet
  facet normal -0 0 1
    outer loop
      vertex 4.5 2.8 3.7
      vertex 5.5 1.1 3.7
      vertex 4.9 3.35 3.7
    endloop
  endfacet
  facet normal 0 0 1
    outer loop
      vertex 4.5 -2.8 3.7
      vertex 5.5 1.1 3.7
      vertex 4.5 2.8 3.7
    endloop
  endfacet
  facet normal 0 0 1
    outer loop
      vertex 5.5 -1.1 3.7
      vertex 4.5 -2.8 3.7
      vertex 5.3 -3.35 3.7
    endloop
  endfacet
  facet normal -0 0 1
    outer loop
      vertex -4.5 -2.8 3.7
      vertex 5.3 -3.35 3.7
      vertex 4.5 -2.8 3.7
    endloop
  endfacet
  facet normal 0 0 1
    outer loop
      vertex -5.5 1.1 3.7
      vertex -4.5 2.8 3.7
      vertex -4.9 3.35 3.7
    endloop
  endfacet
  facet normal 0 0 1
    outer loop
      vertex -4.5 -2.8 3.7
      vertex -5.3 -3.35 3.7
      vertex 5.3 -3.35 3.7
    endloop
  endfacet
  facet normal 0 0 1
    outer loop
      vertex -4.5 2.8 3.7
      vertex -5.5 1.1 3.7
      vertex -4.5 -2.8 3.7
    endloop
  endfacet
  facet normal 0 0 1
    outer loop
      vertex -4.5 -2.8 3.7
      vertex -5.5 -1.1 3.7
      vertex -5.3 -3.35 3.7
    endloop
  endfacet
  facet normal -0 0 1
    outer loop
      vertex -5.5 -1.1 3.7
      vertex -4.5 -2.8 3.7
      vertex -5.5 1.1 3.7
    endloop
  endfacet
  facet normal -0 0 1
    outer loop
      vertex -9.6 3.35 3.7
      vertex -5.5 1.1 3.7
      vertex -4.9 3.35 3.7
    endloop
  endfacet
  facet normal 0 0 1
    outer loop
      vertex -15 1.1 3.7
      vertex -9.6 3.35 3.7
      vertex -15 4.07002 3.7
    endloop
  endfacet
  facet normal 0 0 1
    outer loop
      vertex -9.6 3.35 3.7
      vertex -15 1.1 3.7
      vertex -5.5 1.1 3.7
    endloop
  endfacet
  facet normal 0 0 1
    outer loop
      vertex 15 -1.1 3.7
      vertex 9.2 -3.35 3.7
      vertex 15 -3.35 3.7
    endloop
  endfacet
  facet normal -0 0 1
    outer loop
      vertex 5.5 -1.1 3.7
      vertex 9.2 -3.35 3.7
      vertex 15 -1.1 3.7
    endloop
  endfacet
  facet normal 0 0 1
    outer loop
      vertex 5.3 -3.35 3.7
      vertex 9.2 -3.35 3.7
      vertex 5.5 -1.1 3.7
    endloop
  endfacet
  facet normal 0 0 1
    outer loop
      vertex 9.2 -3.35 3.7
      vertex 5.3 -3.35 3.7
      vertex 9.2 -4.07002 3.7
    endloop
  endfacet
  facet normal 0 0 1
    outer loop
      vertex 9.2 -4.07002 3.7
      vertex 5.3 -3.35 3.7
      vertex 5.3 -4.07002 3.7
    endloop
  endfacet
  facet normal 0 0 -1
    outer loop
      vertex -5.3 -6.25 0
      vertex -9.2 -6.25 0
      vertex -5.3 -3.35 0
    endloop
  endfacet
  facet normal 0 0 -1
    outer loop
      vertex 9.2 -6.25 0
      vertex 5.3 -6.25 0
      vertex 9.2 -3.35 0
    endloop
  endfacet
  facet normal 0 0 -1
    outer loop
      vertex 15 -3.35 0
      vertex 9.6 3.35 0
      vertex 15 6.25 0
    endloop
  endfacet
  facet normal 0 0 -1
    outer loop
      vertex 9.2 -3.35 0
      vertex 9.6 3.35 0
      vertex 15 -3.35 0
    endloop
  endfacet
  facet normal 0 0 -1
    outer loop
      vertex 5.3 -3.35 0
      vertex 9.2 -3.35 0
      vertex 5.3 -6.25 0
    endloop
  endfacet
  facet normal 0 0 -1
    outer loop
      vertex 4.5 2.8 0
      vertex 9.2 -3.35 0
      vertex 5.3 -3.35 0
    endloop
  endfacet
  facet normal 0 0 -1
    outer loop
      vertex 9.2 -3.35 0
      vertex 4.5 2.8 0
      vertex 9.6 3.35 0
    endloop
  endfacet
  facet normal -0 0 -1
    outer loop
      vertex 9.6 3.35 0
      vertex 4.5 2.8 0
      vertex 4.9 3.35 0
    endloop
  endfacet
  facet normal 0 0 -1
    outer loop
      vertex 4.5 2.8 0
      vertex 5.3 -3.35 0
      vertex 4.5 -2.8 0
    endloop
  endfacet
  facet normal 0 0 -1
    outer loop
      vertex 5.3 -3.35 0
      vertex -4.5 -2.8 0
      vertex 4.5 -2.8 0
    endloop
  endfacet
  facet normal 0 0 -1
    outer loop
      vertex -5.3 -3.35 0
      vertex -4.5 2.8 0
      vertex -4.5 -2.8 0
    endloop
  endfacet
  facet normal 0 0 -1
    outer loop
      vertex -5.3 -3.35 0
      vertex -4.5 -2.8 0
      vertex 5.3 -3.35 0
    endloop
  endfacet
  facet normal 0 0 -1
    outer loop
      vertex -9.2 -3.35 0
      vertex -4.5 2.8 0
      vertex -5.3 -3.35 0
    endloop
  endfacet
  facet normal 0 0 -1
    outer loop
      vertex -9.2 -3.35 0
      vertex -5.3 -3.35 0
      vertex -9.2 -6.25 0
    endloop
  endfacet
  facet normal 0 0 -1
    outer loop
      vertex -9.6 3.35 0
      vertex -4.5 2.8 0
      vertex -9.2 -3.35 0
    endloop
  endfacet
  facet normal 0 0 -1
    outer loop
      vertex -4.5 2.8 0
      vertex -9.6 3.35 0
      vertex -4.9 3.35 0
    endloop
  endfacet
  facet normal 0 0 -1
    outer loop
      vertex -15 -3.35 0
      vertex -9.6 3.35 0
      vertex -9.2 -3.35 0
    endloop
  endfacet
  facet normal 0 0 -1
    outer loop
      vertex -15 6.25 0
      vertex -9.6 3.35 0
      vertex -15 -3.35 0
    endloop
  endfacet
  facet normal 0 0 -1
    outer loop
      vertex -9.6 3.35 0
      vertex -15 6.25 0
      vertex -9.6 6.25 0
    endloop
  endfacet
  facet normal -0 0 -1
    outer loop
      vertex 15 6.25 0
      vertex 9.6 3.35 0
      vertex 9.6 6.25 0
    endloop
  endfacet
  facet normal -0 0 -1
    outer loop
      vertex 4.9 3.35 0
      vertex 4.5 2.8 0
      vertex 4.9 6.25 0
    endloop
  endfacet
  facet normal 0 0 -1
    outer loop
      vertex -4.5 2.8 0
      vertex 4.9 6.25 0
      vertex 4.5 2.8 0
    endloop
  endfacet
  facet normal 0 0 -1
    outer loop
      vertex -4.9 6.25 0
      vertex -4.5 2.8 0
      vertex -4.9 3.35 0
    endloop
  endfacet
  facet normal 0 0 -1
    outer loop
      vertex -4.5 2.8 0
      vertex -4.9 6.25 0
      vertex 4.9 6.25 0
    endloop
  endfacet
  facet normal 0 -0.195095 -0.980784
    outer loop
      vertex 5.3 -6.25 3.475
      vertex 9.2 -5.87688 3.40078
      vertex 9.2 -6.25 3.475
    endloop
  endfacet
  facet normal -0 -0.195095 -0.980784
    outer loop
      vertex 9.2 -5.87688 3.40078
      vertex 5.3 -6.25 3.475
      vertex 5.3 -5.87688 3.40078
    endloop
  endfacet
  facet normal 0 -0.195095 -0.980784
    outer loop
      vertex -9.2 -6.25 3.475
      vertex -5.3 -5.87688 3.40078
      vertex -5.3 -6.25 3.475
    endloop
  endfacet
  facet normal -0 -0.195095 -0.980784
    outer loop
      vertex -5.3 -5.87688 3.40078
      vertex -9.2 -6.25 3.475
      vertex -9.2 -5.87688 3.40078
    endloop
  endfacet
  facet normal 0 -0.555567 -0.831472
    outer loop
      vertex 5.3 -5.87688 3.40078
      vertex 9.2 -5.56057 3.18943
      vertex 9.2 -5.87688 3.40078
    endloop
  endfacet
  facet normal -0 -0.555567 -0.831472
    outer loop
      vertex 9.2 -5.56057 3.18943
      vertex 5.3 -5.87688 3.40078
      vertex 5.3 -5.56057 3.18943
    endloop
  endfacet
  facet normal 0 -0.555567 -0.831472
    outer loop
      vertex -9.2 -5.87688 3.40078
      vertex -5.3 -5.56057 3.18943
      vertex -5.3 -5.87688 3.40078
    endloop
  endfacet
  facet normal -0 -0.555567 -0.831472
    outer loop
      vertex -5.3 -5.56057 3.18943
      vertex -9.2 -5.87688 3.40078
      vertex -9.2 -5.56057 3.18943
    endloop
  endfacet
  facet normal 0 -0.980784 0.195095
    outer loop
      vertex 5.3 -5.34922 2.12688
      vertex 9.2 -5.275 2.5
      vertex 5.3 -5.275 2.5
    endloop
  endfacet
  facet normal 0 -0.980784 0.195095
    outer loop
      vertex 9.2 -5.275 2.5
      vertex 5.3 -5.34922 2.12688
      vertex 9.2 -5.34922 2.12688
    endloop
  endfacet
  facet normal 0 -0.980784 0.195095
    outer loop
      vertex -9.2 -5.34922 2.12688
      vertex -5.3 -5.275 2.5
      vertex -9.2 -5.275 2.5
    endloop
  endfacet
  facet normal 0 -0.980784 0.195095
    outer loop
      vertex -5.3 -5.275 2.5
      vertex -9.2 -5.34922 2.12688
      vertex -5.3 -5.34922 2.12688
    endloop
  endfacet
  facet normal 0 0.980784 -0.195095
    outer loop
      vertex 9.2 -7.225 2.5
      vertex 5.3 -7.15078 2.87312
      vertex 9.2 -7.15078 2.87312
    endloop
  endfacet
  facet normal 0 0.980784 -0.195095
    outer loop
      vertex 5.3 -7.15078 2.87312
      vertex 9.2 -7.225 2.5
      vertex 5.3 -7.225 2.5
    endloop
  endfacet
  facet normal 0 0.980784 -0.195095
    outer loop
      vertex -5.3 -7.225 2.5
      vertex -9.2 -7.15078 2.87312
      vertex -5.3 -7.15078 2.87312
    endloop
  endfacet
  facet normal 0 0.980784 -0.195095
    outer loop
      vertex -9.2 -7.15078 2.87312
      vertex -5.3 -7.225 2.5
      vertex -9.2 -7.225 2.5
    endloop
  endfacet
  facet normal -0 0.195095 0.980784
    outer loop
      vertex 5.3 -6.25 1.525
      vertex 9.2 -6.62312 1.59922
      vertex 9.2 -6.25 1.525
    endloop
  endfacet
  facet normal 0 0.195095 0.980784
    outer loop
      vertex 9.2 -6.62312 1.59922
      vertex 5.3 -6.25 1.525
      vertex 5.3 -6.62312 1.59922
    endloop
  endfacet
  facet normal -0 0.195095 0.980784
    outer loop
      vertex -9.2 -6.25 1.525
      vertex -5.3 -6.62312 1.59922
      vertex -5.3 -6.25 1.525
    endloop
  endfacet
  facet normal 0 0.195095 0.980784
    outer loop
      vertex -5.3 -6.62312 1.59922
      vertex -9.2 -6.25 1.525
      vertex -9.2 -6.62312 1.59922
    endloop
  endfacet
  facet normal 0 0.831472 0.555567
    outer loop
      vertex 9.2 -6.93943 1.81057
      vertex 5.3 -7.15078 2.12688
      vertex 9.2 -7.15078 2.12688
    endloop
  endfacet
  facet normal 0 0.831472 0.555567
    outer loop
      vertex 5.3 -7.15078 2.12688
      vertex 9.2 -6.93943 1.81057
      vertex 5.3 -6.93943 1.81057
    endloop
  endfacet
  facet normal 0 0.831472 0.555567
    outer loop
      vertex -5.3 -6.93943 1.81057
      vertex -9.2 -7.15078 2.12688
      vertex -5.3 -7.15078 2.12688
    endloop
  endfacet
  facet normal 0 0.831472 0.555567
    outer loop
      vertex -9.2 -7.15078 2.12688
      vertex -5.3 -6.93943 1.81057
      vertex -9.2 -6.93943 1.81057
    endloop
  endfacet
  facet normal 0 -0.195095 0.980784
    outer loop
      vertex 5.3 -5.87688 1.59922
      vertex 9.2 -6.25 1.525
      vertex 9.2 -5.87688 1.59922
    endloop
  endfacet
  facet normal 0 -0.195095 0.980784
    outer loop
      vertex 9.2 -6.25 1.525
      vertex 5.3 -5.87688 1.59922
      vertex 5.3 -6.25 1.525
    endloop
  endfacet
  facet normal 0 -0.195095 0.980784
    outer loop
      vertex -9.2 -5.87688 1.59922
      vertex -5.3 -6.25 1.525
      vertex -5.3 -5.87688 1.59922
    endloop
  endfacet
  facet normal 0 -0.195095 0.980784
    outer loop
      vertex -5.3 -6.25 1.525
      vertex -9.2 -5.87688 1.59922
      vertex -9.2 -6.25 1.525
    endloop
  endfacet
  facet normal 0 0.980784 0.195095
    outer loop
      vertex 9.2 -7.15078 2.12688
      vertex 5.3 -7.225 2.5
      vertex 9.2 -7.225 2.5
    endloop
  endfacet
  facet normal 0 0.980784 0.195095
    outer loop
      vertex 5.3 -7.225 2.5
      vertex 9.2 -7.15078 2.12688
      vertex 5.3 -7.15078 2.12688
    endloop
  endfacet
  facet normal 0 0.980784 0.195095
    outer loop
      vertex -5.3 -7.15078 2.12688
      vertex -9.2 -7.225 2.5
      vertex -5.3 -7.225 2.5
    endloop
  endfacet
  facet normal 0 0.980784 0.195095
    outer loop
      vertex -9.2 -7.225 2.5
      vertex -5.3 -7.15078 2.12688
      vertex -9.2 -7.15078 2.12688
    endloop
  endfacet
  facet normal 0 -0.555567 0.831472
    outer loop
      vertex 5.3 -5.56057 1.81057
      vertex 9.2 -5.87688 1.59922
      vertex 9.2 -5.56057 1.81057
    endloop
  endfacet
  facet normal 0 -0.555567 0.831472
    outer loop
      vertex 9.2 -5.87688 1.59922
      vertex 5.3 -5.56057 1.81057
      vertex 5.3 -5.87688 1.59922
    endloop
  endfacet
  facet normal 0 -0.555567 0.831472
    outer loop
      vertex -9.2 -5.56057 1.81057
      vertex -5.3 -5.87688 1.59922
      vertex -5.3 -5.56057 1.81057
    endloop
  endfacet
  facet normal 0 -0.555567 0.831472
    outer loop
      vertex -5.3 -5.87688 1.59922
      vertex -9.2 -5.56057 1.81057
      vertex -9.2 -5.87688 1.59922
    endloop
  endfacet
  facet normal 0 -0.831472 -0.555567
    outer loop
      vertex 5.3 -5.34922 2.87312
      vertex 9.2 -5.56057 3.18943
      vertex 5.3 -5.56057 3.18943
    endloop
  endfacet
  facet normal 0 -0.831472 -0.555567
    outer loop
      vertex 9.2 -5.56057 3.18943
      vertex 5.3 -5.34922 2.87312
      vertex 9.2 -5.34922 2.87312
    endloop
  endfacet
  facet normal 0 -0.831472 -0.555567
    outer loop
      vertex -9.2 -5.34922 2.87312
      vertex -5.3 -5.56057 3.18943
      vertex -9.2 -5.56057 3.18943
    endloop
  endfacet
  facet normal 0 -0.831472 -0.555567
    outer loop
      vertex -5.3 -5.56057 3.18943
      vertex -9.2 -5.34922 2.87312
      vertex -5.3 -5.34922 2.87312
    endloop
  endfacet
  facet normal 0 -0.980784 -0.195095
    outer loop
      vertex 5.3 -5.275 2.5
      vertex 9.2 -5.34922 2.87312
      vertex 5.3 -5.34922 2.87312
    endloop
  endfacet
  facet normal 0 -0.980784 -0.195095
    outer loop
      vertex 9.2 -5.34922 2.87312
      vertex 5.3 -5.275 2.5
      vertex 9.2 -5.275 2.5
    endloop
  endfacet
  facet normal 0 -0.980784 -0.195095
    outer loop
      vertex -9.2 -5.275 2.5
      vertex -5.3 -5.34922 2.87312
      vertex -9.2 -5.34922 2.87312
    endloop
  endfacet
  facet normal 0 -0.980784 -0.195095
    outer loop
      vertex -5.3 -5.34922 2.87312
      vertex -9.2 -5.275 2.5
      vertex -5.3 -5.275 2.5
    endloop
  endfacet
  facet normal -0 0.555567 0.831472
    outer loop
      vertex 5.3 -6.62312 1.59922
      vertex 9.2 -6.93943 1.81057
      vertex 9.2 -6.62312 1.59922
    endloop
  endfacet
  facet normal 0 0.555567 0.831472
    outer loop
      vertex 9.2 -6.93943 1.81057
      vertex 5.3 -6.62312 1.59922
      vertex 5.3 -6.93943 1.81057
    endloop
  endfacet
  facet normal -0 0.555567 0.831472
    outer loop
      vertex -9.2 -6.62312 1.59922
      vertex -5.3 -6.93943 1.81057
      vertex -5.3 -6.62312 1.59922
    endloop
  endfacet
  facet normal 0 0.555567 0.831472
    outer loop
      vertex -5.3 -6.93943 1.81057
      vertex -9.2 -6.62312 1.59922
      vertex -9.2 -6.93943 1.81057
    endloop
  endfacet
  facet normal 0 0.195095 -0.980784
    outer loop
      vertex 5.3 -6.62312 3.40078
      vertex 9.2 -6.25 3.475
      vertex 9.2 -6.62312 3.40078
    endloop
  endfacet
  facet normal 0 0.195095 -0.980784
    outer loop
      vertex 9.2 -6.25 3.475
      vertex 5.3 -6.62312 3.40078
      vertex 5.3 -6.25 3.475
    endloop
  endfacet
  facet normal 0 0.195095 -0.980784
    outer loop
      vertex -9.2 -6.62312 3.40078
      vertex -5.3 -6.25 3.475
      vertex -5.3 -6.62312 3.40078
    endloop
  endfacet
  facet normal 0 0.195095 -0.980784
    outer loop
      vertex -5.3 -6.25 3.475
      vertex -9.2 -6.62312 3.40078
      vertex -9.2 -6.25 3.475
    endloop
  endfacet
  facet normal 0 -0.831472 0.555567
    outer loop
      vertex 5.3 -5.56057 1.81057
      vertex 9.2 -5.34922 2.12688
      vertex 5.3 -5.34922 2.12688
    endloop
  endfacet
  facet normal 0 -0.831472 0.555567
    outer loop
      vertex 9.2 -5.34922 2.12688
      vertex 5.3 -5.56057 1.81057
      vertex 9.2 -5.56057 1.81057
    endloop
  endfacet
  facet normal 0 -0.831472 0.555567
    outer loop
      vertex -9.2 -5.56057 1.81057
      vertex -5.3 -5.34922 2.12688
      vertex -9.2 -5.34922 2.12688
    endloop
  endfacet
  facet normal 0 -0.831472 0.555567
    outer loop
      vertex -5.3 -5.34922 2.12688
      vertex -9.2 -5.56057 1.81057
      vertex -5.3 -5.56057 1.81057
    endloop
  endfacet
  facet normal 0 0.555567 -0.831472
    outer loop
      vertex 5.3 -6.93943 3.18943
      vertex 9.2 -6.62312 3.40078
      vertex 9.2 -6.93943 3.18943
    endloop
  endfacet
  facet normal 0 0.555567 -0.831472
    outer loop
      vertex 9.2 -6.62312 3.40078
      vertex 5.3 -6.93943 3.18943
      vertex 5.3 -6.62312 3.40078
    endloop
  endfacet
  facet normal 0 0.555567 -0.831472
    outer loop
      vertex -9.2 -6.93943 3.18943
      vertex -5.3 -6.62312 3.40078
      vertex -5.3 -6.93943 3.18943
    endloop
  endfacet
  facet normal 0 0.555567 -0.831472
    outer loop
      vertex -5.3 -6.62312 3.40078
      vertex -9.2 -6.93943 3.18943
      vertex -9.2 -6.62312 3.40078
    endloop
  endfacet
  facet normal 0 0.831472 -0.555567
    outer loop
      vertex 9.2 -7.15078 2.87312
      vertex 5.3 -6.93943 3.18943
      vertex 9.2 -6.93943 3.18943
    endloop
  endfacet
  facet normal 0 0.831472 -0.555567
    outer loop
      vertex 5.3 -6.93943 3.18943
      vertex 9.2 -7.15078 2.87312
      vertex 5.3 -7.15078 2.87312
    endloop
  endfacet
  facet normal 0 0.831472 -0.555567
    outer loop
      vertex -5.3 -7.15078 2.87312
      vertex -9.2 -6.93943 3.18943
      vertex -5.3 -6.93943 3.18943
    endloop
  endfacet
  facet normal 0 0.831472 -0.555567
    outer loop
      vertex -9.2 -6.93943 3.18943
      vertex -5.3 -7.15078 2.87312
      vertex -9.2 -7.15078 2.87312
    endloop
  endfacet
  facet normal 0 -0.555567 0.831472
    outer loop
      vertex 9.6 6.93943 1.81057
      vertex 15 6.62312 1.59922
      vertex 15 6.93943 1.81057
    endloop
  endfacet
  facet normal 0 -0.555567 0.831472
    outer loop
      vertex 15 6.62312 1.59922
      vertex 9.6 6.93943 1.81057
      vertex 9.6 6.62312 1.59922
    endloop
  endfacet
  facet normal 0 -0.555567 0.831472
    outer loop
      vertex -4.9 6.93943 1.81057
      vertex 4.9 6.62312 1.59922
      vertex 4.9 6.93943 1.81057
    endloop
  endfacet
  facet normal 0 -0.555567 0.831472
    outer loop
      vertex 4.9 6.62312 1.59922
      vertex -4.9 6.93943 1.81057
      vertex -4.9 6.62312 1.59922
    endloop
  endfacet
  facet normal 0 -0.555567 0.831472
    outer loop
      vertex -15 6.93943 1.81057
      vertex -9.6 6.62312 1.59922
      vertex -9.6 6.93943 1.81057
    endloop
  endfacet
  facet normal 0 -0.555567 0.831472
    outer loop
      vertex -9.6 6.62312 1.59922
      vertex -15 6.93943 1.81057
      vertex -15 6.62312 1.59922
    endloop
  endfacet
  facet normal 0 -0.831472 0.555567
    outer loop
      vertex 9.6 6.93943 1.81057
      vertex 15 7.15078 2.12688
      vertex 9.6 7.15078 2.12688
    endloop
  endfacet
  facet normal 0 -0.831472 0.555567
    outer loop
      vertex 15 7.15078 2.12688
      vertex 9.6 6.93943 1.81057
      vertex 15 6.93943 1.81057
    endloop
  endfacet
  facet normal 0 -0.831472 0.555567
    outer loop
      vertex -4.9 6.93943 1.81057
      vertex 4.9 7.15078 2.12688
      vertex -4.9 7.15078 2.12688
    endloop
  endfacet
  facet normal 0 -0.831472 0.555567
    outer loop
      vertex 4.9 7.15078 2.12688
      vertex -4.9 6.93943 1.81057
      vertex 4.9 6.93943 1.81057
    endloop
  endfacet
  facet normal 0 -0.831472 0.555567
    outer loop
      vertex -15 6.93943 1.81057
      vertex -9.6 7.15078 2.12688
      vertex -15 7.15078 2.12688
    endloop
  endfacet
  facet normal 0 -0.831472 0.555567
    outer loop
      vertex -9.6 7.15078 2.12688
      vertex -15 6.93943 1.81057
      vertex -9.6 6.93943 1.81057
    endloop
  endfacet
  facet normal 0 -0.980784 0.195095
    outer loop
      vertex 9.6 7.15078 2.12688
      vertex 15 7.225 2.5
      vertex 9.6 7.225 2.5
    endloop
  endfacet
  facet normal 0 -0.980784 0.195095
    outer loop
      vertex 15 7.225 2.5
      vertex 9.6 7.15078 2.12688
      vertex 15 7.15078 2.12688
    endloop
  endfacet
  facet normal 0 -0.980784 0.195095
    outer loop
      vertex -4.9 7.15078 2.12688
      vertex 4.9 7.225 2.5
      vertex -4.9 7.225 2.5
    endloop
  endfacet
  facet normal 0 -0.980784 0.195095
    outer loop
      vertex 4.9 7.225 2.5
      vertex -4.9 7.15078 2.12688
      vertex 4.9 7.15078 2.12688
    endloop
  endfacet
  facet normal 0 -0.980784 0.195095
    outer loop
      vertex -15 7.15078 2.12688
      vertex -9.6 7.225 2.5
      vertex -15 7.225 2.5
    endloop
  endfacet
  facet normal 0 -0.980784 0.195095
    outer loop
      vertex -9.6 7.225 2.5
      vertex -15 7.15078 2.12688
      vertex -9.6 7.15078 2.12688
    endloop
  endfacet
  facet normal 0 -0.195095 0.980784
    outer loop
      vertex 9.6 6.62312 1.59922
      vertex 15 6.25 1.525
      vertex 15 6.62312 1.59922
    endloop
  endfacet
  facet normal 0 -0.195095 0.980784
    outer loop
      vertex 15 6.25 1.525
      vertex 9.6 6.62312 1.59922
      vertex 9.6 6.25 1.525
    endloop
  endfacet
  facet normal 0 -0.195095 0.980784
    outer loop
      vertex -4.9 6.62312 1.59922
      vertex 4.9 6.25 1.525
      vertex 4.9 6.62312 1.59922
    endloop
  endfacet
  facet normal 0 -0.195095 0.980784
    outer loop
      vertex 4.9 6.25 1.525
      vertex -4.9 6.62312 1.59922
      vertex -4.9 6.25 1.525
    endloop
  endfacet
  facet normal 0 -0.195095 0.980784
    outer loop
      vertex -15 6.62312 1.59922
      vertex -9.6 6.25 1.525
      vertex -9.6 6.62312 1.59922
    endloop
  endfacet
  facet normal 0 -0.195095 0.980784
    outer loop
      vertex -9.6 6.25 1.525
      vertex -15 6.62312 1.59922
      vertex -15 6.25 1.525
    endloop
  endfacet
  facet normal 0 0.555567 -0.831472
    outer loop
      vertex 9.6 5.56057 3.18943
      vertex 15 5.87688 3.40078
      vertex 15 5.56057 3.18943
    endloop
  endfacet
  facet normal 0 0.555567 -0.831472
    outer loop
      vertex 15 5.87688 3.40078
      vertex 9.6 5.56057 3.18943
      vertex 9.6 5.87688 3.40078
    endloop
  endfacet
  facet normal 0 0.555567 -0.831472
    outer loop
      vertex -15 5.56057 3.18943
      vertex -9.6 5.87688 3.40078
      vertex -9.6 5.56057 3.18943
    endloop
  endfacet
  facet normal 0 0.555567 -0.831472
    outer loop
      vertex -9.6 5.87688 3.40078
      vertex -15 5.56057 3.18943
      vertex -15 5.87688 3.40078
    endloop
  endfacet
  facet normal 0 0.555567 -0.831472
    outer loop
      vertex -4.9 5.56057 3.18943
      vertex 4.9 5.87688 3.40078
      vertex 4.9 5.56057 3.18943
    endloop
  endfacet
  facet normal 0 0.555567 -0.831472
    outer loop
      vertex 4.9 5.87688 3.40078
      vertex -4.9 5.56057 3.18943
      vertex -4.9 5.87688 3.40078
    endloop
  endfacet
  facet normal -0 0.555567 0.831472
    outer loop
      vertex 9.6 5.87688 1.59922
      vertex 15 5.56057 1.81057
      vertex 15 5.87688 1.59922
    endloop
  endfacet
  facet normal 0 0.555567 0.831472
    outer loop
      vertex 15 5.56057 1.81057
      vertex 9.6 5.87688 1.59922
      vertex 9.6 5.56057 1.81057
    endloop
  endfacet
  facet normal -0 0.555567 0.831472
    outer loop
      vertex -15 5.87688 1.59922
      vertex -9.6 5.56057 1.81057
      vertex -9.6 5.87688 1.59922
    endloop
  endfacet
  facet normal 0 0.555567 0.831472
    outer loop
      vertex -9.6 5.56057 1.81057
      vertex -15 5.87688 1.59922
      vertex -15 5.56057 1.81057
    endloop
  endfacet
  facet normal -0 0.555567 0.831472
    outer loop
      vertex -4.9 5.87688 1.59922
      vertex 4.9 5.56057 1.81057
      vertex 4.9 5.87688 1.59922
    endloop
  endfacet
  facet normal 0 0.555567 0.831472
    outer loop
      vertex 4.9 5.56057 1.81057
      vertex -4.9 5.87688 1.59922
      vertex -4.9 5.56057 1.81057
    endloop
  endfacet
  facet normal 0 -0.831472 -0.555567
    outer loop
      vertex 9.6 7.15078 2.87312
      vertex 15 6.93943 3.18943
      vertex 9.6 6.93943 3.18943
    endloop
  endfacet
  facet normal 0 -0.831472 -0.555567
    outer loop
      vertex 15 6.93943 3.18943
      vertex 9.6 7.15078 2.87312
      vertex 15 7.15078 2.87312
    endloop
  endfacet
  facet normal 0 -0.831472 -0.555567
    outer loop
      vertex -4.9 7.15078 2.87312
      vertex 4.9 6.93943 3.18943
      vertex -4.9 6.93943 3.18943
    endloop
  endfacet
  facet normal 0 -0.831472 -0.555567
    outer loop
      vertex 4.9 6.93943 3.18943
      vertex -4.9 7.15078 2.87312
      vertex 4.9 7.15078 2.87312
    endloop
  endfacet
  facet normal 0 -0.831472 -0.555567
    outer loop
      vertex -15 7.15078 2.87312
      vertex -9.6 6.93943 3.18943
      vertex -15 6.93943 3.18943
    endloop
  endfacet
  facet normal 0 -0.831472 -0.555567
    outer loop
      vertex -9.6 6.93943 3.18943
      vertex -15 7.15078 2.87312
      vertex -9.6 7.15078 2.87312
    endloop
  endfacet
  facet normal 0 0.831472 0.555567
    outer loop
      vertex 15 5.56057 1.81057
      vertex 9.6 5.34922 2.12688
      vertex 15 5.34922 2.12688
    endloop
  endfacet
  facet normal 0 0.831472 0.555567
    outer loop
      vertex 9.6 5.34922 2.12688
      vertex 15 5.56057 1.81057
      vertex 9.6 5.56057 1.81057
    endloop
  endfacet
  facet normal 0 0.831472 0.555567
    outer loop
      vertex -9.6 5.56057 1.81057
      vertex -15 5.34922 2.12688
      vertex -9.6 5.34922 2.12688
    endloop
  endfacet
  facet normal 0 0.831472 0.555567
    outer loop
      vertex -15 5.34922 2.12688
      vertex -9.6 5.56057 1.81057
      vertex -15 5.56057 1.81057
    endloop
  endfacet
  facet normal 0 0.831472 0.555567
    outer loop
      vertex 4.9 5.56057 1.81057
      vertex -4.9 5.34922 2.12688
      vertex 4.9 5.34922 2.12688
    endloop
  endfacet
  facet normal 0 0.831472 0.555567
    outer loop
      vertex -4.9 5.34922 2.12688
      vertex 4.9 5.56057 1.81057
      vertex -4.9 5.56057 1.81057
    endloop
  endfacet
  facet normal 0 0.831472 -0.555567
    outer loop
      vertex 15 5.34922 2.87312
      vertex 9.6 5.56057 3.18943
      vertex 15 5.56057 3.18943
    endloop
  endfacet
  facet normal 0 0.831472 -0.555567
    outer loop
      vertex 9.6 5.56057 3.18943
      vertex 15 5.34922 2.87312
      vertex 9.6 5.34922 2.87312
    endloop
  endfacet
  facet normal 0 0.831472 -0.555567
    outer loop
      vertex -9.6 5.34922 2.87312
      vertex -15 5.56057 3.18943
      vertex -9.6 5.56057 3.18943
    endloop
  endfacet
  facet normal 0 0.831472 -0.555567
    outer loop
      vertex -15 5.56057 3.18943
      vertex -9.6 5.34922 2.87312
      vertex -15 5.34922 2.87312
    endloop
  endfacet
  facet normal 0 0.831472 -0.555567
    outer loop
      vertex 4.9 5.34922 2.87312
      vertex -4.9 5.56057 3.18943
      vertex 4.9 5.56057 3.18943
    endloop
  endfacet
  facet normal 0 0.831472 -0.555567
    outer loop
      vertex -4.9 5.56057 3.18943
      vertex 4.9 5.34922 2.87312
      vertex -4.9 5.34922 2.87312
    endloop
  endfacet
  facet normal 0 -0.555567 -0.831472
    outer loop
      vertex 9.6 6.62312 3.40078
      vertex 15 6.93943 3.18943
      vertex 15 6.62312 3.40078
    endloop
  endfacet
  facet normal -0 -0.555567 -0.831472
    outer loop
      vertex 15 6.93943 3.18943
      vertex 9.6 6.62312 3.40078
      vertex 9.6 6.93943 3.18943
    endloop
  endfacet
  facet normal 0 -0.555567 -0.831472
    outer loop
      vertex -4.9 6.62312 3.40078
      vertex 4.9 6.93943 3.18943
      vertex 4.9 6.62312 3.40078
    endloop
  endfacet
  facet normal -0 -0.555567 -0.831472
    outer loop
      vertex 4.9 6.93943 3.18943
      vertex -4.9 6.62312 3.40078
      vertex -4.9 6.93943 3.18943
    endloop
  endfacet
  facet normal 0 -0.555567 -0.831472
    outer loop
      vertex -15 6.62312 3.40078
      vertex -9.6 6.93943 3.18943
      vertex -9.6 6.62312 3.40078
    endloop
  endfacet
  facet normal -0 -0.555567 -0.831472
    outer loop
      vertex -9.6 6.93943 3.18943
      vertex -15 6.62312 3.40078
      vertex -15 6.93943 3.18943
    endloop
  endfacet
  facet normal 0 0.980784 0.195095
    outer loop
      vertex 15 5.34922 2.12688
      vertex 9.6 5.275 2.5
      vertex 15 5.275 2.5
    endloop
  endfacet
  facet normal 0 0.980784 0.195095
    outer loop
      vertex 9.6 5.275 2.5
      vertex 15 5.34922 2.12688
      vertex 9.6 5.34922 2.12688
    endloop
  endfacet
  facet normal 0 0.980784 0.195095
    outer loop
      vertex -9.6 5.34922 2.12688
      vertex -15 5.275 2.5
      vertex -9.6 5.275 2.5
    endloop
  endfacet
  facet normal 0 0.980784 0.195095
    outer loop
      vertex -15 5.275 2.5
      vertex -9.6 5.34922 2.12688
      vertex -15 5.34922 2.12688
    endloop
  endfacet
  facet normal 0 0.980784 0.195095
    outer loop
      vertex 4.9 5.34922 2.12688
      vertex -4.9 5.275 2.5
      vertex 4.9 5.275 2.5
    endloop
  endfacet
  facet normal 0 0.980784 0.195095
    outer loop
      vertex -4.9 5.275 2.5
      vertex 4.9 5.34922 2.12688
      vertex -4.9 5.34922 2.12688
    endloop
  endfacet
  facet normal -0 0.195095 0.980784
    outer loop
      vertex 9.6 6.25 1.525
      vertex 15 5.87688 1.59922
      vertex 15 6.25 1.525
    endloop
  endfacet
  facet normal 0 0.195095 0.980784
    outer loop
      vertex 15 5.87688 1.59922
      vertex 9.6 6.25 1.525
      vertex 9.6 5.87688 1.59922
    endloop
  endfacet
  facet normal -0 0.195095 0.980784
    outer loop
      vertex -4.9 6.25 1.525
      vertex 4.9 5.87688 1.59922
      vertex 4.9 6.25 1.525
    endloop
  endfacet
  facet normal 0 0.195095 0.980784
    outer loop
      vertex 4.9 5.87688 1.59922
      vertex -4.9 6.25 1.525
      vertex -4.9 5.87688 1.59922
    endloop
  endfacet
  facet normal -0 0.195095 0.980784
    outer loop
      vertex -15 6.25 1.525
      vertex -9.6 5.87688 1.59922
      vertex -9.6 6.25 1.525
    endloop
  endfacet
  facet normal 0 0.195095 0.980784
    outer loop
      vertex -9.6 5.87688 1.59922
      vertex -15 6.25 1.525
      vertex -15 5.87688 1.59922
    endloop
  endfacet
  facet normal 0 0.195095 -0.980784
    outer loop
      vertex 9.6 5.87688 3.40078
      vertex 15 6.25 3.475
      vertex 15 5.87688 3.40078
    endloop
  endfacet
  facet normal 0 0.195095 -0.980784
    outer loop
      vertex 15 6.25 3.475
      vertex 9.6 5.87688 3.40078
      vertex 9.6 6.25 3.475
    endloop
  endfacet
  facet normal 0 0.195095 -0.980784
    outer loop
      vertex -4.9 5.87688 3.40078
      vertex 4.9 6.25 3.475
      vertex 4.9 5.87688 3.40078
    endloop
  endfacet
  facet normal 0 0.195095 -0.980784
    outer loop
      vertex 4.9 6.25 3.475
      vertex -4.9 5.87688 3.40078
      vertex -4.9 6.25 3.475
    endloop
  endfacet
  facet normal 0 0.195095 -0.980784
    outer loop
      vertex -15 5.87688 3.40078
      vertex -9.6 6.25 3.475
      vertex -9.6 5.87688 3.40078
    endloop
  endfacet
  facet normal 0 0.195095 -0.980784
    outer loop
      vertex -9.6 6.25 3.475
      vertex -15 5.87688 3.40078
      vertex -15 6.25 3.475
    endloop
  endfacet
  facet normal 0 -0.980784 -0.195095
    outer loop
      vertex 9.6 7.225 2.5
      vertex 15 7.15078 2.87312
      vertex 9.6 7.15078 2.87312
    endloop
  endfacet
  facet normal 0 -0.980784 -0.195095
    outer loop
      vertex 15 7.15078 2.87312
      vertex 9.6 7.225 2.5
      vertex 15 7.225 2.5
    endloop
  endfacet
  facet normal 0 -0.980784 -0.195095
    outer loop
      vertex -4.9 7.225 2.5
      vertex 4.9 7.15078 2.87312
      vertex -4.9 7.15078 2.87312
    endloop
  endfacet
  facet normal 0 -0.980784 -0.195095
    outer loop
      vertex 4.9 7.15078 2.87312
      vertex -4.9 7.225 2.5
      vertex 4.9 7.225 2.5
    endloop
  endfacet
  facet normal 0 -0.980784 -0.195095
    outer loop
      vertex -15 7.225 2.5
      vertex -9.6 7.15078 2.87312
      vertex -15 7.15078 2.87312
    endloop
  endfacet
  facet normal 0 -0.980784 -0.195095
    outer loop
      vertex -9.6 7.15078 2.87312
      vertex -15 7.225 2.5
      vertex -9.6 7.225 2.5
    endloop
  endfacet
  facet normal 0 -0.195095 -0.980784
    outer loop
      vertex 9.6 6.25 3.475
      vertex 15 6.62312 3.40078
      vertex 15 6.25 3.475
    endloop
  endfacet
  facet normal -0 -0.195095 -0.980784
    outer loop
      vertex 15 6.62312 3.40078
      vertex 9.6 6.25 3.475
      vertex 9.6 6.62312 3.40078
    endloop
  endfacet
  facet normal 0 -0.195095 -0.980784
    outer loop
      vertex -4.9 6.25 3.475
      vertex 4.9 6.62312 3.40078
      vertex 4.9 6.25 3.475
    endloop
  endfacet
  facet normal -0 -0.195095 -0.980784
    outer loop
      vertex 4.9 6.62312 3.40078
      vertex -4.9 6.25 3.475
      vertex -4.9 6.62312 3.40078
    endloop
  endfacet
  facet normal 0 -0.195095 -0.980784
    outer loop
      vertex -15 6.25 3.475
      vertex -9.6 6.62312 3.40078
      vertex -9.6 6.25 3.475
    endloop
  endfacet
  facet normal -0 -0.195095 -0.980784
    outer loop
      vertex -9.6 6.62312 3.40078
      vertex -15 6.25 3.475
      vertex -15 6.62312 3.40078
    endloop
  endfacet
  facet normal 0 0.980784 -0.195095
    outer loop
      vertex 15 5.275 2.5
      vertex 9.6 5.34922 2.87312
      vertex 15 5.34922 2.87312
    endloop
  endfacet
  facet normal 0 0.980784 -0.195095
    outer loop
      vertex 9.6 5.34922 2.87312
      vertex 15 5.275 2.5
      vertex 9.6 5.275 2.5
    endloop
  endfacet
  facet normal 0 0.980784 -0.195095
    outer loop
      vertex -9.6 5.275 2.5
      vertex -15 5.34922 2.87312
      vertex -9.6 5.34922 2.87312
    endloop
  endfacet
  facet normal 0 0.980784 -0.195095
    outer loop
      vertex -15 5.34922 2.87312
      vertex -9.6 5.275 2.5
      vertex -15 5.275 2.5
    endloop
  endfacet
  facet normal 0 0.980784 -0.195095
    outer loop
      vertex 4.9 5.275 2.5
      vertex -4.9 5.34922 2.87312
      vertex 4.9 5.34922 2.87312
    endloop
  endfacet
  facet normal 0 0.980784 -0.195095
    outer loop
      vertex -4.9 5.34922 2.87312
      vertex 4.9 5.275 2.5
      vertex -4.9 5.275 2.5
    endloop
  endfacet
  facet normal 0 1 -0
    outer loop
      vertex 9.6 3.35 0
      vertex 4.9 3.35 3.7
      vertex 9.6 3.35 3.7
    endloop
  endfacet
  facet normal 0 1 0
    outer loop
      vertex 4.9 3.35 3.7
      vertex 9.6 3.35 0
      vertex 4.9 3.35 0
    endloop
  endfacet
  facet normal 0 1 -0
    outer loop
      vertex -4.9 3.35 0
      vertex -9.6 3.35 3.7
      vertex -4.9 3.35 3.7
    endloop
  endfacet
  facet normal 0 1 0
    outer loop
      vertex -9.6 3.35 3.7
      vertex -4.9 3.35 0
      vertex -9.6 3.35 0
    endloop
  endfacet
  facet normal 0 -1 0
    outer loop
      vertex 9.2 -3.35 0
      vertex 15 -3.35 3.7
      vertex 9.2 -3.35 3.7
    endloop
  endfacet
  facet normal 0 -1 -0
    outer loop
      vertex 15 -3.35 3.7
      vertex 9.2 -3.35 0
      vertex 15 -3.35 0
    endloop
  endfacet
  facet normal 0 -1 0
    outer loop
      vertex -5.3 -3.35 0
      vertex 5.3 -3.35 3.7
      vertex -5.3 -3.35 3.7
    endloop
  endfacet
  facet normal 0 -1 -0
    outer loop
      vertex 5.3 -3.35 3.7
      vertex -5.3 -3.35 0
      vertex 5.3 -3.35 0
    endloop
  endfacet
  facet normal 0 -1 0
    outer loop
      vertex -15 -3.35 0
      vertex -9.2 -3.35 3.7
      vertex -15 -3.35 3.7
    endloop
  endfacet
  facet normal 0 -1 -0
    outer loop
      vertex -9.2 -3.35 3.7
      vertex -15 -3.35 0
      vertex -9.2 -3.35 0
    endloop
  endfacet
  facet normal 1 -0 0
    outer loop
      vertex -4.5 -2.8 3.7
      vertex -4.5 2.8 0
      vertex -4.5 2.8 3.7
    endloop
  endfacet
  facet normal 1 0 0
    outer loop
      vertex -4.5 2.8 0
      vertex -4.5 -2.8 3.7
      vertex -4.5 -2.8 0
    endloop
  endfacet
  facet normal -1 0 0
    outer loop
      vertex 4.5 -2.8 0
      vertex 4.5 2.8 3.7
      vertex 4.5 2.8 0
    endloop
  endfacet
  facet normal -1 -0 0
    outer loop
      vertex 4.5 2.8 3.7
      vertex 4.5 -2.8 0
      vertex 4.5 -2.8 3.7
    endloop
  endfacet
  facet normal 0 -1 0
    outer loop
      vertex -4.5 2.8 0
      vertex 4.5 2.8 3.7
      vertex -4.5 2.8 3.7
    endloop
  endfacet
  facet normal 0 -1 -0
    outer loop
      vertex 4.5 2.8 3.7
      vertex -4.5 2.8 0
      vertex 4.5 2.8 0
    endloop
  endfacet
  facet normal 0 1 -0
    outer loop
      vertex 4.5 -2.8 0
      vertex -4.5 -2.8 3.7
      vertex 4.5 -2.8 3.7
    endloop
  endfacet
  facet normal 0 1 0
    outer loop
      vertex -4.5 -2.8 3.7
      vertex 4.5 -2.8 0
      vertex -4.5 -2.8 0
    endloop
  endfacet
endsolid OpenSCAD_Model
