solid OpenSCAD_Model
  facet normal -1 0 0
    outer loop
      vertex 49 -31.5 52.5
      vertex 49 -28.5 66.5
      vertex 49 -28.5 52.5
    endloop
  endfacet
  facet normal -1 -0 0
    outer loop
      vertex 49 -28.5 66.5
      vertex 49 -31.5 52.5
      vertex 49 -31.5 66.5
    endloop
  endfacet
  facet normal -1 0 0
    outer loop
      vertex 49 -3.5 52.5
      vertex 49 -0.5 66.5
      vertex 49 -0.5 52.5
    endloop
  endfacet
  facet normal -1 -0 0
    outer loop
      vertex 49 -0.5 66.5
      vertex 49 -3.5 52.5
      vertex 49 -3.5 66.5
    endloop
  endfacet
  facet normal -1 0 0
    outer loop
      vertex 49 -0.5 52.5
      vertex 49 10 23
      vertex 49 -0.5 48.5
    endloop
  endfacet
  facet normal -1 0 0
    outer loop
      vertex 49 10 23
      vertex 49 -3.5 48.5
      vertex 49 -0.5 48.5
    endloop
  endfacet
  facet normal -1 0 0
    outer loop
      vertex 49 -28.5 52.5
      vertex 49 -3.5 52.5
      vertex 49 -3.5 48.5
    endloop
  endfacet
  facet normal -1 0 0
    outer loop
      vertex 49 -3.5 52.5
      vertex 49 -28.5 52.5
      vertex 49 -3.5 66.5
    endloop
  endfacet
  facet normal -1 0 0
    outer loop
      vertex 49 -28.5 52.5
      vertex 49 -3.5 48.5
      vertex 49 -28.5 48.5
    endloop
  endfacet
  facet normal -1 0 0
    outer loop
      vertex 49 10 23
      vertex 49 -28.5 48.5
      vertex 49 -3.5 48.5
    endloop
  endfacet
  facet normal -1 0 0
    outer loop
      vertex 49 -46.4 23
      vertex 49 -28.5 48.5
      vertex 49 10 23
    endloop
  endfacet
  facet normal -1 0 0
    outer loop
      vertex 49 -46.4 23
      vertex 49 -31.5 52.5
      vertex 49 -31.5 48.5
    endloop
  endfacet
  facet normal -1 0 0
    outer loop
      vertex 49 -31.5 52.5
      vertex 49 -46.4 85
      vertex 49 -31.5 66.5
    endloop
  endfacet
  facet normal -1 0 0
    outer loop
      vertex 49 -31.5 66.5
      vertex 49 -46.4 85
      vertex 49 -31.5 70.5
    endloop
  endfacet
  facet normal -1 -0 0
    outer loop
      vertex 49 -28.5 48.5
      vertex 49 -46.4 23
      vertex 49 -31.5 48.5
    endloop
  endfacet
  facet normal -1 -0 0
    outer loop
      vertex 49 -31.5 52.5
      vertex 49 -46.4 23
      vertex 49 -46.4 85
    endloop
  endfacet
  facet normal -1 0 0
    outer loop
      vertex 49 -31.5 70.5
      vertex 49 -46.4 85
      vertex 49 -38.4 85
    endloop
  endfacet
  facet normal -1 0 0
    outer loop
      vertex 49 10 23
      vertex 49 -0.5 52.5
      vertex 49 10 95
    endloop
  endfacet
  facet normal -1 0 0
    outer loop
      vertex 49 -0.5 66.5
      vertex 49 10 95
      vertex 49 -0.5 52.5
    endloop
  endfacet
  facet normal -1 0 0
    outer loop
      vertex 49 -0.5 70.5
      vertex 49 10 95
      vertex 49 -0.5 66.5
    endloop
  endfacet
  facet normal -1 0 0
    outer loop
      vertex 49 -3.5 70.5
      vertex 49 10 95
      vertex 49 -0.5 70.5
    endloop
  endfacet
  facet normal -1 0 0
    outer loop
      vertex 49 -28.5 66.5
      vertex 49 -3.5 66.5
      vertex 49 -28.5 52.5
    endloop
  endfacet
  facet normal -1 0 0
    outer loop
      vertex 49 -3.5 66.5
      vertex 49 -28.5 66.5
      vertex 49 -3.5 70.5
    endloop
  endfacet
  facet normal -1 0 0
    outer loop
      vertex 49 -28.5 70.5
      vertex 49 -3.5 70.5
      vertex 49 -28.5 66.5
    endloop
  endfacet
  facet normal -1 0 0
    outer loop
      vertex 49 -38.4 85
      vertex 49 -3.5 70.5
      vertex 49 -28.5 70.5
    endloop
  endfacet
  facet normal -1 0 0
    outer loop
      vertex 49 -38.4 85
      vertex 49 -28.5 70.5
      vertex 49 -31.5 70.5
    endloop
  endfacet
  facet normal -1 0 0
    outer loop
      vertex 49 -3.5 70.5
      vertex 49 -38.4 85
      vertex 49 -38.4 95
    endloop
  endfacet
  facet normal -1 0 0
    outer loop
      vertex 49 -3.5 70.5
      vertex 49 -38.4 95
      vertex 49 10 95
    endloop
  endfacet
  facet normal -0 0 1
    outer loop
      vertex 31.2889 5.83032 95
      vertex 34 2 95
      vertex 31.3 6 95
    endloop
  endfacet
  facet normal -0 0 1
    outer loop
      vertex 31.2557 5.66354 95
      vertex 34 2 95
      vertex 31.2889 5.83032 95
    endloop
  endfacet
  facet normal -0 0 1
    outer loop
      vertex 31.201 5.50251 95
      vertex 34 2 95
      vertex 31.2557 5.66354 95
    endloop
  endfacet
  facet normal -0 0 1
    outer loop
      vertex 31.1258 5.35 95
      vertex 34 2 95
      vertex 31.201 5.50251 95
    endloop
  endfacet
  facet normal -0 0 1
    outer loop
      vertex 31.0314 5.20861 95
      vertex 34 2 95
      vertex 31.1258 5.35 95
    endloop
  endfacet
  facet normal -0 0 1
    outer loop
      vertex 30.9192 5.08076 95
      vertex 34 2 95
      vertex 31.0314 5.20861 95
    endloop
  endfacet
  facet normal -0 0 1
    outer loop
      vertex 30.7914 4.96864 95
      vertex 34 2 95
      vertex 30.9192 5.08076 95
    endloop
  endfacet
  facet normal -0 0 1
    outer loop
      vertex 30.65 4.87417 95
      vertex 34 2 95
      vertex 30.7914 4.96864 95
    endloop
  endfacet
  facet normal -0 0 1
    outer loop
      vertex 30.4975 4.79896 95
      vertex 34 2 95
      vertex 30.65 4.87417 95
    endloop
  endfacet
  facet normal -0 0 1
    outer loop
      vertex 30.3365 4.7443 95
      vertex 34 2 95
      vertex 30.4975 4.79896 95
    endloop
  endfacet
  facet normal -0 0 1
    outer loop
      vertex 30.1697 4.71112 95
      vertex 34 2 95
      vertex 30.3365 4.7443 95
    endloop
  endfacet
  facet normal -0 0 1
    outer loop
      vertex 30 4.7 95
      vertex 34 2 95
      vertex 30.1697 4.71112 95
    endloop
  endfacet
  facet normal 0 0 1
    outer loop
      vertex 26 2 95
      vertex 30 4.7 95
      vertex 29.8303 4.71112 95
    endloop
  endfacet
  facet normal 0 0 1
    outer loop
      vertex 26 2 95
      vertex 29.8303 4.71112 95
      vertex 29.6635 4.7443 95
    endloop
  endfacet
  facet normal 0 0 1
    outer loop
      vertex 26 2 95
      vertex 29.6635 4.7443 95
      vertex 29.5025 4.79896 95
    endloop
  endfacet
  facet normal 0 0 1
    outer loop
      vertex 26 2 95
      vertex 29.5025 4.79896 95
      vertex 29.35 4.87417 95
    endloop
  endfacet
  facet normal 0 0 1
    outer loop
      vertex 26 2 95
      vertex 28.7 6 95
      vertex 26 10 95
    endloop
  endfacet
  facet normal 0 0 1
    outer loop
      vertex 28.7 6 95
      vertex 26 2 95
      vertex 28.7111 5.83032 95
    endloop
  endfacet
  facet normal 0 0 1
    outer loop
      vertex 28.7111 5.83032 95
      vertex 26 2 95
      vertex 28.7443 5.66354 95
    endloop
  endfacet
  facet normal 0 0 1
    outer loop
      vertex 28.7443 5.66354 95
      vertex 26 2 95
      vertex 28.799 5.50251 95
    endloop
  endfacet
  facet normal 0 0 1
    outer loop
      vertex 30 4.7 95
      vertex 26 2 95
      vertex 34 2 95
    endloop
  endfacet
  facet normal 0 0 1
    outer loop
      vertex 29.2086 4.96864 95
      vertex 26 2 95
      vertex 29.35 4.87417 95
    endloop
  endfacet
  facet normal 0 0 1
    outer loop
      vertex 29.0808 5.08076 95
      vertex 26 2 95
      vertex 29.2086 4.96864 95
    endloop
  endfacet
  facet normal 0 0 1
    outer loop
      vertex 28.9686 5.20861 95
      vertex 26 2 95
      vertex 29.0808 5.08076 95
    endloop
  endfacet
  facet normal 0 0 1
    outer loop
      vertex 28.8742 5.35 95
      vertex 26 2 95
      vertex 28.9686 5.20861 95
    endloop
  endfacet
  facet normal 0 0 1
    outer loop
      vertex 28.799 5.50251 95
      vertex 26 2 95
      vertex 28.8742 5.35 95
    endloop
  endfacet
  facet normal -0 0 1
    outer loop
      vertex -28.7111 5.83032 95
      vertex -26 2 95
      vertex -28.7 6 95
    endloop
  endfacet
  facet normal -0 0 1
    outer loop
      vertex -28.7443 5.66354 95
      vertex -26 2 95
      vertex -28.7111 5.83032 95
    endloop
  endfacet
  facet normal -0 0 1
    outer loop
      vertex -28.799 5.50251 95
      vertex -26 2 95
      vertex -28.7443 5.66354 95
    endloop
  endfacet
  facet normal -0 0 1
    outer loop
      vertex -28.8742 5.35 95
      vertex -26 2 95
      vertex -28.799 5.50251 95
    endloop
  endfacet
  facet normal -0 0 1
    outer loop
      vertex -28.9686 5.20861 95
      vertex -26 2 95
      vertex -28.8742 5.35 95
    endloop
  endfacet
  facet normal -0 0 1
    outer loop
      vertex -29.0808 5.08076 95
      vertex -26 2 95
      vertex -28.9686 5.20861 95
    endloop
  endfacet
  facet normal -0 0 1
    outer loop
      vertex -29.2086 4.96864 95
      vertex -26 2 95
      vertex -29.0808 5.08076 95
    endloop
  endfacet
  facet normal -0 0 1
    outer loop
      vertex -29.35 4.87417 95
      vertex -26 2 95
      vertex -29.2086 4.96864 95
    endloop
  endfacet
  facet normal -0 0 1
    outer loop
      vertex -29.5025 4.79896 95
      vertex -26 2 95
      vertex -29.35 4.87417 95
    endloop
  endfacet
  facet normal -0 0 1
    outer loop
      vertex -29.6635 4.7443 95
      vertex -26 2 95
      vertex -29.5025 4.79896 95
    endloop
  endfacet
  facet normal -0 0 1
    outer loop
      vertex -29.8303 4.71112 95
      vertex -26 2 95
      vertex -29.6635 4.7443 95
    endloop
  endfacet
  facet normal -0 0 1
    outer loop
      vertex -30 4.7 95
      vertex -26 2 95
      vertex -29.8303 4.71112 95
    endloop
  endfacet
  facet normal 0 0 1
    outer loop
      vertex -34 2 95
      vertex -30 4.7 95
      vertex -30.1697 4.71112 95
    endloop
  endfacet
  facet normal 0 0 1
    outer loop
      vertex -34 2 95
      vertex -30.1697 4.71112 95
      vertex -30.3365 4.7443 95
    endloop
  endfacet
  facet normal 0 0 1
    outer loop
      vertex -34 2 95
      vertex -30.3365 4.7443 95
      vertex -30.4975 4.79896 95
    endloop
  endfacet
  facet normal 0 0 1
    outer loop
      vertex -34 2 95
      vertex -30.4975 4.79896 95
      vertex -30.65 4.87417 95
    endloop
  endfacet
  facet normal 0 0 1
    outer loop
      vertex -34 2 95
      vertex -31.3 6 95
      vertex -34 10 95
    endloop
  endfacet
  facet normal 0 0 1
    outer loop
      vertex -31.3 6 95
      vertex -34 2 95
      vertex -31.2889 5.83032 95
    endloop
  endfacet
  facet normal 0 0 1
    outer loop
      vertex -31.2889 5.83032 95
      vertex -34 2 95
      vertex -31.2557 5.66354 95
    endloop
  endfacet
  facet normal 0 0 1
    outer loop
      vertex -31.2557 5.66354 95
      vertex -34 2 95
      vertex -31.201 5.50251 95
    endloop
  endfacet
  facet normal 0 0 1
    outer loop
      vertex -30 4.7 95
      vertex -34 2 95
      vertex -26 2 95
    endloop
  endfacet
  facet normal 0 0 1
    outer loop
      vertex -30.7914 4.96864 95
      vertex -34 2 95
      vertex -30.65 4.87417 95
    endloop
  endfacet
  facet normal 0 0 1
    outer loop
      vertex -30.9192 5.08076 95
      vertex -34 2 95
      vertex -30.7914 4.96864 95
    endloop
  endfacet
  facet normal 0 0 1
    outer loop
      vertex -31.0314 5.20861 95
      vertex -34 2 95
      vertex -30.9192 5.08076 95
    endloop
  endfacet
  facet normal 0 0 1
    outer loop
      vertex -31.1258 5.35 95
      vertex -34 2 95
      vertex -31.0314 5.20861 95
    endloop
  endfacet
  facet normal 0 0 1
    outer loop
      vertex -31.201 5.50251 95
      vertex -34 2 95
      vertex -31.1258 5.35 95
    endloop
  endfacet
  facet normal 0 0 1
    outer loop
      vertex 52 -46.4 95
      vertex 47.2889 -42.2303 95
      vertex 47.3 -42.4 95
    endloop
  endfacet
  facet normal 0 0 1
    outer loop
      vertex 49 -38.4 95
      vertex 47.2557 -42.0635 95
      vertex 47.2889 -42.2303 95
    endloop
  endfacet
  facet normal 0 0 1
    outer loop
      vertex 49 -38.4 95
      vertex 47.201 -41.9025 95
      vertex 47.2557 -42.0635 95
    endloop
  endfacet
  facet normal 0 0 1
    outer loop
      vertex 49 -38.4 95
      vertex 47.1258 -41.75 95
      vertex 47.201 -41.9025 95
    endloop
  endfacet
  facet normal 0 0 1
    outer loop
      vertex 49 -38.4 95
      vertex 47.0314 -41.6086 95
      vertex 47.1258 -41.75 95
    endloop
  endfacet
  facet normal 0 0 1
    outer loop
      vertex 49 -38.4 95
      vertex 46.9192 -41.4808 95
      vertex 47.0314 -41.6086 95
    endloop
  endfacet
  facet normal 0 0 1
    outer loop
      vertex 49 -38.4 95
      vertex 46.7914 -41.3686 95
      vertex 46.9192 -41.4808 95
    endloop
  endfacet
  facet normal 0 0 1
    outer loop
      vertex 49 -38.4 95
      vertex 46.65 -41.2742 95
      vertex 46.7914 -41.3686 95
    endloop
  endfacet
  facet normal 0 0 1
    outer loop
      vertex 49 -38.4 95
      vertex 46.4975 -41.199 95
      vertex 46.65 -41.2742 95
    endloop
  endfacet
  facet normal 0 0 1
    outer loop
      vertex 49 -38.4 95
      vertex 46.3365 -41.1443 95
      vertex 46.4975 -41.199 95
    endloop
  endfacet
  facet normal 0 0 1
    outer loop
      vertex 49 -38.4 95
      vertex 46.1697 -41.1111 95
      vertex 46.3365 -41.1443 95
    endloop
  endfacet
  facet normal 0 0 1
    outer loop
      vertex 49 -38.4 95
      vertex 46 -41.1 95
      vertex 46.1697 -41.1111 95
    endloop
  endfacet
  facet normal 0 0 1
    outer loop
      vertex 49 -38.4 95
      vertex 45.8303 -41.1111 95
      vertex 46 -41.1 95
    endloop
  endfacet
  facet normal -0 0 1
    outer loop
      vertex 42 -38.4 95
      vertex 45.8303 -41.1111 95
      vertex 49 -38.4 95
    endloop
  endfacet
  facet normal 0 0 1
    outer loop
      vertex 45.8303 -41.1111 95
      vertex 42 -38.4 95
      vertex 45.6635 -41.1443 95
    endloop
  endfacet
  facet normal 0 0 1
    outer loop
      vertex 45.6635 -41.1443 95
      vertex 42 -38.4 95
      vertex 45.5025 -41.199 95
    endloop
  endfacet
  facet normal 0 0 1
    outer loop
      vertex 45.5025 -41.199 95
      vertex 42 -38.4 95
      vertex 45.35 -41.2742 95
    endloop
  endfacet
  facet normal 0 0 1
    outer loop
      vertex 44.7111 -42.2303 95
      vertex 42 -38.4 95
      vertex 44.7 -42.4 95
    endloop
  endfacet
  facet normal 0 0 1
    outer loop
      vertex 44.7443 -42.0635 95
      vertex 42 -38.4 95
      vertex 44.7111 -42.2303 95
    endloop
  endfacet
  facet normal 0 0 1
    outer loop
      vertex 44.799 -41.9025 95
      vertex 42 -38.4 95
      vertex 44.7443 -42.0635 95
    endloop
  endfacet
  facet normal 0 0 1
    outer loop
      vertex 44.8742 -41.75 95
      vertex 42 -38.4 95
      vertex 44.799 -41.9025 95
    endloop
  endfacet
  facet normal 0 0 1
    outer loop
      vertex 44.9686 -41.6086 95
      vertex 42 -38.4 95
      vertex 44.8742 -41.75 95
    endloop
  endfacet
  facet normal 0 0 1
    outer loop
      vertex 45.0808 -41.4808 95
      vertex 42 -38.4 95
      vertex 44.9686 -41.6086 95
    endloop
  endfacet
  facet normal 0 0 1
    outer loop
      vertex 45.2086 -41.3686 95
      vertex 42 -38.4 95
      vertex 45.0808 -41.4808 95
    endloop
  endfacet
  facet normal 0 0 1
    outer loop
      vertex 45.35 -41.2742 95
      vertex 42 -38.4 95
      vertex 45.2086 -41.3686 95
    endloop
  endfacet
  facet normal 0 0 1
    outer loop
      vertex 49 -38.4 95
      vertex 52 13 95
      vertex 49 10 95
    endloop
  endfacet
  facet normal 0 0 1
    outer loop
      vertex 52 13 95
      vertex 34 10 95
      vertex 49 10 95
    endloop
  endfacet
  facet normal 0 0 1
    outer loop
      vertex 34 10 95
      vertex 31.3 6 95
      vertex 34 2 95
    endloop
  endfacet
  facet normal 0 0 1
    outer loop
      vertex 34 10 95
      vertex 31.2889 6.16968 95
      vertex 31.3 6 95
    endloop
  endfacet
  facet normal 0 0 1
    outer loop
      vertex 34 10 95
      vertex 31.2557 6.33646 95
      vertex 31.2889 6.16968 95
    endloop
  endfacet
  facet normal 0 0 1
    outer loop
      vertex 34 10 95
      vertex 31.201 6.49749 95
      vertex 31.2557 6.33646 95
    endloop
  endfacet
  facet normal 0 0 1
    outer loop
      vertex 34 10 95
      vertex 31.1258 6.65 95
      vertex 31.201 6.49749 95
    endloop
  endfacet
  facet normal 0 0 1
    outer loop
      vertex 34 10 95
      vertex 31.0314 6.79139 95
      vertex 31.1258 6.65 95
    endloop
  endfacet
  facet normal 0 0 1
    outer loop
      vertex 34 10 95
      vertex 30.9192 6.91924 95
      vertex 31.0314 6.79139 95
    endloop
  endfacet
  facet normal 0 0 1
    outer loop
      vertex 34 10 95
      vertex 30.7914 7.03136 95
      vertex 30.9192 6.91924 95
    endloop
  endfacet
  facet normal 0 0 1
    outer loop
      vertex 34 10 95
      vertex 30.65 7.12583 95
      vertex 30.7914 7.03136 95
    endloop
  endfacet
  facet normal 0 0 1
    outer loop
      vertex 34 10 95
      vertex 30.4975 7.20104 95
      vertex 30.65 7.12583 95
    endloop
  endfacet
  facet normal 0 0 1
    outer loop
      vertex 34 10 95
      vertex 30.3365 7.2557 95
      vertex 30.4975 7.20104 95
    endloop
  endfacet
  facet normal 0 0 1
    outer loop
      vertex 34 10 95
      vertex 30.1697 7.28888 95
      vertex 30.3365 7.2557 95
    endloop
  endfacet
  facet normal 0 0 1
    outer loop
      vertex 34 10 95
      vertex 30 7.3 95
      vertex 30.1697 7.28888 95
    endloop
  endfacet
  facet normal -0 0 1
    outer loop
      vertex 26 10 95
      vertex 30 7.3 95
      vertex 34 10 95
    endloop
  endfacet
  facet normal 0 0 1
    outer loop
      vertex 30 7.3 95
      vertex 26 10 95
      vertex 29.8303 7.28888 95
    endloop
  endfacet
  facet normal 0 0 1
    outer loop
      vertex 29.8303 7.28888 95
      vertex 26 10 95
      vertex 29.6635 7.2557 95
    endloop
  endfacet
  facet normal 0 0 1
    outer loop
      vertex 29.6635 7.2557 95
      vertex 26 10 95
      vertex 29.5025 7.20104 95
    endloop
  endfacet
  facet normal 0 0 1
    outer loop
      vertex 28.7111 6.16968 95
      vertex 26 10 95
      vertex 28.7 6 95
    endloop
  endfacet
  facet normal 0 0 1
    outer loop
      vertex 28.7443 6.33646 95
      vertex 26 10 95
      vertex 28.7111 6.16968 95
    endloop
  endfacet
  facet normal 0 0 1
    outer loop
      vertex 28.799 6.49749 95
      vertex 26 10 95
      vertex 28.7443 6.33646 95
    endloop
  endfacet
  facet normal 0 0 1
    outer loop
      vertex 28.8742 6.65 95
      vertex 26 10 95
      vertex 28.799 6.49749 95
    endloop
  endfacet
  facet normal 0 0 1
    outer loop
      vertex 28.9686 6.79139 95
      vertex 26 10 95
      vertex 28.8742 6.65 95
    endloop
  endfacet
  facet normal 0 0 1
    outer loop
      vertex 29.0808 6.91924 95
      vertex 26 10 95
      vertex 28.9686 6.79139 95
    endloop
  endfacet
  facet normal 0 0 1
    outer loop
      vertex 29.2086 7.03136 95
      vertex 26 10 95
      vertex 29.0808 6.91924 95
    endloop
  endfacet
  facet normal 0 0 1
    outer loop
      vertex 29.35 7.12583 95
      vertex 26 10 95
      vertex 29.2086 7.03136 95
    endloop
  endfacet
  facet normal 0 0 1
    outer loop
      vertex 29.5025 7.20104 95
      vertex 26 10 95
      vertex 29.35 7.12583 95
    endloop
  endfacet
  facet normal 0 0 1
    outer loop
      vertex 52 13 95
      vertex 26 10 95
      vertex 34 10 95
    endloop
  endfacet
  facet normal 0 0 1
    outer loop
      vertex 52 13 95
      vertex -26 10 95
      vertex 26 10 95
    endloop
  endfacet
  facet normal 0 0 1
    outer loop
      vertex -26 10 95
      vertex -28.7 6 95
      vertex -26 2 95
    endloop
  endfacet
  facet normal 0 0 1
    outer loop
      vertex -26 10 95
      vertex -28.7111 6.16968 95
      vertex -28.7 6 95
    endloop
  endfacet
  facet normal 0 0 1
    outer loop
      vertex -26 10 95
      vertex -28.7443 6.33646 95
      vertex -28.7111 6.16968 95
    endloop
  endfacet
  facet normal 0 0 1
    outer loop
      vertex -26 10 95
      vertex -28.799 6.49749 95
      vertex -28.7443 6.33646 95
    endloop
  endfacet
  facet normal 0 0 1
    outer loop
      vertex -26 10 95
      vertex -28.8742 6.65 95
      vertex -28.799 6.49749 95
    endloop
  endfacet
  facet normal 0 0 1
    outer loop
      vertex -26 10 95
      vertex -28.9686 6.79139 95
      vertex -28.8742 6.65 95
    endloop
  endfacet
  facet normal 0 0 1
    outer loop
      vertex -26 10 95
      vertex -29.0808 6.91924 95
      vertex -28.9686 6.79139 95
    endloop
  endfacet
  facet normal 0 0 1
    outer loop
      vertex -26 10 95
      vertex -29.2086 7.03136 95
      vertex -29.0808 6.91924 95
    endloop
  endfacet
  facet normal 0 0 1
    outer loop
      vertex -26 10 95
      vertex -29.35 7.12583 95
      vertex -29.2086 7.03136 95
    endloop
  endfacet
  facet normal 0 0 1
    outer loop
      vertex -26 10 95
      vertex -29.5025 7.20104 95
      vertex -29.35 7.12583 95
    endloop
  endfacet
  facet normal 0 0 1
    outer loop
      vertex -26 10 95
      vertex -29.6635 7.2557 95
      vertex -29.5025 7.20104 95
    endloop
  endfacet
  facet normal 0 0 1
    outer loop
      vertex -26 10 95
      vertex -29.8303 7.28888 95
      vertex -29.6635 7.2557 95
    endloop
  endfacet
  facet normal 0 0 1
    outer loop
      vertex -26 10 95
      vertex -30 7.3 95
      vertex -29.8303 7.28888 95
    endloop
  endfacet
  facet normal -0 0 1
    outer loop
      vertex -34 10 95
      vertex -30 7.3 95
      vertex -26 10 95
    endloop
  endfacet
  facet normal 0 0 1
    outer loop
      vertex -30 7.3 95
      vertex -34 10 95
      vertex -30.1697 7.28888 95
    endloop
  endfacet
  facet normal 0 0 1
    outer loop
      vertex -30.1697 7.28888 95
      vertex -34 10 95
      vertex -30.3365 7.2557 95
    endloop
  endfacet
  facet normal 0 0 1
    outer loop
      vertex -30.3365 7.2557 95
      vertex -34 10 95
      vertex -30.4975 7.20104 95
    endloop
  endfacet
  facet normal 0 0 1
    outer loop
      vertex -31.2889 6.16968 95
      vertex -34 10 95
      vertex -31.3 6 95
    endloop
  endfacet
  facet normal 0 0 1
    outer loop
      vertex -31.2557 6.33646 95
      vertex -34 10 95
      vertex -31.2889 6.16968 95
    endloop
  endfacet
  facet normal 0 0 1
    outer loop
      vertex -31.201 6.49749 95
      vertex -34 10 95
      vertex -31.2557 6.33646 95
    endloop
  endfacet
  facet normal 0 0 1
    outer loop
      vertex -31.1258 6.65 95
      vertex -34 10 95
      vertex -31.201 6.49749 95
    endloop
  endfacet
  facet normal 0 0 1
    outer loop
      vertex -31.0314 6.79139 95
      vertex -34 10 95
      vertex -31.1258 6.65 95
    endloop
  endfacet
  facet normal 0 0 1
    outer loop
      vertex -30.9192 6.91924 95
      vertex -34 10 95
      vertex -31.0314 6.79139 95
    endloop
  endfacet
  facet normal 0 0 1
    outer loop
      vertex -30.7914 7.03136 95
      vertex -34 10 95
      vertex -30.9192 6.91924 95
    endloop
  endfacet
  facet normal 0 0 1
    outer loop
      vertex -30.65 7.12583 95
      vertex -34 10 95
      vertex -30.7914 7.03136 95
    endloop
  endfacet
  facet normal 0 0 1
    outer loop
      vertex -30.4975 7.20104 95
      vertex -34 10 95
      vertex -30.65 7.12583 95
    endloop
  endfacet
  facet normal -0 0 1
    outer loop
      vertex -52 13 95
      vertex -26 10 95
      vertex 52 13 95
    endloop
  endfacet
  facet normal 0 0 1
    outer loop
      vertex -26 10 95
      vertex -52 13 95
      vertex -34 10 95
    endloop
  endfacet
  facet normal 0 0 1
    outer loop
      vertex -49 10 95
      vertex -52 13 95
      vertex -49 -38.4 95
    endloop
  endfacet
  facet normal 0 0 1
    outer loop
      vertex -34 10 95
      vertex -52 13 95
      vertex -49 10 95
    endloop
  endfacet
  facet normal 0 0 1
    outer loop
      vertex 52 13 95
      vertex 49 -38.4 95
      vertex 52 -46.4 95
    endloop
  endfacet
  facet normal -0 0 1
    outer loop
      vertex 47.2889 -42.2303 95
      vertex 52 -46.4 95
      vertex 49 -38.4 95
    endloop
  endfacet
  facet normal -0 0 1
    outer loop
      vertex 47.2889 -42.5697 95
      vertex 52 -46.4 95
      vertex 47.3 -42.4 95
    endloop
  endfacet
  facet normal -0 0 1
    outer loop
      vertex 47.2557 -42.7365 95
      vertex 52 -46.4 95
      vertex 47.2889 -42.5697 95
    endloop
  endfacet
  facet normal -0 0 1
    outer loop
      vertex 47.201 -42.8975 95
      vertex 52 -46.4 95
      vertex 47.2557 -42.7365 95
    endloop
  endfacet
  facet normal -0 0 1
    outer loop
      vertex 47.1258 -43.05 95
      vertex 52 -46.4 95
      vertex 47.201 -42.8975 95
    endloop
  endfacet
  facet normal -0 0 1
    outer loop
      vertex 47.0314 -43.1914 95
      vertex 52 -46.4 95
      vertex 47.1258 -43.05 95
    endloop
  endfacet
  facet normal -0 0 1
    outer loop
      vertex 46.9192 -43.3192 95
      vertex 52 -46.4 95
      vertex 47.0314 -43.1914 95
    endloop
  endfacet
  facet normal -0 0 1
    outer loop
      vertex 46.7914 -43.4314 95
      vertex 52 -46.4 95
      vertex 46.9192 -43.3192 95
    endloop
  endfacet
  facet normal -0 0 1
    outer loop
      vertex 46.65 -43.5258 95
      vertex 52 -46.4 95
      vertex 46.7914 -43.4314 95
    endloop
  endfacet
  facet normal -0 0 1
    outer loop
      vertex 46.4975 -43.601 95
      vertex 52 -46.4 95
      vertex 46.65 -43.5258 95
    endloop
  endfacet
  facet normal -0 0 1
    outer loop
      vertex 46.3365 -43.6557 95
      vertex 52 -46.4 95
      vertex 46.4975 -43.601 95
    endloop
  endfacet
  facet normal -0 0 1
    outer loop
      vertex 46.1697 -43.6889 95
      vertex 52 -46.4 95
      vertex 46.3365 -43.6557 95
    endloop
  endfacet
  facet normal 0 0 1
    outer loop
      vertex 42 -46.4 95
      vertex 46.1697 -43.6889 95
      vertex 46 -43.7 95
    endloop
  endfacet
  facet normal 0 0 1
    outer loop
      vertex 42 -46.4 95
      vertex 46 -43.7 95
      vertex 45.8303 -43.6889 95
    endloop
  endfacet
  facet normal 0 0 1
    outer loop
      vertex 42 -46.4 95
      vertex 45.8303 -43.6889 95
      vertex 45.6635 -43.6557 95
    endloop
  endfacet
  facet normal 0 0 1
    outer loop
      vertex 42 -46.4 95
      vertex 45.6635 -43.6557 95
      vertex 45.5025 -43.601 95
    endloop
  endfacet
  facet normal 0 0 1
    outer loop
      vertex 42 -46.4 95
      vertex 44.7 -42.4 95
      vertex 42 -38.4 95
    endloop
  endfacet
  facet normal 0 0 1
    outer loop
      vertex 44.7 -42.4 95
      vertex 42 -46.4 95
      vertex 44.7111 -42.5697 95
    endloop
  endfacet
  facet normal 0 0 1
    outer loop
      vertex 44.7111 -42.5697 95
      vertex 42 -46.4 95
      vertex 44.7443 -42.7365 95
    endloop
  endfacet
  facet normal 0 0 1
    outer loop
      vertex 44.7443 -42.7365 95
      vertex 42 -46.4 95
      vertex 44.799 -42.8975 95
    endloop
  endfacet
  facet normal 0 0 1
    outer loop
      vertex 46.1697 -43.6889 95
      vertex 42 -46.4 95
      vertex 52 -46.4 95
    endloop
  endfacet
  facet normal 0 0 1
    outer loop
      vertex 45.35 -43.5258 95
      vertex 42 -46.4 95
      vertex 45.5025 -43.601 95
    endloop
  endfacet
  facet normal 0 0 1
    outer loop
      vertex 45.2086 -43.4314 95
      vertex 42 -46.4 95
      vertex 45.35 -43.5258 95
    endloop
  endfacet
  facet normal 0 0 1
    outer loop
      vertex 45.0808 -43.3192 95
      vertex 42 -46.4 95
      vertex 45.2086 -43.4314 95
    endloop
  endfacet
  facet normal 0 0 1
    outer loop
      vertex 44.9686 -43.1914 95
      vertex 42 -46.4 95
      vertex 45.0808 -43.3192 95
    endloop
  endfacet
  facet normal 0 0 1
    outer loop
      vertex 44.8742 -43.05 95
      vertex 42 -46.4 95
      vertex 44.9686 -43.1914 95
    endloop
  endfacet
  facet normal 0 0 1
    outer loop
      vertex 44.799 -42.8975 95
      vertex 42 -46.4 95
      vertex 44.8742 -43.05 95
    endloop
  endfacet
  facet normal 0 0 1
    outer loop
      vertex -42 -38.4 95
      vertex -44.7 -42.4 95
      vertex -42 -46.4 95
    endloop
  endfacet
  facet normal 0 0 1
    outer loop
      vertex -42 -38.4 95
      vertex -44.7111 -42.2303 95
      vertex -44.7 -42.4 95
    endloop
  endfacet
  facet normal 0 0 1
    outer loop
      vertex -42 -38.4 95
      vertex -44.7443 -42.0635 95
      vertex -44.7111 -42.2303 95
    endloop
  endfacet
  facet normal 0 0 1
    outer loop
      vertex -42 -38.4 95
      vertex -44.799 -41.9025 95
      vertex -44.7443 -42.0635 95
    endloop
  endfacet
  facet normal 0 0 1
    outer loop
      vertex -42 -38.4 95
      vertex -44.8742 -41.75 95
      vertex -44.799 -41.9025 95
    endloop
  endfacet
  facet normal 0 0 1
    outer loop
      vertex -42 -38.4 95
      vertex -44.9686 -41.6086 95
      vertex -44.8742 -41.75 95
    endloop
  endfacet
  facet normal 0 0 1
    outer loop
      vertex -42 -38.4 95
      vertex -45.0808 -41.4808 95
      vertex -44.9686 -41.6086 95
    endloop
  endfacet
  facet normal 0 0 1
    outer loop
      vertex -42 -38.4 95
      vertex -45.2086 -41.3686 95
      vertex -45.0808 -41.4808 95
    endloop
  endfacet
  facet normal 0 0 1
    outer loop
      vertex -42 -38.4 95
      vertex -45.35 -41.2742 95
      vertex -45.2086 -41.3686 95
    endloop
  endfacet
  facet normal 0 0 1
    outer loop
      vertex -42 -38.4 95
      vertex -45.5025 -41.199 95
      vertex -45.35 -41.2742 95
    endloop
  endfacet
  facet normal 0 0 1
    outer loop
      vertex -42 -38.4 95
      vertex -45.6635 -41.1443 95
      vertex -45.5025 -41.199 95
    endloop
  endfacet
  facet normal 0 0 1
    outer loop
      vertex -42 -38.4 95
      vertex -45.8303 -41.1111 95
      vertex -45.6635 -41.1443 95
    endloop
  endfacet
  facet normal -0 0 1
    outer loop
      vertex -49 -38.4 95
      vertex -45.8303 -41.1111 95
      vertex -42 -38.4 95
    endloop
  endfacet
  facet normal 0 0 1
    outer loop
      vertex -45.8303 -41.1111 95
      vertex -49 -38.4 95
      vertex -46 -41.1 95
    endloop
  endfacet
  facet normal 0 0 1
    outer loop
      vertex -46 -41.1 95
      vertex -49 -38.4 95
      vertex -46.1697 -41.1111 95
    endloop
  endfacet
  facet normal 0 0 1
    outer loop
      vertex -46.1697 -41.1111 95
      vertex -49 -38.4 95
      vertex -46.3365 -41.1443 95
    endloop
  endfacet
  facet normal 0 0 1
    outer loop
      vertex -46.3365 -41.1443 95
      vertex -49 -38.4 95
      vertex -46.4975 -41.199 95
    endloop
  endfacet
  facet normal 0 0 1
    outer loop
      vertex -52 -46.4 95
      vertex -47.2889 -42.2303 95
      vertex -49 -38.4 95
    endloop
  endfacet
  facet normal 0 0 1
    outer loop
      vertex -47.2557 -42.0635 95
      vertex -49 -38.4 95
      vertex -47.2889 -42.2303 95
    endloop
  endfacet
  facet normal 0 0 1
    outer loop
      vertex -47.201 -41.9025 95
      vertex -49 -38.4 95
      vertex -47.2557 -42.0635 95
    endloop
  endfacet
  facet normal 0 0 1
    outer loop
      vertex -47.1258 -41.75 95
      vertex -49 -38.4 95
      vertex -47.201 -41.9025 95
    endloop
  endfacet
  facet normal 0 0 1
    outer loop
      vertex -47.0314 -41.6086 95
      vertex -49 -38.4 95
      vertex -47.1258 -41.75 95
    endloop
  endfacet
  facet normal 0 0 1
    outer loop
      vertex -46.9192 -41.4808 95
      vertex -49 -38.4 95
      vertex -47.0314 -41.6086 95
    endloop
  endfacet
  facet normal 0 0 1
    outer loop
      vertex -46.7914 -41.3686 95
      vertex -49 -38.4 95
      vertex -46.9192 -41.4808 95
    endloop
  endfacet
  facet normal 0 0 1
    outer loop
      vertex -46.65 -41.2742 95
      vertex -49 -38.4 95
      vertex -46.7914 -41.3686 95
    endloop
  endfacet
  facet normal 0 0 1
    outer loop
      vertex -46.4975 -41.199 95
      vertex -49 -38.4 95
      vertex -46.65 -41.2742 95
    endloop
  endfacet
  facet normal -0 0 1
    outer loop
      vertex -44.7111 -42.5697 95
      vertex -42 -46.4 95
      vertex -44.7 -42.4 95
    endloop
  endfacet
  facet normal -0 0 1
    outer loop
      vertex -44.7443 -42.7365 95
      vertex -42 -46.4 95
      vertex -44.7111 -42.5697 95
    endloop
  endfacet
  facet normal -0 0 1
    outer loop
      vertex -44.799 -42.8975 95
      vertex -42 -46.4 95
      vertex -44.7443 -42.7365 95
    endloop
  endfacet
  facet normal -0 0 1
    outer loop
      vertex -44.8742 -43.05 95
      vertex -42 -46.4 95
      vertex -44.799 -42.8975 95
    endloop
  endfacet
  facet normal -0 0 1
    outer loop
      vertex -44.9686 -43.1914 95
      vertex -42 -46.4 95
      vertex -44.8742 -43.05 95
    endloop
  endfacet
  facet normal -0 0 1
    outer loop
      vertex -45.0808 -43.3192 95
      vertex -42 -46.4 95
      vertex -44.9686 -43.1914 95
    endloop
  endfacet
  facet normal -0 0 1
    outer loop
      vertex -45.2086 -43.4314 95
      vertex -42 -46.4 95
      vertex -45.0808 -43.3192 95
    endloop
  endfacet
  facet normal -0 0 1
    outer loop
      vertex -45.35 -43.5258 95
      vertex -42 -46.4 95
      vertex -45.2086 -43.4314 95
    endloop
  endfacet
  facet normal -0 0 1
    outer loop
      vertex -45.5025 -43.601 95
      vertex -42 -46.4 95
      vertex -45.35 -43.5258 95
    endloop
  endfacet
  facet normal -0 0 1
    outer loop
      vertex -45.6635 -43.6557 95
      vertex -42 -46.4 95
      vertex -45.5025 -43.601 95
    endloop
  endfacet
  facet normal -0 0 1
    outer loop
      vertex -45.8303 -43.6889 95
      vertex -42 -46.4 95
      vertex -45.6635 -43.6557 95
    endloop
  endfacet
  facet normal -0 0 1
    outer loop
      vertex -46 -43.7 95
      vertex -42 -46.4 95
      vertex -45.8303 -43.6889 95
    endloop
  endfacet
  facet normal 0 0 1
    outer loop
      vertex -46.1697 -43.6889 95
      vertex -42 -46.4 95
      vertex -46 -43.7 95
    endloop
  endfacet
  facet normal 0 0 1
    outer loop
      vertex -52 -46.4 95
      vertex -46.1697 -43.6889 95
      vertex -46.3365 -43.6557 95
    endloop
  endfacet
  facet normal 0 0 1
    outer loop
      vertex -52 -46.4 95
      vertex -46.3365 -43.6557 95
      vertex -46.4975 -43.601 95
    endloop
  endfacet
  facet normal 0 0 1
    outer loop
      vertex -52 -46.4 95
      vertex -46.4975 -43.601 95
      vertex -46.65 -43.5258 95
    endloop
  endfacet
  facet normal 0 0 1
    outer loop
      vertex -47.2889 -42.2303 95
      vertex -52 -46.4 95
      vertex -47.3 -42.4 95
    endloop
  endfacet
  facet normal 0 0 1
    outer loop
      vertex -47.3 -42.4 95
      vertex -52 -46.4 95
      vertex -47.2889 -42.5697 95
    endloop
  endfacet
  facet normal 0 0 1
    outer loop
      vertex -47.2889 -42.5697 95
      vertex -52 -46.4 95
      vertex -47.2557 -42.7365 95
    endloop
  endfacet
  facet normal 0 0 1
    outer loop
      vertex -46.1697 -43.6889 95
      vertex -52 -46.4 95
      vertex -42 -46.4 95
    endloop
  endfacet
  facet normal 0 0 1
    outer loop
      vertex -46.7914 -43.4314 95
      vertex -52 -46.4 95
      vertex -46.65 -43.5258 95
    endloop
  endfacet
  facet normal 0 0 1
    outer loop
      vertex -46.9192 -43.3192 95
      vertex -52 -46.4 95
      vertex -46.7914 -43.4314 95
    endloop
  endfacet
  facet normal 0 0 1
    outer loop
      vertex -47.0314 -43.1914 95
      vertex -52 -46.4 95
      vertex -46.9192 -43.3192 95
    endloop
  endfacet
  facet normal 0 0 1
    outer loop
      vertex -47.1258 -43.05 95
      vertex -52 -46.4 95
      vertex -47.0314 -43.1914 95
    endloop
  endfacet
  facet normal 0 0 1
    outer loop
      vertex -47.201 -42.8975 95
      vertex -52 -46.4 95
      vertex -47.1258 -43.05 95
    endloop
  endfacet
  facet normal 0 0 1
    outer loop
      vertex -47.2557 -42.7365 95
      vertex -52 -46.4 95
      vertex -47.201 -42.8975 95
    endloop
  endfacet
  facet normal 0 0 1
    outer loop
      vertex -52 -46.4 95
      vertex -49 -38.4 95
      vertex -52 13 95
    endloop
  endfacet
  facet normal 1 -0 0
    outer loop
      vertex 52 -31.5 66.5
      vertex 52 -28.5 52.5
      vertex 52 -28.5 66.5
    endloop
  endfacet
  facet normal 1 0 0
    outer loop
      vertex 52 -28.5 52.5
      vertex 52 -31.5 66.5
      vertex 52 -31.5 52.5
    endloop
  endfacet
  facet normal 1 -0 0
    outer loop
      vertex 52 -3.5 66.5
      vertex 52 -0.5 52.5
      vertex 52 -0.5 66.5
    endloop
  endfacet
  facet normal 1 0 0
    outer loop
      vertex 52 -0.5 52.5
      vertex 52 -3.5 66.5
      vertex 52 -3.5 52.5
    endloop
  endfacet
  facet normal 1 -0 0
    outer loop
      vertex 52 -0.5 48.5
      vertex 52 13 3
      vertex 52 13 95
    endloop
  endfacet
  facet normal 1 0 0
    outer loop
      vertex 52 13 3
      vertex 52 6.28888 11.1697
      vertex 52 6.3 11
    endloop
  endfacet
  facet normal 1 0 0
    outer loop
      vertex 52 13 3
      vertex 52 6.2557 11.3365
      vertex 52 6.28888 11.1697
    endloop
  endfacet
  facet normal 1 0 0
    outer loop
      vertex 52 13 3
      vertex 52 6.20104 11.4975
      vertex 52 6.2557 11.3365
    endloop
  endfacet
  facet normal 1 -0 -0
    outer loop
      vertex 52 6.12583 11.65
      vertex 52 13 3
      vertex 52 -0.5 48.5
    endloop
  endfacet
  facet normal 1 0 0
    outer loop
      vertex 52 13 3
      vertex 52 6.12583 11.65
      vertex 52 6.20104 11.4975
    endloop
  endfacet
  facet normal 1 0 0
    outer loop
      vertex 52 6.12583 11.65
      vertex 52 -0.5 48.5
      vertex 52 6.03136 11.7914
    endloop
  endfacet
  facet normal 1 0 0
    outer loop
      vertex 52 6.03136 11.7914
      vertex 52 -0.5 48.5
      vertex 52 5.91924 11.9192
    endloop
  endfacet
  facet normal 1 0 0
    outer loop
      vertex 52 5.91924 11.9192
      vertex 52 -0.5 48.5
      vertex 52 5.79139 12.0314
    endloop
  endfacet
  facet normal 1 0 0
    outer loop
      vertex 52 5.79139 12.0314
      vertex 52 -0.5 48.5
      vertex 52 5.65 12.1258
    endloop
  endfacet
  facet normal 1 0 0
    outer loop
      vertex 52 5.65 12.1258
      vertex 52 -0.5 48.5
      vertex 52 5.49749 12.201
    endloop
  endfacet
  facet normal 1 0 0
    outer loop
      vertex 52 5.49749 12.201
      vertex 52 -0.5 48.5
      vertex 52 5.33646 12.2557
    endloop
  endfacet
  facet normal 1 0 0
    outer loop
      vertex 52 5.33646 12.2557
      vertex 52 -0.5 48.5
      vertex 52 5.16968 12.2889
    endloop
  endfacet
  facet normal 1 0 0
    outer loop
      vertex 52 5.16968 12.2889
      vertex 52 -0.5 48.5
      vertex 52 5 12.3
    endloop
  endfacet
  facet normal 1 0 0
    outer loop
      vertex 52 5 12.3
      vertex 52 -0.5 48.5
      vertex 52 4.83032 12.2889
    endloop
  endfacet
  facet normal 1 0 0
    outer loop
      vertex 52 4.83032 12.2889
      vertex 52 -0.5 48.5
      vertex 52 4.66354 12.2557
    endloop
  endfacet
  facet normal 1 0 0
    outer loop
      vertex 52 4.66354 12.2557
      vertex 52 -0.5 48.5
      vertex 52 4.50251 12.201
    endloop
  endfacet
  facet normal 1 -0 0
    outer loop
      vertex 52 -3.5 48.5
      vertex 52 4.50251 12.201
      vertex 52 -0.5 48.5
    endloop
  endfacet
  facet normal 1 0 0
    outer loop
      vertex 52 4.50251 12.201
      vertex 52 -3.5 48.5
      vertex 52 4.35 12.1258
    endloop
  endfacet
  facet normal 1 0 0
    outer loop
      vertex 52 4.35 12.1258
      vertex 52 -3.5 48.5
      vertex 52 4.20861 12.0314
    endloop
  endfacet
  facet normal 1 0 0
    outer loop
      vertex 52 4.20861 12.0314
      vertex 52 -3.5 48.5
      vertex 52 4.08076 11.9192
    endloop
  endfacet
  facet normal 1 0 0
    outer loop
      vertex 52 -24.0808 11.9192
      vertex 52 4.08076 11.9192
      vertex 52 -3.5 48.5
    endloop
  endfacet
  facet normal 1 0 0
    outer loop
      vertex 52 4.08076 11.9192
      vertex 52 -24.0808 11.9192
      vertex 52 3.96864 11.7914
    endloop
  endfacet
  facet normal 1 0 -0
    outer loop
      vertex 52 -23.9686 11.7914
      vertex 52 3.96864 11.7914
      vertex 52 -24.0808 11.9192
    endloop
  endfacet
  facet normal 1 0 0
    outer loop
      vertex 52 -0.5 52.5
      vertex 52 13 95
      vertex 52 -0.5 66.5
    endloop
  endfacet
  facet normal 1 0 0
    outer loop
      vertex 52 -0.5 66.5
      vertex 52 13 95
      vertex 52 -0.5 70.5
    endloop
  endfacet
  facet normal 1 0 0
    outer loop
      vertex 52 13 95
      vertex 52 -3.5 70.5
      vertex 52 -0.5 70.5
    endloop
  endfacet
  facet normal 1 0 0
    outer loop
      vertex 52 -28.5 66.5
      vertex 52 -3.5 66.5
      vertex 52 -3.5 70.5
    endloop
  endfacet
  facet normal 1 0 0
    outer loop
      vertex 52 -3.5 66.5
      vertex 52 -28.5 66.5
      vertex 52 -3.5 52.5
    endloop
  endfacet
  facet normal 1 0 0
    outer loop
      vertex 52 -3.5 52.5
      vertex 52 -28.5 52.5
      vertex 52 -3.5 48.5
    endloop
  endfacet
  facet normal 1 0 0
    outer loop
      vertex 52 3.71112 11.1697
      vertex 52 -23.7111 11.1697
      vertex 52 -23.7 11
    endloop
  endfacet
  facet normal 1 0 0
    outer loop
      vertex 52 3.71112 11.1697
      vertex 52 -23.7443 11.3365
      vertex 52 -23.7111 11.1697
    endloop
  endfacet
  facet normal 1 0 0
    outer loop
      vertex 52 3.7443 11.3365
      vertex 52 -23.7443 11.3365
      vertex 52 3.71112 11.1697
    endloop
  endfacet
  facet normal 1 0 -0
    outer loop
      vertex 52 -23.7443 11.3365
      vertex 52 3.7443 11.3365
      vertex 52 -23.799 11.4975
    endloop
  endfacet
  facet normal 1 0 0
    outer loop
      vertex 52 3.79896 11.4975
      vertex 52 -23.799 11.4975
      vertex 52 3.7443 11.3365
    endloop
  endfacet
  facet normal 1 0 -0
    outer loop
      vertex 52 -24.5025 12.201
      vertex 52 -3.5 48.5
      vertex 52 -28.5 48.5
    endloop
  endfacet
  facet normal 1 0 -0
    outer loop
      vertex 52 -23.799 11.4975
      vertex 52 3.79896 11.4975
      vertex 52 -23.8742 11.65
    endloop
  endfacet
  facet normal 1 0 0
    outer loop
      vertex 52 -3.5 48.5
      vertex 52 -24.2086 12.0314
      vertex 52 -24.0808 11.9192
    endloop
  endfacet
  facet normal 1 0 0
    outer loop
      vertex 52 -3.5 48.5
      vertex 52 -24.35 12.1258
      vertex 52 -24.2086 12.0314
    endloop
  endfacet
  facet normal 1 0 0
    outer loop
      vertex 52 -3.5 48.5
      vertex 52 -24.5025 12.201
      vertex 52 -24.35 12.1258
    endloop
  endfacet
  facet normal 1 0 0
    outer loop
      vertex 52 -24.5025 12.201
      vertex 52 -28.5 48.5
      vertex 52 -24.6635 12.2557
    endloop
  endfacet
  facet normal 1 0 0
    outer loop
      vertex 52 -24.6635 12.2557
      vertex 52 -28.5 48.5
      vertex 52 -24.8303 12.2889
    endloop
  endfacet
  facet normal 1 0 0
    outer loop
      vertex 52 -24.8303 12.2889
      vertex 52 -28.5 48.5
      vertex 52 -25 12.3
    endloop
  endfacet
  facet normal 1 0 0
    outer loop
      vertex 52 -25 12.3
      vertex 52 -28.5 48.5
      vertex 52 -25.1697 12.2889
    endloop
  endfacet
  facet normal 1 0 0
    outer loop
      vertex 52 -25.1697 12.2889
      vertex 52 -28.5 48.5
      vertex 52 -25.3365 12.2557
    endloop
  endfacet
  facet normal 1 -0 0
    outer loop
      vertex 52 -31.5 48.5
      vertex 52 -25.3365 12.2557
      vertex 52 -28.5 48.5
    endloop
  endfacet
  facet normal 1 0 0
    outer loop
      vertex 52 -25.3365 12.2557
      vertex 52 -31.5 48.5
      vertex 52 -25.4975 12.201
    endloop
  endfacet
  facet normal 1 0 0
    outer loop
      vertex 52 -25.4975 12.201
      vertex 52 -31.5 48.5
      vertex 52 -25.65 12.1258
    endloop
  endfacet
  facet normal 1 0 0
    outer loop
      vertex 52 -25.65 12.1258
      vertex 52 -31.5 48.5
      vertex 52 -25.7914 12.0314
    endloop
  endfacet
  facet normal 1 0 0
    outer loop
      vertex 52 -25.7914 12.0314
      vertex 52 -31.5 48.5
      vertex 52 -25.9192 11.9192
    endloop
  endfacet
  facet normal 1 0 0
    outer loop
      vertex 52 -25.9192 11.9192
      vertex 52 -31.5 48.5
      vertex 52 -26.0314 11.7914
    endloop
  endfacet
  facet normal 1 0 0
    outer loop
      vertex 52 -46.4 3
      vertex 52 -26.0314 11.7914
      vertex 52 -31.5 48.5
    endloop
  endfacet
  facet normal 1 0 0
    outer loop
      vertex 52 -3.5 48.5
      vertex 52 -28.5 52.5
      vertex 52 -28.5 48.5
    endloop
  endfacet
  facet normal 1 0 0
    outer loop
      vertex 52 -3.5 52.5
      vertex 52 -28.5 66.5
      vertex 52 -28.5 52.5
    endloop
  endfacet
  facet normal 1 0 0
    outer loop
      vertex 52 -28.5 66.5
      vertex 52 -3.5 70.5
      vertex 52 -28.5 70.5
    endloop
  endfacet
  facet normal 1 0 0
    outer loop
      vertex 52 13 95
      vertex 52 -28.5 70.5
      vertex 52 -3.5 70.5
    endloop
  endfacet
  facet normal 1 -0 0
    outer loop
      vertex 52 -46.4 95
      vertex 52 -28.5 70.5
      vertex 52 13 95
    endloop
  endfacet
  facet normal 1 0 0
    outer loop
      vertex 52 -46.4 95
      vertex 52 -31.5 66.5
      vertex 52 -31.5 70.5
    endloop
  endfacet
  facet normal 1 0 0
    outer loop
      vertex 52 -31.5 66.5
      vertex 52 -46.4 95
      vertex 52 -31.5 52.5
    endloop
  endfacet
  facet normal 1 0 0
    outer loop
      vertex 52 -31.5 52.5
      vertex 52 -46.4 95
      vertex 52 -31.5 48.5
    endloop
  endfacet
  facet normal 1 0 0
    outer loop
      vertex 52 -28.5 70.5
      vertex 52 -46.4 95
      vertex 52 -31.5 70.5
    endloop
  endfacet
  facet normal 1 -0 0
    outer loop
      vertex 52 6.28888 10.8303
      vertex 52 13 3
      vertex 52 6.3 11
    endloop
  endfacet
  facet normal 1 -0 0
    outer loop
      vertex 52 6.2557 10.6635
      vertex 52 13 3
      vertex 52 6.28888 10.8303
    endloop
  endfacet
  facet normal 1 -0 0
    outer loop
      vertex 52 6.20104 10.5025
      vertex 52 13 3
      vertex 52 6.2557 10.6635
    endloop
  endfacet
  facet normal 1 -0 0
    outer loop
      vertex 52 6.12583 10.35
      vertex 52 13 3
      vertex 52 6.20104 10.5025
    endloop
  endfacet
  facet normal 1 -0 0
    outer loop
      vertex 52 6.03136 10.2086
      vertex 52 13 3
      vertex 52 6.12583 10.35
    endloop
  endfacet
  facet normal 1 -0 0
    outer loop
      vertex 52 5.91924 10.0808
      vertex 52 13 3
      vertex 52 6.03136 10.2086
    endloop
  endfacet
  facet normal 1 -0 0
    outer loop
      vertex 52 5.79139 9.96864
      vertex 52 13 3
      vertex 52 5.91924 10.0808
    endloop
  endfacet
  facet normal 1 -0 0
    outer loop
      vertex 52 5.65 9.87417
      vertex 52 13 3
      vertex 52 5.79139 9.96864
    endloop
  endfacet
  facet normal 1 -0 0
    outer loop
      vertex 52 5.49749 9.79896
      vertex 52 13 3
      vertex 52 5.65 9.87417
    endloop
  endfacet
  facet normal 1 -0 0
    outer loop
      vertex 52 5.33646 9.7443
      vertex 52 13 3
      vertex 52 5.49749 9.79896
    endloop
  endfacet
  facet normal 1 -0 0
    outer loop
      vertex 52 5.16968 9.71112
      vertex 52 13 3
      vertex 52 5.33646 9.7443
    endloop
  endfacet
  facet normal 1 -0 0
    outer loop
      vertex 52 5 9.7
      vertex 52 13 3
      vertex 52 5.16968 9.71112
    endloop
  endfacet
  facet normal 1 0 0
    outer loop
      vertex 52 4.83032 9.71112
      vertex 52 13 3
      vertex 52 5 9.7
    endloop
  endfacet
  facet normal 1 0 0
    outer loop
      vertex 52 4.66354 9.7443
      vertex 52 13 3
      vertex 52 4.83032 9.71112
    endloop
  endfacet
  facet normal 1 0 0
    outer loop
      vertex 52 4.50251 9.79896
      vertex 52 13 3
      vertex 52 4.66354 9.7443
    endloop
  endfacet
  facet normal 1 0 0
    outer loop
      vertex 52 4.35 9.87417
      vertex 52 13 3
      vertex 52 4.50251 9.79896
    endloop
  endfacet
  facet normal 1 0 0
    outer loop
      vertex 52 -24.35 9.87417
      vertex 52 4.35 9.87417
      vertex 52 4.20861 9.96864
    endloop
  endfacet
  facet normal 1 0 0
    outer loop
      vertex 52 -0.5 48.5
      vertex 52 13 95
      vertex 52 -0.5 52.5
    endloop
  endfacet
  facet normal 1 0 0
    outer loop
      vertex 52 3.96864 11.7914
      vertex 52 -23.9686 11.7914
      vertex 52 3.87417 11.65
    endloop
  endfacet
  facet normal 1 0 -0
    outer loop
      vertex 52 -23.8742 11.65
      vertex 52 3.87417 11.65
      vertex 52 -23.9686 11.7914
    endloop
  endfacet
  facet normal 1 0 0
    outer loop
      vertex 52 3.87417 11.65
      vertex 52 -23.8742 11.65
      vertex 52 3.79896 11.4975
    endloop
  endfacet
  facet normal 1 0 0
    outer loop
      vertex 52 3.71112 11.1697
      vertex 52 -23.7 11
      vertex 52 3.7 11
    endloop
  endfacet
  facet normal 1 0 0
    outer loop
      vertex 52 3.7 11
      vertex 52 -23.7 11
      vertex 52 3.71112 10.8303
    endloop
  endfacet
  facet normal 1 0 0
    outer loop
      vertex 52 -23.7111 10.8303
      vertex 52 3.71112 10.8303
      vertex 52 -23.7 11
    endloop
  endfacet
  facet normal 1 0 0
    outer loop
      vertex 52 3.71112 10.8303
      vertex 52 -23.7111 10.8303
      vertex 52 3.7443 10.6635
    endloop
  endfacet
  facet normal 1 0 0
    outer loop
      vertex 52 -23.7443 10.6635
      vertex 52 3.7443 10.6635
      vertex 52 -23.7111 10.8303
    endloop
  endfacet
  facet normal 1 0 0
    outer loop
      vertex 52 3.7443 10.6635
      vertex 52 -23.7443 10.6635
      vertex 52 3.79896 10.5025
    endloop
  endfacet
  facet normal 1 0 0
    outer loop
      vertex 52 -23.799 10.5025
      vertex 52 3.79896 10.5025
      vertex 52 -23.7443 10.6635
    endloop
  endfacet
  facet normal 1 0 0
    outer loop
      vertex 52 3.79896 10.5025
      vertex 52 -23.799 10.5025
      vertex 52 3.87417 10.35
    endloop
  endfacet
  facet normal 1 0 0
    outer loop
      vertex 52 -23.8742 10.35
      vertex 52 3.87417 10.35
      vertex 52 -23.799 10.5025
    endloop
  endfacet
  facet normal 1 0 0
    outer loop
      vertex 52 3.87417 10.35
      vertex 52 -23.8742 10.35
      vertex 52 3.96864 10.2086
    endloop
  endfacet
  facet normal 1 0 0
    outer loop
      vertex 52 -23.9686 10.2086
      vertex 52 3.96864 10.2086
      vertex 52 -23.8742 10.35
    endloop
  endfacet
  facet normal 1 0 0
    outer loop
      vertex 52 3.96864 10.2086
      vertex 52 -23.9686 10.2086
      vertex 52 4.08076 10.0808
    endloop
  endfacet
  facet normal 1 0 0
    outer loop
      vertex 52 -24.0808 10.0808
      vertex 52 4.08076 10.0808
      vertex 52 -23.9686 10.2086
    endloop
  endfacet
  facet normal 1 0 0
    outer loop
      vertex 52 4.08076 10.0808
      vertex 52 -24.0808 10.0808
      vertex 52 4.20861 9.96864
    endloop
  endfacet
  facet normal 1 0 0
    outer loop
      vertex 52 -24.2086 9.96864
      vertex 52 4.20861 9.96864
      vertex 52 -24.0808 10.0808
    endloop
  endfacet
  facet normal 1 0 0
    outer loop
      vertex 52 -24.35 9.87417
      vertex 52 4.20861 9.96864
      vertex 52 -24.2086 9.96864
    endloop
  endfacet
  facet normal 1 0 0
    outer loop
      vertex 52 4.35 9.87417
      vertex 52 -24.35 9.87417
      vertex 52 13 3
    endloop
  endfacet
  facet normal 1 -0 0
    outer loop
      vertex 52 -24.5025 9.79896
      vertex 52 13 3
      vertex 52 -24.35 9.87417
    endloop
  endfacet
  facet normal 1 -0 0
    outer loop
      vertex 52 -24.6635 9.7443
      vertex 52 13 3
      vertex 52 -24.5025 9.79896
    endloop
  endfacet
  facet normal 1 -0 0
    outer loop
      vertex 52 -24.8303 9.71112
      vertex 52 13 3
      vertex 52 -24.6635 9.7443
    endloop
  endfacet
  facet normal 1 0 0
    outer loop
      vertex 52 -46.4 3
      vertex 52 -24.8303 9.71112
      vertex 52 -25 9.7
    endloop
  endfacet
  facet normal 1 0 0
    outer loop
      vertex 52 -46.4 3
      vertex 52 -25 9.7
      vertex 52 -25.1697 9.71112
    endloop
  endfacet
  facet normal 1 0 0
    outer loop
      vertex 52 -26.0314 11.7914
      vertex 52 -46.4 3
      vertex 52 -26.1258 11.65
    endloop
  endfacet
  facet normal 1 0 0
    outer loop
      vertex 52 -26.1258 11.65
      vertex 52 -46.4 3
      vertex 52 -26.201 11.4975
    endloop
  endfacet
  facet normal 1 0 0
    outer loop
      vertex 52 -26.201 11.4975
      vertex 52 -46.4 3
      vertex 52 -26.2557 11.3365
    endloop
  endfacet
  facet normal 1 0 0
    outer loop
      vertex 52 -26.2557 11.3365
      vertex 52 -46.4 3
      vertex 52 -26.2889 11.1697
    endloop
  endfacet
  facet normal 1 0 0
    outer loop
      vertex 52 -26.2889 11.1697
      vertex 52 -46.4 3
      vertex 52 -26.3 11
    endloop
  endfacet
  facet normal 1 0 0
    outer loop
      vertex 52 -46.4 3
      vertex 52 -31.5 48.5
      vertex 52 -46.4 95
    endloop
  endfacet
  facet normal 1 0 0
    outer loop
      vertex 52 -26.3 11
      vertex 52 -46.4 3
      vertex 52 -26.2889 10.8303
    endloop
  endfacet
  facet normal 1 0 0
    outer loop
      vertex 52 -24.8303 9.71112
      vertex 52 -46.4 3
      vertex 52 13 3
    endloop
  endfacet
  facet normal 1 0 0
    outer loop
      vertex 52 -25.3365 9.7443
      vertex 52 -46.4 3
      vertex 52 -25.1697 9.71112
    endloop
  endfacet
  facet normal 1 0 0
    outer loop
      vertex 52 -25.4975 9.79896
      vertex 52 -46.4 3
      vertex 52 -25.3365 9.7443
    endloop
  endfacet
  facet normal 1 0 0
    outer loop
      vertex 52 -25.65 9.87417
      vertex 52 -46.4 3
      vertex 52 -25.4975 9.79896
    endloop
  endfacet
  facet normal 1 0 0
    outer loop
      vertex 52 -25.7914 9.96864
      vertex 52 -46.4 3
      vertex 52 -25.65 9.87417
    endloop
  endfacet
  facet normal 1 0 0
    outer loop
      vertex 52 -25.9192 10.0808
      vertex 52 -46.4 3
      vertex 52 -25.7914 9.96864
    endloop
  endfacet
  facet normal 1 0 0
    outer loop
      vertex 52 -26.0314 10.2086
      vertex 52 -46.4 3
      vertex 52 -25.9192 10.0808
    endloop
  endfacet
  facet normal 1 0 0
    outer loop
      vertex 52 -26.1258 10.35
      vertex 52 -46.4 3
      vertex 52 -26.0314 10.2086
    endloop
  endfacet
  facet normal 1 0 0
    outer loop
      vertex 52 -26.201 10.5025
      vertex 52 -46.4 3
      vertex 52 -26.1258 10.35
    endloop
  endfacet
  facet normal 1 0 0
    outer loop
      vertex 52 -26.2557 10.6635
      vertex 52 -46.4 3
      vertex 52 -26.201 10.5025
    endloop
  endfacet
  facet normal 1 0 0
    outer loop
      vertex 52 -26.2889 10.8303
      vertex 52 -46.4 3
      vertex 52 -26.2557 10.6635
    endloop
  endfacet
  facet normal 0 1 0
    outer loop
      vertex -24.0332 13 62.9294
      vertex -27.9329 13 24.9193
      vertex -24.2327 13 63.0278
    endloop
  endfacet
  facet normal 0 1 0
    outer loop
      vertex -24.2327 13 63.0278
      vertex -40.1825 13 24.9423
      vertex -40.3 13 24.95
    endloop
  endfacet
  facet normal 0 1 0
    outer loop
      vertex -40.0671 13 24.9193
      vertex -24.2327 13 63.0278
      vertex -27.9329 13 24.9193
    endloop
  endfacet
  facet normal 0 1 0
    outer loop
      vertex -24.2327 13 63.0278
      vertex -40.0671 13 24.9193
      vertex -40.1825 13 24.9423
    endloop
  endfacet
  facet normal 0 1 -0
    outer loop
      vertex -28.0444 13 24.8815
      vertex -40.0671 13 24.9193
      vertex -27.9329 13 24.9193
    endloop
  endfacet
  facet normal 0 1 0
    outer loop
      vertex -28.0444 13 24.8815
      vertex -39.9556 13 24.8815
      vertex -40.0671 13 24.9193
    endloop
  endfacet
  facet normal 0 1 -0
    outer loop
      vertex -28.15 13 24.8294
      vertex -39.9556 13 24.8815
      vertex -28.0444 13 24.8815
    endloop
  endfacet
  facet normal 0 1 0
    outer loop
      vertex -28.15 13 24.8294
      vertex -39.85 13 24.8294
      vertex -39.9556 13 24.8815
    endloop
  endfacet
  facet normal 0 1 -0
    outer loop
      vertex -28.2479 13 24.764
      vertex -39.85 13 24.8294
      vertex -28.15 13 24.8294
    endloop
  endfacet
  facet normal 0 1 0
    outer loop
      vertex -28.2479 13 24.764
      vertex -39.7521 13 24.764
      vertex -39.85 13 24.8294
    endloop
  endfacet
  facet normal 0 1 -0
    outer loop
      vertex -28.3364 13 24.6864
      vertex -39.7521 13 24.764
      vertex -28.2479 13 24.764
    endloop
  endfacet
  facet normal 0 1 0
    outer loop
      vertex -28.3364 13 24.6864
      vertex -39.6636 13 24.6864
      vertex -39.7521 13 24.764
    endloop
  endfacet
  facet normal 0 1 -0
    outer loop
      vertex -28.414 13 24.5979
      vertex -39.6636 13 24.6864
      vertex -28.3364 13 24.6864
    endloop
  endfacet
  facet normal 0 1 0
    outer loop
      vertex -28.414 13 24.5979
      vertex -39.586 13 24.5979
      vertex -39.6636 13 24.6864
    endloop
  endfacet
  facet normal 0 1 -0
    outer loop
      vertex -28.4794 13 24.5
      vertex -39.586 13 24.5979
      vertex -28.414 13 24.5979
    endloop
  endfacet
  facet normal 0 1 0
    outer loop
      vertex -28.4794 13 24.5
      vertex -39.5206 13 24.5
      vertex -39.586 13 24.5979
    endloop
  endfacet
  facet normal 0 1 -0
    outer loop
      vertex -28.5315 13 24.3944
      vertex -39.5206 13 24.5
      vertex -28.4794 13 24.5
    endloop
  endfacet
  facet normal 0 1 0
    outer loop
      vertex -28.5315 13 24.3944
      vertex -39.4685 13 24.3944
      vertex -39.5206 13 24.5
    endloop
  endfacet
  facet normal 0 1 -0
    outer loop
      vertex -28.5693 13 24.2829
      vertex -39.4685 13 24.3944
      vertex -28.5315 13 24.3944
    endloop
  endfacet
  facet normal 0 1 0
    outer loop
      vertex -28.5693 13 24.2829
      vertex -39.4307 13 24.2829
      vertex -39.4685 13 24.3944
    endloop
  endfacet
  facet normal 0 1 -0
    outer loop
      vertex -28.5923 13 24.1675
      vertex -39.4307 13 24.2829
      vertex -28.5693 13 24.2829
    endloop
  endfacet
  facet normal 0 1 0
    outer loop
      vertex -28.5923 13 24.1675
      vertex -39.4077 13 24.1675
      vertex -39.4307 13 24.2829
    endloop
  endfacet
  facet normal 0 1 -0
    outer loop
      vertex -28.6 13 24.05
      vertex -39.4077 13 24.1675
      vertex -28.5923 13 24.1675
    endloop
  endfacet
  facet normal 0 1 0
    outer loop
      vertex -28.6 13 24.05
      vertex -39.4 13 24.05
      vertex -39.4077 13 24.1675
    endloop
  endfacet
  facet normal 0 1 0
    outer loop
      vertex -28.5923 13 23.9325
      vertex -39.4 13 24.05
      vertex -28.6 13 24.05
    endloop
  endfacet
  facet normal 0 1 0
    outer loop
      vertex -28.5923 13 23.9325
      vertex -39.4077 13 23.9325
      vertex -39.4 13 24.05
    endloop
  endfacet
  facet normal 0 1 0
    outer loop
      vertex -28.5693 13 23.8171
      vertex -39.4077 13 23.9325
      vertex -28.5923 13 23.9325
    endloop
  endfacet
  facet normal 0 1 0
    outer loop
      vertex -28.5693 13 23.8171
      vertex -39.4307 13 23.8171
      vertex -39.4077 13 23.9325
    endloop
  endfacet
  facet normal 0 1 0
    outer loop
      vertex -28.5315 13 23.7056
      vertex -39.4307 13 23.8171
      vertex -28.5693 13 23.8171
    endloop
  endfacet
  facet normal 0 1 0
    outer loop
      vertex -28.5315 13 23.7056
      vertex -39.4685 13 23.7056
      vertex -39.4307 13 23.8171
    endloop
  endfacet
  facet normal 0 1 0
    outer loop
      vertex -28.4794 13 23.6
      vertex -39.4685 13 23.7056
      vertex -28.5315 13 23.7056
    endloop
  endfacet
  facet normal 0 1 0
    outer loop
      vertex -28.4794 13 23.6
      vertex -39.5206 13 23.6
      vertex -39.4685 13 23.7056
    endloop
  endfacet
  facet normal 0 1 0
    outer loop
      vertex -28.414 13 23.5021
      vertex -39.5206 13 23.6
      vertex -28.4794 13 23.6
    endloop
  endfacet
  facet normal 0 1 0
    outer loop
      vertex -28.414 13 23.5021
      vertex -39.586 13 23.5021
      vertex -39.5206 13 23.6
    endloop
  endfacet
  facet normal 0 1 0
    outer loop
      vertex -28.3364 13 23.4136
      vertex -39.586 13 23.5021
      vertex -28.414 13 23.5021
    endloop
  endfacet
  facet normal 0 1 0
    outer loop
      vertex -28.3364 13 23.4136
      vertex -39.6636 13 23.4136
      vertex -39.586 13 23.5021
    endloop
  endfacet
  facet normal 0 1 0
    outer loop
      vertex -28.2479 13 23.336
      vertex -39.6636 13 23.4136
      vertex -28.3364 13 23.4136
    endloop
  endfacet
  facet normal 0 1 0
    outer loop
      vertex -28.2479 13 23.336
      vertex -39.7521 13 23.336
      vertex -39.6636 13 23.4136
    endloop
  endfacet
  facet normal 0 1 0
    outer loop
      vertex -28.15 13 23.2706
      vertex -39.7521 13 23.336
      vertex -28.2479 13 23.336
    endloop
  endfacet
  facet normal 0 1 0
    outer loop
      vertex -28.15 13 23.2706
      vertex -39.85 13 23.2706
      vertex -39.7521 13 23.336
    endloop
  endfacet
  facet normal 0 1 0
    outer loop
      vertex -28.0444 13 23.2185
      vertex -39.85 13 23.2706
      vertex -28.15 13 23.2706
    endloop
  endfacet
  facet normal 0 1 0
    outer loop
      vertex -28.0444 13 23.2185
      vertex -39.9556 13 23.2185
      vertex -39.85 13 23.2706
    endloop
  endfacet
  facet normal 0 1 0
    outer loop
      vertex -27.9329 13 23.1807
      vertex -39.9556 13 23.2185
      vertex -28.0444 13 23.2185
    endloop
  endfacet
  facet normal 0 1 0
    outer loop
      vertex -27.9329 13 23.1807
      vertex -40.0671 13 23.1807
      vertex -39.9556 13 23.2185
    endloop
  endfacet
  facet normal 0 1 0
    outer loop
      vertex -52 13 3
      vertex -27.9329 13 23.1807
      vertex -27.8175 13 23.1577
    endloop
  endfacet
  facet normal 0 1 0
    outer loop
      vertex -27.9329 13 23.1807
      vertex -52 13 3
      vertex -40.0671 13 23.1807
    endloop
  endfacet
  facet normal 0 1 0
    outer loop
      vertex -9.89778 13 9.22354
      vertex -27.8175 13 23.1577
      vertex -27.7 13 23.15
    endloop
  endfacet
  facet normal 0 1 0
    outer loop
      vertex -40.0671 13 23.1807
      vertex -52 13 3
      vertex -40.1825 13 23.1577
    endloop
  endfacet
  facet normal 0 1 0
    outer loop
      vertex -23.6046 13 62.8145
      vertex -27.5825 13 24.9423
      vertex -27.7 13 24.95
    endloop
  endfacet
  facet normal 0 1 0
    outer loop
      vertex -1.20208 13 25.2021
      vertex -27.4671 13 24.9193
      vertex -27.5825 13 24.9423
    endloop
  endfacet
  facet normal 0 1 0
    outer loop
      vertex -1.20208 13 25.2021
      vertex -27.3556 13 24.8815
      vertex -27.4671 13 24.9193
    endloop
  endfacet
  facet normal 0 1 0
    outer loop
      vertex -26.986 13 24.5979
      vertex -1.3487 13 25.0349
      vertex -1.47224 13 24.85
    endloop
  endfacet
  facet normal 0 1 0
    outer loop
      vertex -1.20208 13 25.2021
      vertex -27.25 13 24.8294
      vertex -27.3556 13 24.8815
    endloop
  endfacet
  facet normal 0 1 0
    outer loop
      vertex -1.20208 13 25.2021
      vertex -27.1521 13 24.764
      vertex -27.25 13 24.8294
    endloop
  endfacet
  facet normal 0 1 0
    outer loop
      vertex -1.20208 13 25.2021
      vertex -27.0636 13 24.6864
      vertex -27.1521 13 24.764
    endloop
  endfacet
  facet normal 0 1 0
    outer loop
      vertex -8.14806 13 18.7716
      vertex -1.47224 13 24.85
      vertex -1.57059 13 24.6506
    endloop
  endfacet
  facet normal 0 1 0
    outer loop
      vertex -1.3487 13 25.0349
      vertex -26.986 13 24.5979
      vertex -27.0636 13 24.6864
    endloop
  endfacet
  facet normal 0 1 0
    outer loop
      vertex -1.47224 13 24.85
      vertex -26.9206 13 24.5
      vertex -26.986 13 24.5979
    endloop
  endfacet
  facet normal 0 1 0
    outer loop
      vertex -7.77646 13 18.8978
      vertex -1.57059 13 24.6506
      vertex -1.64207 13 24.44
    endloop
  endfacet
  facet normal 0 1 0
    outer loop
      vertex -1.47224 13 24.85
      vertex -8.14806 13 18.7716
      vertex -26.9206 13 24.5
    endloop
  endfacet
  facet normal 0 1 -0
    outer loop
      vertex -8.5 13 18.5981
      vertex -26.9206 13 24.5
      vertex -8.14806 13 18.7716
    endloop
  endfacet
  facet normal 0 1 0
    outer loop
      vertex -7.39157 13 18.9743
      vertex -1.64207 13 24.44
      vertex -1.68546 13 24.2219
    endloop
  endfacet
  facet normal 0 1 0
    outer loop
      vertex -26.9206 13 24.5
      vertex -8.5 13 18.5981
      vertex -26.8685 13 24.3944
    endloop
  endfacet
  facet normal 0 1 -0
    outer loop
      vertex -8.82628 13 18.3801
      vertex -26.8685 13 24.3944
      vertex -8.5 13 18.5981
    endloop
  endfacet
  facet normal 0 1 0
    outer loop
      vertex -7 13 19
      vertex -1.68546 13 24.2219
      vertex -1.7 13 24
    endloop
  endfacet
  facet normal 0 1 0
    outer loop
      vertex -26.8685 13 24.3944
      vertex -8.82628 13 18.3801
      vertex -26.8307 13 24.2829
    endloop
  endfacet
  facet normal 0 1 0
    outer loop
      vertex -26.8307 13 24.2829
      vertex -8.82628 13 18.3801
      vertex -26.8077 13 24.1675
    endloop
  endfacet
  facet normal 0 1 0
    outer loop
      vertex -7 13 19
      vertex -1.7 13 24
      vertex -1.68546 13 23.7781
    endloop
  endfacet
  facet normal 0 1 -0
    outer loop
      vertex -9.12132 13 18.1213
      vertex -26.8077 13 24.1675
      vertex -8.82628 13 18.3801
    endloop
  endfacet
  facet normal 0 1 0
    outer loop
      vertex -26.8077 13 24.1675
      vertex -9.12132 13 18.1213
      vertex -26.8 13 24.05
    endloop
  endfacet
  facet normal 0 1 0
    outer loop
      vertex -7 13 19
      vertex -1.68546 13 23.7781
      vertex -1.64207 13 23.56
    endloop
  endfacet
  facet normal 0 1 -0
    outer loop
      vertex -9.38007 13 17.8263
      vertex -26.8 13 24.05
      vertex -9.12132 13 18.1213
    endloop
  endfacet
  facet normal 0 1 0
    outer loop
      vertex -26.8 13 24.05
      vertex -9.38007 13 17.8263
      vertex -26.8077 13 23.9325
    endloop
  endfacet
  facet normal 0 1 0
    outer loop
      vertex -7 13 19
      vertex -1.64207 13 23.56
      vertex -1.57059 13 23.3494
    endloop
  endfacet
  facet normal 0 1 -0
    outer loop
      vertex -9.59808 13 17.5
      vertex -26.8077 13 23.9325
      vertex -9.38007 13 17.8263
    endloop
  endfacet
  facet normal 0 1 0
    outer loop
      vertex -26.8077 13 23.9325
      vertex -9.59808 13 17.5
      vertex -26.8307 13 23.8171
    endloop
  endfacet
  facet normal 0 1 -0
    outer loop
      vertex -9.77164 13 17.148
      vertex -26.8307 13 23.8171
      vertex -9.59808 13 17.5
    endloop
  endfacet
  facet normal 0 1 0
    outer loop
      vertex -26.8307 13 23.8171
      vertex -9.77164 13 17.148
      vertex -26.8685 13 23.7056
    endloop
  endfacet
  facet normal 0 1 -0
    outer loop
      vertex -9.89778 13 16.7764
      vertex -26.8685 13 23.7056
      vertex -9.77164 13 17.148
    endloop
  endfacet
  facet normal 0 1 0
    outer loop
      vertex -7 13 19
      vertex -1.57059 13 23.3494
      vertex -1.47224 13 23.15
    endloop
  endfacet
  facet normal 0 1 0
    outer loop
      vertex -26.8685 13 23.7056
      vertex -9.89778 13 16.7764
      vertex -26.9206 13 23.6
    endloop
  endfacet
  facet normal 0 1 0
    outer loop
      vertex -26.9206 13 23.6
      vertex -9.89778 13 16.7764
      vertex -26.986 13 23.5021
    endloop
  endfacet
  facet normal 0 1 0
    outer loop
      vertex -7 13 19
      vertex -1.47224 13 23.15
      vertex -1.3487 13 22.9651
    endloop
  endfacet
  facet normal 0 1 0
    outer loop
      vertex 22.7321 13 66.0706
      vertex 52 13 95
      vertex 22.9427 13 66.1421
    endloop
  endfacet
  facet normal 0 1 0
    outer loop
      vertex -52 13 95
      vertex -23.1608 13 66.1855
      vertex -23.3827 13 66.2
    endloop
  endfacet
  facet normal 0 1 0
    outer loop
      vertex 52 13 95
      vertex 22.7321 13 66.0706
      vertex -52 13 95
    endloop
  endfacet
  facet normal 0 1 0
    outer loop
      vertex -52 13 95
      vertex -22.9427 13 66.1421
      vertex -23.1608 13 66.1855
    endloop
  endfacet
  facet normal 0 1 -0
    outer loop
      vertex -22.7321 13 66.0706
      vertex -52 13 95
      vertex 22.7321 13 66.0706
    endloop
  endfacet
  facet normal 0 1 0
    outer loop
      vertex -52 13 95
      vertex -22.7321 13 66.0706
      vertex -22.9427 13 66.1421
    endloop
  endfacet
  facet normal 0 1 -0
    outer loop
      vertex 22.5327 13 65.9722
      vertex -22.7321 13 66.0706
      vertex 22.7321 13 66.0706
    endloop
  endfacet
  facet normal 0 1 0
    outer loop
      vertex 22.5327 13 65.9722
      vertex -22.5327 13 65.9722
      vertex -22.7321 13 66.0706
    endloop
  endfacet
  facet normal 0 1 -0
    outer loop
      vertex 22.3478 13 65.8487
      vertex -22.5327 13 65.9722
      vertex 22.5327 13 65.9722
    endloop
  endfacet
  facet normal 0 1 0
    outer loop
      vertex 22.3478 13 65.8487
      vertex -22.3478 13 65.8487
      vertex -22.5327 13 65.9722
    endloop
  endfacet
  facet normal 0 1 -0
    outer loop
      vertex 22.1806 13 65.7021
      vertex -22.3478 13 65.8487
      vertex 22.3478 13 65.8487
    endloop
  endfacet
  facet normal 0 1 0
    outer loop
      vertex 22.1806 13 65.7021
      vertex -22.1806 13 65.7021
      vertex -22.3478 13 65.8487
    endloop
  endfacet
  facet normal 0 1 -0
    outer loop
      vertex 22.034 13 65.5349
      vertex -22.1806 13 65.7021
      vertex 22.1806 13 65.7021
    endloop
  endfacet
  facet normal 0 1 0
    outer loop
      vertex 22.034 13 65.5349
      vertex -22.034 13 65.5349
      vertex -22.1806 13 65.7021
    endloop
  endfacet
  facet normal 0 1 -0
    outer loop
      vertex 21.9104 13 65.35
      vertex -22.034 13 65.5349
      vertex 22.034 13 65.5349
    endloop
  endfacet
  facet normal 0 1 0
    outer loop
      vertex 21.9104 13 65.35
      vertex -21.9104 13 65.35
      vertex -22.034 13 65.5349
    endloop
  endfacet
  facet normal 0 1 -0
    outer loop
      vertex 21.8121 13 65.1506
      vertex -21.9104 13 65.35
      vertex 21.9104 13 65.35
    endloop
  endfacet
  facet normal 0 1 0
    outer loop
      vertex 21.8121 13 65.1506
      vertex -21.8121 13 65.1506
      vertex -21.9104 13 65.35
    endloop
  endfacet
  facet normal 0 1 -0
    outer loop
      vertex 21.7406 13 64.94
      vertex -21.8121 13 65.1506
      vertex 21.8121 13 65.1506
    endloop
  endfacet
  facet normal 0 1 0
    outer loop
      vertex 21.7406 13 64.94
      vertex -21.7406 13 64.94
      vertex -21.8121 13 65.1506
    endloop
  endfacet
  facet normal 0 1 -0
    outer loop
      vertex 21.6972 13 64.7219
      vertex -21.7406 13 64.94
      vertex 21.7406 13 64.94
    endloop
  endfacet
  facet normal 0 1 0
    outer loop
      vertex 21.6972 13 64.7219
      vertex -21.6972 13 64.7219
      vertex -21.7406 13 64.94
    endloop
  endfacet
  facet normal 0 1 -0
    outer loop
      vertex 21.6827 13 64.5
      vertex -21.6972 13 64.7219
      vertex 21.6972 13 64.7219
    endloop
  endfacet
  facet normal 0 1 0
    outer loop
      vertex 21.6827 13 64.5
      vertex -21.6827 13 64.5
      vertex -21.6972 13 64.7219
    endloop
  endfacet
  facet normal 0 1 0
    outer loop
      vertex 21.6972 13 64.2781
      vertex -21.6827 13 64.5
      vertex 21.6827 13 64.5
    endloop
  endfacet
  facet normal 0 1 0
    outer loop
      vertex 21.6972 13 64.2781
      vertex -21.6972 13 64.2781
      vertex -21.6827 13 64.5
    endloop
  endfacet
  facet normal 0 1 0
    outer loop
      vertex 21.7406 13 64.06
      vertex -21.6972 13 64.2781
      vertex 21.6972 13 64.2781
    endloop
  endfacet
  facet normal 0 1 0
    outer loop
      vertex 21.7406 13 64.06
      vertex -21.7406 13 64.06
      vertex -21.6972 13 64.2781
    endloop
  endfacet
  facet normal 0 1 0
    outer loop
      vertex 21.8121 13 63.8494
      vertex -21.7406 13 64.06
      vertex 21.7406 13 64.06
    endloop
  endfacet
  facet normal 0 1 0
    outer loop
      vertex 21.8121 13 63.8494
      vertex -21.8121 13 63.8494
      vertex -21.7406 13 64.06
    endloop
  endfacet
  facet normal 0 1 0
    outer loop
      vertex 21.9104 13 63.65
      vertex -21.8121 13 63.8494
      vertex 21.8121 13 63.8494
    endloop
  endfacet
  facet normal 0 1 0
    outer loop
      vertex 21.9104 13 63.65
      vertex -21.9104 13 63.65
      vertex -21.8121 13 63.8494
    endloop
  endfacet
  facet normal 0 1 0
    outer loop
      vertex 0 13 25.7
      vertex 21.9104 13 63.65
      vertex 22.034 13 63.4651
    endloop
  endfacet
  facet normal 0 1 0
    outer loop
      vertex 21.9104 13 63.65
      vertex 0 13 25.7
      vertex -21.9104 13 63.65
    endloop
  endfacet
  facet normal 0 1 0
    outer loop
      vertex 0.221894 13 25.6855
      vertex 22.034 13 63.4651
      vertex 22.1806 13 63.2979
    endloop
  endfacet
  facet normal 0 1 0
    outer loop
      vertex -21.9104 13 63.65
      vertex 0 13 25.7
      vertex -22.034 13 63.4651
    endloop
  endfacet
  facet normal 0 1 0
    outer loop
      vertex 0.439992 13 25.6421
      vertex 22.1806 13 63.2979
      vertex 22.3478 13 63.1513
    endloop
  endfacet
  facet normal 0 1 -0
    outer loop
      vertex -0.221894 13 25.6855
      vertex -22.034 13 63.4651
      vertex 0 13 25.7
    endloop
  endfacet
  facet normal 0 1 0
    outer loop
      vertex 0.650561 13 25.5706
      vertex 22.3478 13 63.1513
      vertex 22.5327 13 63.0278
    endloop
  endfacet
  facet normal 0 1 0
    outer loop
      vertex -22.034 13 63.4651
      vertex -0.221894 13 25.6855
      vertex -22.1806 13 63.2979
    endloop
  endfacet
  facet normal 0 1 0
    outer loop
      vertex 0.849999 13 25.4722
      vertex 22.5327 13 63.0278
      vertex 22.7321 13 62.9294
    endloop
  endfacet
  facet normal 0 1 -0
    outer loop
      vertex -0.439992 13 25.6421
      vertex -22.1806 13 63.2979
      vertex -0.221894 13 25.6855
    endloop
  endfacet
  facet normal 0 1 0
    outer loop
      vertex 1.03489 13 25.3487
      vertex 22.7321 13 62.9294
      vertex 22.9427 13 62.8579
    endloop
  endfacet
  facet normal 0 1 0
    outer loop
      vertex -22.1806 13 63.2979
      vertex -0.439992 13 25.6421
      vertex -22.3478 13 63.1513
    endloop
  endfacet
  facet normal 0 1 0
    outer loop
      vertex 1.20208 13 25.2021
      vertex 22.9427 13 62.8579
      vertex 23.1608 13 62.8145
    endloop
  endfacet
  facet normal 0 1 -0
    outer loop
      vertex -0.650561 13 25.5706
      vertex -22.3478 13 63.1513
      vertex -0.439992 13 25.6421
    endloop
  endfacet
  facet normal 0 1 0
    outer loop
      vertex 8.5 13 18.5981
      vertex 23.1608 13 62.8145
      vertex 23.3827 13 62.8
    endloop
  endfacet
  facet normal 0 1 0
    outer loop
      vertex -22.3478 13 63.1513
      vertex -0.650561 13 25.5706
      vertex -22.5327 13 63.0278
    endloop
  endfacet
  facet normal 0 1 0
    outer loop
      vertex 23.1608 13 66.1855
      vertex 52 13 95
      vertex 23.3827 13 66.2
    endloop
  endfacet
  facet normal 0 1 0
    outer loop
      vertex 52 13 95
      vertex 23.6046 13 66.1855
      vertex 23.3827 13 66.2
    endloop
  endfacet
  facet normal 0 1 0
    outer loop
      vertex 52 13 95
      vertex 23.8227 13 66.1421
      vertex 23.6046 13 66.1855
    endloop
  endfacet
  facet normal 0 1 0
    outer loop
      vertex 52 13 95
      vertex 24.0332 13 66.0706
      vertex 23.8227 13 66.1421
    endloop
  endfacet
  facet normal 0 1 0
    outer loop
      vertex 52 13 95
      vertex 24.2327 13 65.9722
      vertex 24.0332 13 66.0706
    endloop
  endfacet
  facet normal 0 1 0
    outer loop
      vertex 52 13 95
      vertex 24.4176 13 65.8487
      vertex 24.2327 13 65.9722
    endloop
  endfacet
  facet normal 0 1 0
    outer loop
      vertex 52 13 95
      vertex 24.5848 13 65.7021
      vertex 24.4176 13 65.8487
    endloop
  endfacet
  facet normal 0 1 0
    outer loop
      vertex 52 13 95
      vertex 24.7314 13 65.5349
      vertex 24.5848 13 65.7021
    endloop
  endfacet
  facet normal 0 1 0
    outer loop
      vertex 52 13 95
      vertex 24.8549 13 65.35
      vertex 24.7314 13 65.5349
    endloop
  endfacet
  facet normal 0 1 0
    outer loop
      vertex 52 13 95
      vertex 24.9533 13 65.1506
      vertex 24.8549 13 65.35
    endloop
  endfacet
  facet normal 0 1 0
    outer loop
      vertex 52 13 95
      vertex 25.0248 13 64.94
      vertex 24.9533 13 65.1506
    endloop
  endfacet
  facet normal 0 1 0
    outer loop
      vertex 52 13 95
      vertex 25.0681 13 64.7219
      vertex 25.0248 13 64.94
    endloop
  endfacet
  facet normal 0 1 0
    outer loop
      vertex 52 13 95
      vertex 25.0827 13 64.5
      vertex 25.0681 13 64.7219
    endloop
  endfacet
  facet normal 0 1 0
    outer loop
      vertex 52 13 95
      vertex 25.0681 13 64.2781
      vertex 25.0827 13 64.5
    endloop
  endfacet
  facet normal 0 1 0
    outer loop
      vertex 52 13 95
      vertex 25.0248 13 64.06
      vertex 25.0681 13 64.2781
    endloop
  endfacet
  facet normal 0 1 -0
    outer loop
      vertex 52 13 3
      vertex 25.0248 13 64.06
      vertex 52 13 95
    endloop
  endfacet
  facet normal 0 1 0
    outer loop
      vertex 25.0248 13 64.06
      vertex 52 13 3
      vertex 24.9533 13 63.8494
    endloop
  endfacet
  facet normal 0 1 0
    outer loop
      vertex 24.9533 13 63.8494
      vertex 52 13 3
      vertex 24.8549 13 63.65
    endloop
  endfacet
  facet normal 0 1 -0
    outer loop
      vertex -0.849999 13 25.4722
      vertex -22.5327 13 63.0278
      vertex -0.650561 13 25.5706
    endloop
  endfacet
  facet normal 0 1 0
    outer loop
      vertex 8.82628 13 18.3801
      vertex 23.3827 13 62.8
      vertex 23.6046 13 62.8145
    endloop
  endfacet
  facet normal 0 1 0
    outer loop
      vertex 9.12132 13 18.1213
      vertex 23.6046 13 62.8145
      vertex 23.8227 13 62.8579
    endloop
  endfacet
  facet normal 0 1 0
    outer loop
      vertex 9.38007 13 17.8263
      vertex 23.8227 13 62.8579
      vertex 24.0332 13 62.9294
    endloop
  endfacet
  facet normal 0 1 0
    outer loop
      vertex 9.59808 13 17.5
      vertex 24.0332 13 62.9294
      vertex 24.2327 13 63.0278
    endloop
  endfacet
  facet normal 0 1 0
    outer loop
      vertex 52 13 3
      vertex 24.2327 13 63.0278
      vertex 24.4176 13 63.1513
    endloop
  endfacet
  facet normal 0 1 0
    outer loop
      vertex 52 13 3
      vertex 24.4176 13 63.1513
      vertex 24.5848 13 63.2979
    endloop
  endfacet
  facet normal 0 1 0
    outer loop
      vertex 52 13 3
      vertex 24.5848 13 63.2979
      vertex 24.7314 13 63.4651
    endloop
  endfacet
  facet normal 0 1 0
    outer loop
      vertex 24.8549 13 63.65
      vertex 52 13 3
      vertex 24.7314 13 63.4651
    endloop
  endfacet
  facet normal 0 1 0
    outer loop
      vertex 22.034 13 63.4651
      vertex 0.221894 13 25.6855
      vertex 0 13 25.7
    endloop
  endfacet
  facet normal 0 1 0
    outer loop
      vertex 22.1806 13 63.2979
      vertex 0.439992 13 25.6421
      vertex 0.221894 13 25.6855
    endloop
  endfacet
  facet normal 0 1 0
    outer loop
      vertex 22.3478 13 63.1513
      vertex 0.650561 13 25.5706
      vertex 0.439992 13 25.6421
    endloop
  endfacet
  facet normal 0 1 0
    outer loop
      vertex 22.5327 13 63.0278
      vertex 0.849999 13 25.4722
      vertex 0.650561 13 25.5706
    endloop
  endfacet
  facet normal 0 1 0
    outer loop
      vertex 22.7321 13 62.9294
      vertex 1.03489 13 25.3487
      vertex 0.849999 13 25.4722
    endloop
  endfacet
  facet normal 0 1 0
    outer loop
      vertex 22.9427 13 62.8579
      vertex 1.20208 13 25.2021
      vertex 1.03489 13 25.3487
    endloop
  endfacet
  facet normal 0 1 0
    outer loop
      vertex 23.1608 13 62.8145
      vertex 1.3487 13 25.0349
      vertex 1.20208 13 25.2021
    endloop
  endfacet
  facet normal 0 1 0
    outer loop
      vertex 23.3827 13 62.8
      vertex 8.82628 13 18.3801
      vertex 8.5 13 18.5981
    endloop
  endfacet
  facet normal 0 1 0
    outer loop
      vertex 23.1608 13 62.8145
      vertex 8.5 13 18.5981
      vertex 1.3487 13 25.0349
    endloop
  endfacet
  facet normal 0 1 0
    outer loop
      vertex 1.3487 13 25.0349
      vertex 8.5 13 18.5981
      vertex 1.47224 13 24.85
    endloop
  endfacet
  facet normal 0 1 0
    outer loop
      vertex 1.47224 13 24.85
      vertex 8.14806 13 18.7716
      vertex 1.57059 13 24.6506
    endloop
  endfacet
  facet normal -0 1 -0
    outer loop
      vertex 7.77646 13 18.8978
      vertex 1.57059 13 24.6506
      vertex 8.14806 13 18.7716
    endloop
  endfacet
  facet normal 0 1 0
    outer loop
      vertex 1.57059 13 24.6506
      vertex 7.77646 13 18.8978
      vertex 1.64207 13 24.44
    endloop
  endfacet
  facet normal -0 1 -0
    outer loop
      vertex 7.39157 13 18.9743
      vertex 1.64207 13 24.44
      vertex 7.77646 13 18.8978
    endloop
  endfacet
  facet normal 0 1 0
    outer loop
      vertex 1.64207 13 24.44
      vertex 7.39157 13 18.9743
      vertex 1.68546 13 24.2219
    endloop
  endfacet
  facet normal -0 1 -0
    outer loop
      vertex 7 13 19
      vertex 1.68546 13 24.2219
      vertex 7.39157 13 18.9743
    endloop
  endfacet
  facet normal 0 1 0
    outer loop
      vertex 1.68546 13 24.2219
      vertex 7 13 19
      vertex 1.7 13 24
    endloop
  endfacet
  facet normal 0 1 0
    outer loop
      vertex 0.221894 13 22.3145
      vertex 7 13 19
      vertex 0 13 22.3
    endloop
  endfacet
  facet normal 0 1 0
    outer loop
      vertex 0.439992 13 22.3579
      vertex 7 13 19
      vertex 0.221894 13 22.3145
    endloop
  endfacet
  facet normal 0 1 0
    outer loop
      vertex 0.650561 13 22.4294
      vertex 7 13 19
      vertex 0.439992 13 22.3579
    endloop
  endfacet
  facet normal 0 1 0
    outer loop
      vertex 0.849999 13 22.5278
      vertex 7 13 19
      vertex 0.650561 13 22.4294
    endloop
  endfacet
  facet normal 0 1 0
    outer loop
      vertex 1.03489 13 22.6513
      vertex 7 13 19
      vertex 0.849999 13 22.5278
    endloop
  endfacet
  facet normal 0 1 0
    outer loop
      vertex 1.20208 13 22.7979
      vertex 7 13 19
      vertex 1.03489 13 22.6513
    endloop
  endfacet
  facet normal 0 1 0
    outer loop
      vertex 1.3487 13 22.9651
      vertex 7 13 19
      vertex 1.20208 13 22.7979
    endloop
  endfacet
  facet normal 0 1 0
    outer loop
      vertex 1.68546 13 23.7781
      vertex 7 13 19
      vertex 1.64207 13 23.56
    endloop
  endfacet
  facet normal 0 1 0
    outer loop
      vertex 1.47224 13 23.15
      vertex 7 13 19
      vertex 1.3487 13 22.9651
    endloop
  endfacet
  facet normal 0 1 0
    outer loop
      vertex 1.57059 13 23.3494
      vertex 7 13 19
      vertex 1.47224 13 23.15
    endloop
  endfacet
  facet normal 0 1 0
    outer loop
      vertex 1.64207 13 23.56
      vertex 7 13 19
      vertex 1.57059 13 23.3494
    endloop
  endfacet
  facet normal 0 1 0
    outer loop
      vertex 1.7 13 24
      vertex 7 13 19
      vertex 1.68546 13 23.7781
    endloop
  endfacet
  facet normal -0 1 -0
    outer loop
      vertex 8.14806 13 18.7716
      vertex 1.47224 13 24.85
      vertex 8.5 13 18.5981
    endloop
  endfacet
  facet normal 0 1 0
    outer loop
      vertex 23.6046 13 62.8145
      vertex 9.12132 13 18.1213
      vertex 8.82628 13 18.3801
    endloop
  endfacet
  facet normal 0 1 0
    outer loop
      vertex 23.8227 13 62.8579
      vertex 9.38007 13 17.8263
      vertex 9.12132 13 18.1213
    endloop
  endfacet
  facet normal 0 1 0
    outer loop
      vertex 24.2327 13 63.0278
      vertex 52 13 3
      vertex 9.59808 13 17.5
    endloop
  endfacet
  facet normal 0 1 0
    outer loop
      vertex 24.0332 13 62.9294
      vertex 9.59808 13 17.5
      vertex 9.38007 13 17.8263
    endloop
  endfacet
  facet normal 0 1 0
    outer loop
      vertex 9.59808 13 17.5
      vertex 52 13 3
      vertex 9.77164 13 17.148
    endloop
  endfacet
  facet normal 0 1 0
    outer loop
      vertex 9.77164 13 17.148
      vertex 52 13 3
      vertex 9.89778 13 16.7764
    endloop
  endfacet
  facet normal 0 1 0
    outer loop
      vertex 9.89778 13 16.7764
      vertex 52 13 3
      vertex 9.97433 13 16.3916
    endloop
  endfacet
  facet normal 0 1 0
    outer loop
      vertex 9.97433 13 16.3916
      vertex 52 13 3
      vertex 10 13 16
    endloop
  endfacet
  facet normal 0 1 0
    outer loop
      vertex 10 13 16
      vertex 52 13 3
      vertex 10 13 10
    endloop
  endfacet
  facet normal 0 1 0
    outer loop
      vertex 10 13 10
      vertex 52 13 3
      vertex 9.97433 13 9.60843
    endloop
  endfacet
  facet normal 0 1 0
    outer loop
      vertex 9.97433 13 9.60843
      vertex 52 13 3
      vertex 9.89778 13 9.22354
    endloop
  endfacet
  facet normal 0 1 0
    outer loop
      vertex 7 13 7
      vertex 52 13 3
      vertex -7 13 7
    endloop
  endfacet
  facet normal 0 1 0
    outer loop
      vertex 7.39157 13 7.02566
      vertex 52 13 3
      vertex 7 13 7
    endloop
  endfacet
  facet normal 0 1 0
    outer loop
      vertex 7.77646 13 7.10222
      vertex 52 13 3
      vertex 7.39157 13 7.02566
    endloop
  endfacet
  facet normal 0 1 0
    outer loop
      vertex 8.14806 13 7.22836
      vertex 52 13 3
      vertex 7.77646 13 7.10222
    endloop
  endfacet
  facet normal 0 1 0
    outer loop
      vertex 8.5 13 7.40192
      vertex 52 13 3
      vertex 8.14806 13 7.22836
    endloop
  endfacet
  facet normal 0 1 0
    outer loop
      vertex 8.82628 13 7.61993
      vertex 52 13 3
      vertex 8.5 13 7.40192
    endloop
  endfacet
  facet normal 0 1 0
    outer loop
      vertex 9.12132 13 7.87868
      vertex 52 13 3
      vertex 8.82628 13 7.61993
    endloop
  endfacet
  facet normal 0 1 0
    outer loop
      vertex 9.38007 13 8.17372
      vertex 52 13 3
      vertex 9.12132 13 7.87868
    endloop
  endfacet
  facet normal 0 1 0
    outer loop
      vertex 9.59808 13 8.5
      vertex 52 13 3
      vertex 9.38007 13 8.17372
    endloop
  endfacet
  facet normal 0 1 0
    outer loop
      vertex 9.77164 13 8.85194
      vertex 52 13 3
      vertex 9.59808 13 8.5
    endloop
  endfacet
  facet normal 0 1 0
    outer loop
      vertex 9.89778 13 9.22354
      vertex 52 13 3
      vertex 9.77164 13 8.85194
    endloop
  endfacet
  facet normal 0 1 0
    outer loop
      vertex 22.9427 13 66.1421
      vertex 52 13 95
      vertex 23.1608 13 66.1855
    endloop
  endfacet
  facet normal 0 1 -0
    outer loop
      vertex -23.6046 13 66.1855
      vertex -52 13 95
      vertex -23.3827 13 66.2
    endloop
  endfacet
  facet normal 0 1 -0
    outer loop
      vertex -23.8227 13 66.1421
      vertex -52 13 95
      vertex -23.6046 13 66.1855
    endloop
  endfacet
  facet normal 0 1 -0
    outer loop
      vertex -24.0332 13 66.0706
      vertex -52 13 95
      vertex -23.8227 13 66.1421
    endloop
  endfacet
  facet normal 0 1 -0
    outer loop
      vertex -24.2327 13 65.9722
      vertex -52 13 95
      vertex -24.0332 13 66.0706
    endloop
  endfacet
  facet normal 0 1 -0
    outer loop
      vertex -24.4176 13 65.8487
      vertex -52 13 95
      vertex -24.2327 13 65.9722
    endloop
  endfacet
  facet normal 0 1 -0
    outer loop
      vertex -24.5848 13 65.7021
      vertex -52 13 95
      vertex -24.4176 13 65.8487
    endloop
  endfacet
  facet normal 0 1 -0
    outer loop
      vertex -24.7314 13 65.5349
      vertex -52 13 95
      vertex -24.5848 13 65.7021
    endloop
  endfacet
  facet normal 0 1 -0
    outer loop
      vertex -24.8549 13 65.35
      vertex -52 13 95
      vertex -24.7314 13 65.5349
    endloop
  endfacet
  facet normal 0 1 -0
    outer loop
      vertex -24.9533 13 65.1506
      vertex -52 13 95
      vertex -24.8549 13 65.35
    endloop
  endfacet
  facet normal 0 1 -0
    outer loop
      vertex -25.0248 13 64.94
      vertex -52 13 95
      vertex -24.9533 13 65.1506
    endloop
  endfacet
  facet normal 0 1 -0
    outer loop
      vertex -25.0681 13 64.7219
      vertex -52 13 95
      vertex -25.0248 13 64.94
    endloop
  endfacet
  facet normal 0 1 -0
    outer loop
      vertex -25.0827 13 64.5
      vertex -52 13 95
      vertex -25.0681 13 64.7219
    endloop
  endfacet
  facet normal 0 1 0
    outer loop
      vertex -25.0681 13 64.2781
      vertex -52 13 95
      vertex -25.0827 13 64.5
    endloop
  endfacet
  facet normal 0 1 0
    outer loop
      vertex -40.8479 13 24.764
      vertex -25.0681 13 64.2781
      vertex -25.0248 13 64.06
    endloop
  endfacet
  facet normal 0 1 0
    outer loop
      vertex -40.75 13 24.8294
      vertex -25.0248 13 64.06
      vertex -24.9533 13 63.8494
    endloop
  endfacet
  facet normal 0 1 0
    outer loop
      vertex -40.6444 13 24.8815
      vertex -24.9533 13 63.8494
      vertex -24.8549 13 63.65
    endloop
  endfacet
  facet normal 0 1 0
    outer loop
      vertex -40.5329 13 24.9193
      vertex -24.8549 13 63.65
      vertex -24.7314 13 63.4651
    endloop
  endfacet
  facet normal 0 1 0
    outer loop
      vertex -22.5327 13 63.0278
      vertex -0.849999 13 25.4722
      vertex -22.7321 13 62.9294
    endloop
  endfacet
  facet normal 0 1 -0
    outer loop
      vertex -1.03489 13 25.3487
      vertex -22.7321 13 62.9294
      vertex -0.849999 13 25.4722
    endloop
  endfacet
  facet normal 0 1 0
    outer loop
      vertex -27.5825 13 24.9423
      vertex -22.7321 13 62.9294
      vertex -1.03489 13 25.3487
    endloop
  endfacet
  facet normal 0 1 0
    outer loop
      vertex -27.5825 13 24.9423
      vertex -22.9427 13 62.8579
      vertex -22.7321 13 62.9294
    endloop
  endfacet
  facet normal 0 1 0
    outer loop
      vertex -27.5825 13 24.9423
      vertex -23.1608 13 62.8145
      vertex -22.9427 13 62.8579
    endloop
  endfacet
  facet normal 0 1 0
    outer loop
      vertex -27.5825 13 24.9423
      vertex -23.3827 13 62.8
      vertex -23.1608 13 62.8145
    endloop
  endfacet
  facet normal 0 1 0
    outer loop
      vertex -27.5825 13 24.9423
      vertex -23.6046 13 62.8145
      vertex -23.3827 13 62.8
    endloop
  endfacet
  facet normal 0 1 0
    outer loop
      vertex -23.6046 13 62.8145
      vertex -27.7 13 24.95
      vertex -23.8227 13 62.8579
    endloop
  endfacet
  facet normal 0 1 0
    outer loop
      vertex -27.8175 13 24.9423
      vertex -23.8227 13 62.8579
      vertex -27.7 13 24.95
    endloop
  endfacet
  facet normal 0 1 0
    outer loop
      vertex -23.8227 13 62.8579
      vertex -27.8175 13 24.9423
      vertex -24.0332 13 62.9294
    endloop
  endfacet
  facet normal 0 1 0
    outer loop
      vertex -27.9329 13 24.9193
      vertex -24.0332 13 62.9294
      vertex -27.8175 13 24.9423
    endloop
  endfacet
  facet normal 0 1 0
    outer loop
      vertex -24.2327 13 63.0278
      vertex -40.3 13 24.95
      vertex -24.4176 13 63.1513
    endloop
  endfacet
  facet normal 0 1 0
    outer loop
      vertex -24.4176 13 63.1513
      vertex -40.3 13 24.95
      vertex -24.5848 13 63.2979
    endloop
  endfacet
  facet normal 0 1 0
    outer loop
      vertex -27.5825 13 24.9423
      vertex -1.03489 13 25.3487
      vertex -1.20208 13 25.2021
    endloop
  endfacet
  facet normal 0 1 0
    outer loop
      vertex -27.0636 13 24.6864
      vertex -1.20208 13 25.2021
      vertex -1.3487 13 25.0349
    endloop
  endfacet
  facet normal 0 1 0
    outer loop
      vertex -24.5848 13 63.2979
      vertex -40.3 13 24.95
      vertex -24.7314 13 63.4651
    endloop
  endfacet
  facet normal 0 1 0
    outer loop
      vertex -40.4175 13 24.9423
      vertex -24.7314 13 63.4651
      vertex -40.3 13 24.95
    endloop
  endfacet
  facet normal 0 1 0
    outer loop
      vertex -40.5329 13 24.9193
      vertex -24.7314 13 63.4651
      vertex -40.4175 13 24.9423
    endloop
  endfacet
  facet normal 0 1 0
    outer loop
      vertex -24.8549 13 63.65
      vertex -40.5329 13 24.9193
      vertex -40.6444 13 24.8815
    endloop
  endfacet
  facet normal 0 1 0
    outer loop
      vertex -24.9533 13 63.8494
      vertex -40.6444 13 24.8815
      vertex -40.75 13 24.8294
    endloop
  endfacet
  facet normal 0 1 0
    outer loop
      vertex -25.0248 13 64.06
      vertex -40.75 13 24.8294
      vertex -40.8479 13 24.764
    endloop
  endfacet
  facet normal 0 1 0
    outer loop
      vertex -25.0681 13 64.2781
      vertex -40.8479 13 24.764
      vertex -52 13 95
    endloop
  endfacet
  facet normal 0 1 -0
    outer loop
      vertex -40.9364 13 24.6864
      vertex -52 13 95
      vertex -40.8479 13 24.764
    endloop
  endfacet
  facet normal 0 1 -0
    outer loop
      vertex -41.014 13 24.5979
      vertex -52 13 95
      vertex -40.9364 13 24.6864
    endloop
  endfacet
  facet normal 0 1 -0
    outer loop
      vertex -41.0794 13 24.5
      vertex -52 13 95
      vertex -41.014 13 24.5979
    endloop
  endfacet
  facet normal 0 1 -0
    outer loop
      vertex -41.1315 13 24.3944
      vertex -52 13 95
      vertex -41.0794 13 24.5
    endloop
  endfacet
  facet normal 0 1 -0
    outer loop
      vertex -41.1693 13 24.2829
      vertex -52 13 95
      vertex -41.1315 13 24.3944
    endloop
  endfacet
  facet normal 0 1 0
    outer loop
      vertex -52 13 3
      vertex -41.1693 13 24.2829
      vertex -41.1923 13 24.1675
    endloop
  endfacet
  facet normal 0 1 0
    outer loop
      vertex -52 13 3
      vertex -41.1923 13 24.1675
      vertex -41.2 13 24.05
    endloop
  endfacet
  facet normal 0 1 0
    outer loop
      vertex -52 13 3
      vertex -41.2 13 24.05
      vertex -41.1923 13 23.9325
    endloop
  endfacet
  facet normal 0 1 0
    outer loop
      vertex -7 13 19
      vertex -1.3487 13 22.9651
      vertex -1.20208 13 22.7979
    endloop
  endfacet
  facet normal 0 1 0
    outer loop
      vertex -7 13 19
      vertex -1.20208 13 22.7979
      vertex -1.03489 13 22.6513
    endloop
  endfacet
  facet normal 0 1 0
    outer loop
      vertex -7 13 19
      vertex -1.03489 13 22.6513
      vertex -0.849999 13 22.5278
    endloop
  endfacet
  facet normal 0 1 0
    outer loop
      vertex -7 13 19
      vertex -0.849999 13 22.5278
      vertex -0.650561 13 22.4294
    endloop
  endfacet
  facet normal 0 1 0
    outer loop
      vertex -7 13 19
      vertex -0.650561 13 22.4294
      vertex -0.439992 13 22.3579
    endloop
  endfacet
  facet normal 0 1 0
    outer loop
      vertex -7 13 19
      vertex -0.439992 13 22.3579
      vertex -0.221894 13 22.3145
    endloop
  endfacet
  facet normal 0 1 0
    outer loop
      vertex -7 13 19
      vertex -0.221894 13 22.3145
      vertex 0 13 22.3
    endloop
  endfacet
  facet normal 0 1 0
    outer loop
      vertex -7 13 19
      vertex 0 13 22.3
      vertex 7 13 19
    endloop
  endfacet
  facet normal 0 1 0
    outer loop
      vertex -1.68546 13 24.2219
      vertex -7 13 19
      vertex -7.39157 13 18.9743
    endloop
  endfacet
  facet normal 0 1 0
    outer loop
      vertex -1.64207 13 24.44
      vertex -7.39157 13 18.9743
      vertex -7.77646 13 18.8978
    endloop
  endfacet
  facet normal 0 1 0
    outer loop
      vertex -1.57059 13 24.6506
      vertex -7.77646 13 18.8978
      vertex -8.14806 13 18.7716
    endloop
  endfacet
  facet normal 0 1 -0
    outer loop
      vertex -9.97433 13 16.3916
      vertex -26.986 13 23.5021
      vertex -9.89778 13 16.7764
    endloop
  endfacet
  facet normal 0 1 0
    outer loop
      vertex -26.986 13 23.5021
      vertex -9.97433 13 16.3916
      vertex -27.0636 13 23.4136
    endloop
  endfacet
  facet normal 0 1 -0
    outer loop
      vertex -10 13 16
      vertex -27.0636 13 23.4136
      vertex -9.97433 13 16.3916
    endloop
  endfacet
  facet normal 0 1 0
    outer loop
      vertex -27.0636 13 23.4136
      vertex -10 13 16
      vertex -27.1521 13 23.336
    endloop
  endfacet
  facet normal 0 1 0
    outer loop
      vertex -27.1521 13 23.336
      vertex -10 13 16
      vertex -27.25 13 23.2706
    endloop
  endfacet
  facet normal 0 1 -0
    outer loop
      vertex -10 13 10
      vertex -27.25 13 23.2706
      vertex -10 13 16
    endloop
  endfacet
  facet normal 0 1 0
    outer loop
      vertex -27.25 13 23.2706
      vertex -10 13 10
      vertex -27.3556 13 23.2185
    endloop
  endfacet
  facet normal 0 1 0
    outer loop
      vertex -27.3556 13 23.2185
      vertex -10 13 10
      vertex -27.4671 13 23.1807
    endloop
  endfacet
  facet normal 0 1 0
    outer loop
      vertex -27.4671 13 23.1807
      vertex -10 13 10
      vertex -27.5825 13 23.1577
    endloop
  endfacet
  facet normal 0 1 0
    outer loop
      vertex -9.97433 13 9.60843
      vertex -27.5825 13 23.1577
      vertex -10 13 10
    endloop
  endfacet
  facet normal 0 1 0
    outer loop
      vertex -27.5825 13 23.1577
      vertex -9.97433 13 9.60843
      vertex -27.7 13 23.15
    endloop
  endfacet
  facet normal 0 1 0
    outer loop
      vertex -9.89778 13 9.22354
      vertex -27.7 13 23.15
      vertex -9.97433 13 9.60843
    endloop
  endfacet
  facet normal 0 1 0
    outer loop
      vertex -27.8175 13 23.1577
      vertex -9.89778 13 9.22354
      vertex -9.77164 13 8.85194
    endloop
  endfacet
  facet normal 0 1 0
    outer loop
      vertex -40.1825 13 23.1577
      vertex -52 13 3
      vertex -40.3 13 23.15
    endloop
  endfacet
  facet normal 0 1 0
    outer loop
      vertex -40.3 13 23.15
      vertex -52 13 3
      vertex -40.4175 13 23.1577
    endloop
  endfacet
  facet normal 0 1 0
    outer loop
      vertex -40.4175 13 23.1577
      vertex -52 13 3
      vertex -40.5329 13 23.1807
    endloop
  endfacet
  facet normal 0 1 0
    outer loop
      vertex -27.8175 13 23.1577
      vertex -9.77164 13 8.85194
      vertex -52 13 3
    endloop
  endfacet
  facet normal 0 1 0
    outer loop
      vertex -52 13 3
      vertex -9.77164 13 8.85194
      vertex -9.59808 13 8.5
    endloop
  endfacet
  facet normal 0 1 0
    outer loop
      vertex -52 13 3
      vertex -9.59808 13 8.5
      vertex -9.38007 13 8.17372
    endloop
  endfacet
  facet normal 0 1 0
    outer loop
      vertex -52 13 3
      vertex -9.38007 13 8.17372
      vertex -9.12132 13 7.87868
    endloop
  endfacet
  facet normal 0 1 0
    outer loop
      vertex -52 13 3
      vertex -9.12132 13 7.87868
      vertex -8.82628 13 7.61993
    endloop
  endfacet
  facet normal 0 1 0
    outer loop
      vertex -52 13 3
      vertex -8.82628 13 7.61993
      vertex -8.5 13 7.40192
    endloop
  endfacet
  facet normal 0 1 0
    outer loop
      vertex -52 13 3
      vertex -8.5 13 7.40192
      vertex -8.14806 13 7.22836
    endloop
  endfacet
  facet normal 0 1 0
    outer loop
      vertex -52 13 3
      vertex -7 13 7
      vertex 52 13 3
    endloop
  endfacet
  facet normal 0 1 0
    outer loop
      vertex -41.1693 13 24.2829
      vertex -52 13 3
      vertex -52 13 95
    endloop
  endfacet
  facet normal 0 1 0
    outer loop
      vertex -41.1693 13 23.8171
      vertex -52 13 3
      vertex -41.1923 13 23.9325
    endloop
  endfacet
  facet normal 0 1 0
    outer loop
      vertex -41.1315 13 23.7056
      vertex -52 13 3
      vertex -41.1693 13 23.8171
    endloop
  endfacet
  facet normal 0 1 0
    outer loop
      vertex -41.0794 13 23.6
      vertex -52 13 3
      vertex -41.1315 13 23.7056
    endloop
  endfacet
  facet normal 0 1 0
    outer loop
      vertex -41.014 13 23.5021
      vertex -52 13 3
      vertex -41.0794 13 23.6
    endloop
  endfacet
  facet normal 0 1 0
    outer loop
      vertex -40.9364 13 23.4136
      vertex -52 13 3
      vertex -41.014 13 23.5021
    endloop
  endfacet
  facet normal 0 1 0
    outer loop
      vertex -40.8479 13 23.336
      vertex -52 13 3
      vertex -40.9364 13 23.4136
    endloop
  endfacet
  facet normal 0 1 0
    outer loop
      vertex -40.75 13 23.2706
      vertex -52 13 3
      vertex -40.8479 13 23.336
    endloop
  endfacet
  facet normal 0 1 0
    outer loop
      vertex -40.6444 13 23.2185
      vertex -52 13 3
      vertex -40.75 13 23.2706
    endloop
  endfacet
  facet normal 0 1 0
    outer loop
      vertex -40.5329 13 23.1807
      vertex -52 13 3
      vertex -40.6444 13 23.2185
    endloop
  endfacet
  facet normal 0 1 0
    outer loop
      vertex -7.77646 13 7.10222
      vertex -52 13 3
      vertex -8.14806 13 7.22836
    endloop
  endfacet
  facet normal 0 1 0
    outer loop
      vertex -7.39157 13 7.02566
      vertex -52 13 3
      vertex -7.77646 13 7.10222
    endloop
  endfacet
  facet normal 0 1 0
    outer loop
      vertex -7 13 7
      vertex -52 13 3
      vertex -7.39157 13 7.02566
    endloop
  endfacet
  facet normal 0 -1 0
    outer loop
      vertex 52 -46.4 3
      vertex 48.99 -46.4 23
      vertex 41 -46.4 3
    endloop
  endfacet
  facet normal 0 -1 0
    outer loop
      vertex 49 -46.4 85
      vertex 42 -46.4 95
      vertex 42 -46.4 85
    endloop
  endfacet
  facet normal 0 -1 0
    outer loop
      vertex 42 -46.4 95
      vertex 49 -46.4 85
      vertex 52 -46.4 95
    endloop
  endfacet
  facet normal 0 -1 0
    outer loop
      vertex 49 -46.4 23
      vertex 52 -46.4 95
      vertex 49 -46.4 85
    endloop
  endfacet
  facet normal 0 -1 0
    outer loop
      vertex 49 -46.4 23
      vertex 52 -46.4 3
      vertex 52 -46.4 95
    endloop
  endfacet
  facet normal 0 -1 0
    outer loop
      vertex 48.99 -46.4 23
      vertex 52 -46.4 3
      vertex 49 -46.4 23
    endloop
  endfacet
  facet normal -1 0 0
    outer loop
      vertex -52 -31.5 52.5
      vertex -52 -28.5 66.5
      vertex -52 -28.5 52.5
    endloop
  endfacet
  facet normal -1 -0 0
    outer loop
      vertex -52 -28.5 66.5
      vertex -52 -31.5 52.5
      vertex -52 -31.5 66.5
    endloop
  endfacet
  facet normal -1 0 0
    outer loop
      vertex -52 -3.5 52.5
      vertex -52 -0.5 66.5
      vertex -52 -0.5 52.5
    endloop
  endfacet
  facet normal -1 -0 0
    outer loop
      vertex -52 -0.5 66.5
      vertex -52 -3.5 52.5
      vertex -52 -3.5 66.5
    endloop
  endfacet
  facet normal -1 0 0
    outer loop
      vertex -52 6.28888 11.1697
      vertex -52 13 3
      vertex -52 6.3 11
    endloop
  endfacet
  facet normal -1 0 0
    outer loop
      vertex -52 13 3
      vertex -52 6.28888 10.8303
      vertex -52 6.3 11
    endloop
  endfacet
  facet normal -1 0 0
    outer loop
      vertex -52 13 3
      vertex -52 6.2557 10.6635
      vertex -52 6.28888 10.8303
    endloop
  endfacet
  facet normal -1 0 0
    outer loop
      vertex -52 13 3
      vertex -52 6.20104 10.5025
      vertex -52 6.2557 10.6635
    endloop
  endfacet
  facet normal -1 0 0
    outer loop
      vertex -52 13 3
      vertex -52 6.12583 10.35
      vertex -52 6.20104 10.5025
    endloop
  endfacet
  facet normal -1 0 0
    outer loop
      vertex -52 13 3
      vertex -52 6.03136 10.2086
      vertex -52 6.12583 10.35
    endloop
  endfacet
  facet normal -1 0 0
    outer loop
      vertex -52 13 3
      vertex -52 5.91924 10.0808
      vertex -52 6.03136 10.2086
    endloop
  endfacet
  facet normal -1 0 0
    outer loop
      vertex -52 13 3
      vertex -52 5.79139 9.96864
      vertex -52 5.91924 10.0808
    endloop
  endfacet
  facet normal -1 0 0
    outer loop
      vertex -52 13 3
      vertex -52 5.65 9.87417
      vertex -52 5.79139 9.96864
    endloop
  endfacet
  facet normal -1 0 0
    outer loop
      vertex -52 13 3
      vertex -52 5.49749 9.79896
      vertex -52 5.65 9.87417
    endloop
  endfacet
  facet normal -1 0 0
    outer loop
      vertex -52 13 3
      vertex -52 5.33646 9.7443
      vertex -52 5.49749 9.79896
    endloop
  endfacet
  facet normal -1 0 0
    outer loop
      vertex -52 13 3
      vertex -52 5.16968 9.71112
      vertex -52 5.33646 9.7443
    endloop
  endfacet
  facet normal -1 0 0
    outer loop
      vertex -52 13 3
      vertex -52 5 9.7
      vertex -52 5.16968 9.71112
    endloop
  endfacet
  facet normal -1 0 0
    outer loop
      vertex -52 13 3
      vertex -52 4.83032 9.71112
      vertex -52 5 9.7
    endloop
  endfacet
  facet normal -1 0 0
    outer loop
      vertex -52 13 3
      vertex -52 4.66354 9.7443
      vertex -52 4.83032 9.71112
    endloop
  endfacet
  facet normal -1 0 0
    outer loop
      vertex -52 13 3
      vertex -52 4.50251 9.79896
      vertex -52 4.66354 9.7443
    endloop
  endfacet
  facet normal -1 0 0
    outer loop
      vertex -52 13 3
      vertex -52 4.35 9.87417
      vertex -52 4.50251 9.79896
    endloop
  endfacet
  facet normal -1 0 0
    outer loop
      vertex -52 -24.35 9.87417
      vertex -52 4.35 9.87417
      vertex -52 13 3
    endloop
  endfacet
  facet normal -1 0 0
    outer loop
      vertex -52 -23.7 11
      vertex -52 3.7 11
      vertex -52 3.71112 10.8303
    endloop
  endfacet
  facet normal -1 0 0
    outer loop
      vertex -52 3.7 11
      vertex -52 -3.5 48.5
      vertex -52 -0.5 48.5
    endloop
  endfacet
  facet normal -1 0 0
    outer loop
      vertex -52 -28.5 52.5
      vertex -52 -3.5 52.5
      vertex -52 -3.5 48.5
    endloop
  endfacet
  facet normal -1 0 0
    outer loop
      vertex -52 -3.5 52.5
      vertex -52 -28.5 52.5
      vertex -52 -3.5 66.5
    endloop
  endfacet
  facet normal -1 0 0
    outer loop
      vertex -52 3.7 11
      vertex -52 -23.7111 11.1697
      vertex -52 -23.7443 11.3365
    endloop
  endfacet
  facet normal -1 0 0
    outer loop
      vertex -52 3.7 11
      vertex -52 -23.7 11
      vertex -52 -23.7111 11.1697
    endloop
  endfacet
  facet normal -1 0 0
    outer loop
      vertex -52 -23.7111 10.8303
      vertex -52 3.71112 10.8303
      vertex -52 3.7443 10.6635
    endloop
  endfacet
  facet normal -1 0 0
    outer loop
      vertex -52 -23.7443 10.6635
      vertex -52 3.7443 10.6635
      vertex -52 3.79896 10.5025
    endloop
  endfacet
  facet normal -1 0 0
    outer loop
      vertex -52 -23.799 10.5025
      vertex -52 3.79896 10.5025
      vertex -52 3.87417 10.35
    endloop
  endfacet
  facet normal -1 0 0
    outer loop
      vertex -52 -23.8742 10.35
      vertex -52 3.87417 10.35
      vertex -52 3.96864 10.2086
    endloop
  endfacet
  facet normal -1 0 0
    outer loop
      vertex -52 -23.9686 10.2086
      vertex -52 3.96864 10.2086
      vertex -52 4.08076 10.0808
    endloop
  endfacet
  facet normal -1 0 0
    outer loop
      vertex -52 -24.0808 10.0808
      vertex -52 4.08076 10.0808
      vertex -52 4.20861 9.96864
    endloop
  endfacet
  facet normal -1 0 0
    outer loop
      vertex -52 4.35 9.87417
      vertex -52 -24.35 9.87417
      vertex -52 4.20861 9.96864
    endloop
  endfacet
  facet normal -1 0 0
    outer loop
      vertex -52 3.71112 10.8303
      vertex -52 -23.7111 10.8303
      vertex -52 -23.7 11
    endloop
  endfacet
  facet normal -1 0 0
    outer loop
      vertex -52 3.7443 10.6635
      vertex -52 -23.7443 10.6635
      vertex -52 -23.7111 10.8303
    endloop
  endfacet
  facet normal -1 0 0
    outer loop
      vertex -52 3.79896 10.5025
      vertex -52 -23.799 10.5025
      vertex -52 -23.7443 10.6635
    endloop
  endfacet
  facet normal -1 0 0
    outer loop
      vertex -52 3.87417 10.35
      vertex -52 -23.8742 10.35
      vertex -52 -23.799 10.5025
    endloop
  endfacet
  facet normal -1 0 0
    outer loop
      vertex -52 3.96864 10.2086
      vertex -52 -23.9686 10.2086
      vertex -52 -23.8742 10.35
    endloop
  endfacet
  facet normal -1 0 0
    outer loop
      vertex -52 4.08076 10.0808
      vertex -52 -24.0808 10.0808
      vertex -52 -23.9686 10.2086
    endloop
  endfacet
  facet normal -1 0 0
    outer loop
      vertex -52 4.20861 9.96864
      vertex -52 -24.2086 9.96864
      vertex -52 -24.0808 10.0808
    endloop
  endfacet
  facet normal -1 -0 0
    outer loop
      vertex -52 4.20861 9.96864
      vertex -52 -24.35 9.87417
      vertex -52 -24.2086 9.96864
    endloop
  endfacet
  facet normal -1 0 0
    outer loop
      vertex -52 13 3
      vertex -52 -24.5025 9.79896
      vertex -52 -24.35 9.87417
    endloop
  endfacet
  facet normal -1 0 0
    outer loop
      vertex -52 13 3
      vertex -52 -24.6635 9.7443
      vertex -52 -24.5025 9.79896
    endloop
  endfacet
  facet normal -1 0 0
    outer loop
      vertex -52 13 3
      vertex -52 -24.8303 9.71112
      vertex -52 -24.6635 9.7443
    endloop
  endfacet
  facet normal -1 0 0
    outer loop
      vertex -52 -46.4 3
      vertex -52 -24.8303 9.71112
      vertex -52 13 3
    endloop
  endfacet
  facet normal -1 0 0
    outer loop
      vertex -52 -24.8303 9.71112
      vertex -52 -46.4 3
      vertex -52 -25 9.7
    endloop
  endfacet
  facet normal -1 0 0
    outer loop
      vertex -52 -25.3365 12.2557
      vertex -52 -31.5 48.5
      vertex -52 -28.5 48.5
    endloop
  endfacet
  facet normal -1 0 0
    outer loop
      vertex -52 -46.4 3
      vertex -52 -26.3 11
      vertex -52 -26.2889 10.8303
    endloop
  endfacet
  facet normal -1 0 0
    outer loop
      vertex -52 -46.4 95
      vertex -52 -31.5 52.5
      vertex -52 -31.5 48.5
    endloop
  endfacet
  facet normal -1 0 0
    outer loop
      vertex -52 -31.5 52.5
      vertex -52 -46.4 95
      vertex -52 -31.5 66.5
    endloop
  endfacet
  facet normal -1 0 0
    outer loop
      vertex -52 -46.4 95
      vertex -52 -31.5 48.5
      vertex -52 -46.4 3
    endloop
  endfacet
  facet normal -1 -0 0
    outer loop
      vertex -52 -26.2889 11.1697
      vertex -52 -46.4 3
      vertex -52 -31.5 48.5
    endloop
  endfacet
  facet normal -1 -0 0
    outer loop
      vertex -52 -26.2557 10.6635
      vertex -52 -46.4 3
      vertex -52 -26.2889 10.8303
    endloop
  endfacet
  facet normal -1 -0 0
    outer loop
      vertex -52 -26.201 10.5025
      vertex -52 -46.4 3
      vertex -52 -26.2557 10.6635
    endloop
  endfacet
  facet normal -1 -0 0
    outer loop
      vertex -52 -26.1258 10.35
      vertex -52 -46.4 3
      vertex -52 -26.201 10.5025
    endloop
  endfacet
  facet normal -1 -0 0
    outer loop
      vertex -52 -26.0314 10.2086
      vertex -52 -46.4 3
      vertex -52 -26.1258 10.35
    endloop
  endfacet
  facet normal -1 -0 0
    outer loop
      vertex -52 -25.9192 10.0808
      vertex -52 -46.4 3
      vertex -52 -26.0314 10.2086
    endloop
  endfacet
  facet normal -1 -0 0
    outer loop
      vertex -52 -25.7914 9.96864
      vertex -52 -46.4 3
      vertex -52 -25.9192 10.0808
    endloop
  endfacet
  facet normal -1 -0 0
    outer loop
      vertex -52 -25.65 9.87417
      vertex -52 -46.4 3
      vertex -52 -25.7914 9.96864
    endloop
  endfacet
  facet normal -1 -0 0
    outer loop
      vertex -52 -25.4975 9.79896
      vertex -52 -46.4 3
      vertex -52 -25.65 9.87417
    endloop
  endfacet
  facet normal -1 -0 0
    outer loop
      vertex -52 -25.3365 9.7443
      vertex -52 -46.4 3
      vertex -52 -25.4975 9.79896
    endloop
  endfacet
  facet normal -1 -0 0
    outer loop
      vertex -52 -25.1697 9.71112
      vertex -52 -46.4 3
      vertex -52 -25.3365 9.7443
    endloop
  endfacet
  facet normal -1 -0 0
    outer loop
      vertex -52 -25 9.7
      vertex -52 -46.4 3
      vertex -52 -25.1697 9.71112
    endloop
  endfacet
  facet normal -1 0 0
    outer loop
      vertex -52 6.2557 11.3365
      vertex -52 13 3
      vertex -52 6.28888 11.1697
    endloop
  endfacet
  facet normal -1 0 0
    outer loop
      vertex -52 6.20104 11.4975
      vertex -52 13 3
      vertex -52 6.2557 11.3365
    endloop
  endfacet
  facet normal -1 0 0
    outer loop
      vertex -52 6.12583 11.65
      vertex -52 13 3
      vertex -52 6.20104 11.4975
    endloop
  endfacet
  facet normal -1 0 0
    outer loop
      vertex -52 13 3
      vertex -52 6.12583 11.65
      vertex -52 -0.5 48.5
    endloop
  endfacet
  facet normal -1 0 0
    outer loop
      vertex -52 -0.5 48.5
      vertex -52 6.12583 11.65
      vertex -52 6.03136 11.7914
    endloop
  endfacet
  facet normal -1 0 0
    outer loop
      vertex -52 -0.5 48.5
      vertex -52 6.03136 11.7914
      vertex -52 5.91924 11.9192
    endloop
  endfacet
  facet normal -1 0 0
    outer loop
      vertex -52 -0.5 48.5
      vertex -52 5.91924 11.9192
      vertex -52 5.79139 12.0314
    endloop
  endfacet
  facet normal -1 0 0
    outer loop
      vertex -52 -0.5 48.5
      vertex -52 5.79139 12.0314
      vertex -52 5.65 12.1258
    endloop
  endfacet
  facet normal -1 0 0
    outer loop
      vertex -52 -0.5 48.5
      vertex -52 5.65 12.1258
      vertex -52 5.49749 12.201
    endloop
  endfacet
  facet normal -1 0 0
    outer loop
      vertex -52 -0.5 48.5
      vertex -52 5.49749 12.201
      vertex -52 5.33646 12.2557
    endloop
  endfacet
  facet normal -1 0 0
    outer loop
      vertex -52 -0.5 48.5
      vertex -52 5.33646 12.2557
      vertex -52 5.16968 12.2889
    endloop
  endfacet
  facet normal -1 0 0
    outer loop
      vertex -52 -0.5 48.5
      vertex -52 5.16968 12.2889
      vertex -52 5 12.3
    endloop
  endfacet
  facet normal -1 0 0
    outer loop
      vertex -52 -0.5 48.5
      vertex -52 5 12.3
      vertex -52 4.83032 12.2889
    endloop
  endfacet
  facet normal -1 0 0
    outer loop
      vertex -52 -0.5 48.5
      vertex -52 4.83032 12.2889
      vertex -52 4.66354 12.2557
    endloop
  endfacet
  facet normal -1 0 0
    outer loop
      vertex -52 -0.5 48.5
      vertex -52 4.66354 12.2557
      vertex -52 4.50251 12.201
    endloop
  endfacet
  facet normal -1 0 0
    outer loop
      vertex -52 -0.5 48.5
      vertex -52 4.50251 12.201
      vertex -52 4.35 12.1258
    endloop
  endfacet
  facet normal -1 0 0
    outer loop
      vertex -52 -0.5 48.5
      vertex -52 4.35 12.1258
      vertex -52 4.20861 12.0314
    endloop
  endfacet
  facet normal -1 0 0
    outer loop
      vertex -52 -0.5 48.5
      vertex -52 4.20861 12.0314
      vertex -52 4.08076 11.9192
    endloop
  endfacet
  facet normal -1 0 0
    outer loop
      vertex -52 -0.5 48.5
      vertex -52 4.08076 11.9192
      vertex -52 3.96864 11.7914
    endloop
  endfacet
  facet normal -1 0 0
    outer loop
      vertex -52 -0.5 48.5
      vertex -52 3.96864 11.7914
      vertex -52 3.87417 11.65
    endloop
  endfacet
  facet normal -1 0 0
    outer loop
      vertex -52 -0.5 48.5
      vertex -52 3.87417 11.65
      vertex -52 3.79896 11.4975
    endloop
  endfacet
  facet normal -1 0 0
    outer loop
      vertex -52 -0.5 48.5
      vertex -52 3.79896 11.4975
      vertex -52 3.7443 11.3365
    endloop
  endfacet
  facet normal -1 0 0
    outer loop
      vertex -52 -0.5 48.5
      vertex -52 3.7443 11.3365
      vertex -52 3.71112 11.1697
    endloop
  endfacet
  facet normal -1 0 0
    outer loop
      vertex -52 -0.5 48.5
      vertex -52 3.71112 11.1697
      vertex -52 3.7 11
    endloop
  endfacet
  facet normal -1 0 0
    outer loop
      vertex -52 13 3
      vertex -52 -0.5 48.5
      vertex -52 13 95
    endloop
  endfacet
  facet normal -1 0 0
    outer loop
      vertex -52 -0.5 52.5
      vertex -52 13 95
      vertex -52 -0.5 48.5
    endloop
  endfacet
  facet normal -1 0 0
    outer loop
      vertex -52 -0.5 66.5
      vertex -52 13 95
      vertex -52 -0.5 52.5
    endloop
  endfacet
  facet normal -1 0 0
    outer loop
      vertex -52 -0.5 70.5
      vertex -52 13 95
      vertex -52 -0.5 66.5
    endloop
  endfacet
  facet normal -1 0 0
    outer loop
      vertex -52 -3.5 70.5
      vertex -52 13 95
      vertex -52 -0.5 70.5
    endloop
  endfacet
  facet normal -1 0 0
    outer loop
      vertex -52 3.7 11
      vertex -52 -23.7443 11.3365
      vertex -52 -23.799 11.4975
    endloop
  endfacet
  facet normal -1 0 0
    outer loop
      vertex -52 3.7 11
      vertex -52 -23.799 11.4975
      vertex -52 -23.8742 11.65
    endloop
  endfacet
  facet normal -1 0 0
    outer loop
      vertex -52 3.7 11
      vertex -52 -23.8742 11.65
      vertex -52 -23.9686 11.7914
    endloop
  endfacet
  facet normal -1 0 0
    outer loop
      vertex -52 3.7 11
      vertex -52 -23.9686 11.7914
      vertex -52 -24.0808 11.9192
    endloop
  endfacet
  facet normal -1 0 0
    outer loop
      vertex -52 3.7 11
      vertex -52 -24.0808 11.9192
      vertex -52 -3.5 48.5
    endloop
  endfacet
  facet normal -1 0 0
    outer loop
      vertex -52 -24.2086 12.0314
      vertex -52 -3.5 48.5
      vertex -52 -24.0808 11.9192
    endloop
  endfacet
  facet normal -1 0 0
    outer loop
      vertex -52 -24.35 12.1258
      vertex -52 -3.5 48.5
      vertex -52 -24.2086 12.0314
    endloop
  endfacet
  facet normal -1 0 0
    outer loop
      vertex -52 -24.5025 12.201
      vertex -52 -3.5 48.5
      vertex -52 -24.35 12.1258
    endloop
  endfacet
  facet normal -1 -0 0
    outer loop
      vertex -52 -3.5 48.5
      vertex -52 -24.5025 12.201
      vertex -52 -28.5 48.5
    endloop
  endfacet
  facet normal -1 0 0
    outer loop
      vertex -52 -28.5 48.5
      vertex -52 -24.5025 12.201
      vertex -52 -24.6635 12.2557
    endloop
  endfacet
  facet normal -1 0 0
    outer loop
      vertex -52 -28.5 48.5
      vertex -52 -24.6635 12.2557
      vertex -52 -24.8303 12.2889
    endloop
  endfacet
  facet normal -1 0 0
    outer loop
      vertex -52 -28.5 48.5
      vertex -52 -24.8303 12.2889
      vertex -52 -25 12.3
    endloop
  endfacet
  facet normal -1 0 0
    outer loop
      vertex -52 -28.5 48.5
      vertex -52 -25 12.3
      vertex -52 -25.1697 12.2889
    endloop
  endfacet
  facet normal -1 0 0
    outer loop
      vertex -52 -28.5 48.5
      vertex -52 -25.1697 12.2889
      vertex -52 -25.3365 12.2557
    endloop
  endfacet
  facet normal -1 0 0
    outer loop
      vertex -52 -31.5 48.5
      vertex -52 -25.3365 12.2557
      vertex -52 -25.4975 12.201
    endloop
  endfacet
  facet normal -1 0 0
    outer loop
      vertex -52 -31.5 48.5
      vertex -52 -25.4975 12.201
      vertex -52 -25.65 12.1258
    endloop
  endfacet
  facet normal -1 0 0
    outer loop
      vertex -52 -31.5 48.5
      vertex -52 -25.65 12.1258
      vertex -52 -25.7914 12.0314
    endloop
  endfacet
  facet normal -1 0 0
    outer loop
      vertex -52 -31.5 48.5
      vertex -52 -25.7914 12.0314
      vertex -52 -25.9192 11.9192
    endloop
  endfacet
  facet normal -1 0 0
    outer loop
      vertex -52 -31.5 48.5
      vertex -52 -25.9192 11.9192
      vertex -52 -26.0314 11.7914
    endloop
  endfacet
  facet normal -1 0 0
    outer loop
      vertex -52 -31.5 48.5
      vertex -52 -26.0314 11.7914
      vertex -52 -26.1258 11.65
    endloop
  endfacet
  facet normal -1 0 0
    outer loop
      vertex -52 -31.5 48.5
      vertex -52 -26.1258 11.65
      vertex -52 -26.201 11.4975
    endloop
  endfacet
  facet normal -1 0 0
    outer loop
      vertex -52 -46.4 3
      vertex -52 -26.2889 11.1697
      vertex -52 -26.3 11
    endloop
  endfacet
  facet normal -1 0 0
    outer loop
      vertex -52 -31.5 48.5
      vertex -52 -26.2557 11.3365
      vertex -52 -26.2889 11.1697
    endloop
  endfacet
  facet normal -1 0 0
    outer loop
      vertex -52 -31.5 48.5
      vertex -52 -26.201 11.4975
      vertex -52 -26.2557 11.3365
    endloop
  endfacet
  facet normal -1 0 0
    outer loop
      vertex -52 -28.5 52.5
      vertex -52 -3.5 48.5
      vertex -52 -28.5 48.5
    endloop
  endfacet
  facet normal -1 0 0
    outer loop
      vertex -52 -28.5 66.5
      vertex -52 -3.5 66.5
      vertex -52 -28.5 52.5
    endloop
  endfacet
  facet normal -1 0 0
    outer loop
      vertex -52 -3.5 66.5
      vertex -52 -28.5 66.5
      vertex -52 -3.5 70.5
    endloop
  endfacet
  facet normal -1 0 0
    outer loop
      vertex -52 -28.5 70.5
      vertex -52 -3.5 70.5
      vertex -52 -28.5 66.5
    endloop
  endfacet
  facet normal -1 0 0
    outer loop
      vertex -52 -3.5 70.5
      vertex -52 -28.5 70.5
      vertex -52 13 95
    endloop
  endfacet
  facet normal -1 0 0
    outer loop
      vertex -52 -46.4 95
      vertex -52 -28.5 70.5
      vertex -52 -31.5 70.5
    endloop
  endfacet
  facet normal -1 0 0
    outer loop
      vertex -52 -28.5 70.5
      vertex -52 -46.4 95
      vertex -52 13 95
    endloop
  endfacet
  facet normal -1 0 0
    outer loop
      vertex -52 -31.5 66.5
      vertex -52 -46.4 95
      vertex -52 -31.5 70.5
    endloop
  endfacet
  facet normal 1 -0 0
    outer loop
      vertex -49 -31.5 66.5
      vertex -49 -28.5 52.5
      vertex -49 -28.5 66.5
    endloop
  endfacet
  facet normal 1 0 0
    outer loop
      vertex -49 -28.5 52.5
      vertex -49 -31.5 66.5
      vertex -49 -31.5 52.5
    endloop
  endfacet
  facet normal 1 -0 0
    outer loop
      vertex -49 -3.5 66.5
      vertex -49 -0.5 52.5
      vertex -49 -0.5 66.5
    endloop
  endfacet
  facet normal 1 0 0
    outer loop
      vertex -49 -0.5 52.5
      vertex -49 -3.5 66.5
      vertex -49 -3.5 52.5
    endloop
  endfacet
  facet normal 1 0 0
    outer loop
      vertex -49 -0.5 66.5
      vertex -49 10 95
      vertex -49 -0.5 70.5
    endloop
  endfacet
  facet normal 1 0 0
    outer loop
      vertex -49 10 95
      vertex -49 -3.5 70.5
      vertex -49 -0.5 70.5
    endloop
  endfacet
  facet normal 1 0 0
    outer loop
      vertex -49 -28.5 66.5
      vertex -49 -3.5 66.5
      vertex -49 -3.5 70.5
    endloop
  endfacet
  facet normal 1 0 0
    outer loop
      vertex -49 -3.5 66.5
      vertex -49 -28.5 66.5
      vertex -49 -3.5 52.5
    endloop
  endfacet
  facet normal 1 0 0
    outer loop
      vertex -49 -28.5 66.5
      vertex -49 -3.5 70.5
      vertex -49 -28.5 70.5
    endloop
  endfacet
  facet normal 1 -0 0
    outer loop
      vertex -49 -38.4 95
      vertex -49 -3.5 70.5
      vertex -49 10 95
    endloop
  endfacet
  facet normal 1 -0 0
    outer loop
      vertex -49 -38.4 85
      vertex -49 -3.5 70.5
      vertex -49 -38.4 95
    endloop
  endfacet
  facet normal 1 0 0
    outer loop
      vertex -49 -46.4 85
      vertex -49 -31.5 66.5
      vertex -49 -31.5 70.5
    endloop
  endfacet
  facet normal 1 0 0
    outer loop
      vertex -49 -31.5 66.5
      vertex -49 -46.4 85
      vertex -49 -31.5 52.5
    endloop
  endfacet
  facet normal 1 0 0
    outer loop
      vertex -49 -28.5 70.5
      vertex -49 -38.4 85
      vertex -49 -31.5 70.5
    endloop
  endfacet
  facet normal 1 0 0
    outer loop
      vertex -49 -3.5 70.5
      vertex -49 -38.4 85
      vertex -49 -28.5 70.5
    endloop
  endfacet
  facet normal 1 0 0
    outer loop
      vertex -49 -0.5 52.5
      vertex -49 10 95
      vertex -49 -0.5 66.5
    endloop
  endfacet
  facet normal 1 0 0
    outer loop
      vertex -49 10 95
      vertex -49 -0.5 52.5
      vertex -49 10 23
    endloop
  endfacet
  facet normal 1 -0 0
    outer loop
      vertex -49 -0.5 48.5
      vertex -49 10 23
      vertex -49 -0.5 52.5
    endloop
  endfacet
  facet normal 1 -0 0
    outer loop
      vertex -49 -3.5 48.5
      vertex -49 10 23
      vertex -49 -0.5 48.5
    endloop
  endfacet
  facet normal 1 0 0
    outer loop
      vertex -49 -28.5 52.5
      vertex -49 -3.5 52.5
      vertex -49 -28.5 66.5
    endloop
  endfacet
  facet normal 1 0 0
    outer loop
      vertex -49 -3.5 52.5
      vertex -49 -28.5 52.5
      vertex -49 -3.5 48.5
    endloop
  endfacet
  facet normal 1 0 0
    outer loop
      vertex -49 -28.5 48.5
      vertex -49 -3.5 48.5
      vertex -49 -28.5 52.5
    endloop
  endfacet
  facet normal 1 0 0
    outer loop
      vertex -49 -3.5 48.5
      vertex -49 -28.5 48.5
      vertex -49 10 23
    endloop
  endfacet
  facet normal 1 0 0
    outer loop
      vertex -49 -46.4 23
      vertex -49 -28.5 48.5
      vertex -49 -31.5 48.5
    endloop
  endfacet
  facet normal 1 -0 0
    outer loop
      vertex -49 -46.4 85
      vertex -49 -31.5 70.5
      vertex -49 -38.4 85
    endloop
  endfacet
  facet normal 1 0 0
    outer loop
      vertex -49 -46.4 23
      vertex -49 -31.5 52.5
      vertex -49 -46.4 85
    endloop
  endfacet
  facet normal 1 0 0
    outer loop
      vertex -49 -28.5 48.5
      vertex -49 -46.4 23
      vertex -49 10 23
    endloop
  endfacet
  facet normal 1 0 0
    outer loop
      vertex -49 -31.5 52.5
      vertex -49 -46.4 23
      vertex -49 -31.5 48.5
    endloop
  endfacet
  facet normal 0 -1 0
    outer loop
      vertex -52 -46.4 95
      vertex -49 -46.4 85
      vertex -42 -46.4 95
    endloop
  endfacet
  facet normal 0 -1 0
    outer loop
      vertex -52 -46.4 95
      vertex -49 -46.4 23
      vertex -49 -46.4 85
    endloop
  endfacet
  facet normal 0 -1 0
    outer loop
      vertex -52 -46.4 3
      vertex -49 -46.4 23
      vertex -52 -46.4 95
    endloop
  endfacet
  facet normal 0 -1 0
    outer loop
      vertex -52 -46.4 3
      vertex -48.99 -46.4 23
      vertex -49 -46.4 23
    endloop
  endfacet
  facet normal 0 -1 -0
    outer loop
      vertex -48.99 -46.4 23
      vertex -52 -46.4 3
      vertex -41 -46.4 3
    endloop
  endfacet
  facet normal 0 -1 -0
    outer loop
      vertex -42 -46.4 95
      vertex -49 -46.4 85
      vertex -42 -46.4 85
    endloop
  endfacet
  facet normal -0 0 1
    outer loop
      vertex 48.99 10 23
      vertex 49 -46.4 23
      vertex 49 10 23
    endloop
  endfacet
  facet normal 0 0 1
    outer loop
      vertex 49 -46.4 23
      vertex 48.99 10 23
      vertex 48.99 -46.4 23
    endloop
  endfacet
  facet normal 0 -1 0
    outer loop
      vertex 7 10 19
      vertex 1.47224 10 23.15
      vertex 1.3487 10 22.9651
    endloop
  endfacet
  facet normal 0 -1 0
    outer loop
      vertex 7 10 19
      vertex 1.3487 10 22.9651
      vertex 1.20208 10 22.7979
    endloop
  endfacet
  facet normal 0 -1 0
    outer loop
      vertex 7 10 19
      vertex 1.20208 10 22.7979
      vertex 1.03489 10 22.6513
    endloop
  endfacet
  facet normal 0 -1 0
    outer loop
      vertex 7 10 19
      vertex 1.03489 10 22.6513
      vertex 0.849999 10 22.5278
    endloop
  endfacet
  facet normal 0 -1 0
    outer loop
      vertex 7 10 19
      vertex 0.849999 10 22.5278
      vertex 0.650561 10 22.4294
    endloop
  endfacet
  facet normal 0 -1 0
    outer loop
      vertex 7 10 19
      vertex 0.650561 10 22.4294
      vertex 0.439992 10 22.3579
    endloop
  endfacet
  facet normal 0 -1 0
    outer loop
      vertex 7 10 19
      vertex 0.439992 10 22.3579
      vertex 0.221894 10 22.3145
    endloop
  endfacet
  facet normal 0 -1 0
    outer loop
      vertex 7 10 19
      vertex 0.221894 10 22.3145
      vertex 0 10 22.3
    endloop
  endfacet
  facet normal 0 -1 0
    outer loop
      vertex 7 10 19
      vertex 0 10 22.3
      vertex -7 10 19
    endloop
  endfacet
  facet normal 0 -1 0
    outer loop
      vertex 1.47224 10 23.15
      vertex 7 10 19
      vertex 7.39157 10 18.9743
    endloop
  endfacet
  facet normal 0 -1 0
    outer loop
      vertex 1.47224 10 23.15
      vertex 7.39157 10 18.9743
      vertex 7.77646 10 18.8978
    endloop
  endfacet
  facet normal 0 -1 0
    outer loop
      vertex 1.47224 10 23.15
      vertex 7.77646 10 18.8978
      vertex 8.14806 10 18.7716
    endloop
  endfacet
  facet normal 0 -1 0
    outer loop
      vertex 8.5 10 18.5981
      vertex 1.47224 10 23.15
      vertex 8.14806 10 18.7716
    endloop
  endfacet
  facet normal 0 -1 0
    outer loop
      vertex 1.47224 10 23.15
      vertex 8.5 10 18.5981
      vertex 48.99 10 23
    endloop
  endfacet
  facet normal 0 -1 0
    outer loop
      vertex 8.82628 10 18.3801
      vertex 48.99 10 23
      vertex 8.5 10 18.5981
    endloop
  endfacet
  facet normal 0 -1 0
    outer loop
      vertex 9.12132 10 18.1213
      vertex 48.99 10 23
      vertex 8.82628 10 18.3801
    endloop
  endfacet
  facet normal 0 -1 0
    outer loop
      vertex 9.38007 10 17.8263
      vertex 48.99 10 23
      vertex 9.12132 10 18.1213
    endloop
  endfacet
  facet normal 0 -1 0
    outer loop
      vertex 9.59808 10 17.5
      vertex 48.99 10 23
      vertex 9.38007 10 17.8263
    endloop
  endfacet
  facet normal 0 -1 0
    outer loop
      vertex 9.77164 10 17.148
      vertex 48.99 10 23
      vertex 9.59808 10 17.5
    endloop
  endfacet
  facet normal 0 -1 0
    outer loop
      vertex 9.89778 10 16.7764
      vertex 48.99 10 23
      vertex 9.77164 10 17.148
    endloop
  endfacet
  facet normal 0 -1 0
    outer loop
      vertex 9.97433 10 16.3916
      vertex 48.99 10 23
      vertex 9.89778 10 16.7764
    endloop
  endfacet
  facet normal 0 -1 0
    outer loop
      vertex 41 10 3
      vertex 9.97433 10 16.3916
      vertex 10 10 16
    endloop
  endfacet
  facet normal 0 -1 0
    outer loop
      vertex 41 10 3
      vertex 10 10 16
      vertex 10 10 10
    endloop
  endfacet
  facet normal 0 -1 0
    outer loop
      vertex 41 10 3
      vertex 10 10 10
      vertex 9.97433 10 9.60843
    endloop
  endfacet
  facet normal 0 -1 0
    outer loop
      vertex 41 10 3
      vertex 9.97433 10 9.60843
      vertex 9.89778 10 9.22354
    endloop
  endfacet
  facet normal 0 -1 0
    outer loop
      vertex 41 10 3
      vertex 9.89778 10 9.22354
      vertex 9.77164 10 8.85194
    endloop
  endfacet
  facet normal 0 -1 0
    outer loop
      vertex 41 10 3
      vertex 9.77164 10 8.85194
      vertex 9.59808 10 8.5
    endloop
  endfacet
  facet normal 0 -1 0
    outer loop
      vertex 41 10 3
      vertex 9.59808 10 8.5
      vertex 9.38007 10 8.17372
    endloop
  endfacet
  facet normal 0 -1 0
    outer loop
      vertex 41 10 3
      vertex 9.38007 10 8.17372
      vertex 9.12132 10 7.87868
    endloop
  endfacet
  facet normal 0 -1 0
    outer loop
      vertex 41 10 3
      vertex 9.12132 10 7.87868
      vertex 8.82628 10 7.61993
    endloop
  endfacet
  facet normal 0 -1 0
    outer loop
      vertex 41 10 3
      vertex 8.82628 10 7.61993
      vertex 8.5 10 7.40192
    endloop
  endfacet
  facet normal 0 -1 0
    outer loop
      vertex 41 10 3
      vertex 8.5 10 7.40192
      vertex 8.14806 10 7.22836
    endloop
  endfacet
  facet normal 0 -1 0
    outer loop
      vertex 41 10 3
      vertex 7 10 7
      vertex -41 10 3
    endloop
  endfacet
  facet normal 0 -1 0
    outer loop
      vertex 9.97433 10 16.3916
      vertex 41 10 3
      vertex 48.99 10 23
    endloop
  endfacet
  facet normal 0 -1 0
    outer loop
      vertex 7.77646 10 7.10222
      vertex 41 10 3
      vertex 8.14806 10 7.22836
    endloop
  endfacet
  facet normal 0 -1 0
    outer loop
      vertex 7.39157 10 7.02566
      vertex 41 10 3
      vertex 7.77646 10 7.10222
    endloop
  endfacet
  facet normal 0 -1 0
    outer loop
      vertex 7 10 7
      vertex 41 10 3
      vertex 7.39157 10 7.02566
    endloop
  endfacet
  facet normal 0 -1 0
    outer loop
      vertex -40.0671 10 24.9193
      vertex -24.2327 10 63.0278
      vertex -40.1825 10 24.9423
    endloop
  endfacet
  facet normal 0 -1 0
    outer loop
      vertex -24.2327 10 63.0278
      vertex -27.8175 10 24.9423
      vertex -27.7 10 24.95
    endloop
  endfacet
  facet normal 0 -1 0
    outer loop
      vertex -27.9329 10 24.9193
      vertex -24.2327 10 63.0278
      vertex -40.0671 10 24.9193
    endloop
  endfacet
  facet normal 0 -1 0
    outer loop
      vertex -24.2327 10 63.0278
      vertex -27.9329 10 24.9193
      vertex -27.8175 10 24.9423
    endloop
  endfacet
  facet normal 0 -1 0
    outer loop
      vertex -39.9556 10 24.8815
      vertex -27.9329 10 24.9193
      vertex -40.0671 10 24.9193
    endloop
  endfacet
  facet normal 0 -1 0
    outer loop
      vertex -39.9556 10 24.8815
      vertex -28.0444 10 24.8815
      vertex -27.9329 10 24.9193
    endloop
  endfacet
  facet normal 0 -1 0
    outer loop
      vertex -39.85 10 24.8294
      vertex -28.0444 10 24.8815
      vertex -39.9556 10 24.8815
    endloop
  endfacet
  facet normal 0 -1 0
    outer loop
      vertex -39.85 10 24.8294
      vertex -28.15 10 24.8294
      vertex -28.0444 10 24.8815
    endloop
  endfacet
  facet normal 0 -1 0
    outer loop
      vertex -39.7521 10 24.764
      vertex -28.15 10 24.8294
      vertex -39.85 10 24.8294
    endloop
  endfacet
  facet normal 0 -1 0
    outer loop
      vertex -39.7521 10 24.764
      vertex -28.2479 10 24.764
      vertex -28.15 10 24.8294
    endloop
  endfacet
  facet normal 0 -1 0
    outer loop
      vertex -39.6636 10 24.6864
      vertex -28.2479 10 24.764
      vertex -39.7521 10 24.764
    endloop
  endfacet
  facet normal 0 -1 0
    outer loop
      vertex -39.6636 10 24.6864
      vertex -28.3364 10 24.6864
      vertex -28.2479 10 24.764
    endloop
  endfacet
  facet normal 0 -1 0
    outer loop
      vertex -39.586 10 24.5979
      vertex -28.3364 10 24.6864
      vertex -39.6636 10 24.6864
    endloop
  endfacet
  facet normal 0 -1 0
    outer loop
      vertex -39.586 10 24.5979
      vertex -28.414 10 24.5979
      vertex -28.3364 10 24.6864
    endloop
  endfacet
  facet normal 0 -1 0
    outer loop
      vertex -39.5206 10 24.5
      vertex -28.414 10 24.5979
      vertex -39.586 10 24.5979
    endloop
  endfacet
  facet normal 0 -1 0
    outer loop
      vertex -39.5206 10 24.5
      vertex -28.4794 10 24.5
      vertex -28.414 10 24.5979
    endloop
  endfacet
  facet normal 0 -1 0
    outer loop
      vertex -39.4685 10 24.3944
      vertex -28.4794 10 24.5
      vertex -39.5206 10 24.5
    endloop
  endfacet
  facet normal 0 -1 0
    outer loop
      vertex -39.4685 10 24.3944
      vertex -28.5315 10 24.3944
      vertex -28.4794 10 24.5
    endloop
  endfacet
  facet normal 0 -1 0
    outer loop
      vertex -39.4307 10 24.2829
      vertex -28.5315 10 24.3944
      vertex -39.4685 10 24.3944
    endloop
  endfacet
  facet normal 0 -1 0
    outer loop
      vertex -39.4307 10 24.2829
      vertex -28.5693 10 24.2829
      vertex -28.5315 10 24.3944
    endloop
  endfacet
  facet normal 0 -1 0
    outer loop
      vertex -39.4077 10 24.1675
      vertex -28.5693 10 24.2829
      vertex -39.4307 10 24.2829
    endloop
  endfacet
  facet normal 0 -1 0
    outer loop
      vertex -39.4077 10 24.1675
      vertex -28.5923 10 24.1675
      vertex -28.5693 10 24.2829
    endloop
  endfacet
  facet normal 0 -1 0
    outer loop
      vertex -39.4 10 24.05
      vertex -28.5923 10 24.1675
      vertex -39.4077 10 24.1675
    endloop
  endfacet
  facet normal 0 -1 0
    outer loop
      vertex -39.4 10 24.05
      vertex -28.6 10 24.05
      vertex -28.5923 10 24.1675
    endloop
  endfacet
  facet normal 0 -1 0
    outer loop
      vertex -39.4077 10 23.9325
      vertex -28.6 10 24.05
      vertex -39.4 10 24.05
    endloop
  endfacet
  facet normal 0 -1 0
    outer loop
      vertex -39.4077 10 23.9325
      vertex -28.5923 10 23.9325
      vertex -28.6 10 24.05
    endloop
  endfacet
  facet normal 0 -1 0
    outer loop
      vertex -39.4307 10 23.8171
      vertex -28.5923 10 23.9325
      vertex -39.4077 10 23.9325
    endloop
  endfacet
  facet normal 0 -1 0
    outer loop
      vertex -39.4307 10 23.8171
      vertex -28.5693 10 23.8171
      vertex -28.5923 10 23.9325
    endloop
  endfacet
  facet normal 0 -1 0
    outer loop
      vertex -39.4685 10 23.7056
      vertex -28.5693 10 23.8171
      vertex -39.4307 10 23.8171
    endloop
  endfacet
  facet normal 0 -1 0
    outer loop
      vertex -39.4685 10 23.7056
      vertex -28.5315 10 23.7056
      vertex -28.5693 10 23.8171
    endloop
  endfacet
  facet normal 0 -1 0
    outer loop
      vertex -39.5206 10 23.6
      vertex -28.5315 10 23.7056
      vertex -39.4685 10 23.7056
    endloop
  endfacet
  facet normal 0 -1 0
    outer loop
      vertex -39.5206 10 23.6
      vertex -28.4794 10 23.6
      vertex -28.5315 10 23.7056
    endloop
  endfacet
  facet normal 0 -1 0
    outer loop
      vertex -39.586 10 23.5021
      vertex -28.4794 10 23.6
      vertex -39.5206 10 23.6
    endloop
  endfacet
  facet normal 0 -1 0
    outer loop
      vertex -39.586 10 23.5021
      vertex -28.414 10 23.5021
      vertex -28.4794 10 23.6
    endloop
  endfacet
  facet normal 0 -1 0
    outer loop
      vertex -39.6636 10 23.4136
      vertex -28.414 10 23.5021
      vertex -39.586 10 23.5021
    endloop
  endfacet
  facet normal 0 -1 0
    outer loop
      vertex -39.6636 10 23.4136
      vertex -28.3364 10 23.4136
      vertex -28.414 10 23.5021
    endloop
  endfacet
  facet normal 0 -1 0
    outer loop
      vertex -39.7521 10 23.336
      vertex -28.3364 10 23.4136
      vertex -39.6636 10 23.4136
    endloop
  endfacet
  facet normal 0 -1 0
    outer loop
      vertex -39.7521 10 23.336
      vertex -28.2479 10 23.336
      vertex -28.3364 10 23.4136
    endloop
  endfacet
  facet normal 0 -1 0
    outer loop
      vertex -39.85 10 23.2706
      vertex -28.2479 10 23.336
      vertex -39.7521 10 23.336
    endloop
  endfacet
  facet normal 0 -1 0
    outer loop
      vertex -39.85 10 23.2706
      vertex -28.15 10 23.2706
      vertex -28.2479 10 23.336
    endloop
  endfacet
  facet normal 0 -1 0
    outer loop
      vertex -41 10 3
      vertex -39.85 10 23.2706
      vertex -39.9556 10 23.2185
    endloop
  endfacet
  facet normal 0 -1 -0
    outer loop
      vertex -39.85 10 23.2706
      vertex -41 10 3
      vertex -28.15 10 23.2706
    endloop
  endfacet
  facet normal 0 -1 0
    outer loop
      vertex -41 10 3
      vertex -39.9556 10 23.2185
      vertex -40.0671 10 23.1807
    endloop
  endfacet
  facet normal 0 -1 -0
    outer loop
      vertex -28.15 10 23.2706
      vertex -41 10 3
      vertex -28.0444 10 23.2185
    endloop
  endfacet
  facet normal 0 -1 0
    outer loop
      vertex -41 10 3
      vertex -40.0671 10 23.1807
      vertex -40.1825 10 23.1577
    endloop
  endfacet
  facet normal 0 -1 -0
    outer loop
      vertex -28.0444 10 23.2185
      vertex -41 10 3
      vertex -27.9329 10 23.1807
    endloop
  endfacet
  facet normal 0 -1 0
    outer loop
      vertex -41 10 3
      vertex -40.1825 10 23.1577
      vertex -40.3 10 23.15
    endloop
  endfacet
  facet normal 0 -1 -0
    outer loop
      vertex -27.9329 10 23.1807
      vertex -41 10 3
      vertex -27.8175 10 23.1577
    endloop
  endfacet
  facet normal 0 -1 0
    outer loop
      vertex -22.7321 10 66.0706
      vertex -26 10 85
      vertex -22.9427 10 66.1421
    endloop
  endfacet
  facet normal 0 -1 0
    outer loop
      vertex 26 10 85
      vertex 23.1608 10 66.1855
      vertex 23.3827 10 66.2
    endloop
  endfacet
  facet normal 0 -1 0
    outer loop
      vertex -22.5327 10 65.9722
      vertex -26 10 85
      vertex -22.7321 10 66.0706
    endloop
  endfacet
  facet normal 0 -1 0
    outer loop
      vertex 26 10 85
      vertex 22.9427 10 66.1421
      vertex 23.1608 10 66.1855
    endloop
  endfacet
  facet normal 0 -1 0
    outer loop
      vertex -22.3478 10 65.8487
      vertex -26 10 85
      vertex -22.5327 10 65.9722
    endloop
  endfacet
  facet normal 0 -1 0
    outer loop
      vertex 26 10 85
      vertex 22.7321 10 66.0706
      vertex 22.9427 10 66.1421
    endloop
  endfacet
  facet normal 0 -1 0
    outer loop
      vertex -22.1806 10 65.7021
      vertex -26 10 85
      vertex -22.3478 10 65.8487
    endloop
  endfacet
  facet normal 0 -1 0
    outer loop
      vertex 26 10 85
      vertex 22.5327 10 65.9722
      vertex 22.7321 10 66.0706
    endloop
  endfacet
  facet normal 0 -1 0
    outer loop
      vertex -22.034 10 65.5349
      vertex -26 10 85
      vertex -22.1806 10 65.7021
    endloop
  endfacet
  facet normal 0 -1 0
    outer loop
      vertex 26 10 85
      vertex 22.3478 10 65.8487
      vertex 22.5327 10 65.9722
    endloop
  endfacet
  facet normal 0 -1 0
    outer loop
      vertex -26 10 85
      vertex -22.034 10 65.5349
      vertex 26 10 85
    endloop
  endfacet
  facet normal 0 -1 0
    outer loop
      vertex 26 10 85
      vertex 22.1806 10 65.7021
      vertex 22.3478 10 65.8487
    endloop
  endfacet
  facet normal 0 -1 0
    outer loop
      vertex 22.034 10 65.5349
      vertex 26 10 85
      vertex -22.034 10 65.5349
    endloop
  endfacet
  facet normal 0 -1 0
    outer loop
      vertex 26 10 85
      vertex 22.034 10 65.5349
      vertex 22.1806 10 65.7021
    endloop
  endfacet
  facet normal 0 -1 0
    outer loop
      vertex -21.9104 10 65.35
      vertex 22.034 10 65.5349
      vertex -22.034 10 65.5349
    endloop
  endfacet
  facet normal 0 -1 0
    outer loop
      vertex -21.9104 10 65.35
      vertex 21.9104 10 65.35
      vertex 22.034 10 65.5349
    endloop
  endfacet
  facet normal 0 -1 0
    outer loop
      vertex -21.8121 10 65.1506
      vertex 21.9104 10 65.35
      vertex -21.9104 10 65.35
    endloop
  endfacet
  facet normal 0 -1 0
    outer loop
      vertex -21.8121 10 65.1506
      vertex 21.8121 10 65.1506
      vertex 21.9104 10 65.35
    endloop
  endfacet
  facet normal 0 -1 0
    outer loop
      vertex -21.7406 10 64.94
      vertex 21.8121 10 65.1506
      vertex -21.8121 10 65.1506
    endloop
  endfacet
  facet normal 0 -1 0
    outer loop
      vertex -21.7406 10 64.94
      vertex 21.7406 10 64.94
      vertex 21.8121 10 65.1506
    endloop
  endfacet
  facet normal 0 -1 0
    outer loop
      vertex -21.6972 10 64.7219
      vertex 21.7406 10 64.94
      vertex -21.7406 10 64.94
    endloop
  endfacet
  facet normal 0 -1 0
    outer loop
      vertex -21.6972 10 64.7219
      vertex 21.6972 10 64.7219
      vertex 21.7406 10 64.94
    endloop
  endfacet
  facet normal 0 -1 0
    outer loop
      vertex -21.6827 10 64.5
      vertex 21.6972 10 64.7219
      vertex -21.6972 10 64.7219
    endloop
  endfacet
  facet normal 0 -1 0
    outer loop
      vertex -21.6827 10 64.5
      vertex 21.6827 10 64.5
      vertex 21.6972 10 64.7219
    endloop
  endfacet
  facet normal 0 -1 0
    outer loop
      vertex -21.6972 10 64.2781
      vertex 21.6827 10 64.5
      vertex -21.6827 10 64.5
    endloop
  endfacet
  facet normal 0 -1 0
    outer loop
      vertex -21.6972 10 64.2781
      vertex 21.6972 10 64.2781
      vertex 21.6827 10 64.5
    endloop
  endfacet
  facet normal 0 -1 0
    outer loop
      vertex -21.7406 10 64.06
      vertex 21.6972 10 64.2781
      vertex -21.6972 10 64.2781
    endloop
  endfacet
  facet normal 0 -1 0
    outer loop
      vertex -21.7406 10 64.06
      vertex 21.7406 10 64.06
      vertex 21.6972 10 64.2781
    endloop
  endfacet
  facet normal 0 -1 0
    outer loop
      vertex -21.8121 10 63.8494
      vertex 21.7406 10 64.06
      vertex -21.7406 10 64.06
    endloop
  endfacet
  facet normal 0 -1 0
    outer loop
      vertex -21.8121 10 63.8494
      vertex 21.8121 10 63.8494
      vertex 21.7406 10 64.06
    endloop
  endfacet
  facet normal 0 -1 0
    outer loop
      vertex -21.9104 10 63.65
      vertex 21.8121 10 63.8494
      vertex -21.8121 10 63.8494
    endloop
  endfacet
  facet normal 0 -1 0
    outer loop
      vertex -21.9104 10 63.65
      vertex 21.9104 10 63.65
      vertex 21.8121 10 63.8494
    endloop
  endfacet
  facet normal 0 -1 0
    outer loop
      vertex 0 10 25.7
      vertex -21.9104 10 63.65
      vertex -22.034 10 63.4651
    endloop
  endfacet
  facet normal 0 -1 0
    outer loop
      vertex -21.9104 10 63.65
      vertex 0 10 25.7
      vertex 21.9104 10 63.65
    endloop
  endfacet
  facet normal 0 -1 0
    outer loop
      vertex -0.221894 10 25.6855
      vertex -22.034 10 63.4651
      vertex -22.1806 10 63.2979
    endloop
  endfacet
  facet normal 0 -1 -0
    outer loop
      vertex 21.9104 10 63.65
      vertex 0 10 25.7
      vertex 22.034 10 63.4651
    endloop
  endfacet
  facet normal 0 -1 0
    outer loop
      vertex -0.439992 10 25.6421
      vertex -22.1806 10 63.2979
      vertex -22.3478 10 63.1513
    endloop
  endfacet
  facet normal 0 -1 0
    outer loop
      vertex 0.221894 10 25.6855
      vertex 22.034 10 63.4651
      vertex 0 10 25.7
    endloop
  endfacet
  facet normal 0 -1 0
    outer loop
      vertex -0.650561 10 25.5706
      vertex -22.3478 10 63.1513
      vertex -22.5327 10 63.0278
    endloop
  endfacet
  facet normal 0 -1 -0
    outer loop
      vertex 22.034 10 63.4651
      vertex 0.221894 10 25.6855
      vertex 22.1806 10 63.2979
    endloop
  endfacet
  facet normal 0 -1 0
    outer loop
      vertex -0.849999 10 25.4722
      vertex -22.5327 10 63.0278
      vertex -22.7321 10 62.9294
    endloop
  endfacet
  facet normal 0 -1 0
    outer loop
      vertex 0.439992 10 25.6421
      vertex 22.1806 10 63.2979
      vertex 0.221894 10 25.6855
    endloop
  endfacet
  facet normal 0 -1 0
    outer loop
      vertex -27.25 10 24.8294
      vertex -22.7321 10 62.9294
      vertex -22.9427 10 62.8579
    endloop
  endfacet
  facet normal 0 -1 -0
    outer loop
      vertex 22.1806 10 63.2979
      vertex 0.439992 10 25.6421
      vertex 22.3478 10 63.1513
    endloop
  endfacet
  facet normal 0 -1 0
    outer loop
      vertex -27.3556 10 24.8815
      vertex -22.9427 10 62.8579
      vertex -23.1608 10 62.8145
    endloop
  endfacet
  facet normal 0 -1 0
    outer loop
      vertex 0.650561 10 25.5706
      vertex 22.3478 10 63.1513
      vertex 0.439992 10 25.6421
    endloop
  endfacet
  facet normal 0 -1 0
    outer loop
      vertex -27.4671 10 24.9193
      vertex -23.1608 10 62.8145
      vertex -23.3827 10 62.8
    endloop
  endfacet
  facet normal 0 -1 -0
    outer loop
      vertex 22.3478 10 63.1513
      vertex 0.650561 10 25.5706
      vertex 22.5327 10 63.0278
    endloop
  endfacet
  facet normal 0 -1 0
    outer loop
      vertex -49 10 95
      vertex -34 10 85
      vertex -34 10 95
    endloop
  endfacet
  facet normal 0 -1 0
    outer loop
      vertex -24.2327 10 65.9722
      vertex -26 10 85
      vertex -34 10 85
    endloop
  endfacet
  facet normal 0 -1 0
    outer loop
      vertex -23.1608 10 66.1855
      vertex -26 10 85
      vertex -23.3827 10 66.2
    endloop
  endfacet
  facet normal 0 -1 0
    outer loop
      vertex -22.9427 10 66.1421
      vertex -26 10 85
      vertex -23.1608 10 66.1855
    endloop
  endfacet
  facet normal 0 -1 0
    outer loop
      vertex -25.0681 10 64.2781
      vertex -34 10 85
      vertex -49 10 95
    endloop
  endfacet
  facet normal 0 -1 0
    outer loop
      vertex -26 10 85
      vertex -23.6046 10 66.1855
      vertex -23.3827 10 66.2
    endloop
  endfacet
  facet normal 0 -1 0
    outer loop
      vertex -26 10 85
      vertex -23.8227 10 66.1421
      vertex -23.6046 10 66.1855
    endloop
  endfacet
  facet normal 0 -1 0
    outer loop
      vertex -26 10 85
      vertex -24.0332 10 66.0706
      vertex -23.8227 10 66.1421
    endloop
  endfacet
  facet normal 0 -1 0
    outer loop
      vertex -26 10 85
      vertex -24.2327 10 65.9722
      vertex -24.0332 10 66.0706
    endloop
  endfacet
  facet normal 0 -1 0
    outer loop
      vertex -34 10 85
      vertex -24.4176 10 65.8487
      vertex -24.2327 10 65.9722
    endloop
  endfacet
  facet normal 0 -1 0
    outer loop
      vertex -34 10 85
      vertex -24.5848 10 65.7021
      vertex -24.4176 10 65.8487
    endloop
  endfacet
  facet normal 0 -1 0
    outer loop
      vertex -34 10 85
      vertex -24.7314 10 65.5349
      vertex -24.5848 10 65.7021
    endloop
  endfacet
  facet normal 0 -1 0
    outer loop
      vertex -34 10 85
      vertex -24.8549 10 65.35
      vertex -24.7314 10 65.5349
    endloop
  endfacet
  facet normal 0 -1 0
    outer loop
      vertex -34 10 85
      vertex -24.9533 10 65.1506
      vertex -24.8549 10 65.35
    endloop
  endfacet
  facet normal 0 -1 0
    outer loop
      vertex -34 10 85
      vertex -25.0248 10 64.94
      vertex -24.9533 10 65.1506
    endloop
  endfacet
  facet normal 0 -1 0
    outer loop
      vertex -34 10 85
      vertex -25.0681 10 64.7219
      vertex -25.0248 10 64.94
    endloop
  endfacet
  facet normal 0 -1 0
    outer loop
      vertex -34 10 85
      vertex -25.0827 10 64.5
      vertex -25.0681 10 64.7219
    endloop
  endfacet
  facet normal 0 -1 0
    outer loop
      vertex -34 10 85
      vertex -25.0681 10 64.2781
      vertex -25.0827 10 64.5
    endloop
  endfacet
  facet normal 0 -1 0
    outer loop
      vertex -49 10 23
      vertex -25.0681 10 64.2781
      vertex -49 10 95
    endloop
  endfacet
  facet normal 0 -1 -0
    outer loop
      vertex -25.0681 10 64.2781
      vertex -49 10 23
      vertex -25.0248 10 64.06
    endloop
  endfacet
  facet normal 0 -1 -0
    outer loop
      vertex -25.0248 10 64.06
      vertex -49 10 23
      vertex -24.9533 10 63.8494
    endloop
  endfacet
  facet normal -0 -1 0
    outer loop
      vertex -40.6444 10 24.8815
      vertex -24.9533 10 63.8494
      vertex -49 10 23
    endloop
  endfacet
  facet normal 0 -1 0
    outer loop
      vertex 0.849999 10 25.4722
      vertex 22.5327 10 63.0278
      vertex 0.650561 10 25.5706
    endloop
  endfacet
  facet normal 0 -1 0
    outer loop
      vertex -27.5825 10 24.9423
      vertex -23.3827 10 62.8
      vertex -23.6046 10 62.8145
    endloop
  endfacet
  facet normal 0 -1 0
    outer loop
      vertex -27.7 10 24.95
      vertex -23.6046 10 62.8145
      vertex -23.8227 10 62.8579
    endloop
  endfacet
  facet normal 0 -1 0
    outer loop
      vertex -27.7 10 24.95
      vertex -23.8227 10 62.8579
      vertex -24.0332 10 62.9294
    endloop
  endfacet
  facet normal 0 -1 0
    outer loop
      vertex -27.7 10 24.95
      vertex -24.0332 10 62.9294
      vertex -24.2327 10 63.0278
    endloop
  endfacet
  facet normal 0 -1 0
    outer loop
      vertex -40.1825 10 24.9423
      vertex -24.4176 10 63.1513
      vertex -40.3 10 24.95
    endloop
  endfacet
  facet normal 0 -1 0
    outer loop
      vertex -40.3 10 24.95
      vertex -24.4176 10 63.1513
      vertex -24.5848 10 63.2979
    endloop
  endfacet
  facet normal 0 -1 0
    outer loop
      vertex -40.3 10 24.95
      vertex -24.5848 10 63.2979
      vertex -24.7314 10 63.4651
    endloop
  endfacet
  facet normal 0 -1 -0
    outer loop
      vertex -24.9533 10 63.8494
      vertex -40.6444 10 24.8815
      vertex -24.8549 10 63.65
    endloop
  endfacet
  facet normal 0 -1 0
    outer loop
      vertex -22.034 10 63.4651
      vertex -0.221894 10 25.6855
      vertex 0 10 25.7
    endloop
  endfacet
  facet normal 0 -1 0
    outer loop
      vertex -22.1806 10 63.2979
      vertex -0.439992 10 25.6421
      vertex -0.221894 10 25.6855
    endloop
  endfacet
  facet normal 0 -1 0
    outer loop
      vertex -22.3478 10 63.1513
      vertex -0.650561 10 25.5706
      vertex -0.439992 10 25.6421
    endloop
  endfacet
  facet normal 0 -1 0
    outer loop
      vertex -23.1608 10 62.8145
      vertex -27.4671 10 24.9193
      vertex -27.3556 10 24.8815
    endloop
  endfacet
  facet normal 0 -1 0
    outer loop
      vertex -22.9427 10 62.8579
      vertex -27.3556 10 24.8815
      vertex -27.25 10 24.8294
    endloop
  endfacet
  facet normal 0 -1 0
    outer loop
      vertex -22.5327 10 63.0278
      vertex -0.849999 10 25.4722
      vertex -0.650561 10 25.5706
    endloop
  endfacet
  facet normal 0 -1 0
    outer loop
      vertex -22.7321 10 62.9294
      vertex -27.25 10 24.8294
      vertex -27.1521 10 24.764
    endloop
  endfacet
  facet normal 0 -1 -0
    outer loop
      vertex -24.4176 10 63.1513
      vertex -40.1825 10 24.9423
      vertex -24.2327 10 63.0278
    endloop
  endfacet
  facet normal 0 -1 0
    outer loop
      vertex -24.7314 10 63.4651
      vertex -40.4175 10 24.9423
      vertex -40.3 10 24.95
    endloop
  endfacet
  facet normal 0 -1 0
    outer loop
      vertex -24.7314 10 63.4651
      vertex -40.5329 10 24.9193
      vertex -40.4175 10 24.9423
    endloop
  endfacet
  facet normal 0 -1 -0
    outer loop
      vertex -24.8549 10 63.65
      vertex -40.5329 10 24.9193
      vertex -24.7314 10 63.4651
    endloop
  endfacet
  facet normal -0 -1 0
    outer loop
      vertex -40.5329 10 24.9193
      vertex -24.8549 10 63.65
      vertex -40.6444 10 24.8815
    endloop
  endfacet
  facet normal 0 -1 0
    outer loop
      vertex -48.99 10 23
      vertex -40.6444 10 24.8815
      vertex -49 10 23
    endloop
  endfacet
  facet normal 0 -1 0
    outer loop
      vertex -40.6444 10 24.8815
      vertex -48.99 10 23
      vertex -40.75 10 24.8294
    endloop
  endfacet
  facet normal 0 -1 0
    outer loop
      vertex -40.75 10 24.8294
      vertex -48.99 10 23
      vertex -40.8479 10 24.764
    endloop
  endfacet
  facet normal 0 -1 0
    outer loop
      vertex -40.8479 10 24.764
      vertex -48.99 10 23
      vertex -40.9364 10 24.6864
    endloop
  endfacet
  facet normal 0 -1 0
    outer loop
      vertex -40.9364 10 24.6864
      vertex -48.99 10 23
      vertex -41.014 10 24.5979
    endloop
  endfacet
  facet normal 0 -1 0
    outer loop
      vertex -41.014 10 24.5979
      vertex -48.99 10 23
      vertex -41.0794 10 24.5
    endloop
  endfacet
  facet normal 0 -1 0
    outer loop
      vertex -41.0794 10 24.5
      vertex -48.99 10 23
      vertex -41.1315 10 24.3944
    endloop
  endfacet
  facet normal 0 -1 0
    outer loop
      vertex -41.1315 10 24.3944
      vertex -48.99 10 23
      vertex -41.1693 10 24.2829
    endloop
  endfacet
  facet normal 0 -1 0
    outer loop
      vertex -41.1693 10 24.2829
      vertex -48.99 10 23
      vertex -41.1923 10 24.1675
    endloop
  endfacet
  facet normal 0 -1 -0
    outer loop
      vertex -27.8175 10 23.1577
      vertex -41 10 3
      vertex -27.7 10 23.15
    endloop
  endfacet
  facet normal 0 -1 0
    outer loop
      vertex -41.1923 10 24.1675
      vertex -48.99 10 23
      vertex -41.2 10 24.05
    endloop
  endfacet
  facet normal 0 -1 -0
    outer loop
      vertex -41.2 10 24.05
      vertex -48.99 10 23
      vertex -41.1923 10 23.9325
    endloop
  endfacet
  facet normal 0 -1 -0
    outer loop
      vertex -41.1923 10 23.9325
      vertex -48.99 10 23
      vertex -41.1693 10 23.8171
    endloop
  endfacet
  facet normal 0 -1 -0
    outer loop
      vertex -41.1693 10 23.8171
      vertex -48.99 10 23
      vertex -41.1315 10 23.7056
    endloop
  endfacet
  facet normal 0 -1 -0
    outer loop
      vertex -41.1315 10 23.7056
      vertex -48.99 10 23
      vertex -41.0794 10 23.6
    endloop
  endfacet
  facet normal 0 -1 -0
    outer loop
      vertex -41.0794 10 23.6
      vertex -48.99 10 23
      vertex -41.014 10 23.5021
    endloop
  endfacet
  facet normal 0 -1 -0
    outer loop
      vertex -41.014 10 23.5021
      vertex -48.99 10 23
      vertex -40.9364 10 23.4136
    endloop
  endfacet
  facet normal 0 -1 -0
    outer loop
      vertex -40.9364 10 23.4136
      vertex -48.99 10 23
      vertex -40.8479 10 23.336
    endloop
  endfacet
  facet normal 0 -1 -0
    outer loop
      vertex -40.8479 10 23.336
      vertex -48.99 10 23
      vertex -40.75 10 23.2706
    endloop
  endfacet
  facet normal 0 -1 -0
    outer loop
      vertex -40.75 10 23.2706
      vertex -48.99 10 23
      vertex -40.6444 10 23.2185
    endloop
  endfacet
  facet normal 0 -1 0
    outer loop
      vertex -41 10 3
      vertex -40.6444 10 23.2185
      vertex -48.99 10 23
    endloop
  endfacet
  facet normal 0 -1 -0
    outer loop
      vertex -40.6444 10 23.2185
      vertex -41 10 3
      vertex -40.5329 10 23.1807
    endloop
  endfacet
  facet normal 0 -1 -0
    outer loop
      vertex -40.5329 10 23.1807
      vertex -41 10 3
      vertex -40.4175 10 23.1577
    endloop
  endfacet
  facet normal 0 -1 -0
    outer loop
      vertex -40.4175 10 23.1577
      vertex -41 10 3
      vertex -40.3 10 23.15
    endloop
  endfacet
  facet normal 0 -1 0
    outer loop
      vertex -27.7 10 23.15
      vertex -8.5 10 18.5981
      vertex -8.14806 10 18.7716
    endloop
  endfacet
  facet normal -0 -1 0
    outer loop
      vertex -7.77646 10 18.8978
      vertex -1.47224 10 23.15
      vertex -8.14806 10 18.7716
    endloop
  endfacet
  facet normal -0 -1 0
    outer loop
      vertex -7.39157 10 18.9743
      vertex -1.47224 10 23.15
      vertex -7.77646 10 18.8978
    endloop
  endfacet
  facet normal -0 -1 0
    outer loop
      vertex -7 10 19
      vertex -1.47224 10 23.15
      vertex -7.39157 10 18.9743
    endloop
  endfacet
  facet normal 0 -1 -0
    outer loop
      vertex -1.47224 10 23.15
      vertex -7 10 19
      vertex -1.3487 10 22.9651
    endloop
  endfacet
  facet normal 0 -1 -0
    outer loop
      vertex -1.3487 10 22.9651
      vertex -7 10 19
      vertex -1.20208 10 22.7979
    endloop
  endfacet
  facet normal 0 -1 -0
    outer loop
      vertex -1.20208 10 22.7979
      vertex -7 10 19
      vertex -1.03489 10 22.6513
    endloop
  endfacet
  facet normal 0 -1 -0
    outer loop
      vertex -0.849999 10 22.5278
      vertex -7 10 19
      vertex -0.650561 10 22.4294
    endloop
  endfacet
  facet normal 0 -1 -0
    outer loop
      vertex -0.650561 10 22.4294
      vertex -7 10 19
      vertex -0.439992 10 22.3579
    endloop
  endfacet
  facet normal 0 -1 -0
    outer loop
      vertex -0.221894 10 22.3145
      vertex -7 10 19
      vertex 0 10 22.3
    endloop
  endfacet
  facet normal 0 -1 -0
    outer loop
      vertex -0.439992 10 22.3579
      vertex -7 10 19
      vertex -0.221894 10 22.3145
    endloop
  endfacet
  facet normal 0 -1 -0
    outer loop
      vertex -1.03489 10 22.6513
      vertex -7 10 19
      vertex -0.849999 10 22.5278
    endloop
  endfacet
  facet normal 0 -1 0
    outer loop
      vertex -27.7 10 23.15
      vertex -8.14806 10 18.7716
      vertex -1.47224 10 23.15
    endloop
  endfacet
  facet normal 0 -1 0
    outer loop
      vertex -27.7 10 23.15
      vertex -8.82628 10 18.3801
      vertex -8.5 10 18.5981
    endloop
  endfacet
  facet normal 0 -1 0
    outer loop
      vertex -27.7 10 23.15
      vertex -9.12132 10 18.1213
      vertex -8.82628 10 18.3801
    endloop
  endfacet
  facet normal 0 -1 0
    outer loop
      vertex -27.7 10 23.15
      vertex -9.38007 10 17.8263
      vertex -9.12132 10 18.1213
    endloop
  endfacet
  facet normal 0 -1 0
    outer loop
      vertex -27.7 10 23.15
      vertex -9.59808 10 17.5
      vertex -9.38007 10 17.8263
    endloop
  endfacet
  facet normal 0 -1 0
    outer loop
      vertex -27.7 10 23.15
      vertex -9.77164 10 17.148
      vertex -9.59808 10 17.5
    endloop
  endfacet
  facet normal 0 -1 0
    outer loop
      vertex -27.7 10 23.15
      vertex -9.89778 10 16.7764
      vertex -9.77164 10 17.148
    endloop
  endfacet
  facet normal 0 -1 0
    outer loop
      vertex -27.7 10 23.15
      vertex -9.97433 10 16.3916
      vertex -9.89778 10 16.7764
    endloop
  endfacet
  facet normal -0 -1 0
    outer loop
      vertex -9.97433 10 9.60843
      vertex -27.7 10 23.15
      vertex -41 10 3
    endloop
  endfacet
  facet normal 0 -1 0
    outer loop
      vertex -27.7 10 23.15
      vertex -10 10 16
      vertex -9.97433 10 16.3916
    endloop
  endfacet
  facet normal 0 -1 0
    outer loop
      vertex -27.7 10 23.15
      vertex -10 10 10
      vertex -10 10 16
    endloop
  endfacet
  facet normal 0 -1 0
    outer loop
      vertex -27.7 10 23.15
      vertex -9.97433 10 9.60843
      vertex -10 10 10
    endloop
  endfacet
  facet normal 0 -1 -0
    outer loop
      vertex -9.97433 10 9.60843
      vertex -41 10 3
      vertex -9.89778 10 9.22354
    endloop
  endfacet
  facet normal 0 -1 -0
    outer loop
      vertex -9.89778 10 9.22354
      vertex -41 10 3
      vertex -9.77164 10 8.85194
    endloop
  endfacet
  facet normal 0 -1 -0
    outer loop
      vertex -9.77164 10 8.85194
      vertex -41 10 3
      vertex -9.59808 10 8.5
    endloop
  endfacet
  facet normal 0 -1 -0
    outer loop
      vertex -9.59808 10 8.5
      vertex -41 10 3
      vertex -9.38007 10 8.17372
    endloop
  endfacet
  facet normal 0 -1 -0
    outer loop
      vertex -9.38007 10 8.17372
      vertex -41 10 3
      vertex -9.12132 10 7.87868
    endloop
  endfacet
  facet normal 0 -1 -0
    outer loop
      vertex -9.12132 10 7.87868
      vertex -41 10 3
      vertex -8.82628 10 7.61993
    endloop
  endfacet
  facet normal 0 -1 -0
    outer loop
      vertex -8.82628 10 7.61993
      vertex -41 10 3
      vertex -8.5 10 7.40192
    endloop
  endfacet
  facet normal 0 -1 -0
    outer loop
      vertex -7 10 7
      vertex -41 10 3
      vertex 7 10 7
    endloop
  endfacet
  facet normal 0 -1 -0
    outer loop
      vertex -7.39157 10 7.02566
      vertex -41 10 3
      vertex -7 10 7
    endloop
  endfacet
  facet normal 0 -1 -0
    outer loop
      vertex -7.77646 10 7.10222
      vertex -41 10 3
      vertex -7.39157 10 7.02566
    endloop
  endfacet
  facet normal 0 -1 -0
    outer loop
      vertex -8.14806 10 7.22836
      vertex -41 10 3
      vertex -7.77646 10 7.10222
    endloop
  endfacet
  facet normal 0 -1 -0
    outer loop
      vertex -8.5 10 7.40192
      vertex -41 10 3
      vertex -8.14806 10 7.22836
    endloop
  endfacet
  facet normal 0 -1 0
    outer loop
      vertex -26 10 85
      vertex 26 10 95
      vertex -26 10 95
    endloop
  endfacet
  facet normal 0 -1 -0
    outer loop
      vertex 26 10 95
      vertex -26 10 85
      vertex 26 10 85
    endloop
  endfacet
  facet normal 0 -1 0
    outer loop
      vertex 34 10 85
      vertex 49 10 95
      vertex 34 10 95
    endloop
  endfacet
  facet normal 0 -1 0
    outer loop
      vertex 23.6046 10 66.1855
      vertex 26 10 85
      vertex 23.3827 10 66.2
    endloop
  endfacet
  facet normal 0 -1 0
    outer loop
      vertex 23.8227 10 66.1421
      vertex 26 10 85
      vertex 23.6046 10 66.1855
    endloop
  endfacet
  facet normal 0 -1 0
    outer loop
      vertex 24.0332 10 66.0706
      vertex 26 10 85
      vertex 23.8227 10 66.1421
    endloop
  endfacet
  facet normal 0 -1 0
    outer loop
      vertex 24.2327 10 65.9722
      vertex 26 10 85
      vertex 24.0332 10 66.0706
    endloop
  endfacet
  facet normal 0 -1 -0
    outer loop
      vertex 26 10 85
      vertex 24.2327 10 65.9722
      vertex 34 10 85
    endloop
  endfacet
  facet normal 0 -1 0
    outer loop
      vertex 24.4176 10 65.8487
      vertex 34 10 85
      vertex 24.2327 10 65.9722
    endloop
  endfacet
  facet normal 0 -1 0
    outer loop
      vertex 24.5848 10 65.7021
      vertex 34 10 85
      vertex 24.4176 10 65.8487
    endloop
  endfacet
  facet normal 0 -1 0
    outer loop
      vertex 24.7314 10 65.5349
      vertex 34 10 85
      vertex 24.5848 10 65.7021
    endloop
  endfacet
  facet normal 0 -1 0
    outer loop
      vertex 24.8549 10 65.35
      vertex 34 10 85
      vertex 24.7314 10 65.5349
    endloop
  endfacet
  facet normal 0 -1 0
    outer loop
      vertex 24.9533 10 65.1506
      vertex 34 10 85
      vertex 24.8549 10 65.35
    endloop
  endfacet
  facet normal 0 -1 0
    outer loop
      vertex 25.0248 10 64.94
      vertex 34 10 85
      vertex 24.9533 10 65.1506
    endloop
  endfacet
  facet normal 0 -1 0
    outer loop
      vertex 25.0681 10 64.7219
      vertex 34 10 85
      vertex 25.0248 10 64.94
    endloop
  endfacet
  facet normal 0 -1 0
    outer loop
      vertex 25.0827 10 64.5
      vertex 34 10 85
      vertex 25.0681 10 64.7219
    endloop
  endfacet
  facet normal 0 -1 0
    outer loop
      vertex 25.0681 10 64.2781
      vertex 34 10 85
      vertex 25.0827 10 64.5
    endloop
  endfacet
  facet normal 0 -1 -0
    outer loop
      vertex 34 10 85
      vertex 25.0681 10 64.2781
      vertex 49 10 95
    endloop
  endfacet
  facet normal 0 -1 0
    outer loop
      vertex 49 10 23
      vertex 25.0681 10 64.2781
      vertex 25.0248 10 64.06
    endloop
  endfacet
  facet normal 0 -1 0
    outer loop
      vertex 49 10 23
      vertex 25.0248 10 64.06
      vertex 24.9533 10 63.8494
    endloop
  endfacet
  facet normal 0 -1 0
    outer loop
      vertex 49 10 23
      vertex 24.9533 10 63.8494
      vertex 24.8549 10 63.65
    endloop
  endfacet
  facet normal 0 -1 0
    outer loop
      vertex 48.99 10 23
      vertex 24.8549 10 63.65
      vertex 24.7314 10 63.4651
    endloop
  endfacet
  facet normal 0 -1 -0
    outer loop
      vertex 22.5327 10 63.0278
      vertex 0.849999 10 25.4722
      vertex 22.7321 10 62.9294
    endloop
  endfacet
  facet normal 0 -1 0
    outer loop
      vertex 1.03489 10 25.3487
      vertex 22.7321 10 62.9294
      vertex 0.849999 10 25.4722
    endloop
  endfacet
  facet normal 0 -1 -0
    outer loop
      vertex 22.7321 10 62.9294
      vertex 1.03489 10 25.3487
      vertex 22.9427 10 62.8579
    endloop
  endfacet
  facet normal 0 -1 0
    outer loop
      vertex 1.20208 10 25.2021
      vertex 22.9427 10 62.8579
      vertex 1.03489 10 25.3487
    endloop
  endfacet
  facet normal 0 -1 -0
    outer loop
      vertex 22.9427 10 62.8579
      vertex 1.20208 10 25.2021
      vertex 23.1608 10 62.8145
    endloop
  endfacet
  facet normal 0 -1 0
    outer loop
      vertex 1.3487 10 25.0349
      vertex 23.1608 10 62.8145
      vertex 1.20208 10 25.2021
    endloop
  endfacet
  facet normal 0 -1 -0
    outer loop
      vertex 23.1608 10 62.8145
      vertex 1.3487 10 25.0349
      vertex 23.3827 10 62.8
    endloop
  endfacet
  facet normal 0 -1 0
    outer loop
      vertex 1.47224 10 24.85
      vertex 23.3827 10 62.8
      vertex 1.3487 10 25.0349
    endloop
  endfacet
  facet normal 0 -1 -0
    outer loop
      vertex 23.3827 10 62.8
      vertex 1.47224 10 24.85
      vertex 23.6046 10 62.8145
    endloop
  endfacet
  facet normal 0 -1 0
    outer loop
      vertex 1.57059 10 24.6506
      vertex 23.6046 10 62.8145
      vertex 1.47224 10 24.85
    endloop
  endfacet
  facet normal 0 -1 0
    outer loop
      vertex 48.99 10 23
      vertex 23.6046 10 62.8145
      vertex 1.57059 10 24.6506
    endloop
  endfacet
  facet normal 0 -1 0
    outer loop
      vertex 23.6046 10 62.8145
      vertex 48.99 10 23
      vertex 23.8227 10 62.8579
    endloop
  endfacet
  facet normal 0 -1 0
    outer loop
      vertex 23.8227 10 62.8579
      vertex 48.99 10 23
      vertex 24.0332 10 62.9294
    endloop
  endfacet
  facet normal 0 -1 0
    outer loop
      vertex 24.0332 10 62.9294
      vertex 48.99 10 23
      vertex 24.2327 10 63.0278
    endloop
  endfacet
  facet normal 0 -1 0
    outer loop
      vertex 24.4176 10 63.1513
      vertex 48.99 10 23
      vertex 24.5848 10 63.2979
    endloop
  endfacet
  facet normal 0 -1 0
    outer loop
      vertex 24.5848 10 63.2979
      vertex 48.99 10 23
      vertex 24.7314 10 63.4651
    endloop
  endfacet
  facet normal 0 -1 0
    outer loop
      vertex 24.2327 10 63.0278
      vertex 48.99 10 23
      vertex 24.4176 10 63.1513
    endloop
  endfacet
  facet normal 0 -1 0
    outer loop
      vertex 48.99 10 23
      vertex 1.57059 10 24.6506
      vertex 1.64207 10 24.44
    endloop
  endfacet
  facet normal 0 -1 0
    outer loop
      vertex 48.99 10 23
      vertex 1.64207 10 24.44
      vertex 1.68546 10 24.2219
    endloop
  endfacet
  facet normal 0 -1 0
    outer loop
      vertex 48.99 10 23
      vertex 1.68546 10 24.2219
      vertex 1.7 10 24
    endloop
  endfacet
  facet normal 0 -1 0
    outer loop
      vertex 48.99 10 23
      vertex 1.7 10 24
      vertex 1.68546 10 23.7781
    endloop
  endfacet
  facet normal 0 -1 0
    outer loop
      vertex 48.99 10 23
      vertex 1.68546 10 23.7781
      vertex 1.64207 10 23.56
    endloop
  endfacet
  facet normal 0 -1 0
    outer loop
      vertex 48.99 10 23
      vertex 1.64207 10 23.56
      vertex 1.57059 10 23.3494
    endloop
  endfacet
  facet normal 0 -1 0
    outer loop
      vertex 48.99 10 23
      vertex 1.57059 10 23.3494
      vertex 1.47224 10 23.15
    endloop
  endfacet
  facet normal 0 -1 0
    outer loop
      vertex 24.8549 10 63.65
      vertex 48.99 10 23
      vertex 49 10 23
    endloop
  endfacet
  facet normal 0 -1 0
    outer loop
      vertex 25.0681 10 64.2781
      vertex 49 10 23
      vertex 49 10 95
    endloop
  endfacet
  facet normal 0 -1 0
    outer loop
      vertex -23.6046 10 62.8145
      vertex -27.7 10 24.95
      vertex -27.5825 10 24.9423
    endloop
  endfacet
  facet normal 0 -1 0
    outer loop
      vertex -23.3827 10 62.8
      vertex -27.5825 10 24.9423
      vertex -27.4671 10 24.9193
    endloop
  endfacet
  facet normal 0 -1 0
    outer loop
      vertex -22.7321 10 62.9294
      vertex -1.03489 10 25.3487
      vertex -0.849999 10 25.4722
    endloop
  endfacet
  facet normal 0 -1 -0
    outer loop
      vertex -22.7321 10 62.9294
      vertex -27.1521 10 24.764
      vertex -1.03489 10 25.3487
    endloop
  endfacet
  facet normal 0 -1 0
    outer loop
      vertex -1.03489 10 25.3487
      vertex -27.1521 10 24.764
      vertex -1.20208 10 25.2021
    endloop
  endfacet
  facet normal 0 -1 0
    outer loop
      vertex -27.0636 10 24.6864
      vertex -1.20208 10 25.2021
      vertex -27.1521 10 24.764
    endloop
  endfacet
  facet normal 0 -1 0
    outer loop
      vertex -1.20208 10 25.2021
      vertex -27.0636 10 24.6864
      vertex -1.3487 10 25.0349
    endloop
  endfacet
  facet normal 0 -1 0
    outer loop
      vertex -26.986 10 24.5979
      vertex -1.3487 10 25.0349
      vertex -27.0636 10 24.6864
    endloop
  endfacet
  facet normal 0 -1 0
    outer loop
      vertex -1.3487 10 25.0349
      vertex -26.986 10 24.5979
      vertex -1.47224 10 24.85
    endloop
  endfacet
  facet normal 0 -1 0
    outer loop
      vertex -26.9206 10 24.5
      vertex -1.47224 10 24.85
      vertex -26.986 10 24.5979
    endloop
  endfacet
  facet normal 0 -1 0
    outer loop
      vertex -1.47224 10 24.85
      vertex -26.9206 10 24.5
      vertex -1.57059 10 24.6506
    endloop
  endfacet
  facet normal 0 -1 0
    outer loop
      vertex -26.8685 10 24.3944
      vertex -1.57059 10 24.6506
      vertex -26.9206 10 24.5
    endloop
  endfacet
  facet normal 0 -1 0
    outer loop
      vertex -1.57059 10 24.6506
      vertex -26.8685 10 24.3944
      vertex -1.64207 10 24.44
    endloop
  endfacet
  facet normal 0 -1 0
    outer loop
      vertex -26.8307 10 24.2829
      vertex -1.64207 10 24.44
      vertex -26.8685 10 24.3944
    endloop
  endfacet
  facet normal 0 -1 0
    outer loop
      vertex -26.8307 10 24.2829
      vertex -1.68546 10 24.2219
      vertex -1.64207 10 24.44
    endloop
  endfacet
  facet normal 0 -1 0
    outer loop
      vertex -26.8077 10 24.1675
      vertex -1.68546 10 24.2219
      vertex -26.8307 10 24.2829
    endloop
  endfacet
  facet normal 0 -1 0
    outer loop
      vertex -26.8 10 24.05
      vertex -1.68546 10 24.2219
      vertex -26.8077 10 24.1675
    endloop
  endfacet
  facet normal 0 -1 0
    outer loop
      vertex -26.8 10 24.05
      vertex -1.7 10 24
      vertex -1.68546 10 24.2219
    endloop
  endfacet
  facet normal 0 -1 0
    outer loop
      vertex -26.8077 10 23.9325
      vertex -1.7 10 24
      vertex -26.8 10 24.05
    endloop
  endfacet
  facet normal 0 -1 0
    outer loop
      vertex -1.68546 10 23.7781
      vertex -26.8077 10 23.9325
      vertex -26.8307 10 23.8171
    endloop
  endfacet
  facet normal 0 -1 0
    outer loop
      vertex -26.8077 10 23.9325
      vertex -1.68546 10 23.7781
      vertex -1.7 10 24
    endloop
  endfacet
  facet normal 0 -1 0
    outer loop
      vertex -1.64207 10 23.56
      vertex -26.8307 10 23.8171
      vertex -26.8685 10 23.7056
    endloop
  endfacet
  facet normal 0 -1 0
    outer loop
      vertex -1.57059 10 23.3494
      vertex -26.8685 10 23.7056
      vertex -26.9206 10 23.6
    endloop
  endfacet
  facet normal 0 -1 0
    outer loop
      vertex -26.8307 10 23.8171
      vertex -1.64207 10 23.56
      vertex -1.68546 10 23.7781
    endloop
  endfacet
  facet normal 0 -1 0
    outer loop
      vertex -1.47224 10 23.15
      vertex -26.9206 10 23.6
      vertex -26.986 10 23.5021
    endloop
  endfacet
  facet normal 0 -1 0
    outer loop
      vertex -1.47224 10 23.15
      vertex -26.986 10 23.5021
      vertex -27.0636 10 23.4136
    endloop
  endfacet
  facet normal 0 -1 0
    outer loop
      vertex -26.8685 10 23.7056
      vertex -1.57059 10 23.3494
      vertex -1.64207 10 23.56
    endloop
  endfacet
  facet normal 0 -1 0
    outer loop
      vertex -1.47224 10 23.15
      vertex -27.0636 10 23.4136
      vertex -27.1521 10 23.336
    endloop
  endfacet
  facet normal 0 -1 0
    outer loop
      vertex -1.47224 10 23.15
      vertex -27.1521 10 23.336
      vertex -27.25 10 23.2706
    endloop
  endfacet
  facet normal 0 -1 0
    outer loop
      vertex -1.47224 10 23.15
      vertex -27.25 10 23.2706
      vertex -27.3556 10 23.2185
    endloop
  endfacet
  facet normal 0 -1 0
    outer loop
      vertex -1.47224 10 23.15
      vertex -27.3556 10 23.2185
      vertex -27.4671 10 23.1807
    endloop
  endfacet
  facet normal 0 -1 0
    outer loop
      vertex -1.47224 10 23.15
      vertex -27.4671 10 23.1807
      vertex -27.5825 10 23.1577
    endloop
  endfacet
  facet normal 0 -1 0
    outer loop
      vertex -1.47224 10 23.15
      vertex -27.5825 10 23.1577
      vertex -27.7 10 23.15
    endloop
  endfacet
  facet normal 0 -1 0
    outer loop
      vertex -26.9206 10 23.6
      vertex -1.47224 10 23.15
      vertex -1.57059 10 23.3494
    endloop
  endfacet
  facet normal -0.928637 4.92177e-06 0.37099
    outer loop
      vertex 41 10 3
      vertex 44 9 10.5094
      vertex 48.99 10 23
    endloop
  endfacet
  facet normal -0.928637 -9.4087e-06 0.370989
    outer loop
      vertex 43.784 5.79139 9.96864
      vertex 44 9 10.5094
      vertex 41 10 3
    endloop
  endfacet
  facet normal -0.931243 0 0.364399
    outer loop
      vertex 44 9 10.5094
      vertex 43.9973 6.20104 10.5025
      vertex 44 6.20338 10.5094
    endloop
  endfacet
  facet normal -0.928473 -1.99275e-05 0.371399
    outer loop
      vertex 44 9 10.5094
      vertex 43.9363 6.12583 10.35
      vertex 43.9973 6.20104 10.5025
    endloop
  endfacet
  facet normal -0.928613 2.56268e-06 0.371049
    outer loop
      vertex 44 9 10.5094
      vertex 43.8798 6.03136 10.2086
      vertex 43.9363 6.12583 10.35
    endloop
  endfacet
  facet normal -0.928794 5.57814e-05 0.370597
    outer loop
      vertex 44 9 10.5094
      vertex 43.8288 5.91924 10.0808
      vertex 43.8798 6.03136 10.2086
    endloop
  endfacet
  facet normal -0.92866 1.63538e-06 0.370932
    outer loop
      vertex 44 9 10.5094
      vertex 43.784 5.79139 9.96864
      vertex 43.8288 5.91924 10.0808
    endloop
  endfacet
  facet normal -0.928578 0.000275382 0.371137
    outer loop
      vertex 41 10 3
      vertex 43.7462 5.65 9.87417
      vertex 43.784 5.79139 9.96864
    endloop
  endfacet
  facet normal -0.928685 -0.000213751 0.37087
    outer loop
      vertex 41 10 3
      vertex 43.7162 5.49749 9.79896
      vertex 43.7462 5.65 9.87417
    endloop
  endfacet
  facet normal -0.928568 0.000297578 0.371162
    outer loop
      vertex 41 10 3
      vertex 43.6943 5.33646 9.7443
      vertex 43.7162 5.49749 9.79896
    endloop
  endfacet
  facet normal -0.928703 -0.000270082 0.370824
    outer loop
      vertex 41 10 3
      vertex 43.6811 5.16968 9.71112
      vertex 43.6943 5.33646 9.7443
    endloop
  endfacet
  facet normal -0.928691 -0.000221885 0.370854
    outer loop
      vertex 41 10 3
      vertex 43.6767 5 9.7
      vertex 43.6811 5.16968 9.71112
    endloop
  endfacet
  facet normal -0.928571 0.000244673 0.371154
    outer loop
      vertex 41 10 3
      vertex 43.6811 4.83032 9.71112
      vertex 43.6767 5 9.7
    endloop
  endfacet
  facet normal -0.92854 0.000364571 0.371233
    outer loop
      vertex 41 10 3
      vertex 43.6943 4.66354 9.7443
      vertex 43.6811 4.83032 9.71112
    endloop
  endfacet
  facet normal -0.928776 -0.000502458 0.370642
    outer loop
      vertex 41 10 3
      vertex 43.7162 4.50251 9.79896
      vertex 43.6943 4.66354 9.7443
    endloop
  endfacet
  facet normal -0.928634 7.10337e-06 0.370997
    outer loop
      vertex 44 1 10.5094
      vertex 43.7162 4.50251 9.79896
      vertex 41 10 3
    endloop
  endfacet
  facet normal -0.928965 -0.000188088 0.370167
    outer loop
      vertex 43.7162 4.50251 9.79896
      vertex 44 1 10.5094
      vertex 43.7462 4.35 9.87417
    endloop
  endfacet
  facet normal -0.928362 0.000144207 0.371678
    outer loop
      vertex 43.7462 4.35 9.87417
      vertex 44 1 10.5094
      vertex 43.784 4.20861 9.96864
    endloop
  endfacet
  facet normal -0.92866 -1.63538e-06 0.370932
    outer loop
      vertex 43.784 4.20861 9.96864
      vertex 44 1 10.5094
      vertex 43.8288 4.08076 10.0808
    endloop
  endfacet
  facet normal -0.931243 0 0.364399
    outer loop
      vertex 43.9973 3.79896 10.5025
      vertex 44 1 10.5094
      vertex 44 3.79662 10.5094
    endloop
  endfacet
  facet normal -0.928473 1.99275e-05 0.371399
    outer loop
      vertex 43.9363 3.87417 10.35
      vertex 44 1 10.5094
      vertex 43.9973 3.79896 10.5025
    endloop
  endfacet
  facet normal -0.928613 -2.56268e-06 0.371049
    outer loop
      vertex 43.8798 3.96864 10.2086
      vertex 44 1 10.5094
      vertex 43.9363 3.87417 10.35
    endloop
  endfacet
  facet normal -0.928794 -5.57814e-05 0.370597
    outer loop
      vertex 43.8288 4.08076 10.0808
      vertex 44 1 10.5094
      vertex 43.8798 3.96864 10.2086
    endloop
  endfacet
  facet normal -0.928636 0 0.370991
    outer loop
      vertex 44 1 10.5094
      vertex 44 -21 10.5094
      vertex 46.1935 1 16
    endloop
  endfacet
  facet normal -0.928637 0 0.37099
    outer loop
      vertex 41 10 3
      vertex 44 -21 10.5094
      vertex 44 1 10.5094
    endloop
  endfacet
  facet normal -0.928629 5.86556e-06 0.371011
    outer loop
      vertex 43.6943 -24.6635 9.7443
      vertex 44 -21 10.5094
      vertex 41 10 3
    endloop
  endfacet
  facet normal -0.931243 0 0.364399
    outer loop
      vertex 44 -21 10.5094
      vertex 43.9973 -23.799 10.5025
      vertex 44 -23.7966 10.5094
    endloop
  endfacet
  facet normal -0.928473 -1.99272e-05 0.371399
    outer loop
      vertex 44 -21 10.5094
      vertex 43.9363 -23.8742 10.35
      vertex 43.9973 -23.799 10.5025
    endloop
  endfacet
  facet normal -0.928613 2.56258e-06 0.371049
    outer loop
      vertex 44 -21 10.5094
      vertex 43.8798 -23.9686 10.2086
      vertex 43.9363 -23.8742 10.35
    endloop
  endfacet
  facet normal -0.928794 5.57861e-05 0.370597
    outer loop
      vertex 44 -21 10.5094
      vertex 43.8288 -24.0808 10.0808
      vertex 43.8798 -23.9686 10.2086
    endloop
  endfacet
  facet normal -0.92866 1.63524e-06 0.370932
    outer loop
      vertex 44 -21 10.5094
      vertex 43.784 -24.2086 9.96864
      vertex 43.8288 -24.0808 10.0808
    endloop
  endfacet
  facet normal -0.928362 -0.000144211 0.371678
    outer loop
      vertex 44 -21 10.5094
      vertex 43.7462 -24.35 9.87417
      vertex 43.784 -24.2086 9.96864
    endloop
  endfacet
  facet normal -0.928965 0.00018808 0.370167
    outer loop
      vertex 44 -21 10.5094
      vertex 43.7162 -24.5025 9.79896
      vertex 43.7462 -24.35 9.87417
    endloop
  endfacet
  facet normal -0.9277 -0.000555278 0.373327
    outer loop
      vertex 44 -21 10.5094
      vertex 43.6943 -24.6635 9.7443
      vertex 43.7162 -24.5025 9.79896
    endloop
  endfacet
  facet normal -0.928908 -0.000151933 0.370311
    outer loop
      vertex 41 10 3
      vertex 43.6811 -24.8303 9.71112
      vertex 43.6943 -24.6635 9.7443
    endloop
  endfacet
  facet normal -0.928636 0 0.370991
    outer loop
      vertex 41 -46.4 3
      vertex 43.6811 -24.8303 9.71112
      vertex 41 10 3
    endloop
  endfacet
  facet normal -0.92831 -0.000294186 0.371806
    outer loop
      vertex 43.6811 -24.8303 9.71112
      vertex 41 -46.4 3
      vertex 43.6767 -25 9.7
    endloop
  endfacet
  facet normal -0.931243 0 0.364399
    outer loop
      vertex 43.9973 -26.201 10.5025
      vertex 44 -29 10.5094
      vertex 44 -26.2034 10.5094
    endloop
  endfacet
  facet normal -0.928473 1.99272e-05 0.371399
    outer loop
      vertex 43.9363 -26.1258 10.35
      vertex 44 -29 10.5094
      vertex 43.9973 -26.201 10.5025
    endloop
  endfacet
  facet normal -0.928613 -2.56258e-06 0.371049
    outer loop
      vertex 43.8798 -26.0314 10.2086
      vertex 44 -29 10.5094
      vertex 43.9363 -26.1258 10.35
    endloop
  endfacet
  facet normal -0.928794 -5.57861e-05 0.370597
    outer loop
      vertex 43.8288 -25.9192 10.0808
      vertex 44 -29 10.5094
      vertex 43.8798 -26.0314 10.2086
    endloop
  endfacet
  facet normal -0.92866 -1.63524e-06 0.370932
    outer loop
      vertex 43.784 -25.7914 9.96864
      vertex 44 -29 10.5094
      vertex 43.8288 -25.9192 10.0808
    endloop
  endfacet
  facet normal -0.928362 0.000144211 0.371678
    outer loop
      vertex 43.7462 -25.65 9.87417
      vertex 44 -29 10.5094
      vertex 43.784 -25.7914 9.96864
    endloop
  endfacet
  facet normal -0.928965 -0.00018808 0.370167
    outer loop
      vertex 43.7162 -25.4975 9.79896
      vertex 44 -29 10.5094
      vertex 43.7462 -25.65 9.87417
    endloop
  endfacet
  facet normal -0.9277 0.000555278 0.373327
    outer loop
      vertex 43.6943 -25.3365 9.7443
      vertex 44 -29 10.5094
      vertex 43.7162 -25.4975 9.79896
    endloop
  endfacet
  facet normal -0.928637 -2.82861e-07 0.37099
    outer loop
      vertex 48.99 -46.4 23
      vertex 44 -29 10.5094
      vertex 41 -46.4 3
    endloop
  endfacet
  facet normal -0.928631 -7.36064e-06 0.371005
    outer loop
      vertex 43.6943 -25.3365 9.7443
      vertex 41 -46.4 3
      vertex 44 -29 10.5094
    endloop
  endfacet
  facet normal -0.928843 0.00018951 0.370474
    outer loop
      vertex 43.6811 -25.1697 9.71112
      vertex 41 -46.4 3
      vertex 43.6943 -25.3365 9.7443
    endloop
  endfacet
  facet normal -0.928846 0.000192465 0.370466
    outer loop
      vertex 43.6767 -25 9.7
      vertex 41 -46.4 3
      vertex 43.6811 -25.1697 9.71112
    endloop
  endfacet
  facet normal -0.928636 -6.2748e-06 0.370991
    outer loop
      vertex 46.1935 9 16
      vertex 48.99 10 23
      vertex 44 9 10.5094
    endloop
  endfacet
  facet normal -0.928637 0 0.37099
    outer loop
      vertex 46.1935 1 16
      vertex 48.99 10 23
      vertex 46.1935 9 16
    endloop
  endfacet
  facet normal -0.928636 0 0.370991
    outer loop
      vertex 46.1935 -21 16
      vertex 46.1935 1 16
      vertex 44 -21 10.5094
    endloop
  endfacet
  facet normal -0.928637 0 0.37099
    outer loop
      vertex 46.1935 1 16
      vertex 46.1935 -21 16
      vertex 48.99 10 23
    endloop
  endfacet
  facet normal -0.928637 0 0.37099
    outer loop
      vertex 48.99 -46.4 23
      vertex 46.1935 -21 16
      vertex 46.1935 -29 16
    endloop
  endfacet
  facet normal -0.928637 0 0.37099
    outer loop
      vertex 46.1935 -21 16
      vertex 48.99 -46.4 23
      vertex 48.99 10 23
    endloop
  endfacet
  facet normal -0.928636 3.60621e-07 0.370991
    outer loop
      vertex 44 -29 10.5094
      vertex 48.99 -46.4 23
      vertex 46.1935 -29 16
    endloop
  endfacet
  facet normal 0.928637 9.89754e-16 0.37099
    outer loop
      vertex -48.99 10 23
      vertex -46.1935 9 16
      vertex -41 10 3
    endloop
  endfacet
  facet normal 0.928637 0 0.37099
    outer loop
      vertex -48.99 10 23
      vertex -46.1935 1 16
      vertex -46.1935 9 16
    endloop
  endfacet
  facet normal 0.928636 0 0.370991
    outer loop
      vertex -46.1935 1 16
      vertex -46.1935 -21 16
      vertex -44 1 10.5094
    endloop
  endfacet
  facet normal 0.928637 0 0.37099
    outer loop
      vertex -48.99 10 23
      vertex -46.1935 -21 16
      vertex -46.1935 1 16
    endloop
  endfacet
  facet normal 0.928637 -0 0.37099
    outer loop
      vertex -48.99 -46.4 23
      vertex -46.1935 -21 16
      vertex -48.99 10 23
    endloop
  endfacet
  facet normal 0.928636 3.60621e-07 0.370991
    outer loop
      vertex -46.1935 -29 16
      vertex -48.99 -46.4 23
      vertex -44 -29 10.5094
    endloop
  endfacet
  facet normal 0.928637 0 0.37099
    outer loop
      vertex -46.1935 -21 16
      vertex -48.99 -46.4 23
      vertex -46.1935 -29 16
    endloop
  endfacet
  facet normal 0.928636 1.16532e-05 0.370991
    outer loop
      vertex -44 9 10.5094
      vertex -41 10 3
      vertex -46.1935 9 16
    endloop
  endfacet
  facet normal 0.931243 0 0.364399
    outer loop
      vertex -43.9973 6.20104 10.5025
      vertex -44 9 10.5094
      vertex -44 6.20338 10.5094
    endloop
  endfacet
  facet normal 0.928473 -1.99275e-05 0.371399
    outer loop
      vertex -43.9363 6.12583 10.35
      vertex -44 9 10.5094
      vertex -43.9973 6.20104 10.5025
    endloop
  endfacet
  facet normal 0.928613 2.56268e-06 0.371049
    outer loop
      vertex -43.8798 6.03136 10.2086
      vertex -44 9 10.5094
      vertex -43.9363 6.12583 10.35
    endloop
  endfacet
  facet normal 0.928794 5.57814e-05 0.370597
    outer loop
      vertex -43.8288 5.91924 10.0808
      vertex -44 9 10.5094
      vertex -43.8798 6.03136 10.2086
    endloop
  endfacet
  facet normal 0.92866 1.63538e-06 0.370932
    outer loop
      vertex -43.784 5.79139 9.96864
      vertex -44 9 10.5094
      vertex -43.8288 5.91924 10.0808
    endloop
  endfacet
  facet normal 0.928637 -9.4087e-06 0.370989
    outer loop
      vertex -44 9 10.5094
      vertex -43.784 5.79139 9.96864
      vertex -41 10 3
    endloop
  endfacet
  facet normal 0.928578 0.000275382 0.371137
    outer loop
      vertex -43.7462 5.65 9.87417
      vertex -41 10 3
      vertex -43.784 5.79139 9.96864
    endloop
  endfacet
  facet normal 0.928685 -0.000213751 0.37087
    outer loop
      vertex -43.7162 5.49749 9.79896
      vertex -41 10 3
      vertex -43.7462 5.65 9.87417
    endloop
  endfacet
  facet normal 0.928568 0.000297578 0.371162
    outer loop
      vertex -43.6943 5.33646 9.7443
      vertex -41 10 3
      vertex -43.7162 5.49749 9.79896
    endloop
  endfacet
  facet normal 0.928703 -0.000270082 0.370824
    outer loop
      vertex -43.6811 5.16968 9.71112
      vertex -41 10 3
      vertex -43.6943 5.33646 9.7443
    endloop
  endfacet
  facet normal 0.928691 -0.000221885 0.370854
    outer loop
      vertex -43.6767 5 9.7
      vertex -41 10 3
      vertex -43.6811 5.16968 9.71112
    endloop
  endfacet
  facet normal 0.928571 0.000244673 0.371154
    outer loop
      vertex -43.6811 4.83032 9.71112
      vertex -41 10 3
      vertex -43.6767 5 9.7
    endloop
  endfacet
  facet normal 0.92854 0.000364571 0.371233
    outer loop
      vertex -43.6943 4.66354 9.7443
      vertex -41 10 3
      vertex -43.6811 4.83032 9.71112
    endloop
  endfacet
  facet normal 0.928776 -0.000502458 0.370642
    outer loop
      vertex -43.7162 4.50251 9.79896
      vertex -41 10 3
      vertex -43.6943 4.66354 9.7443
    endloop
  endfacet
  facet normal 0.928965 -0.000188088 0.370167
    outer loop
      vertex -44 1 10.5094
      vertex -43.7162 4.50251 9.79896
      vertex -43.7462 4.35 9.87417
    endloop
  endfacet
  facet normal 0.928362 0.000144207 0.371678
    outer loop
      vertex -44 1 10.5094
      vertex -43.7462 4.35 9.87417
      vertex -43.784 4.20861 9.96864
    endloop
  endfacet
  facet normal 0.92866 -1.63538e-06 0.370932
    outer loop
      vertex -44 1 10.5094
      vertex -43.784 4.20861 9.96864
      vertex -43.8288 4.08076 10.0808
    endloop
  endfacet
  facet normal 0.928794 -5.57814e-05 0.370597
    outer loop
      vertex -44 1 10.5094
      vertex -43.8288 4.08076 10.0808
      vertex -43.8798 3.96864 10.2086
    endloop
  endfacet
  facet normal 0.931243 -0 0.364399
    outer loop
      vertex -44 1 10.5094
      vertex -43.9973 3.79896 10.5025
      vertex -44 3.79662 10.5094
    endloop
  endfacet
  facet normal 0.928473 1.99275e-05 0.371399
    outer loop
      vertex -44 1 10.5094
      vertex -43.9363 3.87417 10.35
      vertex -43.9973 3.79896 10.5025
    endloop
  endfacet
  facet normal 0.928613 -2.56268e-06 0.371049
    outer loop
      vertex -44 1 10.5094
      vertex -43.8798 3.96864 10.2086
      vertex -43.9363 3.87417 10.35
    endloop
  endfacet
  facet normal 0.928634 7.10337e-06 0.370997
    outer loop
      vertex -43.7162 4.50251 9.79896
      vertex -44 1 10.5094
      vertex -41 10 3
    endloop
  endfacet
  facet normal 0.928636 -0 0.370991
    outer loop
      vertex -44 -21 10.5094
      vertex -44 1 10.5094
      vertex -46.1935 -21 16
    endloop
  endfacet
  facet normal 0.928637 0 0.37099
    outer loop
      vertex -44 1 10.5094
      vertex -44 -21 10.5094
      vertex -41 10 3
    endloop
  endfacet
  facet normal 0.931243 0 0.364399
    outer loop
      vertex -43.9973 -23.799 10.5025
      vertex -44 -21 10.5094
      vertex -44 -23.7966 10.5094
    endloop
  endfacet
  facet normal 0.928473 -1.99272e-05 0.371399
    outer loop
      vertex -43.9363 -23.8742 10.35
      vertex -44 -21 10.5094
      vertex -43.9973 -23.799 10.5025
    endloop
  endfacet
  facet normal 0.928613 2.56258e-06 0.371049
    outer loop
      vertex -43.8798 -23.9686 10.2086
      vertex -44 -21 10.5094
      vertex -43.9363 -23.8742 10.35
    endloop
  endfacet
  facet normal 0.928794 5.57861e-05 0.370597
    outer loop
      vertex -43.8288 -24.0808 10.0808
      vertex -44 -21 10.5094
      vertex -43.8798 -23.9686 10.2086
    endloop
  endfacet
  facet normal 0.92866 1.63524e-06 0.370932
    outer loop
      vertex -43.784 -24.2086 9.96864
      vertex -44 -21 10.5094
      vertex -43.8288 -24.0808 10.0808
    endloop
  endfacet
  facet normal 0.928362 -0.000144211 0.371678
    outer loop
      vertex -43.7462 -24.35 9.87417
      vertex -44 -21 10.5094
      vertex -43.784 -24.2086 9.96864
    endloop
  endfacet
  facet normal 0.928965 0.00018808 0.370167
    outer loop
      vertex -43.7162 -24.5025 9.79896
      vertex -44 -21 10.5094
      vertex -43.7462 -24.35 9.87417
    endloop
  endfacet
  facet normal 0.9277 -0.000555278 0.373327
    outer loop
      vertex -43.6943 -24.6635 9.7443
      vertex -44 -21 10.5094
      vertex -43.7162 -24.5025 9.79896
    endloop
  endfacet
  facet normal 0.928629 5.86556e-06 0.371011
    outer loop
      vertex -44 -21 10.5094
      vertex -43.6943 -24.6635 9.7443
      vertex -41 10 3
    endloop
  endfacet
  facet normal 0.928908 -0.000151933 0.370311
    outer loop
      vertex -43.6811 -24.8303 9.71112
      vertex -41 10 3
      vertex -43.6943 -24.6635 9.7443
    endloop
  endfacet
  facet normal 0.92831 -0.000294186 0.371806
    outer loop
      vertex -41 -46.4 3
      vertex -43.6811 -24.8303 9.71112
      vertex -43.6767 -25 9.7
    endloop
  endfacet
  facet normal 0.928846 0.000192465 0.370466
    outer loop
      vertex -41 -46.4 3
      vertex -43.6767 -25 9.7
      vertex -43.6811 -25.1697 9.71112
    endloop
  endfacet
  facet normal 0.931243 -0 0.364399
    outer loop
      vertex -44 -29 10.5094
      vertex -43.9973 -26.201 10.5025
      vertex -44 -26.2034 10.5094
    endloop
  endfacet
  facet normal 0.928473 1.99272e-05 0.371399
    outer loop
      vertex -44 -29 10.5094
      vertex -43.9363 -26.1258 10.35
      vertex -43.9973 -26.201 10.5025
    endloop
  endfacet
  facet normal 0.928613 -2.56258e-06 0.371049
    outer loop
      vertex -44 -29 10.5094
      vertex -43.8798 -26.0314 10.2086
      vertex -43.9363 -26.1258 10.35
    endloop
  endfacet
  facet normal 0.928794 -5.57861e-05 0.370597
    outer loop
      vertex -44 -29 10.5094
      vertex -43.8288 -25.9192 10.0808
      vertex -43.8798 -26.0314 10.2086
    endloop
  endfacet
  facet normal 0.92866 -1.63524e-06 0.370932
    outer loop
      vertex -44 -29 10.5094
      vertex -43.784 -25.7914 9.96864
      vertex -43.8288 -25.9192 10.0808
    endloop
  endfacet
  facet normal 0.928362 0.000144211 0.371678
    outer loop
      vertex -44 -29 10.5094
      vertex -43.7462 -25.65 9.87417
      vertex -43.784 -25.7914 9.96864
    endloop
  endfacet
  facet normal 0.928965 -0.00018808 0.370167
    outer loop
      vertex -44 -29 10.5094
      vertex -43.7162 -25.4975 9.79896
      vertex -43.7462 -25.65 9.87417
    endloop
  endfacet
  facet normal 0.9277 0.000555278 0.373327
    outer loop
      vertex -44 -29 10.5094
      vertex -43.6943 -25.3365 9.7443
      vertex -43.7162 -25.4975 9.79896
    endloop
  endfacet
  facet normal 0.928636 0 0.370991
    outer loop
      vertex -43.6811 -24.8303 9.71112
      vertex -41 -46.4 3
      vertex -41 10 3
    endloop
  endfacet
  facet normal 0.928843 0.00018951 0.370474
    outer loop
      vertex -43.6943 -25.3365 9.7443
      vertex -41 -46.4 3
      vertex -43.6811 -25.1697 9.71112
    endloop
  endfacet
  facet normal 0.928631 -7.36064e-06 0.371005
    outer loop
      vertex -44 -29 10.5094
      vertex -41 -46.4 3
      vertex -43.6943 -25.3365 9.7443
    endloop
  endfacet
  facet normal 0.928637 -2.82861e-07 0.37099
    outer loop
      vertex -41 -46.4 3
      vertex -44 -29 10.5094
      vertex -48.99 -46.4 23
    endloop
  endfacet
  facet normal -0 0 1
    outer loop
      vertex -49 10 23
      vertex -48.99 -46.4 23
      vertex -48.99 10 23
    endloop
  endfacet
  facet normal 0 0 1
    outer loop
      vertex -48.99 -46.4 23
      vertex -49 10 23
      vertex -49 -46.4 23
    endloop
  endfacet
  facet normal 0 0 -1
    outer loop
      vertex -49 -46.4 85
      vertex -42 -38.4 85
      vertex -42 -46.4 85
    endloop
  endfacet
  facet normal -0 0 -1
    outer loop
      vertex -42 -38.4 85
      vertex -49 -46.4 85
      vertex -49 -38.4 85
    endloop
  endfacet
  facet normal 1 -0 0
    outer loop
      vertex -42 -46.4 95
      vertex -42 -38.4 85
      vertex -42 -38.4 95
    endloop
  endfacet
  facet normal 1 0 0
    outer loop
      vertex -42 -38.4 85
      vertex -42 -46.4 95
      vertex -42 -46.4 85
    endloop
  endfacet
  facet normal 0 1 -0
    outer loop
      vertex -42 -38.4 85
      vertex -49 -38.4 95
      vertex -42 -38.4 95
    endloop
  endfacet
  facet normal 0 1 0
    outer loop
      vertex -49 -38.4 95
      vertex -42 -38.4 85
      vertex -49 -38.4 85
    endloop
  endfacet
  facet normal -1 0 0
    outer loop
      vertex 42 -46.4 85
      vertex 42 -38.4 95
      vertex 42 -38.4 85
    endloop
  endfacet
  facet normal -1 -0 0
    outer loop
      vertex 42 -38.4 95
      vertex 42 -46.4 85
      vertex 42 -46.4 95
    endloop
  endfacet
  facet normal 0 0 -1
    outer loop
      vertex 42 -46.4 85
      vertex 49 -38.4 85
      vertex 49 -46.4 85
    endloop
  endfacet
  facet normal -0 0 -1
    outer loop
      vertex 49 -38.4 85
      vertex 42 -46.4 85
      vertex 42 -38.4 85
    endloop
  endfacet
  facet normal 0 1 -0
    outer loop
      vertex 49 -38.4 85
      vertex 42 -38.4 95
      vertex 49 -38.4 95
    endloop
  endfacet
  facet normal 0 1 0
    outer loop
      vertex 42 -38.4 95
      vertex 49 -38.4 85
      vertex 42 -38.4 85
    endloop
  endfacet
  facet normal -1 0 0
    outer loop
      vertex -34 2 85
      vertex -34 10 95
      vertex -34 10 85
    endloop
  endfacet
  facet normal -1 -0 0
    outer loop
      vertex -34 10 95
      vertex -34 2 85
      vertex -34 2 95
    endloop
  endfacet
  facet normal 0 0 -1
    outer loop
      vertex -34 2 85
      vertex -26 10 85
      vertex -26 2 85
    endloop
  endfacet
  facet normal -0 0 -1
    outer loop
      vertex -26 10 85
      vertex -34 2 85
      vertex -34 10 85
    endloop
  endfacet
  facet normal 1 -0 0
    outer loop
      vertex -26 2 95
      vertex -26 10 85
      vertex -26 10 95
    endloop
  endfacet
  facet normal 1 0 0
    outer loop
      vertex -26 10 85
      vertex -26 2 95
      vertex -26 2 85
    endloop
  endfacet
  facet normal 0 -1 0
    outer loop
      vertex -34 2 85
      vertex -26 2 95
      vertex -34 2 95
    endloop
  endfacet
  facet normal 0 -1 -0
    outer loop
      vertex -26 2 95
      vertex -34 2 85
      vertex -26 2 85
    endloop
  endfacet
  facet normal -1 0 0
    outer loop
      vertex 26 2 85
      vertex 26 10 95
      vertex 26 10 85
    endloop
  endfacet
  facet normal -1 -0 0
    outer loop
      vertex 26 10 95
      vertex 26 2 85
      vertex 26 2 95
    endloop
  endfacet
  facet normal 0 0 -1
    outer loop
      vertex 26 2 85
      vertex 34 10 85
      vertex 34 2 85
    endloop
  endfacet
  facet normal -0 0 -1
    outer loop
      vertex 34 10 85
      vertex 26 2 85
      vertex 26 10 85
    endloop
  endfacet
  facet normal 1 -0 0
    outer loop
      vertex 34 2 95
      vertex 34 10 85
      vertex 34 10 95
    endloop
  endfacet
  facet normal 1 0 0
    outer loop
      vertex 34 10 85
      vertex 34 2 95
      vertex 34 2 85
    endloop
  endfacet
  facet normal 0 -1 0
    outer loop
      vertex 26 2 85
      vertex 34 2 95
      vertex 26 2 95
    endloop
  endfacet
  facet normal 0 -1 -0
    outer loop
      vertex 34 2 95
      vertex 26 2 85
      vertex 34 2 85
    endloop
  endfacet
  facet normal -1 -0 0
    outer loop
      vertex 44 -26.2889 10.8303
      vertex 44 -29 10.5094
      vertex 44 -26.3 11
    endloop
  endfacet
  facet normal -1 -0 0
    outer loop
      vertex 44 -26.2557 10.6635
      vertex 44 -29 10.5094
      vertex 44 -26.2889 10.8303
    endloop
  endfacet
  facet normal -1 0 0
    outer loop
      vertex 44 -29 10.5094
      vertex 44 -26.2557 10.6635
      vertex 44 -26.2034 10.5094
    endloop
  endfacet
  facet normal -1 0 0
    outer loop
      vertex 44 -23.7111 11.1697
      vertex 44 -21 10.5094
      vertex 44 -23.7 11
    endloop
  endfacet
  facet normal -1 0 0
    outer loop
      vertex 44 -21 10.5094
      vertex 44 -23.7111 10.8303
      vertex 44 -23.7 11
    endloop
  endfacet
  facet normal -1 0 0
    outer loop
      vertex 44 -21 10.5094
      vertex 44 -23.7443 10.6635
      vertex 44 -23.7111 10.8303
    endloop
  endfacet
  facet normal -1 0 -0
    outer loop
      vertex 44 -23.7443 10.6635
      vertex 44 -21 10.5094
      vertex 44 -23.7966 10.5094
    endloop
  endfacet
  facet normal -1 0 0
    outer loop
      vertex 44 -23.7443 11.3365
      vertex 44 -21 10.5094
      vertex 44 -23.7111 11.1697
    endloop
  endfacet
  facet normal -1 0 0
    outer loop
      vertex 44 -23.799 11.4975
      vertex 44 -21 10.5094
      vertex 44 -23.7443 11.3365
    endloop
  endfacet
  facet normal -1 0 0
    outer loop
      vertex 44 -23.8742 11.65
      vertex 44 -21 10.5094
      vertex 44 -23.799 11.4975
    endloop
  endfacet
  facet normal -1 0 0
    outer loop
      vertex 44 -21 10.5094
      vertex 44 -23.8742 11.65
      vertex 44 -21 16
    endloop
  endfacet
  facet normal -1 0 0
    outer loop
      vertex 44 -23.9686 11.7914
      vertex 44 -21 16
      vertex 44 -23.8742 11.65
    endloop
  endfacet
  facet normal -1 0 0
    outer loop
      vertex 44 -24.0808 11.9192
      vertex 44 -21 16
      vertex 44 -23.9686 11.7914
    endloop
  endfacet
  facet normal -1 0 0
    outer loop
      vertex 44 -24.2086 12.0314
      vertex 44 -21 16
      vertex 44 -24.0808 11.9192
    endloop
  endfacet
  facet normal -1 0 0
    outer loop
      vertex 44 -24.35 12.1258
      vertex 44 -21 16
      vertex 44 -24.2086 12.0314
    endloop
  endfacet
  facet normal -1 0 0
    outer loop
      vertex 44 -24.5025 12.201
      vertex 44 -21 16
      vertex 44 -24.35 12.1258
    endloop
  endfacet
  facet normal -1 0 0
    outer loop
      vertex 44 -24.6635 12.2557
      vertex 44 -21 16
      vertex 44 -24.5025 12.201
    endloop
  endfacet
  facet normal -1 0 0
    outer loop
      vertex 44 -24.8303 12.2889
      vertex 44 -21 16
      vertex 44 -24.6635 12.2557
    endloop
  endfacet
  facet normal -1 0 0
    outer loop
      vertex 44 -25 12.3
      vertex 44 -21 16
      vertex 44 -24.8303 12.2889
    endloop
  endfacet
  facet normal -1 0 0
    outer loop
      vertex 44 -29 16
      vertex 44 -25 12.3
      vertex 44 -25.1697 12.2889
    endloop
  endfacet
  facet normal -1 0 0
    outer loop
      vertex 44 -29 16
      vertex 44 -25.1697 12.2889
      vertex 44 -25.3365 12.2557
    endloop
  endfacet
  facet normal -1 0 0
    outer loop
      vertex 44 -29 16
      vertex 44 -25.3365 12.2557
      vertex 44 -25.4975 12.201
    endloop
  endfacet
  facet normal -1 0 0
    outer loop
      vertex 44 -29 16
      vertex 44 -25.4975 12.201
      vertex 44 -25.65 12.1258
    endloop
  endfacet
  facet normal -1 0 0
    outer loop
      vertex 44 -29 16
      vertex 44 -25.65 12.1258
      vertex 44 -25.7914 12.0314
    endloop
  endfacet
  facet normal -1 0 0
    outer loop
      vertex 44 -29 10.5094
      vertex 44 -26.2889 11.1697
      vertex 44 -26.3 11
    endloop
  endfacet
  facet normal -1 0 0
    outer loop
      vertex 44 -29 10.5094
      vertex 44 -26.2557 11.3365
      vertex 44 -26.2889 11.1697
    endloop
  endfacet
  facet normal -1 0 0
    outer loop
      vertex 44 -29 10.5094
      vertex 44 -26.201 11.4975
      vertex 44 -26.2557 11.3365
    endloop
  endfacet
  facet normal -1 0 0
    outer loop
      vertex 44 -29 10.5094
      vertex 44 -26.1258 11.65
      vertex 44 -26.201 11.4975
    endloop
  endfacet
  facet normal -1 0 0
    outer loop
      vertex 44 -29 16
      vertex 44 -26.1258 11.65
      vertex 44 -29 10.5094
    endloop
  endfacet
  facet normal -1 0 0
    outer loop
      vertex 44 -26.1258 11.65
      vertex 44 -29 16
      vertex 44 -26.0314 11.7914
    endloop
  endfacet
  facet normal -1 0 0
    outer loop
      vertex 44 -26.0314 11.7914
      vertex 44 -29 16
      vertex 44 -25.9192 11.9192
    endloop
  endfacet
  facet normal -1 0 0
    outer loop
      vertex 44 -25.9192 11.9192
      vertex 44 -29 16
      vertex 44 -25.7914 12.0314
    endloop
  endfacet
  facet normal -1 0 0
    outer loop
      vertex 44 -25 12.3
      vertex 44 -29 16
      vertex 44 -21 16
    endloop
  endfacet
  facet normal -0 0 1
    outer loop
      vertex 44 -21 16
      vertex 46.1935 -29 16
      vertex 46.1935 -21 16
    endloop
  endfacet
  facet normal 0 0 1
    outer loop
      vertex 46.1935 -29 16
      vertex 44 -21 16
      vertex 44 -29 16
    endloop
  endfacet
  facet normal 0 1 0
    outer loop
      vertex 44 -21 10.5094
      vertex 44 -21 16
      vertex 46.1935 -21 16
    endloop
  endfacet
  facet normal 0 -1 0
    outer loop
      vertex 44 -29 10.5094
      vertex 46.1935 -29 16
      vertex 44 -29 16
    endloop
  endfacet
  facet normal -1 -0 0
    outer loop
      vertex 44 3.71112 10.8303
      vertex 44 1 10.5094
      vertex 44 3.7 11
    endloop
  endfacet
  facet normal -1 -0 0
    outer loop
      vertex 44 3.7443 10.6635
      vertex 44 1 10.5094
      vertex 44 3.71112 10.8303
    endloop
  endfacet
  facet normal -1 0 0
    outer loop
      vertex 44 1 10.5094
      vertex 44 3.7443 10.6635
      vertex 44 3.79662 10.5094
    endloop
  endfacet
  facet normal -1 0 0
    outer loop
      vertex 44 6.28888 11.1697
      vertex 44 9 10.5094
      vertex 44 6.3 11
    endloop
  endfacet
  facet normal -1 0 0
    outer loop
      vertex 44 9 10.5094
      vertex 44 6.28888 10.8303
      vertex 44 6.3 11
    endloop
  endfacet
  facet normal -1 0 0
    outer loop
      vertex 44 9 10.5094
      vertex 44 6.2557 10.6635
      vertex 44 6.28888 10.8303
    endloop
  endfacet
  facet normal -1 0 -0
    outer loop
      vertex 44 6.2557 10.6635
      vertex 44 9 10.5094
      vertex 44 6.20338 10.5094
    endloop
  endfacet
  facet normal -1 0 0
    outer loop
      vertex 44 6.2557 11.3365
      vertex 44 9 10.5094
      vertex 44 6.28888 11.1697
    endloop
  endfacet
  facet normal -1 0 0
    outer loop
      vertex 44 6.20104 11.4975
      vertex 44 9 10.5094
      vertex 44 6.2557 11.3365
    endloop
  endfacet
  facet normal -1 0 0
    outer loop
      vertex 44 6.12583 11.65
      vertex 44 9 10.5094
      vertex 44 6.20104 11.4975
    endloop
  endfacet
  facet normal -1 0 0
    outer loop
      vertex 44 9 10.5094
      vertex 44 6.12583 11.65
      vertex 44 9 16
    endloop
  endfacet
  facet normal -1 0 0
    outer loop
      vertex 44 6.03136 11.7914
      vertex 44 9 16
      vertex 44 6.12583 11.65
    endloop
  endfacet
  facet normal -1 0 0
    outer loop
      vertex 44 5.91924 11.9192
      vertex 44 9 16
      vertex 44 6.03136 11.7914
    endloop
  endfacet
  facet normal -1 0 0
    outer loop
      vertex 44 5.79139 12.0314
      vertex 44 9 16
      vertex 44 5.91924 11.9192
    endloop
  endfacet
  facet normal -1 0 0
    outer loop
      vertex 44 5.65 12.1258
      vertex 44 9 16
      vertex 44 5.79139 12.0314
    endloop
  endfacet
  facet normal -1 0 0
    outer loop
      vertex 44 5.49749 12.201
      vertex 44 9 16
      vertex 44 5.65 12.1258
    endloop
  endfacet
  facet normal -1 0 0
    outer loop
      vertex 44 5.33646 12.2557
      vertex 44 9 16
      vertex 44 5.49749 12.201
    endloop
  endfacet
  facet normal -1 0 0
    outer loop
      vertex 44 5.16968 12.2889
      vertex 44 9 16
      vertex 44 5.33646 12.2557
    endloop
  endfacet
  facet normal -1 0 0
    outer loop
      vertex 44 5 12.3
      vertex 44 9 16
      vertex 44 5.16968 12.2889
    endloop
  endfacet
  facet normal -1 0 0
    outer loop
      vertex 44 1 16
      vertex 44 5 12.3
      vertex 44 4.83032 12.2889
    endloop
  endfacet
  facet normal -1 0 0
    outer loop
      vertex 44 1 16
      vertex 44 4.83032 12.2889
      vertex 44 4.66354 12.2557
    endloop
  endfacet
  facet normal -1 0 0
    outer loop
      vertex 44 1 16
      vertex 44 4.66354 12.2557
      vertex 44 4.50251 12.201
    endloop
  endfacet
  facet normal -1 0 0
    outer loop
      vertex 44 1 16
      vertex 44 4.50251 12.201
      vertex 44 4.35 12.1258
    endloop
  endfacet
  facet normal -1 0 0
    outer loop
      vertex 44 1 16
      vertex 44 4.35 12.1258
      vertex 44 4.20861 12.0314
    endloop
  endfacet
  facet normal -1 0 0
    outer loop
      vertex 44 1 10.5094
      vertex 44 3.71112 11.1697
      vertex 44 3.7 11
    endloop
  endfacet
  facet normal -1 0 0
    outer loop
      vertex 44 1 10.5094
      vertex 44 3.7443 11.3365
      vertex 44 3.71112 11.1697
    endloop
  endfacet
  facet normal -1 0 0
    outer loop
      vertex 44 1 10.5094
      vertex 44 3.79896 11.4975
      vertex 44 3.7443 11.3365
    endloop
  endfacet
  facet normal -1 0 0
    outer loop
      vertex 44 1 10.5094
      vertex 44 3.87417 11.65
      vertex 44 3.79896 11.4975
    endloop
  endfacet
  facet normal -1 0 0
    outer loop
      vertex 44 1 16
      vertex 44 3.87417 11.65
      vertex 44 1 10.5094
    endloop
  endfacet
  facet normal -1 0 0
    outer loop
      vertex 44 3.87417 11.65
      vertex 44 1 16
      vertex 44 3.96864 11.7914
    endloop
  endfacet
  facet normal -1 0 0
    outer loop
      vertex 44 3.96864 11.7914
      vertex 44 1 16
      vertex 44 4.08076 11.9192
    endloop
  endfacet
  facet normal -1 0 0
    outer loop
      vertex 44 4.08076 11.9192
      vertex 44 1 16
      vertex 44 4.20861 12.0314
    endloop
  endfacet
  facet normal -1 0 0
    outer loop
      vertex 44 5 12.3
      vertex 44 1 16
      vertex 44 9 16
    endloop
  endfacet
  facet normal -0 0 1
    outer loop
      vertex 44 9 16
      vertex 46.1935 1 16
      vertex 46.1935 9 16
    endloop
  endfacet
  facet normal 0 0 1
    outer loop
      vertex 46.1935 1 16
      vertex 44 9 16
      vertex 44 1 16
    endloop
  endfacet
  facet normal 0 1 0
    outer loop
      vertex 44 9 10.5094
      vertex 44 9 16
      vertex 46.1935 9 16
    endloop
  endfacet
  facet normal 0 -1 0
    outer loop
      vertex 44 1 10.5094
      vertex 46.1935 1 16
      vertex 44 1 16
    endloop
  endfacet
  facet normal -0 0 1
    outer loop
      vertex -46.1935 -21 16
      vertex -44 -29 16
      vertex -44 -21 16
    endloop
  endfacet
  facet normal 0 0 1
    outer loop
      vertex -44 -29 16
      vertex -46.1935 -21 16
      vertex -46.1935 -29 16
    endloop
  endfacet
  facet normal 1 -0 0
    outer loop
      vertex -44 -23.8742 11.65
      vertex -44 -21 10.5094
      vertex -44 -21 16
    endloop
  endfacet
  facet normal 1 0 0
    outer loop
      vertex -44 -21 10.5094
      vertex -44 -23.7111 11.1697
      vertex -44 -23.7 11
    endloop
  endfacet
  facet normal 1 0 0
    outer loop
      vertex -44 -21 10.5094
      vertex -44 -23.7443 11.3365
      vertex -44 -23.7111 11.1697
    endloop
  endfacet
  facet normal 1 0 0
    outer loop
      vertex -44 -21 10.5094
      vertex -44 -23.799 11.4975
      vertex -44 -23.7443 11.3365
    endloop
  endfacet
  facet normal 1 0 0
    outer loop
      vertex -44 -21 10.5094
      vertex -44 -23.8742 11.65
      vertex -44 -23.799 11.4975
    endloop
  endfacet
  facet normal 1 0 0
    outer loop
      vertex -44 -21 16
      vertex -44 -23.9686 11.7914
      vertex -44 -23.8742 11.65
    endloop
  endfacet
  facet normal 1 0 0
    outer loop
      vertex -44 -21 16
      vertex -44 -24.0808 11.9192
      vertex -44 -23.9686 11.7914
    endloop
  endfacet
  facet normal 1 0 0
    outer loop
      vertex -44 -21 16
      vertex -44 -24.2086 12.0314
      vertex -44 -24.0808 11.9192
    endloop
  endfacet
  facet normal 1 0 0
    outer loop
      vertex -44 -21 16
      vertex -44 -24.35 12.1258
      vertex -44 -24.2086 12.0314
    endloop
  endfacet
  facet normal 1 0 0
    outer loop
      vertex -44 -21 16
      vertex -44 -24.5025 12.201
      vertex -44 -24.35 12.1258
    endloop
  endfacet
  facet normal 1 0 0
    outer loop
      vertex -44 -21 16
      vertex -44 -24.6635 12.2557
      vertex -44 -24.5025 12.201
    endloop
  endfacet
  facet normal 1 0 0
    outer loop
      vertex -44 -21 16
      vertex -44 -24.8303 12.2889
      vertex -44 -24.6635 12.2557
    endloop
  endfacet
  facet normal 1 0 0
    outer loop
      vertex -44 -21 16
      vertex -44 -25 12.3
      vertex -44 -24.8303 12.2889
    endloop
  endfacet
  facet normal 1 -0 0
    outer loop
      vertex -44 -29 16
      vertex -44 -25 12.3
      vertex -44 -21 16
    endloop
  endfacet
  facet normal 1 0 0
    outer loop
      vertex -44 -25 12.3
      vertex -44 -29 16
      vertex -44 -25.1697 12.2889
    endloop
  endfacet
  facet normal 1 0 0
    outer loop
      vertex -44 -25.1697 12.2889
      vertex -44 -29 16
      vertex -44 -25.3365 12.2557
    endloop
  endfacet
  facet normal 1 0 0
    outer loop
      vertex -44 -25.3365 12.2557
      vertex -44 -29 16
      vertex -44 -25.4975 12.201
    endloop
  endfacet
  facet normal 1 0 0
    outer loop
      vertex -44 -25.4975 12.201
      vertex -44 -29 16
      vertex -44 -25.65 12.1258
    endloop
  endfacet
  facet normal 1 0 0
    outer loop
      vertex -44 -26.2557 11.3365
      vertex -44 -29 10.5094
      vertex -44 -26.2889 11.1697
    endloop
  endfacet
  facet normal 1 0 0
    outer loop
      vertex -44 -26.201 11.4975
      vertex -44 -29 10.5094
      vertex -44 -26.2557 11.3365
    endloop
  endfacet
  facet normal 1 0 0
    outer loop
      vertex -44 -26.1258 11.65
      vertex -44 -29 10.5094
      vertex -44 -26.201 11.4975
    endloop
  endfacet
  facet normal 1 0 0
    outer loop
      vertex -44 -29 10.5094
      vertex -44 -26.1258 11.65
      vertex -44 -29 16
    endloop
  endfacet
  facet normal 1 0 0
    outer loop
      vertex -44 -26.0314 11.7914
      vertex -44 -29 16
      vertex -44 -26.1258 11.65
    endloop
  endfacet
  facet normal 1 0 0
    outer loop
      vertex -44 -25.9192 11.9192
      vertex -44 -29 16
      vertex -44 -26.0314 11.7914
    endloop
  endfacet
  facet normal 1 0 0
    outer loop
      vertex -44 -25.7914 12.0314
      vertex -44 -29 16
      vertex -44 -25.9192 11.9192
    endloop
  endfacet
  facet normal 1 0 0
    outer loop
      vertex -44 -25.65 12.1258
      vertex -44 -29 16
      vertex -44 -25.7914 12.0314
    endloop
  endfacet
  facet normal 1 -0 0
    outer loop
      vertex -44 -23.7111 10.8303
      vertex -44 -21 10.5094
      vertex -44 -23.7 11
    endloop
  endfacet
  facet normal 1 -0 0
    outer loop
      vertex -44 -23.7443 10.6635
      vertex -44 -21 10.5094
      vertex -44 -23.7111 10.8303
    endloop
  endfacet
  facet normal 1 0 0
    outer loop
      vertex -44 -21 10.5094
      vertex -44 -23.7443 10.6635
      vertex -44 -23.7966 10.5094
    endloop
  endfacet
  facet normal 1 0 0
    outer loop
      vertex -44 -26.2889 11.1697
      vertex -44 -29 10.5094
      vertex -44 -26.3 11
    endloop
  endfacet
  facet normal 1 0 0
    outer loop
      vertex -44 -26.3 11
      vertex -44 -29 10.5094
      vertex -44 -26.2889 10.8303
    endloop
  endfacet
  facet normal 1 0 0
    outer loop
      vertex -44 -26.2889 10.8303
      vertex -44 -29 10.5094
      vertex -44 -26.2557 10.6635
    endloop
  endfacet
  facet normal 1 0 0
    outer loop
      vertex -44 -26.2557 10.6635
      vertex -44 -29 10.5094
      vertex -44 -26.2034 10.5094
    endloop
  endfacet
  facet normal -0 1 0
    outer loop
      vertex -46.1935 -21 16
      vertex -44 -21 16
      vertex -44 -21 10.5094
    endloop
  endfacet
  facet normal 0 -1 0
    outer loop
      vertex -46.1935 -29 16
      vertex -44 -29 10.5094
      vertex -44 -29 16
    endloop
  endfacet
  facet normal -0 0 1
    outer loop
      vertex -46.1935 9 16
      vertex -44 1 16
      vertex -44 9 16
    endloop
  endfacet
  facet normal 0 0 1
    outer loop
      vertex -44 1 16
      vertex -46.1935 9 16
      vertex -46.1935 1 16
    endloop
  endfacet
  facet normal 1 -0 0
    outer loop
      vertex -44 6.12583 11.65
      vertex -44 9 10.5094
      vertex -44 9 16
    endloop
  endfacet
  facet normal 1 0 0
    outer loop
      vertex -44 9 10.5094
      vertex -44 6.28888 11.1697
      vertex -44 6.3 11
    endloop
  endfacet
  facet normal 1 0 0
    outer loop
      vertex -44 9 10.5094
      vertex -44 6.2557 11.3365
      vertex -44 6.28888 11.1697
    endloop
  endfacet
  facet normal 1 0 0
    outer loop
      vertex -44 9 10.5094
      vertex -44 6.20104 11.4975
      vertex -44 6.2557 11.3365
    endloop
  endfacet
  facet normal 1 0 0
    outer loop
      vertex -44 9 10.5094
      vertex -44 6.12583 11.65
      vertex -44 6.20104 11.4975
    endloop
  endfacet
  facet normal 1 0 0
    outer loop
      vertex -44 9 16
      vertex -44 6.03136 11.7914
      vertex -44 6.12583 11.65
    endloop
  endfacet
  facet normal 1 0 0
    outer loop
      vertex -44 9 16
      vertex -44 5.91924 11.9192
      vertex -44 6.03136 11.7914
    endloop
  endfacet
  facet normal 1 0 0
    outer loop
      vertex -44 9 16
      vertex -44 5.79139 12.0314
      vertex -44 5.91924 11.9192
    endloop
  endfacet
  facet normal 1 0 0
    outer loop
      vertex -44 9 16
      vertex -44 5.65 12.1258
      vertex -44 5.79139 12.0314
    endloop
  endfacet
  facet normal 1 0 0
    outer loop
      vertex -44 9 16
      vertex -44 5.49749 12.201
      vertex -44 5.65 12.1258
    endloop
  endfacet
  facet normal 1 0 0
    outer loop
      vertex -44 9 16
      vertex -44 5.33646 12.2557
      vertex -44 5.49749 12.201
    endloop
  endfacet
  facet normal 1 0 0
    outer loop
      vertex -44 9 16
      vertex -44 5.16968 12.2889
      vertex -44 5.33646 12.2557
    endloop
  endfacet
  facet normal 1 0 0
    outer loop
      vertex -44 9 16
      vertex -44 5 12.3
      vertex -44 5.16968 12.2889
    endloop
  endfacet
  facet normal 1 -0 0
    outer loop
      vertex -44 1 16
      vertex -44 5 12.3
      vertex -44 9 16
    endloop
  endfacet
  facet normal 1 0 0
    outer loop
      vertex -44 5 12.3
      vertex -44 1 16
      vertex -44 4.83032 12.2889
    endloop
  endfacet
  facet normal 1 0 0
    outer loop
      vertex -44 4.83032 12.2889
      vertex -44 1 16
      vertex -44 4.66354 12.2557
    endloop
  endfacet
  facet normal 1 0 0
    outer loop
      vertex -44 4.66354 12.2557
      vertex -44 1 16
      vertex -44 4.50251 12.201
    endloop
  endfacet
  facet normal 1 0 0
    outer loop
      vertex -44 4.50251 12.201
      vertex -44 1 16
      vertex -44 4.35 12.1258
    endloop
  endfacet
  facet normal 1 0 0
    outer loop
      vertex -44 3.7443 11.3365
      vertex -44 1 10.5094
      vertex -44 3.71112 11.1697
    endloop
  endfacet
  facet normal 1 0 0
    outer loop
      vertex -44 3.79896 11.4975
      vertex -44 1 10.5094
      vertex -44 3.7443 11.3365
    endloop
  endfacet
  facet normal 1 0 0
    outer loop
      vertex -44 3.87417 11.65
      vertex -44 1 10.5094
      vertex -44 3.79896 11.4975
    endloop
  endfacet
  facet normal 1 0 0
    outer loop
      vertex -44 1 10.5094
      vertex -44 3.87417 11.65
      vertex -44 1 16
    endloop
  endfacet
  facet normal 1 0 0
    outer loop
      vertex -44 3.96864 11.7914
      vertex -44 1 16
      vertex -44 3.87417 11.65
    endloop
  endfacet
  facet normal 1 0 0
    outer loop
      vertex -44 4.08076 11.9192
      vertex -44 1 16
      vertex -44 3.96864 11.7914
    endloop
  endfacet
  facet normal 1 0 0
    outer loop
      vertex -44 4.20861 12.0314
      vertex -44 1 16
      vertex -44 4.08076 11.9192
    endloop
  endfacet
  facet normal 1 0 0
    outer loop
      vertex -44 4.35 12.1258
      vertex -44 1 16
      vertex -44 4.20861 12.0314
    endloop
  endfacet
  facet normal 1 -0 0
    outer loop
      vertex -44 6.28888 10.8303
      vertex -44 9 10.5094
      vertex -44 6.3 11
    endloop
  endfacet
  facet normal 1 -0 0
    outer loop
      vertex -44 6.2557 10.6635
      vertex -44 9 10.5094
      vertex -44 6.28888 10.8303
    endloop
  endfacet
  facet normal 1 0 0
    outer loop
      vertex -44 9 10.5094
      vertex -44 6.2557 10.6635
      vertex -44 6.20338 10.5094
    endloop
  endfacet
  facet normal 1 0 0
    outer loop
      vertex -44 3.71112 11.1697
      vertex -44 1 10.5094
      vertex -44 3.7 11
    endloop
  endfacet
  facet normal 1 0 0
    outer loop
      vertex -44 3.7 11
      vertex -44 1 10.5094
      vertex -44 3.71112 10.8303
    endloop
  endfacet
  facet normal 1 0 0
    outer loop
      vertex -44 3.71112 10.8303
      vertex -44 1 10.5094
      vertex -44 3.7443 10.6635
    endloop
  endfacet
  facet normal 1 0 0
    outer loop
      vertex -44 3.7443 10.6635
      vertex -44 1 10.5094
      vertex -44 3.79662 10.5094
    endloop
  endfacet
  facet normal -0 1 0
    outer loop
      vertex -46.1935 9 16
      vertex -44 9 16
      vertex -44 9 10.5094
    endloop
  endfacet
  facet normal 0 -1 0
    outer loop
      vertex -46.1935 1 16
      vertex -44 1 10.5094
      vertex -44 1 16
    endloop
  endfacet
  facet normal -0.0653605 -0.997862 0
    outer loop
      vertex -53.7832 -77.4487 -7.57871e-07
      vertex -53 -77.5 3
      vertex -53.7832 -77.4487 3
    endloop
  endfacet
  facet normal -0.0653605 -0.997862 -0
    outer loop
      vertex -53 -77.5 3
      vertex -53.7832 -77.4487 -7.57871e-07
      vertex -53 -77.5 -7.57871e-07
    endloop
  endfacet
  facet normal -0.997862 -0.0653605 0
    outer loop
      vertex -58.9487 -72.2832 -7.57871e-07
      vertex -59 -71.5 3
      vertex -59 -71.5 -7.57871e-07
    endloop
  endfacet
  facet normal -0.997862 -0.0653605 0
    outer loop
      vertex -59 -71.5 3
      vertex -58.9487 -72.2832 -7.57871e-07
      vertex -58.9487 -72.2832 3
    endloop
  endfacet
  facet normal 1 -0 0
    outer loop
      vertex 59 -71.5 3
      vertex 59 71.5 -7.57871e-07
      vertex 59 71.5 3
    endloop
  endfacet
  facet normal 1 0 0
    outer loop
      vertex 59 71.5 -7.57871e-07
      vertex 59 -71.5 3
      vertex 59 -71.5 -7.57871e-07
    endloop
  endfacet
  facet normal 0.997862 0.0653605 0
    outer loop
      vertex 59 71.5 3
      vertex 58.9487 72.2832 -7.57871e-07
      vertex 58.9487 72.2832 3
    endloop
  endfacet
  facet normal 0.997862 0.0653605 0
    outer loop
      vertex 58.9487 72.2832 -7.57871e-07
      vertex 59 71.5 3
      vertex 59 71.5 -7.57871e-07
    endloop
  endfacet
  facet normal 0.195209 0.980762 -0
    outer loop
      vertex 54.5529 77.2955 -7.57871e-07
      vertex 53.7832 77.4487 3
      vertex 54.5529 77.2955 3
    endloop
  endfacet
  facet normal 0.195209 0.980762 0
    outer loop
      vertex 53.7832 77.4487 3
      vertex 54.5529 77.2955 -7.57871e-07
      vertex 53.7832 77.4487 -7.57871e-07
    endloop
  endfacet
  facet normal -0.997862 0.0653605 0
    outer loop
      vertex -59 71.5 -7.57871e-07
      vertex -58.9487 72.2832 3
      vertex -58.9487 72.2832 -7.57871e-07
    endloop
  endfacet
  facet normal -0.997862 0.0653605 0
    outer loop
      vertex -58.9487 72.2832 3
      vertex -59 71.5 -7.57871e-07
      vertex -59 71.5 3
    endloop
  endfacet
  facet normal 0 -1 0
    outer loop
      vertex -53 -77.5 -7.57871e-07
      vertex 53 -77.5 3
      vertex -53 -77.5 3
    endloop
  endfacet
  facet normal 0 -1 -0
    outer loop
      vertex 53 -77.5 3
      vertex -53 -77.5 -7.57871e-07
      vertex 53 -77.5 -7.57871e-07
    endloop
  endfacet
  facet normal 0.997862 -0.0653605 0
    outer loop
      vertex 58.9487 -72.2832 3
      vertex 59 -71.5 -7.57871e-07
      vertex 59 -71.5 3
    endloop
  endfacet
  facet normal 0.997862 -0.0653605 0
    outer loop
      vertex 59 -71.5 -7.57871e-07
      vertex 58.9487 -72.2832 3
      vertex 58.9487 -72.2832 -7.57871e-07
    endloop
  endfacet
  facet normal 0 1 -0
    outer loop
      vertex 53 77.5 -7.57871e-07
      vertex -53 77.5 3
      vertex 53 77.5 3
    endloop
  endfacet
  facet normal 0 1 0
    outer loop
      vertex -53 77.5 3
      vertex 53 77.5 -7.57871e-07
      vertex -53 77.5 -7.57871e-07
    endloop
  endfacet
  facet normal -0.555611 0.831442 0
    outer loop
      vertex -56 76.6962 -7.57871e-07
      vertex -56.6526 76.2601 3
      vertex -56 76.6962 3
    endloop
  endfacet
  facet normal -0.555611 0.831442 0
    outer loop
      vertex -56.6526 76.2601 3
      vertex -56 76.6962 -7.57871e-07
      vertex -56.6526 76.2601 -7.57871e-07
    endloop
  endfacet
  facet normal 0.751787 0.659406 0
    outer loop
      vertex 57.7601 75.1526 3
      vertex 57.2426 75.7426 -7.57871e-07
      vertex 57.2426 75.7426 3
    endloop
  endfacet
  facet normal 0.751787 0.659406 0
    outer loop
      vertex 57.2426 75.7426 -7.57871e-07
      vertex 57.7601 75.1526 3
      vertex 57.7601 75.1526 -7.57871e-07
    endloop
  endfacet
  facet normal -0.195209 0.980762 0
    outer loop
      vertex -53.7832 77.4487 -7.57871e-07
      vertex -54.5529 77.2955 3
      vertex -53.7832 77.4487 3
    endloop
  endfacet
  facet normal -0.195209 0.980762 0
    outer loop
      vertex -54.5529 77.2955 3
      vertex -53.7832 77.4487 -7.57871e-07
      vertex -54.5529 77.2955 -7.57871e-07
    endloop
  endfacet
  facet normal 0.442263 0.896885 -0
    outer loop
      vertex 56 76.6962 -7.57871e-07
      vertex 55.2961 77.0433 3
      vertex 56 76.6962 3
    endloop
  endfacet
  facet normal 0.442263 0.896885 0
    outer loop
      vertex 55.2961 77.0433 3
      vertex 56 76.6962 -7.57871e-07
      vertex 55.2961 77.0433 -7.57871e-07
    endloop
  endfacet
  facet normal 0.831442 -0.555611 0
    outer loop
      vertex 57.7601 -75.1526 3
      vertex 58.1962 -74.5 -7.57871e-07
      vertex 58.1962 -74.5 3
    endloop
  endfacet
  facet normal 0.831442 -0.555611 0
    outer loop
      vertex 58.1962 -74.5 -7.57871e-07
      vertex 57.7601 -75.1526 3
      vertex 57.7601 -75.1526 -7.57871e-07
    endloop
  endfacet
  facet normal 0.555611 -0.831442 0
    outer loop
      vertex 56 -76.6962 -7.57871e-07
      vertex 56.6526 -76.2601 3
      vertex 56 -76.6962 3
    endloop
  endfacet
  facet normal 0.555611 -0.831442 0
    outer loop
      vertex 56.6526 -76.2601 3
      vertex 56 -76.6962 -7.57871e-07
      vertex 56.6526 -76.2601 -7.57871e-07
    endloop
  endfacet
  facet normal 0.751787 -0.659406 0
    outer loop
      vertex 57.2426 -75.7426 3
      vertex 57.7601 -75.1526 -7.57871e-07
      vertex 57.7601 -75.1526 3
    endloop
  endfacet
  facet normal 0.751787 -0.659406 0
    outer loop
      vertex 57.7601 -75.1526 -7.57871e-07
      vertex 57.2426 -75.7426 3
      vertex 57.2426 -75.7426 -7.57871e-07
    endloop
  endfacet
  facet normal -0.659406 -0.751787 0
    outer loop
      vertex -57.2426 -75.7426 -7.57871e-07
      vertex -56.6526 -76.2601 3
      vertex -57.2426 -75.7426 3
    endloop
  endfacet
  facet normal -0.659406 -0.751787 -0
    outer loop
      vertex -56.6526 -76.2601 3
      vertex -57.2426 -75.7426 -7.57871e-07
      vertex -56.6526 -76.2601 -7.57871e-07
    endloop
  endfacet
  facet normal 0.0653605 0.997862 -0
    outer loop
      vertex 53.7832 77.4487 -7.57871e-07
      vertex 53 77.5 3
      vertex 53.7832 77.4487 3
    endloop
  endfacet
  facet normal 0.0653605 0.997862 0
    outer loop
      vertex 53 77.5 3
      vertex 53.7832 77.4487 -7.57871e-07
      vertex 53 77.5 -7.57871e-07
    endloop
  endfacet
  facet normal 0.555611 0.831442 -0
    outer loop
      vertex 56.6526 76.2601 -7.57871e-07
      vertex 56 76.6962 3
      vertex 56.6526 76.2601 3
    endloop
  endfacet
  facet normal 0.555611 0.831442 0
    outer loop
      vertex 56 76.6962 3
      vertex 56.6526 76.2601 -7.57871e-07
      vertex 56 76.6962 -7.57871e-07
    endloop
  endfacet
  facet normal 0.321345 0.946962 -0
    outer loop
      vertex 55.2961 77.0433 -7.57871e-07
      vertex 54.5529 77.2955 3
      vertex 55.2961 77.0433 3
    endloop
  endfacet
  facet normal 0.321345 0.946962 0
    outer loop
      vertex 54.5529 77.2955 3
      vertex 55.2961 77.0433 -7.57871e-07
      vertex 54.5529 77.2955 -7.57871e-07
    endloop
  endfacet
  facet normal -1 0 0
    outer loop
      vertex -59 -71.5 -7.57871e-07
      vertex -59 71.5 3
      vertex -59 71.5 -7.57871e-07
    endloop
  endfacet
  facet normal -1 -0 0
    outer loop
      vertex -59 71.5 3
      vertex -59 -71.5 -7.57871e-07
      vertex -59 -71.5 3
    endloop
  endfacet
  facet normal -0.946962 0.321345 0
    outer loop
      vertex -58.7955 73.0529 -7.57871e-07
      vertex -58.5433 73.7961 3
      vertex -58.5433 73.7961 -7.57871e-07
    endloop
  endfacet
  facet normal -0.946962 0.321345 0
    outer loop
      vertex -58.5433 73.7961 3
      vertex -58.7955 73.0529 -7.57871e-07
      vertex -58.7955 73.0529 3
    endloop
  endfacet
  facet normal -0.751787 0.659406 0
    outer loop
      vertex -57.7601 75.1526 -7.57871e-07
      vertex -57.2426 75.7426 3
      vertex -57.2426 75.7426 -7.57871e-07
    endloop
  endfacet
  facet normal -0.751787 0.659406 0
    outer loop
      vertex -57.2426 75.7426 3
      vertex -57.7601 75.1526 -7.57871e-07
      vertex -57.7601 75.1526 3
    endloop
  endfacet
  facet normal 0.321345 -0.946962 0
    outer loop
      vertex 54.5529 -77.2955 -7.57871e-07
      vertex 55.2961 -77.0433 3
      vertex 54.5529 -77.2955 3
    endloop
  endfacet
  facet normal 0.321345 -0.946962 0
    outer loop
      vertex 55.2961 -77.0433 3
      vertex 54.5529 -77.2955 -7.57871e-07
      vertex 55.2961 -77.0433 -7.57871e-07
    endloop
  endfacet
  facet normal 0.946962 0.321345 0
    outer loop
      vertex 58.7955 73.0529 3
      vertex 58.5433 73.7961 -7.57871e-07
      vertex 58.5433 73.7961 3
    endloop
  endfacet
  facet normal 0.946962 0.321345 0
    outer loop
      vertex 58.5433 73.7961 -7.57871e-07
      vertex 58.7955 73.0529 3
      vertex 58.7955 73.0529 -7.57871e-07
    endloop
  endfacet
  facet normal 0.195209 -0.980762 0
    outer loop
      vertex 53.7832 -77.4487 -7.57871e-07
      vertex 54.5529 -77.2955 3
      vertex 53.7832 -77.4487 3
    endloop
  endfacet
  facet normal 0.195209 -0.980762 0
    outer loop
      vertex 54.5529 -77.2955 3
      vertex 53.7832 -77.4487 -7.57871e-07
      vertex 54.5529 -77.2955 -7.57871e-07
    endloop
  endfacet
  facet normal -0.980762 0.195209 0
    outer loop
      vertex -58.9487 72.2832 -7.57871e-07
      vertex -58.7955 73.0529 3
      vertex -58.7955 73.0529 -7.57871e-07
    endloop
  endfacet
  facet normal -0.980762 0.195209 0
    outer loop
      vertex -58.7955 73.0529 3
      vertex -58.9487 72.2832 -7.57871e-07
      vertex -58.9487 72.2832 3
    endloop
  endfacet
  facet normal 0.980762 0.195209 0
    outer loop
      vertex 58.9487 72.2832 3
      vertex 58.7955 73.0529 -7.57871e-07
      vertex 58.7955 73.0529 3
    endloop
  endfacet
  facet normal 0.980762 0.195209 0
    outer loop
      vertex 58.7955 73.0529 -7.57871e-07
      vertex 58.9487 72.2832 3
      vertex 58.9487 72.2832 -7.57871e-07
    endloop
  endfacet
  facet normal -0.0653605 0.997862 0
    outer loop
      vertex -53 77.5 -7.57871e-07
      vertex -53.7832 77.4487 3
      vertex -53 77.5 3
    endloop
  endfacet
  facet normal -0.0653605 0.997862 0
    outer loop
      vertex -53.7832 77.4487 3
      vertex -53 77.5 -7.57871e-07
      vertex -53.7832 77.4487 -7.57871e-07
    endloop
  endfacet
  facet normal -0.442263 0.896885 0
    outer loop
      vertex -55.2961 77.0433 -7.57871e-07
      vertex -56 76.6962 3
      vertex -55.2961 77.0433 3
    endloop
  endfacet
  facet normal -0.442263 0.896885 0
    outer loop
      vertex -56 76.6962 3
      vertex -55.2961 77.0433 -7.57871e-07
      vertex -56 76.6962 -7.57871e-07
    endloop
  endfacet
  facet normal 0.659406 -0.751787 0
    outer loop
      vertex 56.6526 -76.2601 -7.57871e-07
      vertex 57.2426 -75.7426 3
      vertex 56.6526 -76.2601 3
    endloop
  endfacet
  facet normal 0.659406 -0.751787 0
    outer loop
      vertex 57.2426 -75.7426 3
      vertex 56.6526 -76.2601 -7.57871e-07
      vertex 57.2426 -75.7426 -7.57871e-07
    endloop
  endfacet
  facet normal 0.442263 -0.896885 0
    outer loop
      vertex 55.2961 -77.0433 -7.57871e-07
      vertex 56 -76.6962 3
      vertex 55.2961 -77.0433 3
    endloop
  endfacet
  facet normal 0.442263 -0.896885 0
    outer loop
      vertex 56 -76.6962 3
      vertex 55.2961 -77.0433 -7.57871e-07
      vertex 56 -76.6962 -7.57871e-07
    endloop
  endfacet
  facet normal -0.980762 -0.195209 0
    outer loop
      vertex -58.7955 -73.0529 -7.57871e-07
      vertex -58.9487 -72.2832 3
      vertex -58.9487 -72.2832 -7.57871e-07
    endloop
  endfacet
  facet normal -0.980762 -0.195209 0
    outer loop
      vertex -58.9487 -72.2832 3
      vertex -58.7955 -73.0529 -7.57871e-07
      vertex -58.7955 -73.0529 3
    endloop
  endfacet
  facet normal -0.321345 0.946962 0
    outer loop
      vertex -54.5529 77.2955 -7.57871e-07
      vertex -55.2961 77.0433 3
      vertex -54.5529 77.2955 3
    endloop
  endfacet
  facet normal -0.321345 0.946962 0
    outer loop
      vertex -55.2961 77.0433 3
      vertex -54.5529 77.2955 -7.57871e-07
      vertex -55.2961 77.0433 -7.57871e-07
    endloop
  endfacet
  facet normal -0.659406 0.751787 0
    outer loop
      vertex -56.6526 76.2601 -7.57871e-07
      vertex -57.2426 75.7426 3
      vertex -56.6526 76.2601 3
    endloop
  endfacet
  facet normal -0.659406 0.751787 0
    outer loop
      vertex -57.2426 75.7426 3
      vertex -56.6526 76.2601 -7.57871e-07
      vertex -57.2426 75.7426 -7.57871e-07
    endloop
  endfacet
  facet normal 0.0653605 -0.997862 0
    outer loop
      vertex 53 -77.5 -7.57871e-07
      vertex 53.7832 -77.4487 3
      vertex 53 -77.5 3
    endloop
  endfacet
  facet normal 0.0653605 -0.997862 0
    outer loop
      vertex 53.7832 -77.4487 3
      vertex 53 -77.5 -7.57871e-07
      vertex 53.7832 -77.4487 -7.57871e-07
    endloop
  endfacet
  facet normal 0.896885 -0.442263 0
    outer loop
      vertex 58.1962 -74.5 3
      vertex 58.5433 -73.7961 -7.57871e-07
      vertex 58.5433 -73.7961 3
    endloop
  endfacet
  facet normal 0.896885 -0.442263 0
    outer loop
      vertex 58.5433 -73.7961 -7.57871e-07
      vertex 58.1962 -74.5 3
      vertex 58.1962 -74.5 -7.57871e-07
    endloop
  endfacet
  facet normal 0.980762 -0.195209 0
    outer loop
      vertex 58.7955 -73.0529 3
      vertex 58.9487 -72.2832 -7.57871e-07
      vertex 58.9487 -72.2832 3
    endloop
  endfacet
  facet normal 0.980762 -0.195209 0
    outer loop
      vertex 58.9487 -72.2832 -7.57871e-07
      vertex 58.7955 -73.0529 3
      vertex 58.7955 -73.0529 -7.57871e-07
    endloop
  endfacet
  facet normal -0.321345 -0.946962 0
    outer loop
      vertex -55.2961 -77.0433 -7.57871e-07
      vertex -54.5529 -77.2955 3
      vertex -55.2961 -77.0433 3
    endloop
  endfacet
  facet normal -0.321345 -0.946962 -0
    outer loop
      vertex -54.5529 -77.2955 3
      vertex -55.2961 -77.0433 -7.57871e-07
      vertex -54.5529 -77.2955 -7.57871e-07
    endloop
  endfacet
  facet normal -0.442263 -0.896885 0
    outer loop
      vertex -56 -76.6962 -7.57871e-07
      vertex -55.2961 -77.0433 3
      vertex -56 -76.6962 3
    endloop
  endfacet
  facet normal -0.442263 -0.896885 -0
    outer loop
      vertex -55.2961 -77.0433 3
      vertex -56 -76.6962 -7.57871e-07
      vertex -55.2961 -77.0433 -7.57871e-07
    endloop
  endfacet
  facet normal -0.751787 -0.659406 0
    outer loop
      vertex -57.2426 -75.7426 -7.57871e-07
      vertex -57.7601 -75.1526 3
      vertex -57.7601 -75.1526 -7.57871e-07
    endloop
  endfacet
  facet normal -0.751787 -0.659406 0
    outer loop
      vertex -57.7601 -75.1526 3
      vertex -57.2426 -75.7426 -7.57871e-07
      vertex -57.2426 -75.7426 3
    endloop
  endfacet
  facet normal -0.896885 0.442263 0
    outer loop
      vertex -58.5433 73.7961 -7.57871e-07
      vertex -58.1962 74.5 3
      vertex -58.1962 74.5 -7.57871e-07
    endloop
  endfacet
  facet normal -0.896885 0.442263 0
    outer loop
      vertex -58.1962 74.5 3
      vertex -58.5433 73.7961 -7.57871e-07
      vertex -58.5433 73.7961 3
    endloop
  endfacet
  facet normal 0.896885 0.442263 0
    outer loop
      vertex 58.5433 73.7961 3
      vertex 58.1962 74.5 -7.57871e-07
      vertex 58.1962 74.5 3
    endloop
  endfacet
  facet normal 0.896885 0.442263 0
    outer loop
      vertex 58.1962 74.5 -7.57871e-07
      vertex 58.5433 73.7961 3
      vertex 58.5433 73.7961 -7.57871e-07
    endloop
  endfacet
  facet normal 0.946962 -0.321345 0
    outer loop
      vertex 58.5433 -73.7961 3
      vertex 58.7955 -73.0529 -7.57871e-07
      vertex 58.7955 -73.0529 3
    endloop
  endfacet
  facet normal 0.946962 -0.321345 0
    outer loop
      vertex 58.7955 -73.0529 -7.57871e-07
      vertex 58.5433 -73.7961 3
      vertex 58.5433 -73.7961 -7.57871e-07
    endloop
  endfacet
  facet normal -0.555611 -0.831442 0
    outer loop
      vertex -56.6526 -76.2601 -7.57871e-07
      vertex -56 -76.6962 3
      vertex -56.6526 -76.2601 3
    endloop
  endfacet
  facet normal -0.555611 -0.831442 -0
    outer loop
      vertex -56 -76.6962 3
      vertex -56.6526 -76.2601 -7.57871e-07
      vertex -56 -76.6962 -7.57871e-07
    endloop
  endfacet
  facet normal 0 0 1
    outer loop
      vertex 59 -71.5 3
      vertex 51.6855 -69.2781 3
      vertex 51.7 -69.5 3
    endloop
  endfacet
  facet normal 0 0 1
    outer loop
      vertex 59 -71.5 3
      vertex 51.6421 -69.06 3
      vertex 51.6855 -69.2781 3
    endloop
  endfacet
  facet normal 0 0 1
    outer loop
      vertex 59 -71.5 3
      vertex 51.5706 -68.8494 3
      vertex 51.6421 -69.06 3
    endloop
  endfacet
  facet normal 0 0 1
    outer loop
      vertex 59 -71.5 3
      vertex 51.4722 -68.65 3
      vertex 51.5706 -68.8494 3
    endloop
  endfacet
  facet normal 0 0 1
    outer loop
      vertex 59 -71.5 3
      vertex 51.3487 -68.4651 3
      vertex 51.4722 -68.65 3
    endloop
  endfacet
  facet normal 0 0 1
    outer loop
      vertex 59 -71.5 3
      vertex 51.2021 -68.2979 3
      vertex 51.3487 -68.4651 3
    endloop
  endfacet
  facet normal 0 0 1
    outer loop
      vertex 59 -71.5 3
      vertex 51.0349 -68.1513 3
      vertex 51.2021 -68.2979 3
    endloop
  endfacet
  facet normal 0 0 1
    outer loop
      vertex 52 -46.4 3
      vertex 50.85 -68.0278 3
      vertex 51.0349 -68.1513 3
    endloop
  endfacet
  facet normal 0 0 1
    outer loop
      vertex 52 -46.4 3
      vertex 50.6506 -67.9294 3
      vertex 50.85 -68.0278 3
    endloop
  endfacet
  facet normal 0 0 1
    outer loop
      vertex 52 -46.4 3
      vertex 50.44 -67.8579 3
      vertex 50.6506 -67.9294 3
    endloop
  endfacet
  facet normal 0 0 1
    outer loop
      vertex 52 -46.4 3
      vertex 50.2219 -67.8145 3
      vertex 50.44 -67.8579 3
    endloop
  endfacet
  facet normal 0 0 1
    outer loop
      vertex 52 -46.4 3
      vertex 50 -67.8 3
      vertex 50.2219 -67.8145 3
    endloop
  endfacet
  facet normal 0 0 1
    outer loop
      vertex 52 -46.4 3
      vertex 49.7781 -67.8145 3
      vertex 50 -67.8 3
    endloop
  endfacet
  facet normal 0 0 1
    outer loop
      vertex 52 -46.4 3
      vertex 49.56 -67.8579 3
      vertex 49.7781 -67.8145 3
    endloop
  endfacet
  facet normal -0 0 1
    outer loop
      vertex 41 -46.4 3
      vertex 49.56 -67.8579 3
      vertex 52 -46.4 3
    endloop
  endfacet
  facet normal 0 0 1
    outer loop
      vertex 49.56 -67.8579 3
      vertex 41 -46.4 3
      vertex 49.3494 -67.9294 3
    endloop
  endfacet
  facet normal 0 0 1
    outer loop
      vertex 49.3494 -67.9294 3
      vertex 41 -46.4 3
      vertex 49.15 -68.0278 3
    endloop
  endfacet
  facet normal 0 0 1
    outer loop
      vertex 49.15 -68.0278 3
      vertex 41 -46.4 3
      vertex 48.9651 -68.1513 3
    endloop
  endfacet
  facet normal 0 0 1
    outer loop
      vertex 48.9651 -68.1513 3
      vertex 41 -46.4 3
      vertex 48.7979 -68.2979 3
    endloop
  endfacet
  facet normal 0 0 1
    outer loop
      vertex 48.7979 -68.2979 3
      vertex 41 -46.4 3
      vertex 48.6513 -68.4651 3
    endloop
  endfacet
  facet normal 0 0 1
    outer loop
      vertex 48.6513 -68.4651 3
      vertex 41 -46.4 3
      vertex 48.5278 -68.65 3
    endloop
  endfacet
  facet normal 0 0 1
    outer loop
      vertex 48.5278 -68.65 3
      vertex 41 -46.4 3
      vertex 48.4294 -68.8494 3
    endloop
  endfacet
  facet normal 0 0 1
    outer loop
      vertex 48.4294 -68.8494 3
      vertex 41 -46.4 3
      vertex 48.3579 -69.06 3
    endloop
  endfacet
  facet normal 0 0 1
    outer loop
      vertex 48.3145 -69.2781 3
      vertex 41 -46.4 3
      vertex 48.3 -69.5 3
    endloop
  endfacet
  facet normal 0 0 1
    outer loop
      vertex 48.3579 -69.06 3
      vertex 41 -46.4 3
      vertex 48.3145 -69.2781 3
    endloop
  endfacet
  facet normal 0 0 1
    outer loop
      vertex 51.5706 70.1506 3
      vertex 59 71.5 3
      vertex 58.9487 72.2832 3
    endloop
  endfacet
  facet normal 0 0 1
    outer loop
      vertex 59 71.5 3
      vertex 52 13 3
      vertex 59 -71.5 3
    endloop
  endfacet
  facet normal 0 0 1
    outer loop
      vertex 51.5706 70.1506 3
      vertex 58.9487 72.2832 3
      vertex 58.7955 73.0529 3
    endloop
  endfacet
  facet normal -0 0 1
    outer loop
      vertex 52 -46.4 3
      vertex 59 -71.5 3
      vertex 52 13 3
    endloop
  endfacet
  facet normal 0 0 1
    outer loop
      vertex 51.4722 70.35 3
      vertex 58.7955 73.0529 3
      vertex 58.5433 73.7961 3
    endloop
  endfacet
  facet normal -0 0 1
    outer loop
      vertex 51.0349 -68.1513 3
      vertex 59 -71.5 3
      vertex 52 -46.4 3
    endloop
  endfacet
  facet normal 0 0 1
    outer loop
      vertex 51.4722 70.35 3
      vertex 58.5433 73.7961 3
      vertex 58.1962 74.5 3
    endloop
  endfacet
  facet normal -0 0 1
    outer loop
      vertex 51.6855 -69.7219 3
      vertex 59 -71.5 3
      vertex 51.7 -69.5 3
    endloop
  endfacet
  facet normal 0 0 1
    outer loop
      vertex 51.4722 70.35 3
      vertex 58.1962 74.5 3
      vertex 57.7601 75.1526 3
    endloop
  endfacet
  facet normal -0 0 1
    outer loop
      vertex 51.6421 -69.94 3
      vertex 59 -71.5 3
      vertex 51.6855 -69.7219 3
    endloop
  endfacet
  facet normal 0 0 1
    outer loop
      vertex 51.3487 70.5349 3
      vertex 57.7601 75.1526 3
      vertex 57.2426 75.7426 3
    endloop
  endfacet
  facet normal -0 0 1
    outer loop
      vertex 51.5706 -70.1506 3
      vertex 59 -71.5 3
      vertex 51.6421 -69.94 3
    endloop
  endfacet
  facet normal 0 0 1
    outer loop
      vertex 51.3487 70.5349 3
      vertex 57.2426 75.7426 3
      vertex 56.6526 76.2601 3
    endloop
  endfacet
  facet normal 0 0 1
    outer loop
      vertex 59 -71.5 3
      vertex 51.5706 -70.1506 3
      vertex 58.9487 -72.2832 3
    endloop
  endfacet
  facet normal 0 0 1
    outer loop
      vertex 51.2021 70.7021 3
      vertex 56.6526 76.2601 3
      vertex 56 76.6962 3
    endloop
  endfacet
  facet normal 0 0 1
    outer loop
      vertex 58.9487 -72.2832 3
      vertex 51.5706 -70.1506 3
      vertex 58.7955 -73.0529 3
    endloop
  endfacet
  facet normal 0 0 1
    outer loop
      vertex 51.2021 70.7021 3
      vertex 56 76.6962 3
      vertex 55.2961 77.0433 3
    endloop
  endfacet
  facet normal -0 0 1
    outer loop
      vertex 51.4722 -70.35 3
      vertex 58.7955 -73.0529 3
      vertex 51.5706 -70.1506 3
    endloop
  endfacet
  facet normal 0 0 1
    outer loop
      vertex 51.2021 70.7021 3
      vertex 55.2961 77.0433 3
      vertex 54.5529 77.2955 3
    endloop
  endfacet
  facet normal 0 0 1
    outer loop
      vertex 58.7955 -73.0529 3
      vertex 51.4722 -70.35 3
      vertex 58.5433 -73.7961 3
    endloop
  endfacet
  facet normal 0 0 1
    outer loop
      vertex 51.0349 70.8487 3
      vertex 54.5529 77.2955 3
      vertex 53.7832 77.4487 3
    endloop
  endfacet
  facet normal 0 0 1
    outer loop
      vertex 58.5433 -73.7961 3
      vertex 51.4722 -70.35 3
      vertex 58.1962 -74.5 3
    endloop
  endfacet
  facet normal 0 0 1
    outer loop
      vertex 51.0349 70.8487 3
      vertex 53.7832 77.4487 3
      vertex 53 77.5 3
    endloop
  endfacet
  facet normal 0 0 1
    outer loop
      vertex 58.1962 -74.5 3
      vertex 51.4722 -70.35 3
      vertex 57.7601 -75.1526 3
    endloop
  endfacet
  facet normal -0 0 1
    outer loop
      vertex 51.3487 -70.5349 3
      vertex 57.7601 -75.1526 3
      vertex 51.4722 -70.35 3
    endloop
  endfacet
  facet normal 0 0 1
    outer loop
      vertex 59 71.5 3
      vertex 51.7 69.5 3
      vertex 51.6855 69.2781 3
    endloop
  endfacet
  facet normal 0 0 1
    outer loop
      vertex 59 71.5 3
      vertex 51.6855 69.7219 3
      vertex 51.7 69.5 3
    endloop
  endfacet
  facet normal 0 0 1
    outer loop
      vertex 59 71.5 3
      vertex 51.6421 69.94 3
      vertex 51.6855 69.7219 3
    endloop
  endfacet
  facet normal 0 0 1
    outer loop
      vertex 59 71.5 3
      vertex 51.5706 70.1506 3
      vertex 51.6421 69.94 3
    endloop
  endfacet
  facet normal 0 0 1
    outer loop
      vertex 58.7955 73.0529 3
      vertex 51.4722 70.35 3
      vertex 51.5706 70.1506 3
    endloop
  endfacet
  facet normal 0 0 1
    outer loop
      vertex 57.7601 75.1526 3
      vertex 51.3487 70.5349 3
      vertex 51.4722 70.35 3
    endloop
  endfacet
  facet normal 0 0 1
    outer loop
      vertex 56.6526 76.2601 3
      vertex 51.2021 70.7021 3
      vertex 51.3487 70.5349 3
    endloop
  endfacet
  facet normal 0 0 1
    outer loop
      vertex 54.5529 77.2955 3
      vertex 51.0349 70.8487 3
      vertex 51.2021 70.7021 3
    endloop
  endfacet
  facet normal 0 0 1
    outer loop
      vertex 53 77.5 3
      vertex 50.85 70.9722 3
      vertex 51.0349 70.8487 3
    endloop
  endfacet
  facet normal 0 0 1
    outer loop
      vertex 53 77.5 3
      vertex 50.6506 71.0706 3
      vertex 50.85 70.9722 3
    endloop
  endfacet
  facet normal 0 0 1
    outer loop
      vertex 53 77.5 3
      vertex 50.44 71.1421 3
      vertex 50.6506 71.0706 3
    endloop
  endfacet
  facet normal 0 0 1
    outer loop
      vertex 53 77.5 3
      vertex 50.2219 71.1855 3
      vertex 50.44 71.1421 3
    endloop
  endfacet
  facet normal 0 0 1
    outer loop
      vertex 53 77.5 3
      vertex 50 71.2 3
      vertex 50.2219 71.1855 3
    endloop
  endfacet
  facet normal 0 0 1
    outer loop
      vertex 53 77.5 3
      vertex 49.7781 71.1855 3
      vertex 50 71.2 3
    endloop
  endfacet
  facet normal 0 0 1
    outer loop
      vertex 53 77.5 3
      vertex 49.56 71.1421 3
      vertex 49.7781 71.1855 3
    endloop
  endfacet
  facet normal 0 0 1
    outer loop
      vertex 53 77.5 3
      vertex 49.3494 71.0706 3
      vertex 49.56 71.1421 3
    endloop
  endfacet
  facet normal 0 0 1
    outer loop
      vertex 53 77.5 3
      vertex 49.15 70.9722 3
      vertex 49.3494 71.0706 3
    endloop
  endfacet
  facet normal 0 0 1
    outer loop
      vertex 53 77.5 3
      vertex 48.9651 70.8487 3
      vertex 49.15 70.9722 3
    endloop
  endfacet
  facet normal 0 0 1
    outer loop
      vertex 53 77.5 3
      vertex 48.7979 70.7021 3
      vertex 48.9651 70.8487 3
    endloop
  endfacet
  facet normal 0 0 1
    outer loop
      vertex 31.2021 70.7021 3
      vertex 48.7979 70.7021 3
      vertex 53 77.5 3
    endloop
  endfacet
  facet normal 0 0 1
    outer loop
      vertex 48.7979 70.7021 3
      vertex 31.2021 70.7021 3
      vertex 48.6513 70.5349 3
    endloop
  endfacet
  facet normal 0 0 1
    outer loop
      vertex 48.3145 69.7219 3
      vertex 31.7 69.5 3
      vertex 48.3 69.5 3
    endloop
  endfacet
  facet normal 0 0 1
    outer loop
      vertex 31.6855 69.7219 3
      vertex 48.3145 69.7219 3
      vertex 48.3579 69.94 3
    endloop
  endfacet
  facet normal 0 0 1
    outer loop
      vertex 31.6421 69.94 3
      vertex 48.3579 69.94 3
      vertex 48.4294 70.1506 3
    endloop
  endfacet
  facet normal 0 0 1
    outer loop
      vertex 31.5706 70.1506 3
      vertex 48.4294 70.1506 3
      vertex 48.5278 70.35 3
    endloop
  endfacet
  facet normal 0 -0 1
    outer loop
      vertex 31.3487 70.5349 3
      vertex 48.6513 70.5349 3
      vertex 31.2021 70.7021 3
    endloop
  endfacet
  facet normal 0 0 1
    outer loop
      vertex 48.3145 69.7219 3
      vertex 31.6855 69.7219 3
      vertex 31.7 69.5 3
    endloop
  endfacet
  facet normal 0 0 1
    outer loop
      vertex 48.3579 69.94 3
      vertex 31.6421 69.94 3
      vertex 31.6855 69.7219 3
    endloop
  endfacet
  facet normal 0 0 1
    outer loop
      vertex 48.4294 70.1506 3
      vertex 31.5706 70.1506 3
      vertex 31.6421 69.94 3
    endloop
  endfacet
  facet normal 0 0 1
    outer loop
      vertex 48.5278 70.35 3
      vertex 31.4722 70.35 3
      vertex 31.5706 70.1506 3
    endloop
  endfacet
  facet normal 0 0 1
    outer loop
      vertex 48.5278 70.35 3
      vertex 31.3487 70.5349 3
      vertex 31.4722 70.35 3
    endloop
  endfacet
  facet normal 0 0 1
    outer loop
      vertex 48.6513 70.5349 3
      vertex 31.3487 70.5349 3
      vertex 48.5278 70.35 3
    endloop
  endfacet
  facet normal 0 0 1
    outer loop
      vertex 53 77.5 3
      vertex 31.0349 70.8487 3
      vertex 31.2021 70.7021 3
    endloop
  endfacet
  facet normal 0 0 1
    outer loop
      vertex 53 77.5 3
      vertex 30.85 70.9722 3
      vertex 31.0349 70.8487 3
    endloop
  endfacet
  facet normal 0 0 1
    outer loop
      vertex 53 77.5 3
      vertex 30.6506 71.0706 3
      vertex 30.85 70.9722 3
    endloop
  endfacet
  facet normal 0 0 1
    outer loop
      vertex 53 77.5 3
      vertex 30.44 71.1421 3
      vertex 30.6506 71.0706 3
    endloop
  endfacet
  facet normal 0 0 1
    outer loop
      vertex 53 77.5 3
      vertex 30.2219 71.1855 3
      vertex 30.44 71.1421 3
    endloop
  endfacet
  facet normal 0 0 1
    outer loop
      vertex 53 77.5 3
      vertex 30 71.2 3
      vertex 30.2219 71.1855 3
    endloop
  endfacet
  facet normal 0 0 1
    outer loop
      vertex 53 77.5 3
      vertex 29.7781 71.1855 3
      vertex 30 71.2 3
    endloop
  endfacet
  facet normal 0 0 1
    outer loop
      vertex 53 77.5 3
      vertex 29.56 71.1421 3
      vertex 29.7781 71.1855 3
    endloop
  endfacet
  facet normal 0 0 1
    outer loop
      vertex 28.3145 69.7219 3
      vertex -28.3 69.5 3
      vertex 28.3 69.5 3
    endloop
  endfacet
  facet normal 0 0 1
    outer loop
      vertex -28.3145 69.7219 3
      vertex 28.3145 69.7219 3
      vertex 28.3579 69.94 3
    endloop
  endfacet
  facet normal 0 0 1
    outer loop
      vertex -28.3579 69.94 3
      vertex 28.3579 69.94 3
      vertex 28.4294 70.1506 3
    endloop
  endfacet
  facet normal 0 0 1
    outer loop
      vertex -28.4294 70.1506 3
      vertex 28.4294 70.1506 3
      vertex 28.5278 70.35 3
    endloop
  endfacet
  facet normal 0 0 1
    outer loop
      vertex -28.5278 70.35 3
      vertex 28.5278 70.35 3
      vertex 28.6513 70.5349 3
    endloop
  endfacet
  facet normal 0 0 1
    outer loop
      vertex -28.6513 70.5349 3
      vertex 28.6513 70.5349 3
      vertex 28.7979 70.7021 3
    endloop
  endfacet
  facet normal 0 0 1
    outer loop
      vertex -28.7979 70.7021 3
      vertex 28.7979 70.7021 3
      vertex 28.9651 70.8487 3
    endloop
  endfacet
  facet normal 0 0 1
    outer loop
      vertex -28.9651 70.8487 3
      vertex 28.9651 70.8487 3
      vertex 29.15 70.9722 3
    endloop
  endfacet
  facet normal 0 0 1
    outer loop
      vertex -29.15 70.9722 3
      vertex 29.15 70.9722 3
      vertex 29.3494 71.0706 3
    endloop
  endfacet
  facet normal 0 0 1
    outer loop
      vertex -29.3494 71.0706 3
      vertex 29.3494 71.0706 3
      vertex 29.56 71.1421 3
    endloop
  endfacet
  facet normal 0 0 1
    outer loop
      vertex -29.56 71.1421 3
      vertex 29.56 71.1421 3
      vertex 53 77.5 3
    endloop
  endfacet
  facet normal 0 0 1
    outer loop
      vertex 28.3145 69.7219 3
      vertex -28.3145 69.7219 3
      vertex -28.3 69.5 3
    endloop
  endfacet
  facet normal 0 0 1
    outer loop
      vertex 28.3579 69.94 3
      vertex -28.3579 69.94 3
      vertex -28.3145 69.7219 3
    endloop
  endfacet
  facet normal 0 0 1
    outer loop
      vertex 28.4294 70.1506 3
      vertex -28.4294 70.1506 3
      vertex -28.3579 69.94 3
    endloop
  endfacet
  facet normal 0 0 1
    outer loop
      vertex 28.5278 70.35 3
      vertex -28.5278 70.35 3
      vertex -28.4294 70.1506 3
    endloop
  endfacet
  facet normal 0 0 1
    outer loop
      vertex 28.6513 70.5349 3
      vertex -28.6513 70.5349 3
      vertex -28.5278 70.35 3
    endloop
  endfacet
  facet normal 0 0 1
    outer loop
      vertex 28.7979 70.7021 3
      vertex -28.7979 70.7021 3
      vertex -28.6513 70.5349 3
    endloop
  endfacet
  facet normal 0 0 1
    outer loop
      vertex 28.9651 70.8487 3
      vertex -28.9651 70.8487 3
      vertex -28.7979 70.7021 3
    endloop
  endfacet
  facet normal 0 0 1
    outer loop
      vertex 29.15 70.9722 3
      vertex -29.15 70.9722 3
      vertex -28.9651 70.8487 3
    endloop
  endfacet
  facet normal 0 0 1
    outer loop
      vertex 29.3494 71.0706 3
      vertex -29.3494 71.0706 3
      vertex -29.15 70.9722 3
    endloop
  endfacet
  facet normal 0 0 1
    outer loop
      vertex 29.56 71.1421 3
      vertex -29.56 71.1421 3
      vertex -29.3494 71.0706 3
    endloop
  endfacet
  facet normal 0 0 1
    outer loop
      vertex 53 77.5 3
      vertex -29.7781 71.1855 3
      vertex -29.56 71.1421 3
    endloop
  endfacet
  facet normal -0 0 1
    outer loop
      vertex -53 77.5 3
      vertex -29.7781 71.1855 3
      vertex 53 77.5 3
    endloop
  endfacet
  facet normal 0 0 1
    outer loop
      vertex -29.7781 71.1855 3
      vertex -53 77.5 3
      vertex -30 71.2 3
    endloop
  endfacet
  facet normal 0 0 1
    outer loop
      vertex -31.6855 69.7219 3
      vertex -48.3 69.5 3
      vertex -31.7 69.5 3
    endloop
  endfacet
  facet normal 0 0 1
    outer loop
      vertex -48.3145 69.7219 3
      vertex -31.6855 69.7219 3
      vertex -31.6421 69.94 3
    endloop
  endfacet
  facet normal 0 0 1
    outer loop
      vertex -48.3579 69.94 3
      vertex -31.6421 69.94 3
      vertex -31.5706 70.1506 3
    endloop
  endfacet
  facet normal 0 0 1
    outer loop
      vertex -48.4294 70.1506 3
      vertex -31.5706 70.1506 3
      vertex -31.4722 70.35 3
    endloop
  endfacet
  facet normal 0 0 1
    outer loop
      vertex -48.5278 70.35 3
      vertex -31.4722 70.35 3
      vertex -31.3487 70.5349 3
    endloop
  endfacet
  facet normal 0 0 1
    outer loop
      vertex -48.6513 70.5349 3
      vertex -31.3487 70.5349 3
      vertex -31.2021 70.7021 3
    endloop
  endfacet
  facet normal 0 0 1
    outer loop
      vertex -48.7979 70.7021 3
      vertex -31.2021 70.7021 3
      vertex -31.0349 70.8487 3
    endloop
  endfacet
  facet normal 0 0 1
    outer loop
      vertex -53 77.5 3
      vertex -31.0349 70.8487 3
      vertex -30.85 70.9722 3
    endloop
  endfacet
  facet normal 0 0 1
    outer loop
      vertex -53 77.5 3
      vertex -30.85 70.9722 3
      vertex -30.6506 71.0706 3
    endloop
  endfacet
  facet normal 0 0 1
    outer loop
      vertex -53 77.5 3
      vertex -30.6506 71.0706 3
      vertex -30.44 71.1421 3
    endloop
  endfacet
  facet normal 0 0 1
    outer loop
      vertex -53 77.5 3
      vertex -30.44 71.1421 3
      vertex -30.2219 71.1855 3
    endloop
  endfacet
  facet normal 0 0 1
    outer loop
      vertex -31.6855 69.7219 3
      vertex -48.3145 69.7219 3
      vertex -48.3 69.5 3
    endloop
  endfacet
  facet normal 0 0 1
    outer loop
      vertex -31.6421 69.94 3
      vertex -48.3579 69.94 3
      vertex -48.3145 69.7219 3
    endloop
  endfacet
  facet normal 0 0 1
    outer loop
      vertex -30 71.2 3
      vertex -53 77.5 3
      vertex -30.2219 71.1855 3
    endloop
  endfacet
  facet normal 0 0 1
    outer loop
      vertex -31.5706 70.1506 3
      vertex -48.4294 70.1506 3
      vertex -48.3579 69.94 3
    endloop
  endfacet
  facet normal 0 0 1
    outer loop
      vertex -31.4722 70.35 3
      vertex -48.5278 70.35 3
      vertex -48.4294 70.1506 3
    endloop
  endfacet
  facet normal 0 0 1
    outer loop
      vertex -31.3487 70.5349 3
      vertex -48.6513 70.5349 3
      vertex -48.5278 70.35 3
    endloop
  endfacet
  facet normal 0 0 1
    outer loop
      vertex -31.0349 70.8487 3
      vertex -53 77.5 3
      vertex -48.7979 70.7021 3
    endloop
  endfacet
  facet normal 0 0 1
    outer loop
      vertex -31.2021 70.7021 3
      vertex -48.7979 70.7021 3
      vertex -48.6513 70.5349 3
    endloop
  endfacet
  facet normal 0 0 1
    outer loop
      vertex -48.7979 70.7021 3
      vertex -53 77.5 3
      vertex -48.9651 70.8487 3
    endloop
  endfacet
  facet normal 0 0 1
    outer loop
      vertex -48.9651 70.8487 3
      vertex -53 77.5 3
      vertex -49.15 70.9722 3
    endloop
  endfacet
  facet normal 0 0 1
    outer loop
      vertex -49.15 70.9722 3
      vertex -53 77.5 3
      vertex -49.3494 71.0706 3
    endloop
  endfacet
  facet normal 0 0 1
    outer loop
      vertex -49.3494 71.0706 3
      vertex -53 77.5 3
      vertex -49.56 71.1421 3
    endloop
  endfacet
  facet normal 0 0 1
    outer loop
      vertex -49.56 71.1421 3
      vertex -53 77.5 3
      vertex -49.7781 71.1855 3
    endloop
  endfacet
  facet normal 0 0 1
    outer loop
      vertex -50.85 68.0278 3
      vertex -59 71.5 3
      vertex -52 13 3
    endloop
  endfacet
  facet normal 0 0 1
    outer loop
      vertex -51.7 69.5 3
      vertex -59 71.5 3
      vertex -51.6855 69.2781 3
    endloop
  endfacet
  facet normal 0 0 1
    outer loop
      vertex -51.6421 69.94 3
      vertex -59 71.5 3
      vertex -51.6855 69.7219 3
    endloop
  endfacet
  facet normal 0 0 1
    outer loop
      vertex -51.5706 70.1506 3
      vertex -59 71.5 3
      vertex -51.6421 69.94 3
    endloop
  endfacet
  facet normal 0 0 1
    outer loop
      vertex -51.4722 70.35 3
      vertex -59 71.5 3
      vertex -51.5706 70.1506 3
    endloop
  endfacet
  facet normal 0 0 1
    outer loop
      vertex -51.3487 70.5349 3
      vertex -59 71.5 3
      vertex -51.4722 70.35 3
    endloop
  endfacet
  facet normal -0 0 1
    outer loop
      vertex -59 71.5 3
      vertex -51.3487 70.5349 3
      vertex -53 77.5 3
    endloop
  endfacet
  facet normal 0 0 1
    outer loop
      vertex -51.2021 70.7021 3
      vertex -53 77.5 3
      vertex -51.3487 70.5349 3
    endloop
  endfacet
  facet normal 0 0 1
    outer loop
      vertex -51.0349 70.8487 3
      vertex -53 77.5 3
      vertex -51.2021 70.7021 3
    endloop
  endfacet
  facet normal 0 0 1
    outer loop
      vertex -50.85 70.9722 3
      vertex -53 77.5 3
      vertex -51.0349 70.8487 3
    endloop
  endfacet
  facet normal 0 0 1
    outer loop
      vertex -50.6506 71.0706 3
      vertex -53 77.5 3
      vertex -50.85 70.9722 3
    endloop
  endfacet
  facet normal 0 0 1
    outer loop
      vertex -50.44 71.1421 3
      vertex -53 77.5 3
      vertex -50.6506 71.0706 3
    endloop
  endfacet
  facet normal 0 0 1
    outer loop
      vertex -50.2219 71.1855 3
      vertex -53 77.5 3
      vertex -50.44 71.1421 3
    endloop
  endfacet
  facet normal 0 0 1
    outer loop
      vertex -50 71.2 3
      vertex -53 77.5 3
      vertex -50.2219 71.1855 3
    endloop
  endfacet
  facet normal 0 0 1
    outer loop
      vertex -49.7781 71.1855 3
      vertex -53 77.5 3
      vertex -50 71.2 3
    endloop
  endfacet
  facet normal 0 0 1
    outer loop
      vertex 57.7601 -75.1526 3
      vertex 51.3487 -70.5349 3
      vertex 57.2426 -75.7426 3
    endloop
  endfacet
  facet normal 0 0 1
    outer loop
      vertex 57.2426 -75.7426 3
      vertex 51.3487 -70.5349 3
      vertex 56.6526 -76.2601 3
    endloop
  endfacet
  facet normal -0 0 1
    outer loop
      vertex 51.2021 -70.7021 3
      vertex 56.6526 -76.2601 3
      vertex 51.3487 -70.5349 3
    endloop
  endfacet
  facet normal 0 0 1
    outer loop
      vertex 56.6526 -76.2601 3
      vertex 51.2021 -70.7021 3
      vertex 56 -76.6962 3
    endloop
  endfacet
  facet normal 0 0 1
    outer loop
      vertex 56 -76.6962 3
      vertex 51.2021 -70.7021 3
      vertex 55.2961 -77.0433 3
    endloop
  endfacet
  facet normal 0 0 1
    outer loop
      vertex 55.2961 -77.0433 3
      vertex 51.2021 -70.7021 3
      vertex 54.5529 -77.2955 3
    endloop
  endfacet
  facet normal -0 0 1
    outer loop
      vertex 51.0349 -70.8487 3
      vertex 54.5529 -77.2955 3
      vertex 51.2021 -70.7021 3
    endloop
  endfacet
  facet normal 0 0 1
    outer loop
      vertex 54.5529 -77.2955 3
      vertex 51.0349 -70.8487 3
      vertex 53.7832 -77.4487 3
    endloop
  endfacet
  facet normal 0 0 1
    outer loop
      vertex 53.7832 -77.4487 3
      vertex 51.0349 -70.8487 3
      vertex 53 -77.5 3
    endloop
  endfacet
  facet normal -0 0 1
    outer loop
      vertex 50.85 -70.9722 3
      vertex 53 -77.5 3
      vertex 51.0349 -70.8487 3
    endloop
  endfacet
  facet normal -0 0 1
    outer loop
      vertex 50.6506 -71.0706 3
      vertex 53 -77.5 3
      vertex 50.85 -70.9722 3
    endloop
  endfacet
  facet normal -0 0 1
    outer loop
      vertex 50.44 -71.1421 3
      vertex 53 -77.5 3
      vertex 50.6506 -71.0706 3
    endloop
  endfacet
  facet normal -0 0 1
    outer loop
      vertex 50.2219 -71.1855 3
      vertex 53 -77.5 3
      vertex 50.44 -71.1421 3
    endloop
  endfacet
  facet normal -0 0 1
    outer loop
      vertex 50 -71.2 3
      vertex 53 -77.5 3
      vertex 50.2219 -71.1855 3
    endloop
  endfacet
  facet normal 0 0 1
    outer loop
      vertex 49.7781 -71.1855 3
      vertex 53 -77.5 3
      vertex 50 -71.2 3
    endloop
  endfacet
  facet normal 0 0 1
    outer loop
      vertex 49.56 -71.1421 3
      vertex 53 -77.5 3
      vertex 49.7781 -71.1855 3
    endloop
  endfacet
  facet normal 0 0 1
    outer loop
      vertex 49.3494 -71.0706 3
      vertex 53 -77.5 3
      vertex 49.56 -71.1421 3
    endloop
  endfacet
  facet normal 0 0 1
    outer loop
      vertex 49.15 -70.9722 3
      vertex 53 -77.5 3
      vertex 49.3494 -71.0706 3
    endloop
  endfacet
  facet normal 0 0 1
    outer loop
      vertex 48.9651 -70.8487 3
      vertex 53 -77.5 3
      vertex 49.15 -70.9722 3
    endloop
  endfacet
  facet normal 0 0 1
    outer loop
      vertex 48.7979 -70.7021 3
      vertex 53 -77.5 3
      vertex 48.9651 -70.8487 3
    endloop
  endfacet
  facet normal 0 0 1
    outer loop
      vertex 48.6513 -70.5349 3
      vertex 53 -77.5 3
      vertex 48.7979 -70.7021 3
    endloop
  endfacet
  facet normal 0 0 1
    outer loop
      vertex -48.6513 -70.5349 3
      vertex 48.6513 -70.5349 3
      vertex 48.5278 -70.35 3
    endloop
  endfacet
  facet normal 0 0 1
    outer loop
      vertex 8.77646 -34.8978 3
      vertex 48.3 -69.5 3
      vertex 41 -46.4 3
    endloop
  endfacet
  facet normal -0 0 1
    outer loop
      vertex 8.39157 -34.9743 3
      vertex 48.3 -69.5 3
      vertex 8.77646 -34.8978 3
    endloop
  endfacet
  facet normal -0 0 1
    outer loop
      vertex 11 -32 3
      vertex 41 -46.4 3
      vertex 11 -24 3
    endloop
  endfacet
  facet normal -0 0 1
    outer loop
      vertex 10.9743 -32.3916 3
      vertex 41 -46.4 3
      vertex 11 -32 3
    endloop
  endfacet
  facet normal -0 0 1
    outer loop
      vertex 10.8978 -32.7765 3
      vertex 41 -46.4 3
      vertex 10.9743 -32.3916 3
    endloop
  endfacet
  facet normal -0 0 1
    outer loop
      vertex 10.7716 -33.1481 3
      vertex 41 -46.4 3
      vertex 10.8978 -32.7765 3
    endloop
  endfacet
  facet normal -0 0 1
    outer loop
      vertex 10.5981 -33.5 3
      vertex 41 -46.4 3
      vertex 10.7716 -33.1481 3
    endloop
  endfacet
  facet normal -0 0 1
    outer loop
      vertex 10.3801 -33.8263 3
      vertex 41 -46.4 3
      vertex 10.5981 -33.5 3
    endloop
  endfacet
  facet normal -0 0 1
    outer loop
      vertex 10.1213 -34.1213 3
      vertex 41 -46.4 3
      vertex 10.3801 -33.8263 3
    endloop
  endfacet
  facet normal -0 0 1
    outer loop
      vertex 9.82628 -34.3801 3
      vertex 41 -46.4 3
      vertex 10.1213 -34.1213 3
    endloop
  endfacet
  facet normal -0 0 1
    outer loop
      vertex 9.5 -34.5981 3
      vertex 41 -46.4 3
      vertex 9.82628 -34.3801 3
    endloop
  endfacet
  facet normal -0 0 1
    outer loop
      vertex 9.14806 -34.7716 3
      vertex 41 -46.4 3
      vertex 9.5 -34.5981 3
    endloop
  endfacet
  facet normal -0 0 1
    outer loop
      vertex 8.77646 -34.8978 3
      vertex 41 -46.4 3
      vertex 9.14806 -34.7716 3
    endloop
  endfacet
  facet normal 0 0 1
    outer loop
      vertex 48.3 -69.5 3
      vertex 8.39157 -34.9743 3
      vertex 48.3145 -69.7219 3
    endloop
  endfacet
  facet normal -0 0 1
    outer loop
      vertex 8 -35 3
      vertex 48.3145 -69.7219 3
      vertex 8.39157 -34.9743 3
    endloop
  endfacet
  facet normal 0 0 1
    outer loop
      vertex 48.3145 -69.7219 3
      vertex 8 -35 3
      vertex 48.3579 -69.94 3
    endloop
  endfacet
  facet normal 0 0 1
    outer loop
      vertex -48.3579 -69.94 3
      vertex 48.3579 -69.94 3
      vertex 8 -35 3
    endloop
  endfacet
  facet normal 0 0 1
    outer loop
      vertex 48.3579 -69.94 3
      vertex -48.3579 -69.94 3
      vertex 48.4294 -70.1506 3
    endloop
  endfacet
  facet normal 0 0 1
    outer loop
      vertex -48.4294 -70.1506 3
      vertex 48.4294 -70.1506 3
      vertex -48.3579 -69.94 3
    endloop
  endfacet
  facet normal 0 0 1
    outer loop
      vertex -48.3579 -69.94 3
      vertex 8 -35 3
      vertex -8 -35 3
    endloop
  endfacet
  facet normal 0 0 1
    outer loop
      vertex -48.3145 -69.7219 3
      vertex -8 -35 3
      vertex -8.39157 -34.9743 3
    endloop
  endfacet
  facet normal 0 0 1
    outer loop
      vertex -48.3 -69.5 3
      vertex -8.39157 -34.9743 3
      vertex -8.77646 -34.8978 3
    endloop
  endfacet
  facet normal 0 0 1
    outer loop
      vertex -41 -46.4 3
      vertex -8.77646 -34.8978 3
      vertex -9.14806 -34.7716 3
    endloop
  endfacet
  facet normal 0 0 1
    outer loop
      vertex -41 -46.4 3
      vertex -9.14806 -34.7716 3
      vertex -9.5 -34.5981 3
    endloop
  endfacet
  facet normal 0 0 1
    outer loop
      vertex -41 -46.4 3
      vertex -9.5 -34.5981 3
      vertex -9.82628 -34.3801 3
    endloop
  endfacet
  facet normal 0 0 1
    outer loop
      vertex -11 -24 3
      vertex -41 -46.4 3
      vertex -11 -32 3
    endloop
  endfacet
  facet normal 0 0 1
    outer loop
      vertex -11 -32 3
      vertex -41 -46.4 3
      vertex -10.9743 -32.3916 3
    endloop
  endfacet
  facet normal 0 0 1
    outer loop
      vertex -10.9743 -32.3916 3
      vertex -41 -46.4 3
      vertex -10.8978 -32.7765 3
    endloop
  endfacet
  facet normal 0 0 1
    outer loop
      vertex -10.8978 -32.7765 3
      vertex -41 -46.4 3
      vertex -10.7716 -33.1481 3
    endloop
  endfacet
  facet normal 0 0 1
    outer loop
      vertex -10.7716 -33.1481 3
      vertex -41 -46.4 3
      vertex -10.5981 -33.5 3
    endloop
  endfacet
  facet normal 0 0 1
    outer loop
      vertex -10.5981 -33.5 3
      vertex -41 -46.4 3
      vertex -10.3801 -33.8263 3
    endloop
  endfacet
  facet normal 0 0 1
    outer loop
      vertex -41 -46.4 3
      vertex -10.1213 -34.1213 3
      vertex -10.3801 -33.8263 3
    endloop
  endfacet
  facet normal 0 0 1
    outer loop
      vertex -41 -46.4 3
      vertex -9.82628 -34.3801 3
      vertex -10.1213 -34.1213 3
    endloop
  endfacet
  facet normal 0 0 1
    outer loop
      vertex -8.77646 -34.8978 3
      vertex -41 -46.4 3
      vertex -48.3 -69.5 3
    endloop
  endfacet
  facet normal 0 0 1
    outer loop
      vertex -8.39157 -34.9743 3
      vertex -48.3 -69.5 3
      vertex -48.3145 -69.7219 3
    endloop
  endfacet
  facet normal 0 0 1
    outer loop
      vertex -8 -35 3
      vertex -48.3145 -69.7219 3
      vertex -48.3579 -69.94 3
    endloop
  endfacet
  facet normal 0 0 1
    outer loop
      vertex 48.4294 -70.1506 3
      vertex -48.4294 -70.1506 3
      vertex 48.5278 -70.35 3
    endloop
  endfacet
  facet normal 0 0 1
    outer loop
      vertex -48.5278 -70.35 3
      vertex 48.5278 -70.35 3
      vertex -48.4294 -70.1506 3
    endloop
  endfacet
  facet normal 0 0 1
    outer loop
      vertex -48.6513 -70.5349 3
      vertex 48.5278 -70.35 3
      vertex -48.5278 -70.35 3
    endloop
  endfacet
  facet normal 0 0 1
    outer loop
      vertex 48.6513 -70.5349 3
      vertex -48.6513 -70.5349 3
      vertex 53 -77.5 3
    endloop
  endfacet
  facet normal 0 0 1
    outer loop
      vertex -53 -77.5 3
      vertex -48.6513 -70.5349 3
      vertex -48.7979 -70.7021 3
    endloop
  endfacet
  facet normal 0 0 1
    outer loop
      vertex -53 -77.5 3
      vertex -48.7979 -70.7021 3
      vertex -48.9651 -70.8487 3
    endloop
  endfacet
  facet normal 0 0 1
    outer loop
      vertex -53 -77.5 3
      vertex -48.9651 -70.8487 3
      vertex -49.15 -70.9722 3
    endloop
  endfacet
  facet normal 0 0 1
    outer loop
      vertex -53 -77.5 3
      vertex -49.15 -70.9722 3
      vertex -49.3494 -71.0706 3
    endloop
  endfacet
  facet normal 0 0 1
    outer loop
      vertex -53 -77.5 3
      vertex -49.3494 -71.0706 3
      vertex -49.56 -71.1421 3
    endloop
  endfacet
  facet normal 0 0 1
    outer loop
      vertex -53 -77.5 3
      vertex -49.56 -71.1421 3
      vertex -49.7781 -71.1855 3
    endloop
  endfacet
  facet normal 0 0 1
    outer loop
      vertex -53 -77.5 3
      vertex -49.7781 -71.1855 3
      vertex -50 -71.2 3
    endloop
  endfacet
  facet normal 0 0 1
    outer loop
      vertex -48.6513 -70.5349 3
      vertex -53 -77.5 3
      vertex 53 -77.5 3
    endloop
  endfacet
  facet normal 0 0 1
    outer loop
      vertex -50.2219 -71.1855 3
      vertex -53 -77.5 3
      vertex -50 -71.2 3
    endloop
  endfacet
  facet normal 0 0 1
    outer loop
      vertex -50.44 -71.1421 3
      vertex -53 -77.5 3
      vertex -50.2219 -71.1855 3
    endloop
  endfacet
  facet normal 0 0 1
    outer loop
      vertex -50.6506 -71.0706 3
      vertex -53 -77.5 3
      vertex -50.44 -71.1421 3
    endloop
  endfacet
  facet normal 0 0 1
    outer loop
      vertex -50.85 -70.9722 3
      vertex -53 -77.5 3
      vertex -50.6506 -71.0706 3
    endloop
  endfacet
  facet normal 0 0 1
    outer loop
      vertex -51.0349 -70.8487 3
      vertex -53 -77.5 3
      vertex -50.85 -70.9722 3
    endloop
  endfacet
  facet normal 0 0 1
    outer loop
      vertex -51.2021 -70.7021 3
      vertex -53 -77.5 3
      vertex -51.0349 -70.8487 3
    endloop
  endfacet
  facet normal 0 0 1
    outer loop
      vertex -51.3487 -70.5349 3
      vertex -53 -77.5 3
      vertex -51.2021 -70.7021 3
    endloop
  endfacet
  facet normal 0 0 1
    outer loop
      vertex -51.4722 -70.35 3
      vertex -53 -77.5 3
      vertex -51.3487 -70.5349 3
    endloop
  endfacet
  facet normal 0 0 1
    outer loop
      vertex -51.5706 -70.1506 3
      vertex -53 -77.5 3
      vertex -51.4722 -70.35 3
    endloop
  endfacet
  facet normal 0 0 1
    outer loop
      vertex -51.6421 -69.94 3
      vertex -53 -77.5 3
      vertex -51.5706 -70.1506 3
    endloop
  endfacet
  facet normal 0 0 1
    outer loop
      vertex -51.6855 -69.7219 3
      vertex -53 -77.5 3
      vertex -51.6421 -69.94 3
    endloop
  endfacet
  facet normal 0 0 1
    outer loop
      vertex -51.7 -69.5 3
      vertex -53 -77.5 3
      vertex -51.6855 -69.7219 3
    endloop
  endfacet
  facet normal 0 0 1
    outer loop
      vertex -51.6855 -69.2781 3
      vertex -53 -77.5 3
      vertex -51.7 -69.5 3
    endloop
  endfacet
  facet normal 0 0 1
    outer loop
      vertex -59 -71.5 3
      vertex -52 13 3
      vertex -59 71.5 3
    endloop
  endfacet
  facet normal 0 0 1
    outer loop
      vertex -59 71.5 3
      vertex -53 77.5 3
      vertex -53.7832 77.4487 3
    endloop
  endfacet
  facet normal 0 0 1
    outer loop
      vertex -52 13 3
      vertex -59 -71.5 3
      vertex -52 -46.4 3
    endloop
  endfacet
  facet normal 0 0 1
    outer loop
      vertex -59 71.5 3
      vertex -53.7832 77.4487 3
      vertex -54.5529 77.2955 3
    endloop
  endfacet
  facet normal 0 -0 1
    outer loop
      vertex -58.9487 -72.2832 3
      vertex -51.6855 -69.2781 3
      vertex -59 -71.5 3
    endloop
  endfacet
  facet normal 0 0 1
    outer loop
      vertex -59 71.5 3
      vertex -54.5529 77.2955 3
      vertex -55.2961 77.0433 3
    endloop
  endfacet
  facet normal 0 0 1
    outer loop
      vertex -51.6855 -69.2781 3
      vertex -53.7832 -77.4487 3
      vertex -53 -77.5 3
    endloop
  endfacet
  facet normal 0 0 1
    outer loop
      vertex -59 71.5 3
      vertex -55.2961 77.0433 3
      vertex -56 76.6962 3
    endloop
  endfacet
  facet normal 0 0 1
    outer loop
      vertex -51.6855 -69.2781 3
      vertex -54.5529 -77.2955 3
      vertex -53.7832 -77.4487 3
    endloop
  endfacet
  facet normal 0 0 1
    outer loop
      vertex -59 71.5 3
      vertex -56 76.6962 3
      vertex -56.6526 76.2601 3
    endloop
  endfacet
  facet normal 0 0 1
    outer loop
      vertex -51.6855 -69.2781 3
      vertex -55.2961 -77.0433 3
      vertex -54.5529 -77.2955 3
    endloop
  endfacet
  facet normal 0 0 1
    outer loop
      vertex -59 71.5 3
      vertex -56.6526 76.2601 3
      vertex -57.2426 75.7426 3
    endloop
  endfacet
  facet normal 0 0 1
    outer loop
      vertex -51.6855 -69.2781 3
      vertex -56 -76.6962 3
      vertex -55.2961 -77.0433 3
    endloop
  endfacet
  facet normal 0 0 1
    outer loop
      vertex -59 71.5 3
      vertex -57.2426 75.7426 3
      vertex -57.7601 75.1526 3
    endloop
  endfacet
  facet normal 0 0 1
    outer loop
      vertex -51.6855 -69.2781 3
      vertex -56.6526 -76.2601 3
      vertex -56 -76.6962 3
    endloop
  endfacet
  facet normal 0 0 1
    outer loop
      vertex -59 71.5 3
      vertex -57.7601 75.1526 3
      vertex -58.1962 74.5 3
    endloop
  endfacet
  facet normal 0 0 1
    outer loop
      vertex -51.6855 -69.2781 3
      vertex -57.2426 -75.7426 3
      vertex -56.6526 -76.2601 3
    endloop
  endfacet
  facet normal 0 0 1
    outer loop
      vertex -59 71.5 3
      vertex -58.1962 74.5 3
      vertex -58.5433 73.7961 3
    endloop
  endfacet
  facet normal 0 0 1
    outer loop
      vertex -51.6855 -69.2781 3
      vertex -57.7601 -75.1526 3
      vertex -57.2426 -75.7426 3
    endloop
  endfacet
  facet normal 0 0 1
    outer loop
      vertex -59 71.5 3
      vertex -58.5433 73.7961 3
      vertex -58.7955 73.0529 3
    endloop
  endfacet
  facet normal 0 0 1
    outer loop
      vertex -51.6855 -69.2781 3
      vertex -58.1962 -74.5 3
      vertex -57.7601 -75.1526 3
    endloop
  endfacet
  facet normal 0 0 1
    outer loop
      vertex -59 71.5 3
      vertex -58.7955 73.0529 3
      vertex -58.9487 72.2832 3
    endloop
  endfacet
  facet normal 0 0 1
    outer loop
      vertex -51.6855 -69.2781 3
      vertex -58.5433 -73.7961 3
      vertex -58.1962 -74.5 3
    endloop
  endfacet
  facet normal 0 0 1
    outer loop
      vertex -51.6855 -69.2781 3
      vertex -58.7955 -73.0529 3
      vertex -58.5433 -73.7961 3
    endloop
  endfacet
  facet normal 0 0 1
    outer loop
      vertex -51.6855 -69.2781 3
      vertex -58.9487 -72.2832 3
      vertex -58.7955 -73.0529 3
    endloop
  endfacet
  facet normal 0 0 1
    outer loop
      vertex 59 71.5 3
      vertex 51.6855 69.2781 3
      vertex 51.6421 69.06 3
    endloop
  endfacet
  facet normal 0 0 1
    outer loop
      vertex 59 71.5 3
      vertex 51.6421 69.06 3
      vertex 51.5706 68.8494 3
    endloop
  endfacet
  facet normal 0 0 1
    outer loop
      vertex 59 71.5 3
      vertex 51.5706 68.8494 3
      vertex 51.4722 68.65 3
    endloop
  endfacet
  facet normal 0 0 1
    outer loop
      vertex 59 71.5 3
      vertex 51.4722 68.65 3
      vertex 51.3487 68.4651 3
    endloop
  endfacet
  facet normal 0 0 1
    outer loop
      vertex 59 71.5 3
      vertex 51.3487 68.4651 3
      vertex 51.2021 68.2979 3
    endloop
  endfacet
  facet normal 0 0 1
    outer loop
      vertex 59 71.5 3
      vertex 51.2021 68.2979 3
      vertex 51.0349 68.1513 3
    endloop
  endfacet
  facet normal 0 0 1
    outer loop
      vertex 50.85 68.0278 3
      vertex 59 71.5 3
      vertex 51.0349 68.1513 3
    endloop
  endfacet
  facet normal 0 0 1
    outer loop
      vertex 59 71.5 3
      vertex 50.85 68.0278 3
      vertex 52 13 3
    endloop
  endfacet
  facet normal -0 0 1
    outer loop
      vertex 50.6506 67.9294 3
      vertex 52 13 3
      vertex 50.85 68.0278 3
    endloop
  endfacet
  facet normal -0 0 1
    outer loop
      vertex 50.44 67.8579 3
      vertex 52 13 3
      vertex 50.6506 67.9294 3
    endloop
  endfacet
  facet normal -0 0 1
    outer loop
      vertex 50.2219 67.8145 3
      vertex 52 13 3
      vertex 50.44 67.8579 3
    endloop
  endfacet
  facet normal -0 0 1
    outer loop
      vertex 50 67.8 3
      vertex 52 13 3
      vertex 50.2219 67.8145 3
    endloop
  endfacet
  facet normal 0 0 1
    outer loop
      vertex 49.7781 67.8145 3
      vertex 52 13 3
      vertex 50 67.8 3
    endloop
  endfacet
  facet normal 0 0 1
    outer loop
      vertex 49.56 67.8579 3
      vertex 52 13 3
      vertex 49.7781 67.8145 3
    endloop
  endfacet
  facet normal 0 0 1
    outer loop
      vertex 49.3494 67.9294 3
      vertex 52 13 3
      vertex 49.56 67.8579 3
    endloop
  endfacet
  facet normal 0 0 1
    outer loop
      vertex 30.6506 67.9294 3
      vertex 49.3494 67.9294 3
      vertex 49.15 68.0278 3
    endloop
  endfacet
  facet normal 0 0 1
    outer loop
      vertex 30.85 68.0278 3
      vertex 49.15 68.0278 3
      vertex 48.9651 68.1513 3
    endloop
  endfacet
  facet normal 0 0 1
    outer loop
      vertex 31.0349 68.1513 3
      vertex 48.9651 68.1513 3
      vertex 48.7979 68.2979 3
    endloop
  endfacet
  facet normal 0 0 1
    outer loop
      vertex 31.2021 68.2979 3
      vertex 48.7979 68.2979 3
      vertex 48.6513 68.4651 3
    endloop
  endfacet
  facet normal 0 0 1
    outer loop
      vertex 31.3487 68.4651 3
      vertex 48.6513 68.4651 3
      vertex 48.5278 68.65 3
    endloop
  endfacet
  facet normal 0 0 1
    outer loop
      vertex 31.4722 68.65 3
      vertex 48.5278 68.65 3
      vertex 48.4294 68.8494 3
    endloop
  endfacet
  facet normal 0 0 1
    outer loop
      vertex 31.5706 68.8494 3
      vertex 48.4294 68.8494 3
      vertex 48.3579 69.06 3
    endloop
  endfacet
  facet normal 0 0 1
    outer loop
      vertex 31.6421 69.06 3
      vertex 48.3579 69.06 3
      vertex 48.3145 69.2781 3
    endloop
  endfacet
  facet normal 0 0 1
    outer loop
      vertex 31.6855 69.2781 3
      vertex 48.3145 69.2781 3
      vertex 48.3 69.5 3
    endloop
  endfacet
  facet normal 0 0 1
    outer loop
      vertex 31.6855 69.2781 3
      vertex 48.3 69.5 3
      vertex 31.7 69.5 3
    endloop
  endfacet
  facet normal 0 0 1
    outer loop
      vertex 48.3145 69.2781 3
      vertex 31.6855 69.2781 3
      vertex 31.6421 69.06 3
    endloop
  endfacet
  facet normal 0 0 1
    outer loop
      vertex 48.3579 69.06 3
      vertex 31.6421 69.06 3
      vertex 31.5706 68.8494 3
    endloop
  endfacet
  facet normal 0 0 1
    outer loop
      vertex 48.4294 68.8494 3
      vertex 31.5706 68.8494 3
      vertex 31.4722 68.65 3
    endloop
  endfacet
  facet normal 0 0 1
    outer loop
      vertex 48.5278 68.65 3
      vertex 31.4722 68.65 3
      vertex 31.3487 68.4651 3
    endloop
  endfacet
  facet normal 0 0 1
    outer loop
      vertex 48.6513 68.4651 3
      vertex 31.3487 68.4651 3
      vertex 31.2021 68.2979 3
    endloop
  endfacet
  facet normal 0 0 1
    outer loop
      vertex 48.7979 68.2979 3
      vertex 31.2021 68.2979 3
      vertex 31.0349 68.1513 3
    endloop
  endfacet
  facet normal 0 0 1
    outer loop
      vertex 48.9651 68.1513 3
      vertex 31.0349 68.1513 3
      vertex 30.85 68.0278 3
    endloop
  endfacet
  facet normal 0 0 1
    outer loop
      vertex 49.15 68.0278 3
      vertex 30.85 68.0278 3
      vertex 30.6506 67.9294 3
    endloop
  endfacet
  facet normal 0 0 1
    outer loop
      vertex 49.3494 67.9294 3
      vertex 30.6506 67.9294 3
      vertex 52 13 3
    endloop
  endfacet
  facet normal -0 0 1
    outer loop
      vertex 30.44 67.8579 3
      vertex 52 13 3
      vertex 30.6506 67.9294 3
    endloop
  endfacet
  facet normal -0 0 1
    outer loop
      vertex 30.2219 67.8145 3
      vertex 52 13 3
      vertex 30.44 67.8579 3
    endloop
  endfacet
  facet normal -0 0 1
    outer loop
      vertex 30 67.8 3
      vertex 52 13 3
      vertex 30.2219 67.8145 3
    endloop
  endfacet
  facet normal 0 0 1
    outer loop
      vertex 29.7781 67.8145 3
      vertex 52 13 3
      vertex 30 67.8 3
    endloop
  endfacet
  facet normal 0 0 1
    outer loop
      vertex 29.56 67.8579 3
      vertex 52 13 3
      vertex 29.7781 67.8145 3
    endloop
  endfacet
  facet normal 0 0 1
    outer loop
      vertex 29.3494 67.9294 3
      vertex 52 13 3
      vertex 29.56 67.8579 3
    endloop
  endfacet
  facet normal 0 0 1
    outer loop
      vertex 29.15 68.0278 3
      vertex 52 13 3
      vertex 29.3494 67.9294 3
    endloop
  endfacet
  facet normal 0 0 1
    outer loop
      vertex 28.9651 68.1513 3
      vertex 52 13 3
      vertex 29.15 68.0278 3
    endloop
  endfacet
  facet normal 0 0 1
    outer loop
      vertex -28.9651 68.1513 3
      vertex 28.9651 68.1513 3
      vertex 28.7979 68.2979 3
    endloop
  endfacet
  facet normal 0 0 1
    outer loop
      vertex -28.7979 68.2979 3
      vertex 28.7979 68.2979 3
      vertex 28.6513 68.4651 3
    endloop
  endfacet
  facet normal 0 0 1
    outer loop
      vertex -28.6513 68.4651 3
      vertex 28.6513 68.4651 3
      vertex 28.5278 68.65 3
    endloop
  endfacet
  facet normal 0 0 1
    outer loop
      vertex -28.5278 68.65 3
      vertex 28.5278 68.65 3
      vertex 28.4294 68.8494 3
    endloop
  endfacet
  facet normal -0 0 1
    outer loop
      vertex -28.3 69.5 3
      vertex 28.3145 69.2781 3
      vertex 28.3 69.5 3
    endloop
  endfacet
  facet normal 0 0 1
    outer loop
      vertex -28.3145 69.2781 3
      vertex 28.3145 69.2781 3
      vertex -28.3 69.5 3
    endloop
  endfacet
  facet normal 0 0 1
    outer loop
      vertex 28.3145 69.2781 3
      vertex -28.3145 69.2781 3
      vertex 28.3579 69.06 3
    endloop
  endfacet
  facet normal 0 0 1
    outer loop
      vertex -28.3579 69.06 3
      vertex 28.3579 69.06 3
      vertex -28.3145 69.2781 3
    endloop
  endfacet
  facet normal 0 0 1
    outer loop
      vertex 28.3579 69.06 3
      vertex -28.3579 69.06 3
      vertex 28.4294 68.8494 3
    endloop
  endfacet
  facet normal 0 0 1
    outer loop
      vertex -28.4294 68.8494 3
      vertex 28.4294 68.8494 3
      vertex -28.3579 69.06 3
    endloop
  endfacet
  facet normal 0 0 1
    outer loop
      vertex -28.5278 68.65 3
      vertex 28.4294 68.8494 3
      vertex -28.4294 68.8494 3
    endloop
  endfacet
  facet normal 0 0 1
    outer loop
      vertex 28.5278 68.65 3
      vertex -28.5278 68.65 3
      vertex -28.6513 68.4651 3
    endloop
  endfacet
  facet normal 0 0 1
    outer loop
      vertex 28.6513 68.4651 3
      vertex -28.6513 68.4651 3
      vertex -28.7979 68.2979 3
    endloop
  endfacet
  facet normal 0 0 1
    outer loop
      vertex 28.7979 68.2979 3
      vertex -28.7979 68.2979 3
      vertex -28.9651 68.1513 3
    endloop
  endfacet
  facet normal 0 0 1
    outer loop
      vertex 28.9651 68.1513 3
      vertex -28.9651 68.1513 3
      vertex 52 13 3
    endloop
  endfacet
  facet normal -0 0 1
    outer loop
      vertex -29.15 68.0278 3
      vertex 52 13 3
      vertex -28.9651 68.1513 3
    endloop
  endfacet
  facet normal 0 0 1
    outer loop
      vertex -52 13 3
      vertex -29.15 68.0278 3
      vertex -29.3494 67.9294 3
    endloop
  endfacet
  facet normal 0 0 1
    outer loop
      vertex -52 13 3
      vertex -29.3494 67.9294 3
      vertex -29.56 67.8579 3
    endloop
  endfacet
  facet normal 0 0 1
    outer loop
      vertex -52 13 3
      vertex -29.56 67.8579 3
      vertex -29.7781 67.8145 3
    endloop
  endfacet
  facet normal 0 0 1
    outer loop
      vertex -52 13 3
      vertex -29.7781 67.8145 3
      vertex -30 67.8 3
    endloop
  endfacet
  facet normal 0 0 1
    outer loop
      vertex -52 13 3
      vertex -30 67.8 3
      vertex -30.2219 67.8145 3
    endloop
  endfacet
  facet normal 0 0 1
    outer loop
      vertex -52 13 3
      vertex -30.2219 67.8145 3
      vertex -30.44 67.8579 3
    endloop
  endfacet
  facet normal 0 0 1
    outer loop
      vertex -52 13 3
      vertex -30.44 67.8579 3
      vertex -30.6506 67.9294 3
    endloop
  endfacet
  facet normal 0 0 1
    outer loop
      vertex -49.3494 67.9294 3
      vertex -30.6506 67.9294 3
      vertex -30.85 68.0278 3
    endloop
  endfacet
  facet normal -0 0 1
    outer loop
      vertex -48.3 69.5 3
      vertex -31.6855 69.2781 3
      vertex -31.7 69.5 3
    endloop
  endfacet
  facet normal 0 0 1
    outer loop
      vertex -48.3145 69.2781 3
      vertex -31.6855 69.2781 3
      vertex -48.3 69.5 3
    endloop
  endfacet
  facet normal 0 0 1
    outer loop
      vertex -31.6855 69.2781 3
      vertex -48.3145 69.2781 3
      vertex -31.6421 69.06 3
    endloop
  endfacet
  facet normal 0 0 1
    outer loop
      vertex -48.3579 69.06 3
      vertex -31.6421 69.06 3
      vertex -48.3145 69.2781 3
    endloop
  endfacet
  facet normal 0 0 1
    outer loop
      vertex -31.6421 69.06 3
      vertex -48.3579 69.06 3
      vertex -31.5706 68.8494 3
    endloop
  endfacet
  facet normal 0 0 1
    outer loop
      vertex -48.4294 68.8494 3
      vertex -31.5706 68.8494 3
      vertex -48.3579 69.06 3
    endloop
  endfacet
  facet normal 0 0 1
    outer loop
      vertex -31.5706 68.8494 3
      vertex -48.4294 68.8494 3
      vertex -31.4722 68.65 3
    endloop
  endfacet
  facet normal 0 0 1
    outer loop
      vertex -48.5278 68.65 3
      vertex -31.4722 68.65 3
      vertex -48.4294 68.8494 3
    endloop
  endfacet
  facet normal 0 0 1
    outer loop
      vertex -31.4722 68.65 3
      vertex -48.5278 68.65 3
      vertex -31.3487 68.4651 3
    endloop
  endfacet
  facet normal 0 0 1
    outer loop
      vertex -48.6513 68.4651 3
      vertex -31.3487 68.4651 3
      vertex -48.5278 68.65 3
    endloop
  endfacet
  facet normal 0 0 1
    outer loop
      vertex -31.3487 68.4651 3
      vertex -48.6513 68.4651 3
      vertex -31.2021 68.2979 3
    endloop
  endfacet
  facet normal 0 0 1
    outer loop
      vertex -48.7979 68.2979 3
      vertex -31.2021 68.2979 3
      vertex -48.6513 68.4651 3
    endloop
  endfacet
  facet normal 0 0 1
    outer loop
      vertex -31.2021 68.2979 3
      vertex -48.7979 68.2979 3
      vertex -31.0349 68.1513 3
    endloop
  endfacet
  facet normal 0 0 1
    outer loop
      vertex -48.9651 68.1513 3
      vertex -31.0349 68.1513 3
      vertex -48.7979 68.2979 3
    endloop
  endfacet
  facet normal 0 0 1
    outer loop
      vertex -31.0349 68.1513 3
      vertex -48.9651 68.1513 3
      vertex -30.85 68.0278 3
    endloop
  endfacet
  facet normal 0 0 1
    outer loop
      vertex -49.15 68.0278 3
      vertex -30.85 68.0278 3
      vertex -48.9651 68.1513 3
    endloop
  endfacet
  facet normal 0 0 1
    outer loop
      vertex -49.3494 67.9294 3
      vertex -30.85 68.0278 3
      vertex -49.15 68.0278 3
    endloop
  endfacet
  facet normal 0 0 1
    outer loop
      vertex -30.6506 67.9294 3
      vertex -49.3494 67.9294 3
      vertex -52 13 3
    endloop
  endfacet
  facet normal 0 0 1
    outer loop
      vertex -52 13 3
      vertex -49.3494 67.9294 3
      vertex -49.56 67.8579 3
    endloop
  endfacet
  facet normal 0 0 1
    outer loop
      vertex -52 13 3
      vertex -49.56 67.8579 3
      vertex -49.7781 67.8145 3
    endloop
  endfacet
  facet normal 0 0 1
    outer loop
      vertex -52 13 3
      vertex -49.7781 67.8145 3
      vertex -50 67.8 3
    endloop
  endfacet
  facet normal 0 0 1
    outer loop
      vertex -52 13 3
      vertex -50 67.8 3
      vertex -50.2219 67.8145 3
    endloop
  endfacet
  facet normal 0 0 1
    outer loop
      vertex -52 13 3
      vertex -50.2219 67.8145 3
      vertex -50.44 67.8579 3
    endloop
  endfacet
  facet normal 0 0 1
    outer loop
      vertex -52 13 3
      vertex -50.44 67.8579 3
      vertex -50.6506 67.9294 3
    endloop
  endfacet
  facet normal 0 0 1
    outer loop
      vertex -52 13 3
      vertex -50.6506 67.9294 3
      vertex -50.85 68.0278 3
    endloop
  endfacet
  facet normal 0 0 1
    outer loop
      vertex -29.15 68.0278 3
      vertex -52 13 3
      vertex 52 13 3
    endloop
  endfacet
  facet normal 0 0 1
    outer loop
      vertex -59 71.5 3
      vertex -50.85 68.0278 3
      vertex -51.0349 68.1513 3
    endloop
  endfacet
  facet normal 0 0 1
    outer loop
      vertex -59 71.5 3
      vertex -51.0349 68.1513 3
      vertex -51.2021 68.2979 3
    endloop
  endfacet
  facet normal 0 0 1
    outer loop
      vertex -59 71.5 3
      vertex -51.2021 68.2979 3
      vertex -51.3487 68.4651 3
    endloop
  endfacet
  facet normal 0 0 1
    outer loop
      vertex -59 71.5 3
      vertex -51.3487 68.4651 3
      vertex -51.4722 68.65 3
    endloop
  endfacet
  facet normal 0 0 1
    outer loop
      vertex -59 71.5 3
      vertex -51.4722 68.65 3
      vertex -51.5706 68.8494 3
    endloop
  endfacet
  facet normal 0 0 1
    outer loop
      vertex -59 71.5 3
      vertex -51.5706 68.8494 3
      vertex -51.6421 69.06 3
    endloop
  endfacet
  facet normal 0 0 1
    outer loop
      vertex -59 71.5 3
      vertex -51.6421 69.06 3
      vertex -51.6855 69.2781 3
    endloop
  endfacet
  facet normal 0 0 1
    outer loop
      vertex -51.6855 69.7219 3
      vertex -59 71.5 3
      vertex -51.7 69.5 3
    endloop
  endfacet
  facet normal -0 0 1
    outer loop
      vertex 10.9743 -23.6084 3
      vertex 41 -46.4 3
      vertex 41 10 3
    endloop
  endfacet
  facet normal 0 0 1
    outer loop
      vertex 41 -46.4 3
      vertex 10.9743 -23.6084 3
      vertex 11 -24 3
    endloop
  endfacet
  facet normal 0 0 1
    outer loop
      vertex 41 10 3
      vertex 10.8978 -23.2235 3
      vertex 10.9743 -23.6084 3
    endloop
  endfacet
  facet normal 0 0 1
    outer loop
      vertex 41 10 3
      vertex 10.7716 -22.8519 3
      vertex 10.8978 -23.2235 3
    endloop
  endfacet
  facet normal 0 0 1
    outer loop
      vertex 41 10 3
      vertex 10.5981 -22.5 3
      vertex 10.7716 -22.8519 3
    endloop
  endfacet
  facet normal 0 0 1
    outer loop
      vertex 41 10 3
      vertex 10.3801 -22.1737 3
      vertex 10.5981 -22.5 3
    endloop
  endfacet
  facet normal 0 0 1
    outer loop
      vertex 41 10 3
      vertex 10.1213 -21.8787 3
      vertex 10.3801 -22.1737 3
    endloop
  endfacet
  facet normal 0 0 1
    outer loop
      vertex 41 10 3
      vertex 9.82628 -21.6199 3
      vertex 10.1213 -21.8787 3
    endloop
  endfacet
  facet normal 0 0 1
    outer loop
      vertex 41 10 3
      vertex 9.5 -21.4019 3
      vertex 9.82628 -21.6199 3
    endloop
  endfacet
  facet normal 0 0 1
    outer loop
      vertex 41 10 3
      vertex 9.14806 -21.2284 3
      vertex 9.5 -21.4019 3
    endloop
  endfacet
  facet normal 0 0 1
    outer loop
      vertex 41 10 3
      vertex 8.77646 -21.1022 3
      vertex 9.14806 -21.2284 3
    endloop
  endfacet
  facet normal 0 0 1
    outer loop
      vertex 41 10 3
      vertex 8.39157 -21.0257 3
      vertex 8.77646 -21.1022 3
    endloop
  endfacet
  facet normal 0 0 1
    outer loop
      vertex 41 10 3
      vertex 8 -21 3
      vertex 8.39157 -21.0257 3
    endloop
  endfacet
  facet normal 0 0 1
    outer loop
      vertex 41 10 3
      vertex -8 -21 3
      vertex 8 -21 3
    endloop
  endfacet
  facet normal -0 0 1
    outer loop
      vertex -41 10 3
      vertex -8 -21 3
      vertex 41 10 3
    endloop
  endfacet
  facet normal 0 0 1
    outer loop
      vertex -8 -21 3
      vertex -41 10 3
      vertex -8.39157 -21.0257 3
    endloop
  endfacet
  facet normal 0 0 1
    outer loop
      vertex -8.39157 -21.0257 3
      vertex -41 10 3
      vertex -8.77646 -21.1022 3
    endloop
  endfacet
  facet normal 0 0 1
    outer loop
      vertex -8.77646 -21.1022 3
      vertex -41 10 3
      vertex -9.14806 -21.2284 3
    endloop
  endfacet
  facet normal 0 0 1
    outer loop
      vertex -10.9743 -23.6084 3
      vertex -41 -46.4 3
      vertex -11 -24 3
    endloop
  endfacet
  facet normal 0 0 1
    outer loop
      vertex -41 -46.4 3
      vertex -10.9743 -23.6084 3
      vertex -41 10 3
    endloop
  endfacet
  facet normal 0 0 1
    outer loop
      vertex -10.8978 -23.2235 3
      vertex -41 10 3
      vertex -10.9743 -23.6084 3
    endloop
  endfacet
  facet normal 0 0 1
    outer loop
      vertex -10.7716 -22.8519 3
      vertex -41 10 3
      vertex -10.8978 -23.2235 3
    endloop
  endfacet
  facet normal 0 0 1
    outer loop
      vertex -10.5981 -22.5 3
      vertex -41 10 3
      vertex -10.7716 -22.8519 3
    endloop
  endfacet
  facet normal 0 0 1
    outer loop
      vertex -10.3801 -22.1737 3
      vertex -41 10 3
      vertex -10.5981 -22.5 3
    endloop
  endfacet
  facet normal 0 0 1
    outer loop
      vertex -10.1213 -21.8787 3
      vertex -41 10 3
      vertex -10.3801 -22.1737 3
    endloop
  endfacet
  facet normal 0 0 1
    outer loop
      vertex -9.82628 -21.6199 3
      vertex -41 10 3
      vertex -10.1213 -21.8787 3
    endloop
  endfacet
  facet normal 0 0 1
    outer loop
      vertex -9.5 -21.4019 3
      vertex -41 10 3
      vertex -9.82628 -21.6199 3
    endloop
  endfacet
  facet normal 0 0 1
    outer loop
      vertex -9.14806 -21.2284 3
      vertex -41 10 3
      vertex -9.5 -21.4019 3
    endloop
  endfacet
  facet normal 0 0 1
    outer loop
      vertex -41 -46.4 3
      vertex -48.3145 -69.2781 3
      vertex -48.3 -69.5 3
    endloop
  endfacet
  facet normal 0 0 1
    outer loop
      vertex -41 -46.4 3
      vertex -48.3579 -69.06 3
      vertex -48.3145 -69.2781 3
    endloop
  endfacet
  facet normal 0 0 1
    outer loop
      vertex -41 -46.4 3
      vertex -48.4294 -68.8494 3
      vertex -48.3579 -69.06 3
    endloop
  endfacet
  facet normal 0 0 1
    outer loop
      vertex -41 -46.4 3
      vertex -48.5278 -68.65 3
      vertex -48.4294 -68.8494 3
    endloop
  endfacet
  facet normal 0 0 1
    outer loop
      vertex -41 -46.4 3
      vertex -48.6513 -68.4651 3
      vertex -48.5278 -68.65 3
    endloop
  endfacet
  facet normal 0 0 1
    outer loop
      vertex -41 -46.4 3
      vertex -48.7979 -68.2979 3
      vertex -48.6513 -68.4651 3
    endloop
  endfacet
  facet normal 0 0 1
    outer loop
      vertex -41 -46.4 3
      vertex -48.9651 -68.1513 3
      vertex -48.7979 -68.2979 3
    endloop
  endfacet
  facet normal 0 0 1
    outer loop
      vertex -41 -46.4 3
      vertex -49.15 -68.0278 3
      vertex -48.9651 -68.1513 3
    endloop
  endfacet
  facet normal 0 0 1
    outer loop
      vertex -41 -46.4 3
      vertex -49.3494 -67.9294 3
      vertex -49.15 -68.0278 3
    endloop
  endfacet
  facet normal 0 0 1
    outer loop
      vertex -41 -46.4 3
      vertex -49.56 -67.8579 3
      vertex -49.3494 -67.9294 3
    endloop
  endfacet
  facet normal -0 0 1
    outer loop
      vertex -52 -46.4 3
      vertex -49.56 -67.8579 3
      vertex -41 -46.4 3
    endloop
  endfacet
  facet normal 0 0 1
    outer loop
      vertex -49.56 -67.8579 3
      vertex -52 -46.4 3
      vertex -49.7781 -67.8145 3
    endloop
  endfacet
  facet normal 0 0 1
    outer loop
      vertex -49.7781 -67.8145 3
      vertex -52 -46.4 3
      vertex -50 -67.8 3
    endloop
  endfacet
  facet normal 0 0 1
    outer loop
      vertex -50 -67.8 3
      vertex -52 -46.4 3
      vertex -50.2219 -67.8145 3
    endloop
  endfacet
  facet normal 0 0 1
    outer loop
      vertex -50.2219 -67.8145 3
      vertex -52 -46.4 3
      vertex -50.44 -67.8579 3
    endloop
  endfacet
  facet normal 0 0 1
    outer loop
      vertex -50.44 -67.8579 3
      vertex -52 -46.4 3
      vertex -50.6506 -67.9294 3
    endloop
  endfacet
  facet normal 0 0 1
    outer loop
      vertex -50.6506 -67.9294 3
      vertex -52 -46.4 3
      vertex -50.85 -68.0278 3
    endloop
  endfacet
  facet normal 0 0 1
    outer loop
      vertex -50.85 -68.0278 3
      vertex -52 -46.4 3
      vertex -51.0349 -68.1513 3
    endloop
  endfacet
  facet normal 0 0 1
    outer loop
      vertex -59 -71.5 3
      vertex -51.0349 -68.1513 3
      vertex -52 -46.4 3
    endloop
  endfacet
  facet normal 0 0 1
    outer loop
      vertex -51.0349 -68.1513 3
      vertex -59 -71.5 3
      vertex -51.2021 -68.2979 3
    endloop
  endfacet
  facet normal 0 0 1
    outer loop
      vertex -51.2021 -68.2979 3
      vertex -59 -71.5 3
      vertex -51.3487 -68.4651 3
    endloop
  endfacet
  facet normal 0 0 1
    outer loop
      vertex -51.6421 -69.06 3
      vertex -59 -71.5 3
      vertex -51.6855 -69.2781 3
    endloop
  endfacet
  facet normal 0 0 1
    outer loop
      vertex -51.5706 -68.8494 3
      vertex -59 -71.5 3
      vertex -51.6421 -69.06 3
    endloop
  endfacet
  facet normal 0 0 1
    outer loop
      vertex -51.4722 -68.65 3
      vertex -59 -71.5 3
      vertex -51.5706 -68.8494 3
    endloop
  endfacet
  facet normal 0 0 1
    outer loop
      vertex -51.3487 -68.4651 3
      vertex -59 -71.5 3
      vertex -51.4722 -68.65 3
    endloop
  endfacet
  facet normal 0.659406 0.751787 -0
    outer loop
      vertex 57.2426 75.7426 -7.57871e-07
      vertex 56.6526 76.2601 3
      vertex 57.2426 75.7426 3
    endloop
  endfacet
  facet normal 0.659406 0.751787 0
    outer loop
      vertex 56.6526 76.2601 3
      vertex 57.2426 75.7426 -7.57871e-07
      vertex 56.6526 76.2601 -7.57871e-07
    endloop
  endfacet
  facet normal -0.831442 -0.555611 0
    outer loop
      vertex -57.7601 -75.1526 -7.57871e-07
      vertex -58.1962 -74.5 3
      vertex -58.1962 -74.5 -7.57871e-07
    endloop
  endfacet
  facet normal -0.831442 -0.555611 0
    outer loop
      vertex -58.1962 -74.5 3
      vertex -57.7601 -75.1526 -7.57871e-07
      vertex -57.7601 -75.1526 3
    endloop
  endfacet
  facet normal -0.195209 -0.980762 0
    outer loop
      vertex -54.5529 -77.2955 -7.57871e-07
      vertex -53.7832 -77.4487 3
      vertex -54.5529 -77.2955 3
    endloop
  endfacet
  facet normal -0.195209 -0.980762 -0
    outer loop
      vertex -53.7832 -77.4487 3
      vertex -54.5529 -77.2955 -7.57871e-07
      vertex -53.7832 -77.4487 -7.57871e-07
    endloop
  endfacet
  facet normal 0.831442 0.555611 0
    outer loop
      vertex 58.1962 74.5 3
      vertex 57.7601 75.1526 -7.57871e-07
      vertex 57.7601 75.1526 3
    endloop
  endfacet
  facet normal 0.831442 0.555611 0
    outer loop
      vertex 57.7601 75.1526 -7.57871e-07
      vertex 58.1962 74.5 3
      vertex 58.1962 74.5 -7.57871e-07
    endloop
  endfacet
  facet normal -0.831442 0.555611 0
    outer loop
      vertex -58.1962 74.5 -7.57871e-07
      vertex -57.7601 75.1526 3
      vertex -57.7601 75.1526 -7.57871e-07
    endloop
  endfacet
  facet normal -0.831442 0.555611 0
    outer loop
      vertex -57.7601 75.1526 3
      vertex -58.1962 74.5 -7.57871e-07
      vertex -58.1962 74.5 3
    endloop
  endfacet
  facet normal -0.896885 -0.442263 0
    outer loop
      vertex -58.1962 -74.5 -7.57871e-07
      vertex -58.5433 -73.7961 3
      vertex -58.5433 -73.7961 -7.57871e-07
    endloop
  endfacet
  facet normal -0.896885 -0.442263 0
    outer loop
      vertex -58.5433 -73.7961 3
      vertex -58.1962 -74.5 -7.57871e-07
      vertex -58.1962 -74.5 3
    endloop
  endfacet
  facet normal -0 0 -1
    outer loop
      vertex -10.3801 -33.8263 -7.57871e-07
      vertex -48.9651 -68.1513 -7.57871e-07
      vertex -10.5981 -33.5 -7.57871e-07
    endloop
  endfacet
  facet normal 0 0 -1
    outer loop
      vertex -11 -24 -7.57871e-07
      vertex -48.3145 69.2781 -7.57871e-07
      vertex -48.3 69.5 -7.57871e-07
    endloop
  endfacet
  facet normal 0 0 -1
    outer loop
      vertex -49.15 -68.0278 -7.57871e-07
      vertex -10.5981 -33.5 -7.57871e-07
      vertex -48.9651 -68.1513 -7.57871e-07
    endloop
  endfacet
  facet normal 0 0 -1
    outer loop
      vertex -11 -24 -7.57871e-07
      vertex -48.3579 69.06 -7.57871e-07
      vertex -48.3145 69.2781 -7.57871e-07
    endloop
  endfacet
  facet normal -0 0 -1
    outer loop
      vertex -10.5981 -33.5 -7.57871e-07
      vertex -49.15 -68.0278 -7.57871e-07
      vertex -10.7716 -33.1481 -7.57871e-07
    endloop
  endfacet
  facet normal 0 0 -1
    outer loop
      vertex -11 -24 -7.57871e-07
      vertex -48.4294 68.8494 -7.57871e-07
      vertex -48.3579 69.06 -7.57871e-07
    endloop
  endfacet
  facet normal 0 0 -1
    outer loop
      vertex -49.3494 -67.9294 -7.57871e-07
      vertex -10.7716 -33.1481 -7.57871e-07
      vertex -49.15 -68.0278 -7.57871e-07
    endloop
  endfacet
  facet normal 0 0 -1
    outer loop
      vertex -11 -24 -7.57871e-07
      vertex -48.5278 68.65 -7.57871e-07
      vertex -48.4294 68.8494 -7.57871e-07
    endloop
  endfacet
  facet normal -0 0 -1
    outer loop
      vertex -10.7716 -33.1481 -7.57871e-07
      vertex -49.3494 -67.9294 -7.57871e-07
      vertex -10.8978 -32.7765 -7.57871e-07
    endloop
  endfacet
  facet normal 0 0 -1
    outer loop
      vertex -11 -24 -7.57871e-07
      vertex -48.6513 68.4651 -7.57871e-07
      vertex -48.5278 68.65 -7.57871e-07
    endloop
  endfacet
  facet normal 0 0 -1
    outer loop
      vertex -49.56 -67.8579 -7.57871e-07
      vertex -10.8978 -32.7765 -7.57871e-07
      vertex -49.3494 -67.9294 -7.57871e-07
    endloop
  endfacet
  facet normal 0 0 -1
    outer loop
      vertex -11 -24 -7.57871e-07
      vertex -48.7979 68.2979 -7.57871e-07
      vertex -48.6513 68.4651 -7.57871e-07
    endloop
  endfacet
  facet normal -0 0 -1
    outer loop
      vertex -10.8978 -32.7765 -7.57871e-07
      vertex -49.56 -67.8579 -7.57871e-07
      vertex -10.9743 -32.3916 -7.57871e-07
    endloop
  endfacet
  facet normal 0 0 -1
    outer loop
      vertex -11 -24 -7.57871e-07
      vertex -48.9651 68.1513 -7.57871e-07
      vertex -48.7979 68.2979 -7.57871e-07
    endloop
  endfacet
  facet normal 0 0 -1
    outer loop
      vertex -49.7781 -67.8145 -7.57871e-07
      vertex -10.9743 -32.3916 -7.57871e-07
      vertex -49.56 -67.8579 -7.57871e-07
    endloop
  endfacet
  facet normal 0 0 -1
    outer loop
      vertex -11 -24 -7.57871e-07
      vertex -49.15 68.0278 -7.57871e-07
      vertex -48.9651 68.1513 -7.57871e-07
    endloop
  endfacet
  facet normal -0 0 -1
    outer loop
      vertex -10.9743 -32.3916 -7.57871e-07
      vertex -49.7781 -67.8145 -7.57871e-07
      vertex -11 -32 -7.57871e-07
    endloop
  endfacet
  facet normal 0 0 -1
    outer loop
      vertex -11 -24 -7.57871e-07
      vertex -49.3494 67.9294 -7.57871e-07
      vertex -49.15 68.0278 -7.57871e-07
    endloop
  endfacet
  facet normal 0 0 -1
    outer loop
      vertex -50 -67.8 -7.57871e-07
      vertex -11 -32 -7.57871e-07
      vertex -49.7781 -67.8145 -7.57871e-07
    endloop
  endfacet
  facet normal 0 0 -1
    outer loop
      vertex -11 -24 -7.57871e-07
      vertex -49.56 67.8579 -7.57871e-07
      vertex -49.3494 67.9294 -7.57871e-07
    endloop
  endfacet
  facet normal -0 0 -1
    outer loop
      vertex -11 -32 -7.57871e-07
      vertex -50 -67.8 -7.57871e-07
      vertex -11 -24 -7.57871e-07
    endloop
  endfacet
  facet normal 0 0 -1
    outer loop
      vertex -11 -24 -7.57871e-07
      vertex -49.7781 67.8145 -7.57871e-07
      vertex -49.56 67.8579 -7.57871e-07
    endloop
  endfacet
  facet normal 0 0 -1
    outer loop
      vertex -50.2219 -67.8145 -7.57871e-07
      vertex -11 -24 -7.57871e-07
      vertex -50 -67.8 -7.57871e-07
    endloop
  endfacet
  facet normal 0 0 -1
    outer loop
      vertex -11 -24 -7.57871e-07
      vertex -50 67.8 -7.57871e-07
      vertex -49.7781 67.8145 -7.57871e-07
    endloop
  endfacet
  facet normal 0 0 -1
    outer loop
      vertex -50.44 -67.8579 -7.57871e-07
      vertex -11 -24 -7.57871e-07
      vertex -50.2219 -67.8145 -7.57871e-07
    endloop
  endfacet
  facet normal 0 0 -1
    outer loop
      vertex -11 -24 -7.57871e-07
      vertex -50.2219 67.8145 -7.57871e-07
      vertex -50 67.8 -7.57871e-07
    endloop
  endfacet
  facet normal 0 0 -1
    outer loop
      vertex -50.6506 -67.9294 -7.57871e-07
      vertex -11 -24 -7.57871e-07
      vertex -50.44 -67.8579 -7.57871e-07
    endloop
  endfacet
  facet normal 0 0 -1
    outer loop
      vertex -11 -24 -7.57871e-07
      vertex -50.44 67.8579 -7.57871e-07
      vertex -50.2219 67.8145 -7.57871e-07
    endloop
  endfacet
  facet normal 0 0 -1
    outer loop
      vertex -50.6506 67.9294 -7.57871e-07
      vertex -11 -24 -7.57871e-07
      vertex -50.6506 -67.9294 -7.57871e-07
    endloop
  endfacet
  facet normal 0 0 -1
    outer loop
      vertex -11 -24 -7.57871e-07
      vertex -50.6506 67.9294 -7.57871e-07
      vertex -50.44 67.8579 -7.57871e-07
    endloop
  endfacet
  facet normal 0 0 -1
    outer loop
      vertex -50.85 -68.0278 -7.57871e-07
      vertex -50.6506 67.9294 -7.57871e-07
      vertex -50.6506 -67.9294 -7.57871e-07
    endloop
  endfacet
  facet normal 0 0 -1
    outer loop
      vertex -50.85 -68.0278 -7.57871e-07
      vertex -50.85 68.0278 -7.57871e-07
      vertex -50.6506 67.9294 -7.57871e-07
    endloop
  endfacet
  facet normal 0 0 -1
    outer loop
      vertex -59 -71.5 -7.57871e-07
      vertex -50.85 -68.0278 -7.57871e-07
      vertex -51.0349 -68.1513 -7.57871e-07
    endloop
  endfacet
  facet normal -0 0 -1
    outer loop
      vertex -50.85 -68.0278 -7.57871e-07
      vertex -59 -71.5 -7.57871e-07
      vertex -50.85 68.0278 -7.57871e-07
    endloop
  endfacet
  facet normal 0 0 -1
    outer loop
      vertex -59 -71.5 -7.57871e-07
      vertex -51.0349 -68.1513 -7.57871e-07
      vertex -51.2021 -68.2979 -7.57871e-07
    endloop
  endfacet
  facet normal 0 0 -1
    outer loop
      vertex -59 71.5 -7.57871e-07
      vertex -50.85 68.0278 -7.57871e-07
      vertex -59 -71.5 -7.57871e-07
    endloop
  endfacet
  facet normal 0 0 -1
    outer loop
      vertex -59 -71.5 -7.57871e-07
      vertex -51.2021 -68.2979 -7.57871e-07
      vertex -51.3487 -68.4651 -7.57871e-07
    endloop
  endfacet
  facet normal 0 0 -1
    outer loop
      vertex -50.85 68.0278 -7.57871e-07
      vertex -59 71.5 -7.57871e-07
      vertex -51.0349 68.1513 -7.57871e-07
    endloop
  endfacet
  facet normal 0 0 -1
    outer loop
      vertex -59 -71.5 -7.57871e-07
      vertex -51.3487 -68.4651 -7.57871e-07
      vertex -51.4722 -68.65 -7.57871e-07
    endloop
  endfacet
  facet normal 0 0 -1
    outer loop
      vertex -51.0349 68.1513 -7.57871e-07
      vertex -59 71.5 -7.57871e-07
      vertex -51.2021 68.2979 -7.57871e-07
    endloop
  endfacet
  facet normal 0 0 -1
    outer loop
      vertex -59 -71.5 -7.57871e-07
      vertex -51.4722 -68.65 -7.57871e-07
      vertex -51.5706 -68.8494 -7.57871e-07
    endloop
  endfacet
  facet normal 0 0 -1
    outer loop
      vertex -51.2021 68.2979 -7.57871e-07
      vertex -59 71.5 -7.57871e-07
      vertex -51.3487 68.4651 -7.57871e-07
    endloop
  endfacet
  facet normal 0 0 -1
    outer loop
      vertex -59 -71.5 -7.57871e-07
      vertex -51.5706 -68.8494 -7.57871e-07
      vertex -51.6421 -69.06 -7.57871e-07
    endloop
  endfacet
  facet normal 0 0 -1
    outer loop
      vertex -51.3487 68.4651 -7.57871e-07
      vertex -59 71.5 -7.57871e-07
      vertex -51.4722 68.65 -7.57871e-07
    endloop
  endfacet
  facet normal 0 0 -1
    outer loop
      vertex -59 -71.5 -7.57871e-07
      vertex -51.6421 -69.06 -7.57871e-07
      vertex -51.6855 -69.2781 -7.57871e-07
    endloop
  endfacet
  facet normal 0 0 -1
    outer loop
      vertex -51.4722 68.65 -7.57871e-07
      vertex -59 71.5 -7.57871e-07
      vertex -51.5706 68.8494 -7.57871e-07
    endloop
  endfacet
  facet normal 0 0 -1
    outer loop
      vertex -59 -71.5 -7.57871e-07
      vertex -51.6855 -69.2781 -7.57871e-07
      vertex -51.7 -69.5 -7.57871e-07
    endloop
  endfacet
  facet normal 0 0 -1
    outer loop
      vertex -51.5706 68.8494 -7.57871e-07
      vertex -59 71.5 -7.57871e-07
      vertex -51.6421 69.06 -7.57871e-07
    endloop
  endfacet
  facet normal 0 0 -1
    outer loop
      vertex 51.5706 -68.8494 -7.57871e-07
      vertex 59 -71.5 -7.57871e-07
      vertex 51.6421 -69.06 -7.57871e-07
    endloop
  endfacet
  facet normal 0 0 -1
    outer loop
      vertex 59 71.5 -7.57871e-07
      vertex 51.6855 69.2781 -7.57871e-07
      vertex 51.7 69.5 -7.57871e-07
    endloop
  endfacet
  facet normal 0 0 -1
    outer loop
      vertex 51.4722 -68.65 -7.57871e-07
      vertex 59 -71.5 -7.57871e-07
      vertex 51.5706 -68.8494 -7.57871e-07
    endloop
  endfacet
  facet normal 0 0 -1
    outer loop
      vertex 59 71.5 -7.57871e-07
      vertex 51.6421 69.06 -7.57871e-07
      vertex 51.6855 69.2781 -7.57871e-07
    endloop
  endfacet
  facet normal 0 0 -1
    outer loop
      vertex 51.3487 -68.4651 -7.57871e-07
      vertex 59 -71.5 -7.57871e-07
      vertex 51.4722 -68.65 -7.57871e-07
    endloop
  endfacet
  facet normal 0 0 -1
    outer loop
      vertex 59 71.5 -7.57871e-07
      vertex 51.5706 68.8494 -7.57871e-07
      vertex 51.6421 69.06 -7.57871e-07
    endloop
  endfacet
  facet normal 0 0 -1
    outer loop
      vertex 51.2021 -68.2979 -7.57871e-07
      vertex 59 -71.5 -7.57871e-07
      vertex 51.3487 -68.4651 -7.57871e-07
    endloop
  endfacet
  facet normal 0 0 -1
    outer loop
      vertex 59 71.5 -7.57871e-07
      vertex 51.4722 68.65 -7.57871e-07
      vertex 51.5706 68.8494 -7.57871e-07
    endloop
  endfacet
  facet normal 0 0 -1
    outer loop
      vertex 51.0349 -68.1513 -7.57871e-07
      vertex 59 -71.5 -7.57871e-07
      vertex 51.2021 -68.2979 -7.57871e-07
    endloop
  endfacet
  facet normal 0 0 -1
    outer loop
      vertex 59 71.5 -7.57871e-07
      vertex 51.3487 68.4651 -7.57871e-07
      vertex 51.4722 68.65 -7.57871e-07
    endloop
  endfacet
  facet normal 0 0 -1
    outer loop
      vertex 50.85 -68.0278 -7.57871e-07
      vertex 59 -71.5 -7.57871e-07
      vertex 51.0349 -68.1513 -7.57871e-07
    endloop
  endfacet
  facet normal 0 0 -1
    outer loop
      vertex 59 71.5 -7.57871e-07
      vertex 51.2021 68.2979 -7.57871e-07
      vertex 51.3487 68.4651 -7.57871e-07
    endloop
  endfacet
  facet normal 0 0 -1
    outer loop
      vertex 59 -71.5 -7.57871e-07
      vertex 50.85 -68.0278 -7.57871e-07
      vertex 59 71.5 -7.57871e-07
    endloop
  endfacet
  facet normal 0 0 -1
    outer loop
      vertex 59 71.5 -7.57871e-07
      vertex 51.0349 68.1513 -7.57871e-07
      vertex 51.2021 68.2979 -7.57871e-07
    endloop
  endfacet
  facet normal 0 0 -1
    outer loop
      vertex 50.85 68.0278 -7.57871e-07
      vertex 59 71.5 -7.57871e-07
      vertex 50.85 -68.0278 -7.57871e-07
    endloop
  endfacet
  facet normal 0 0 -1
    outer loop
      vertex 59 71.5 -7.57871e-07
      vertex 50.85 68.0278 -7.57871e-07
      vertex 51.0349 68.1513 -7.57871e-07
    endloop
  endfacet
  facet normal 0 0 -1
    outer loop
      vertex 50.6506 -67.9294 -7.57871e-07
      vertex 50.85 68.0278 -7.57871e-07
      vertex 50.85 -68.0278 -7.57871e-07
    endloop
  endfacet
  facet normal 0 0 -1
    outer loop
      vertex 50.6506 -67.9294 -7.57871e-07
      vertex 50.6506 67.9294 -7.57871e-07
      vertex 50.85 68.0278 -7.57871e-07
    endloop
  endfacet
  facet normal 0 0 -1
    outer loop
      vertex 10.8978 -23.2235 -7.57871e-07
      vertex 50.6506 -67.9294 -7.57871e-07
      vertex 50.44 -67.8579 -7.57871e-07
    endloop
  endfacet
  facet normal 0 0 -1
    outer loop
      vertex 50.6506 -67.9294 -7.57871e-07
      vertex 10.8978 -23.2235 -7.57871e-07
      vertex 50.6506 67.9294 -7.57871e-07
    endloop
  endfacet
  facet normal 0 0 -1
    outer loop
      vertex 10.9743 -23.6084 -7.57871e-07
      vertex 50.44 -67.8579 -7.57871e-07
      vertex 50.2219 -67.8145 -7.57871e-07
    endloop
  endfacet
  facet normal 0 0 -1
    outer loop
      vertex 10.7716 -22.8519 -7.57871e-07
      vertex 50.6506 67.9294 -7.57871e-07
      vertex 10.8978 -23.2235 -7.57871e-07
    endloop
  endfacet
  facet normal 0 0 -1
    outer loop
      vertex 11 -24 -7.57871e-07
      vertex 50.2219 -67.8145 -7.57871e-07
      vertex 50 -67.8 -7.57871e-07
    endloop
  endfacet
  facet normal 0 0 -1
    outer loop
      vertex 50.6506 67.9294 -7.57871e-07
      vertex 10.7716 -22.8519 -7.57871e-07
      vertex 50.44 67.8579 -7.57871e-07
    endloop
  endfacet
  facet normal 0 0 -1
    outer loop
      vertex 11 -32 -7.57871e-07
      vertex 50 -67.8 -7.57871e-07
      vertex 49.7781 -67.8145 -7.57871e-07
    endloop
  endfacet
  facet normal 0 0 -1
    outer loop
      vertex 10.5981 -22.5 -7.57871e-07
      vertex 50.44 67.8579 -7.57871e-07
      vertex 10.7716 -22.8519 -7.57871e-07
    endloop
  endfacet
  facet normal 0 0 -1
    outer loop
      vertex 10.9743 -32.3916 -7.57871e-07
      vertex 49.7781 -67.8145 -7.57871e-07
      vertex 49.56 -67.8579 -7.57871e-07
    endloop
  endfacet
  facet normal 0 0 -1
    outer loop
      vertex 50.44 67.8579 -7.57871e-07
      vertex 10.5981 -22.5 -7.57871e-07
      vertex 50.2219 67.8145 -7.57871e-07
    endloop
  endfacet
  facet normal 0 0 -1
    outer loop
      vertex 10.8978 -32.7765 -7.57871e-07
      vertex 49.56 -67.8579 -7.57871e-07
      vertex 49.3494 -67.9294 -7.57871e-07
    endloop
  endfacet
  facet normal 0 0 -1
    outer loop
      vertex 10.3801 -22.1737 -7.57871e-07
      vertex 50.2219 67.8145 -7.57871e-07
      vertex 10.5981 -22.5 -7.57871e-07
    endloop
  endfacet
  facet normal 0 0 -1
    outer loop
      vertex 10.7716 -33.1481 -7.57871e-07
      vertex 49.3494 -67.9294 -7.57871e-07
      vertex 49.15 -68.0278 -7.57871e-07
    endloop
  endfacet
  facet normal 0 0 -1
    outer loop
      vertex 50.2219 67.8145 -7.57871e-07
      vertex 10.3801 -22.1737 -7.57871e-07
      vertex 50 67.8 -7.57871e-07
    endloop
  endfacet
  facet normal 0 0 -1
    outer loop
      vertex 10.5981 -33.5 -7.57871e-07
      vertex 49.15 -68.0278 -7.57871e-07
      vertex 48.9651 -68.1513 -7.57871e-07
    endloop
  endfacet
  facet normal 0 0 -1
    outer loop
      vertex 10.1213 -21.8787 -7.57871e-07
      vertex 50 67.8 -7.57871e-07
      vertex 10.3801 -22.1737 -7.57871e-07
    endloop
  endfacet
  facet normal 0 0 -1
    outer loop
      vertex 10.3801 -33.8263 -7.57871e-07
      vertex 48.9651 -68.1513 -7.57871e-07
      vertex 48.7979 -68.2979 -7.57871e-07
    endloop
  endfacet
  facet normal -0 0 -1
    outer loop
      vertex 50 67.8 -7.57871e-07
      vertex 10.1213 -21.8787 -7.57871e-07
      vertex 49.7781 67.8145 -7.57871e-07
    endloop
  endfacet
  facet normal 0 0 -1
    outer loop
      vertex 10.1213 -34.1213 -7.57871e-07
      vertex 48.7979 -68.2979 -7.57871e-07
      vertex 48.6513 -68.4651 -7.57871e-07
    endloop
  endfacet
  facet normal 0 0 -1
    outer loop
      vertex 9.82628 -21.6199 -7.57871e-07
      vertex 49.7781 67.8145 -7.57871e-07
      vertex 10.1213 -21.8787 -7.57871e-07
    endloop
  endfacet
  facet normal 0 0 -1
    outer loop
      vertex 9.82628 -34.3801 -7.57871e-07
      vertex 48.6513 -68.4651 -7.57871e-07
      vertex 48.5278 -68.65 -7.57871e-07
    endloop
  endfacet
  facet normal -0 0 -1
    outer loop
      vertex 49.7781 67.8145 -7.57871e-07
      vertex 9.82628 -21.6199 -7.57871e-07
      vertex 49.56 67.8579 -7.57871e-07
    endloop
  endfacet
  facet normal 0 0 -1
    outer loop
      vertex 9.82628 -34.3801 -7.57871e-07
      vertex 48.5278 -68.65 -7.57871e-07
      vertex 48.4294 -68.8494 -7.57871e-07
    endloop
  endfacet
  facet normal 0 -0 -1
    outer loop
      vertex 30.44 67.8579 -7.57871e-07
      vertex 49.56 67.8579 -7.57871e-07
      vertex 9.82628 -21.6199 -7.57871e-07
    endloop
  endfacet
  facet normal 0 0 -1
    outer loop
      vertex 9.5 -34.5981 -7.57871e-07
      vertex 48.4294 -68.8494 -7.57871e-07
      vertex 48.3579 -69.06 -7.57871e-07
    endloop
  endfacet
  facet normal 0 0 -1
    outer loop
      vertex 49.56 67.8579 -7.57871e-07
      vertex 30.44 67.8579 -7.57871e-07
      vertex 49.3494 67.9294 -7.57871e-07
    endloop
  endfacet
  facet normal 0 0 -1
    outer loop
      vertex 9.14806 -34.7716 -7.57871e-07
      vertex 48.3579 -69.06 -7.57871e-07
      vertex 48.3145 -69.2781 -7.57871e-07
    endloop
  endfacet
  facet normal 0 -0 -1
    outer loop
      vertex 30.6506 67.9294 -7.57871e-07
      vertex 49.3494 67.9294 -7.57871e-07
      vertex 30.44 67.8579 -7.57871e-07
    endloop
  endfacet
  facet normal 0 0 -1
    outer loop
      vertex 8.77646 -34.8978 -7.57871e-07
      vertex 48.3145 -69.2781 -7.57871e-07
      vertex 48.3 -69.5 -7.57871e-07
    endloop
  endfacet
  facet normal 0 0 -1
    outer loop
      vertex 49.3494 67.9294 -7.57871e-07
      vertex 30.6506 67.9294 -7.57871e-07
      vertex 49.15 68.0278 -7.57871e-07
    endloop
  endfacet
  facet normal 0 0 -1
    outer loop
      vertex 51.5706 -70.1506 -7.57871e-07
      vertex 59 -71.5 -7.57871e-07
      vertex 58.9487 -72.2832 -7.57871e-07
    endloop
  endfacet
  facet normal 0 0 -1
    outer loop
      vertex 51.6855 -69.2781 -7.57871e-07
      vertex 59 -71.5 -7.57871e-07
      vertex 51.7 -69.5 -7.57871e-07
    endloop
  endfacet
  facet normal 0 0 -1
    outer loop
      vertex 51.5706 -70.1506 -7.57871e-07
      vertex 58.9487 -72.2832 -7.57871e-07
      vertex 58.7955 -73.0529 -7.57871e-07
    endloop
  endfacet
  facet normal 0 0 -1
    outer loop
      vertex 51.6421 -69.06 -7.57871e-07
      vertex 59 -71.5 -7.57871e-07
      vertex 51.6855 -69.2781 -7.57871e-07
    endloop
  endfacet
  facet normal 0 0 -1
    outer loop
      vertex 51.4722 -70.35 -7.57871e-07
      vertex 58.7955 -73.0529 -7.57871e-07
      vertex 58.5433 -73.7961 -7.57871e-07
    endloop
  endfacet
  facet normal 0 0 -1
    outer loop
      vertex 51.6855 69.7219 -7.57871e-07
      vertex 59 71.5 -7.57871e-07
      vertex 51.7 69.5 -7.57871e-07
    endloop
  endfacet
  facet normal 0 0 -1
    outer loop
      vertex 51.4722 -70.35 -7.57871e-07
      vertex 58.5433 -73.7961 -7.57871e-07
      vertex 58.1962 -74.5 -7.57871e-07
    endloop
  endfacet
  facet normal 0 0 -1
    outer loop
      vertex 51.6421 69.94 -7.57871e-07
      vertex 59 71.5 -7.57871e-07
      vertex 51.6855 69.7219 -7.57871e-07
    endloop
  endfacet
  facet normal 0 0 -1
    outer loop
      vertex 51.4722 -70.35 -7.57871e-07
      vertex 58.1962 -74.5 -7.57871e-07
      vertex 57.7601 -75.1526 -7.57871e-07
    endloop
  endfacet
  facet normal 0 0 -1
    outer loop
      vertex 51.5706 70.1506 -7.57871e-07
      vertex 59 71.5 -7.57871e-07
      vertex 51.6421 69.94 -7.57871e-07
    endloop
  endfacet
  facet normal 0 0 -1
    outer loop
      vertex 51.3487 -70.5349 -7.57871e-07
      vertex 57.7601 -75.1526 -7.57871e-07
      vertex 57.2426 -75.7426 -7.57871e-07
    endloop
  endfacet
  facet normal -0 0 -1
    outer loop
      vertex 59 71.5 -7.57871e-07
      vertex 51.5706 70.1506 -7.57871e-07
      vertex 58.9487 72.2832 -7.57871e-07
    endloop
  endfacet
  facet normal 0 0 -1
    outer loop
      vertex 51.3487 -70.5349 -7.57871e-07
      vertex 57.2426 -75.7426 -7.57871e-07
      vertex 56.6526 -76.2601 -7.57871e-07
    endloop
  endfacet
  facet normal -0 0 -1
    outer loop
      vertex 58.9487 72.2832 -7.57871e-07
      vertex 51.5706 70.1506 -7.57871e-07
      vertex 58.7955 73.0529 -7.57871e-07
    endloop
  endfacet
  facet normal 0 0 -1
    outer loop
      vertex 51.2021 -70.7021 -7.57871e-07
      vertex 56.6526 -76.2601 -7.57871e-07
      vertex 56 -76.6962 -7.57871e-07
    endloop
  endfacet
  facet normal 0 0 -1
    outer loop
      vertex 51.4722 70.35 -7.57871e-07
      vertex 58.7955 73.0529 -7.57871e-07
      vertex 51.5706 70.1506 -7.57871e-07
    endloop
  endfacet
  facet normal 0 0 -1
    outer loop
      vertex 51.2021 -70.7021 -7.57871e-07
      vertex 56 -76.6962 -7.57871e-07
      vertex 55.2961 -77.0433 -7.57871e-07
    endloop
  endfacet
  facet normal -0 0 -1
    outer loop
      vertex 58.7955 73.0529 -7.57871e-07
      vertex 51.4722 70.35 -7.57871e-07
      vertex 58.5433 73.7961 -7.57871e-07
    endloop
  endfacet
  facet normal 0 0 -1
    outer loop
      vertex 51.2021 -70.7021 -7.57871e-07
      vertex 55.2961 -77.0433 -7.57871e-07
      vertex 54.5529 -77.2955 -7.57871e-07
    endloop
  endfacet
  facet normal -0 0 -1
    outer loop
      vertex 58.5433 73.7961 -7.57871e-07
      vertex 51.4722 70.35 -7.57871e-07
      vertex 58.1962 74.5 -7.57871e-07
    endloop
  endfacet
  facet normal 0 0 -1
    outer loop
      vertex 51.0349 -70.8487 -7.57871e-07
      vertex 54.5529 -77.2955 -7.57871e-07
      vertex 53.7832 -77.4487 -7.57871e-07
    endloop
  endfacet
  facet normal -0 0 -1
    outer loop
      vertex 58.1962 74.5 -7.57871e-07
      vertex 51.4722 70.35 -7.57871e-07
      vertex 57.7601 75.1526 -7.57871e-07
    endloop
  endfacet
  facet normal 0 0 -1
    outer loop
      vertex 51.0349 -70.8487 -7.57871e-07
      vertex 53.7832 -77.4487 -7.57871e-07
      vertex 53 -77.5 -7.57871e-07
    endloop
  endfacet
  facet normal 0 0 -1
    outer loop
      vertex 51.3487 70.5349 -7.57871e-07
      vertex 57.7601 75.1526 -7.57871e-07
      vertex 51.4722 70.35 -7.57871e-07
    endloop
  endfacet
  facet normal -0 0 -1
    outer loop
      vertex 57.7601 75.1526 -7.57871e-07
      vertex 51.3487 70.5349 -7.57871e-07
      vertex 57.2426 75.7426 -7.57871e-07
    endloop
  endfacet
  facet normal 0 0 -1
    outer loop
      vertex 59 -71.5 -7.57871e-07
      vertex 51.6855 -69.7219 -7.57871e-07
      vertex 51.7 -69.5 -7.57871e-07
    endloop
  endfacet
  facet normal 0 0 -1
    outer loop
      vertex 59 -71.5 -7.57871e-07
      vertex 51.6421 -69.94 -7.57871e-07
      vertex 51.6855 -69.7219 -7.57871e-07
    endloop
  endfacet
  facet normal 0 0 -1
    outer loop
      vertex 59 -71.5 -7.57871e-07
      vertex 51.5706 -70.1506 -7.57871e-07
      vertex 51.6421 -69.94 -7.57871e-07
    endloop
  endfacet
  facet normal 0 0 -1
    outer loop
      vertex 58.7955 -73.0529 -7.57871e-07
      vertex 51.4722 -70.35 -7.57871e-07
      vertex 51.5706 -70.1506 -7.57871e-07
    endloop
  endfacet
  facet normal 0 0 -1
    outer loop
      vertex 57.7601 -75.1526 -7.57871e-07
      vertex 51.3487 -70.5349 -7.57871e-07
      vertex 51.4722 -70.35 -7.57871e-07
    endloop
  endfacet
  facet normal 0 0 -1
    outer loop
      vertex 56.6526 -76.2601 -7.57871e-07
      vertex 51.2021 -70.7021 -7.57871e-07
      vertex 51.3487 -70.5349 -7.57871e-07
    endloop
  endfacet
  facet normal 0 0 -1
    outer loop
      vertex 54.5529 -77.2955 -7.57871e-07
      vertex 51.0349 -70.8487 -7.57871e-07
      vertex 51.2021 -70.7021 -7.57871e-07
    endloop
  endfacet
  facet normal 0 0 -1
    outer loop
      vertex 53 -77.5 -7.57871e-07
      vertex 50.85 -70.9722 -7.57871e-07
      vertex 51.0349 -70.8487 -7.57871e-07
    endloop
  endfacet
  facet normal 0 0 -1
    outer loop
      vertex 53 -77.5 -7.57871e-07
      vertex 50.6506 -71.0706 -7.57871e-07
      vertex 50.85 -70.9722 -7.57871e-07
    endloop
  endfacet
  facet normal 0 0 -1
    outer loop
      vertex 53 -77.5 -7.57871e-07
      vertex 50.44 -71.1421 -7.57871e-07
      vertex 50.6506 -71.0706 -7.57871e-07
    endloop
  endfacet
  facet normal 0 0 -1
    outer loop
      vertex 53 -77.5 -7.57871e-07
      vertex 50.2219 -71.1855 -7.57871e-07
      vertex 50.44 -71.1421 -7.57871e-07
    endloop
  endfacet
  facet normal 0 0 -1
    outer loop
      vertex 53 -77.5 -7.57871e-07
      vertex 50 -71.2 -7.57871e-07
      vertex 50.2219 -71.1855 -7.57871e-07
    endloop
  endfacet
  facet normal 0 0 -1
    outer loop
      vertex 53 -77.5 -7.57871e-07
      vertex 49.7781 -71.1855 -7.57871e-07
      vertex 50 -71.2 -7.57871e-07
    endloop
  endfacet
  facet normal 0 0 -1
    outer loop
      vertex 53 -77.5 -7.57871e-07
      vertex 49.56 -71.1421 -7.57871e-07
      vertex 49.7781 -71.1855 -7.57871e-07
    endloop
  endfacet
  facet normal 0 0 -1
    outer loop
      vertex 53 -77.5 -7.57871e-07
      vertex 49.3494 -71.0706 -7.57871e-07
      vertex 49.56 -71.1421 -7.57871e-07
    endloop
  endfacet
  facet normal 0 0 -1
    outer loop
      vertex 53 -77.5 -7.57871e-07
      vertex 49.15 -70.9722 -7.57871e-07
      vertex 49.3494 -71.0706 -7.57871e-07
    endloop
  endfacet
  facet normal 0 0 -1
    outer loop
      vertex 53 -77.5 -7.57871e-07
      vertex 48.9651 -70.8487 -7.57871e-07
      vertex 49.15 -70.9722 -7.57871e-07
    endloop
  endfacet
  facet normal 0 0 -1
    outer loop
      vertex 53 -77.5 -7.57871e-07
      vertex 48.7979 -70.7021 -7.57871e-07
      vertex 48.9651 -70.8487 -7.57871e-07
    endloop
  endfacet
  facet normal 0 0 -1
    outer loop
      vertex 53 -77.5 -7.57871e-07
      vertex 48.6513 -70.5349 -7.57871e-07
      vertex 48.7979 -70.7021 -7.57871e-07
    endloop
  endfacet
  facet normal 0 0 -1
    outer loop
      vertex -48.6513 -70.5349 -7.57871e-07
      vertex 48.6513 -70.5349 -7.57871e-07
      vertex 53 -77.5 -7.57871e-07
    endloop
  endfacet
  facet normal 0 -0 -1
    outer loop
      vertex 30.85 68.0278 -7.57871e-07
      vertex 49.15 68.0278 -7.57871e-07
      vertex 30.6506 67.9294 -7.57871e-07
    endloop
  endfacet
  facet normal 0 0 -1
    outer loop
      vertex 8.39157 -34.9743 -7.57871e-07
      vertex 48.3 -69.5 -7.57871e-07
      vertex 48.3145 -69.7219 -7.57871e-07
    endloop
  endfacet
  facet normal -0 0 -1
    outer loop
      vertex 48.3 69.5 -7.57871e-07
      vertex 31.6855 69.2781 -7.57871e-07
      vertex 31.7 69.5 -7.57871e-07
    endloop
  endfacet
  facet normal 0 0 -1
    outer loop
      vertex 48.3145 69.2781 -7.57871e-07
      vertex 31.6855 69.2781 -7.57871e-07
      vertex 48.3 69.5 -7.57871e-07
    endloop
  endfacet
  facet normal 0 -0 -1
    outer loop
      vertex 31.6855 69.2781 -7.57871e-07
      vertex 48.3145 69.2781 -7.57871e-07
      vertex 31.6421 69.06 -7.57871e-07
    endloop
  endfacet
  facet normal 0 0 -1
    outer loop
      vertex 48.3579 69.06 -7.57871e-07
      vertex 31.6421 69.06 -7.57871e-07
      vertex 48.3145 69.2781 -7.57871e-07
    endloop
  endfacet
  facet normal 0 -0 -1
    outer loop
      vertex 31.6421 69.06 -7.57871e-07
      vertex 48.3579 69.06 -7.57871e-07
      vertex 31.5706 68.8494 -7.57871e-07
    endloop
  endfacet
  facet normal 0 0 -1
    outer loop
      vertex 48.4294 68.8494 -7.57871e-07
      vertex 31.5706 68.8494 -7.57871e-07
      vertex 48.3579 69.06 -7.57871e-07
    endloop
  endfacet
  facet normal 0 -0 -1
    outer loop
      vertex 31.0349 68.1513 -7.57871e-07
      vertex 48.9651 68.1513 -7.57871e-07
      vertex 30.85 68.0278 -7.57871e-07
    endloop
  endfacet
  facet normal 0 -0 -1
    outer loop
      vertex 31.5706 68.8494 -7.57871e-07
      vertex 48.4294 68.8494 -7.57871e-07
      vertex 31.4722 68.65 -7.57871e-07
    endloop
  endfacet
  facet normal 0 0 -1
    outer loop
      vertex 48.9651 68.1513 -7.57871e-07
      vertex 31.0349 68.1513 -7.57871e-07
      vertex 48.7979 68.2979 -7.57871e-07
    endloop
  endfacet
  facet normal 0 0 -1
    outer loop
      vertex 48.5278 68.65 -7.57871e-07
      vertex 31.4722 68.65 -7.57871e-07
      vertex 48.4294 68.8494 -7.57871e-07
    endloop
  endfacet
  facet normal 0 -0 -1
    outer loop
      vertex 31.2021 68.2979 -7.57871e-07
      vertex 48.7979 68.2979 -7.57871e-07
      vertex 31.0349 68.1513 -7.57871e-07
    endloop
  endfacet
  facet normal 0 -0 -1
    outer loop
      vertex 31.4722 68.65 -7.57871e-07
      vertex 48.5278 68.65 -7.57871e-07
      vertex 31.3487 68.4651 -7.57871e-07
    endloop
  endfacet
  facet normal 0 -0 -1
    outer loop
      vertex 31.3487 68.4651 -7.57871e-07
      vertex 48.6513 68.4651 -7.57871e-07
      vertex 31.2021 68.2979 -7.57871e-07
    endloop
  endfacet
  facet normal 0 0 -1
    outer loop
      vertex 48.6513 68.4651 -7.57871e-07
      vertex 31.3487 68.4651 -7.57871e-07
      vertex 48.5278 68.65 -7.57871e-07
    endloop
  endfacet
  facet normal 0 0 -1
    outer loop
      vertex 48.7979 68.2979 -7.57871e-07
      vertex 31.2021 68.2979 -7.57871e-07
      vertex 48.6513 68.4651 -7.57871e-07
    endloop
  endfacet
  facet normal 0 0 -1
    outer loop
      vertex 30.44 67.8579 -7.57871e-07
      vertex 9.82628 -21.6199 -7.57871e-07
      vertex 30.2219 67.8145 -7.57871e-07
    endloop
  endfacet
  facet normal 0 0 -1
    outer loop
      vertex 9.5 -21.4019 -7.57871e-07
      vertex 30.2219 67.8145 -7.57871e-07
      vertex 9.82628 -21.6199 -7.57871e-07
    endloop
  endfacet
  facet normal 0 0 -1
    outer loop
      vertex 30.2219 67.8145 -7.57871e-07
      vertex 9.5 -21.4019 -7.57871e-07
      vertex 30 67.8 -7.57871e-07
    endloop
  endfacet
  facet normal 0 0 -1
    outer loop
      vertex 9.14806 -21.2284 -7.57871e-07
      vertex 30 67.8 -7.57871e-07
      vertex 9.5 -21.4019 -7.57871e-07
    endloop
  endfacet
  facet normal -0 0 -1
    outer loop
      vertex 30 67.8 -7.57871e-07
      vertex 9.14806 -21.2284 -7.57871e-07
      vertex 29.7781 67.8145 -7.57871e-07
    endloop
  endfacet
  facet normal 0 0 -1
    outer loop
      vertex 8.77646 -21.1022 -7.57871e-07
      vertex 29.7781 67.8145 -7.57871e-07
      vertex 9.14806 -21.2284 -7.57871e-07
    endloop
  endfacet
  facet normal -0 0 -1
    outer loop
      vertex 29.7781 67.8145 -7.57871e-07
      vertex 8.77646 -21.1022 -7.57871e-07
      vertex 29.56 67.8579 -7.57871e-07
    endloop
  endfacet
  facet normal 0 0 -1
    outer loop
      vertex 8.39157 -21.0257 -7.57871e-07
      vertex 29.56 67.8579 -7.57871e-07
      vertex 8.77646 -21.1022 -7.57871e-07
    endloop
  endfacet
  facet normal 0 0 -1
    outer loop
      vertex 50.2219 -67.8145 -7.57871e-07
      vertex 11 -24 -7.57871e-07
      vertex 10.9743 -23.6084 -7.57871e-07
    endloop
  endfacet
  facet normal 0 0 -1
    outer loop
      vertex 50 -67.8 -7.57871e-07
      vertex 11 -32 -7.57871e-07
      vertex 11 -24 -7.57871e-07
    endloop
  endfacet
  facet normal 0 0 -1
    outer loop
      vertex 8 -35 -7.57871e-07
      vertex 48.3145 -69.7219 -7.57871e-07
      vertex 48.3579 -69.94 -7.57871e-07
    endloop
  endfacet
  facet normal 0 0 -1
    outer loop
      vertex -48.3579 -69.94 -7.57871e-07
      vertex 48.3579 -69.94 -7.57871e-07
      vertex 48.4294 -70.1506 -7.57871e-07
    endloop
  endfacet
  facet normal 0 0 -1
    outer loop
      vertex -48.4294 -70.1506 -7.57871e-07
      vertex 48.4294 -70.1506 -7.57871e-07
      vertex 48.5278 -70.35 -7.57871e-07
    endloop
  endfacet
  facet normal 0 0 -1
    outer loop
      vertex 48.6513 -70.5349 -7.57871e-07
      vertex -48.6513 -70.5349 -7.57871e-07
      vertex 48.5278 -70.35 -7.57871e-07
    endloop
  endfacet
  facet normal 0 0 -1
    outer loop
      vertex 49.7781 -67.8145 -7.57871e-07
      vertex 10.9743 -32.3916 -7.57871e-07
      vertex 11 -32 -7.57871e-07
    endloop
  endfacet
  facet normal 0 0 -1
    outer loop
      vertex 49.56 -67.8579 -7.57871e-07
      vertex 10.8978 -32.7765 -7.57871e-07
      vertex 10.9743 -32.3916 -7.57871e-07
    endloop
  endfacet
  facet normal 0 0 -1
    outer loop
      vertex 49.3494 -67.9294 -7.57871e-07
      vertex 10.7716 -33.1481 -7.57871e-07
      vertex 10.8978 -32.7765 -7.57871e-07
    endloop
  endfacet
  facet normal 0 0 -1
    outer loop
      vertex 49.15 -68.0278 -7.57871e-07
      vertex 10.5981 -33.5 -7.57871e-07
      vertex 10.7716 -33.1481 -7.57871e-07
    endloop
  endfacet
  facet normal 0 0 -1
    outer loop
      vertex 48.9651 -68.1513 -7.57871e-07
      vertex 10.3801 -33.8263 -7.57871e-07
      vertex 10.5981 -33.5 -7.57871e-07
    endloop
  endfacet
  facet normal 0 0 -1
    outer loop
      vertex 48.7979 -68.2979 -7.57871e-07
      vertex 10.1213 -34.1213 -7.57871e-07
      vertex 10.3801 -33.8263 -7.57871e-07
    endloop
  endfacet
  facet normal 0 0 -1
    outer loop
      vertex 48.6513 -68.4651 -7.57871e-07
      vertex 9.82628 -34.3801 -7.57871e-07
      vertex 10.1213 -34.1213 -7.57871e-07
    endloop
  endfacet
  facet normal 0 0 -1
    outer loop
      vertex 48.4294 -68.8494 -7.57871e-07
      vertex 9.5 -34.5981 -7.57871e-07
      vertex 9.82628 -34.3801 -7.57871e-07
    endloop
  endfacet
  facet normal 0 0 -1
    outer loop
      vertex 48.3579 -69.06 -7.57871e-07
      vertex 9.14806 -34.7716 -7.57871e-07
      vertex 9.5 -34.5981 -7.57871e-07
    endloop
  endfacet
  facet normal 0 0 -1
    outer loop
      vertex 48.3145 -69.2781 -7.57871e-07
      vertex 8.77646 -34.8978 -7.57871e-07
      vertex 9.14806 -34.7716 -7.57871e-07
    endloop
  endfacet
  facet normal 0 0 -1
    outer loop
      vertex 48.3 -69.5 -7.57871e-07
      vertex 8.39157 -34.9743 -7.57871e-07
      vertex 8.77646 -34.8978 -7.57871e-07
    endloop
  endfacet
  facet normal 0 0 -1
    outer loop
      vertex 48.3145 -69.7219 -7.57871e-07
      vertex 8 -35 -7.57871e-07
      vertex 8.39157 -34.9743 -7.57871e-07
    endloop
  endfacet
  facet normal 0 0 -1
    outer loop
      vertex 48.3579 -69.94 -7.57871e-07
      vertex -48.3579 -69.94 -7.57871e-07
      vertex 8 -35 -7.57871e-07
    endloop
  endfacet
  facet normal -0 0 -1
    outer loop
      vertex 8 -35 -7.57871e-07
      vertex -48.3579 -69.94 -7.57871e-07
      vertex -8 -35 -7.57871e-07
    endloop
  endfacet
  facet normal 0 -0 -1
    outer loop
      vertex -48.3145 -69.7219 -7.57871e-07
      vertex -8 -35 -7.57871e-07
      vertex -48.3579 -69.94 -7.57871e-07
    endloop
  endfacet
  facet normal -0 0 -1
    outer loop
      vertex -8 -35 -7.57871e-07
      vertex -48.3145 -69.7219 -7.57871e-07
      vertex -8.39157 -34.9743 -7.57871e-07
    endloop
  endfacet
  facet normal 0 -0 -1
    outer loop
      vertex -48.3 -69.5 -7.57871e-07
      vertex -8.39157 -34.9743 -7.57871e-07
      vertex -48.3145 -69.7219 -7.57871e-07
    endloop
  endfacet
  facet normal -0 0 -1
    outer loop
      vertex -8.39157 -34.9743 -7.57871e-07
      vertex -48.3 -69.5 -7.57871e-07
      vertex -8.77646 -34.8978 -7.57871e-07
    endloop
  endfacet
  facet normal -0 0 -1
    outer loop
      vertex -10.1213 -34.1213 -7.57871e-07
      vertex -48.7979 -68.2979 -7.57871e-07
      vertex -10.3801 -33.8263 -7.57871e-07
    endloop
  endfacet
  facet normal 0 0 -1
    outer loop
      vertex -48.7979 -68.2979 -7.57871e-07
      vertex -10.1213 -34.1213 -7.57871e-07
      vertex -48.6513 -68.4651 -7.57871e-07
    endloop
  endfacet
  facet normal 0 0 -1
    outer loop
      vertex -11 -24 -7.57871e-07
      vertex -28.3145 69.2781 -7.57871e-07
      vertex -28.3 69.5 -7.57871e-07
    endloop
  endfacet
  facet normal 0 0 -1
    outer loop
      vertex -11 -24 -7.57871e-07
      vertex -28.3579 69.06 -7.57871e-07
      vertex -28.3145 69.2781 -7.57871e-07
    endloop
  endfacet
  facet normal 0 0 -1
    outer loop
      vertex -11 -24 -7.57871e-07
      vertex -28.4294 68.8494 -7.57871e-07
      vertex -28.3579 69.06 -7.57871e-07
    endloop
  endfacet
  facet normal 0 0 -1
    outer loop
      vertex -11 -24 -7.57871e-07
      vertex -28.5278 68.65 -7.57871e-07
      vertex -28.4294 68.8494 -7.57871e-07
    endloop
  endfacet
  facet normal 0 0 -1
    outer loop
      vertex -11 -24 -7.57871e-07
      vertex -28.6513 68.4651 -7.57871e-07
      vertex -28.5278 68.65 -7.57871e-07
    endloop
  endfacet
  facet normal 0 0 -1
    outer loop
      vertex -11 -24 -7.57871e-07
      vertex -28.7979 68.2979 -7.57871e-07
      vertex -28.6513 68.4651 -7.57871e-07
    endloop
  endfacet
  facet normal 0 0 -1
    outer loop
      vertex -11 -24 -7.57871e-07
      vertex -28.9651 68.1513 -7.57871e-07
      vertex -28.7979 68.2979 -7.57871e-07
    endloop
  endfacet
  facet normal 0 0 -1
    outer loop
      vertex -11 -24 -7.57871e-07
      vertex -29.15 68.0278 -7.57871e-07
      vertex -28.9651 68.1513 -7.57871e-07
    endloop
  endfacet
  facet normal 0 0 -1
    outer loop
      vertex -11 -24 -7.57871e-07
      vertex -29.3494 67.9294 -7.57871e-07
      vertex -29.15 68.0278 -7.57871e-07
    endloop
  endfacet
  facet normal 0 0 -1
    outer loop
      vertex -11 -24 -7.57871e-07
      vertex -29.56 67.8579 -7.57871e-07
      vertex -29.3494 67.9294 -7.57871e-07
    endloop
  endfacet
  facet normal 0 0 -1
    outer loop
      vertex -11 -24 -7.57871e-07
      vertex -29.7781 67.8145 -7.57871e-07
      vertex -29.56 67.8579 -7.57871e-07
    endloop
  endfacet
  facet normal 0 0 -1
    outer loop
      vertex -11 -24 -7.57871e-07
      vertex -30 67.8 -7.57871e-07
      vertex -29.7781 67.8145 -7.57871e-07
    endloop
  endfacet
  facet normal 0 0 -1
    outer loop
      vertex -11 -24 -7.57871e-07
      vertex -30.2219 67.8145 -7.57871e-07
      vertex -30 67.8 -7.57871e-07
    endloop
  endfacet
  facet normal 0 0 -1
    outer loop
      vertex -11 -24 -7.57871e-07
      vertex -30.44 67.8579 -7.57871e-07
      vertex -30.2219 67.8145 -7.57871e-07
    endloop
  endfacet
  facet normal 0 0 -1
    outer loop
      vertex -11 -24 -7.57871e-07
      vertex -48.3 69.5 -7.57871e-07
      vertex -30.44 67.8579 -7.57871e-07
    endloop
  endfacet
  facet normal 0 0 -1
    outer loop
      vertex -30.44 67.8579 -7.57871e-07
      vertex -48.3 69.5 -7.57871e-07
      vertex -30.6506 67.9294 -7.57871e-07
    endloop
  endfacet
  facet normal 0 0 -1
    outer loop
      vertex -30.6506 67.9294 -7.57871e-07
      vertex -48.3 69.5 -7.57871e-07
      vertex -30.85 68.0278 -7.57871e-07
    endloop
  endfacet
  facet normal -0 0 -1
    outer loop
      vertex -9.82628 -34.3801 -7.57871e-07
      vertex -48.6513 -68.4651 -7.57871e-07
      vertex -10.1213 -34.1213 -7.57871e-07
    endloop
  endfacet
  facet normal 0 0 -1
    outer loop
      vertex -30.85 68.0278 -7.57871e-07
      vertex -48.3 69.5 -7.57871e-07
      vertex -31.0349 68.1513 -7.57871e-07
    endloop
  endfacet
  facet normal 0 0 -1
    outer loop
      vertex -31.0349 68.1513 -7.57871e-07
      vertex -48.3 69.5 -7.57871e-07
      vertex -31.2021 68.2979 -7.57871e-07
    endloop
  endfacet
  facet normal 0 0 -1
    outer loop
      vertex -31.2021 68.2979 -7.57871e-07
      vertex -48.3 69.5 -7.57871e-07
      vertex -31.3487 68.4651 -7.57871e-07
    endloop
  endfacet
  facet normal 0 0 -1
    outer loop
      vertex -31.3487 68.4651 -7.57871e-07
      vertex -48.3 69.5 -7.57871e-07
      vertex -31.4722 68.65 -7.57871e-07
    endloop
  endfacet
  facet normal 0 0 -1
    outer loop
      vertex -31.4722 68.65 -7.57871e-07
      vertex -48.3 69.5 -7.57871e-07
      vertex -31.5706 68.8494 -7.57871e-07
    endloop
  endfacet
  facet normal 0 0 -1
    outer loop
      vertex -31.6421 69.06 -7.57871e-07
      vertex -48.3 69.5 -7.57871e-07
      vertex -31.6855 69.2781 -7.57871e-07
    endloop
  endfacet
  facet normal 0 0 -1
    outer loop
      vertex -31.5706 68.8494 -7.57871e-07
      vertex -48.3 69.5 -7.57871e-07
      vertex -31.6421 69.06 -7.57871e-07
    endloop
  endfacet
  facet normal 0 0 -1
    outer loop
      vertex -48.9651 -68.1513 -7.57871e-07
      vertex -10.3801 -33.8263 -7.57871e-07
      vertex -48.7979 -68.2979 -7.57871e-07
    endloop
  endfacet
  facet normal 0 0 -1
    outer loop
      vertex -48.6513 -68.4651 -7.57871e-07
      vertex -9.82628 -34.3801 -7.57871e-07
      vertex -48.5278 -68.65 -7.57871e-07
    endloop
  endfacet
  facet normal 0 0 -1
    outer loop
      vertex -48.5278 -68.65 -7.57871e-07
      vertex -9.82628 -34.3801 -7.57871e-07
      vertex -48.4294 -68.8494 -7.57871e-07
    endloop
  endfacet
  facet normal -0 0 -1
    outer loop
      vertex -9.5 -34.5981 -7.57871e-07
      vertex -48.4294 -68.8494 -7.57871e-07
      vertex -9.82628 -34.3801 -7.57871e-07
    endloop
  endfacet
  facet normal 0 0 -1
    outer loop
      vertex -48.4294 -68.8494 -7.57871e-07
      vertex -9.5 -34.5981 -7.57871e-07
      vertex -48.3579 -69.06 -7.57871e-07
    endloop
  endfacet
  facet normal -0 0 -1
    outer loop
      vertex -9.14806 -34.7716 -7.57871e-07
      vertex -48.3579 -69.06 -7.57871e-07
      vertex -9.5 -34.5981 -7.57871e-07
    endloop
  endfacet
  facet normal 0 0 -1
    outer loop
      vertex -48.3145 -69.2781 -7.57871e-07
      vertex -8.77646 -34.8978 -7.57871e-07
      vertex -48.3 -69.5 -7.57871e-07
    endloop
  endfacet
  facet normal 0 0 -1
    outer loop
      vertex -48.3579 -69.06 -7.57871e-07
      vertex -9.14806 -34.7716 -7.57871e-07
      vertex -48.3145 -69.2781 -7.57871e-07
    endloop
  endfacet
  facet normal -0 0 -1
    outer loop
      vertex -8.77646 -34.8978 -7.57871e-07
      vertex -48.3145 -69.2781 -7.57871e-07
      vertex -9.14806 -34.7716 -7.57871e-07
    endloop
  endfacet
  facet normal 0 0 -1
    outer loop
      vertex 48.4294 -70.1506 -7.57871e-07
      vertex -48.4294 -70.1506 -7.57871e-07
      vertex -48.3579 -69.94 -7.57871e-07
    endloop
  endfacet
  facet normal 0 0 -1
    outer loop
      vertex 48.5278 -70.35 -7.57871e-07
      vertex -48.5278 -70.35 -7.57871e-07
      vertex -48.4294 -70.1506 -7.57871e-07
    endloop
  endfacet
  facet normal -0 0 -1
    outer loop
      vertex 48.5278 -70.35 -7.57871e-07
      vertex -48.6513 -70.5349 -7.57871e-07
      vertex -48.5278 -70.35 -7.57871e-07
    endloop
  endfacet
  facet normal 0 0 -1
    outer loop
      vertex -53 -77.5 -7.57871e-07
      vertex -48.6513 -70.5349 -7.57871e-07
      vertex 53 -77.5 -7.57871e-07
    endloop
  endfacet
  facet normal 0 0 -1
    outer loop
      vertex -48.6513 -70.5349 -7.57871e-07
      vertex -53 -77.5 -7.57871e-07
      vertex -48.7979 -70.7021 -7.57871e-07
    endloop
  endfacet
  facet normal 0 0 -1
    outer loop
      vertex -48.7979 -70.7021 -7.57871e-07
      vertex -53 -77.5 -7.57871e-07
      vertex -48.9651 -70.8487 -7.57871e-07
    endloop
  endfacet
  facet normal 0 0 -1
    outer loop
      vertex -48.9651 -70.8487 -7.57871e-07
      vertex -53 -77.5 -7.57871e-07
      vertex -49.15 -70.9722 -7.57871e-07
    endloop
  endfacet
  facet normal 0 0 -1
    outer loop
      vertex -49.15 -70.9722 -7.57871e-07
      vertex -53 -77.5 -7.57871e-07
      vertex -49.3494 -71.0706 -7.57871e-07
    endloop
  endfacet
  facet normal 0 0 -1
    outer loop
      vertex -49.3494 -71.0706 -7.57871e-07
      vertex -53 -77.5 -7.57871e-07
      vertex -49.56 -71.1421 -7.57871e-07
    endloop
  endfacet
  facet normal 0 0 -1
    outer loop
      vertex -49.56 -71.1421 -7.57871e-07
      vertex -53 -77.5 -7.57871e-07
      vertex -49.7781 -71.1855 -7.57871e-07
    endloop
  endfacet
  facet normal 0 0 -1
    outer loop
      vertex -57.2426 -75.7426 -7.57871e-07
      vertex -51.3487 -70.5349 -7.57871e-07
      vertex -56.6526 -76.2601 -7.57871e-07
    endloop
  endfacet
  facet normal -0 0 -1
    outer loop
      vertex -51.2021 -70.7021 -7.57871e-07
      vertex -56.6526 -76.2601 -7.57871e-07
      vertex -51.3487 -70.5349 -7.57871e-07
    endloop
  endfacet
  facet normal 0 0 -1
    outer loop
      vertex -56.6526 -76.2601 -7.57871e-07
      vertex -51.2021 -70.7021 -7.57871e-07
      vertex -56 -76.6962 -7.57871e-07
    endloop
  endfacet
  facet normal 0 0 -1
    outer loop
      vertex -56 -76.6962 -7.57871e-07
      vertex -51.2021 -70.7021 -7.57871e-07
      vertex -55.2961 -77.0433 -7.57871e-07
    endloop
  endfacet
  facet normal 0 0 -1
    outer loop
      vertex -55.2961 -77.0433 -7.57871e-07
      vertex -51.2021 -70.7021 -7.57871e-07
      vertex -54.5529 -77.2955 -7.57871e-07
    endloop
  endfacet
  facet normal -0 0 -1
    outer loop
      vertex -51.0349 -70.8487 -7.57871e-07
      vertex -54.5529 -77.2955 -7.57871e-07
      vertex -51.2021 -70.7021 -7.57871e-07
    endloop
  endfacet
  facet normal 0 0 -1
    outer loop
      vertex -54.5529 -77.2955 -7.57871e-07
      vertex -51.0349 -70.8487 -7.57871e-07
      vertex -53.7832 -77.4487 -7.57871e-07
    endloop
  endfacet
  facet normal 0 0 -1
    outer loop
      vertex -53.7832 -77.4487 -7.57871e-07
      vertex -51.0349 -70.8487 -7.57871e-07
      vertex -53 -77.5 -7.57871e-07
    endloop
  endfacet
  facet normal -0 0 -1
    outer loop
      vertex -50.85 -70.9722 -7.57871e-07
      vertex -53 -77.5 -7.57871e-07
      vertex -51.0349 -70.8487 -7.57871e-07
    endloop
  endfacet
  facet normal -0 0 -1
    outer loop
      vertex -50.6506 -71.0706 -7.57871e-07
      vertex -53 -77.5 -7.57871e-07
      vertex -50.85 -70.9722 -7.57871e-07
    endloop
  endfacet
  facet normal -0 0 -1
    outer loop
      vertex -50.44 -71.1421 -7.57871e-07
      vertex -53 -77.5 -7.57871e-07
      vertex -50.6506 -71.0706 -7.57871e-07
    endloop
  endfacet
  facet normal -0 0 -1
    outer loop
      vertex -50.2219 -71.1855 -7.57871e-07
      vertex -53 -77.5 -7.57871e-07
      vertex -50.44 -71.1421 -7.57871e-07
    endloop
  endfacet
  facet normal -0 0 -1
    outer loop
      vertex -50 -71.2 -7.57871e-07
      vertex -53 -77.5 -7.57871e-07
      vertex -50.2219 -71.1855 -7.57871e-07
    endloop
  endfacet
  facet normal 0 0 -1
    outer loop
      vertex -49.7781 -71.1855 -7.57871e-07
      vertex -53 -77.5 -7.57871e-07
      vertex -50 -71.2 -7.57871e-07
    endloop
  endfacet
  facet normal -0 0 -1
    outer loop
      vertex 57.2426 75.7426 -7.57871e-07
      vertex 51.3487 70.5349 -7.57871e-07
      vertex 56.6526 76.2601 -7.57871e-07
    endloop
  endfacet
  facet normal 0 0 -1
    outer loop
      vertex 51.2021 70.7021 -7.57871e-07
      vertex 56.6526 76.2601 -7.57871e-07
      vertex 51.3487 70.5349 -7.57871e-07
    endloop
  endfacet
  facet normal -0 0 -1
    outer loop
      vertex 56.6526 76.2601 -7.57871e-07
      vertex 51.2021 70.7021 -7.57871e-07
      vertex 56 76.6962 -7.57871e-07
    endloop
  endfacet
  facet normal -0 0 -1
    outer loop
      vertex 56 76.6962 -7.57871e-07
      vertex 51.2021 70.7021 -7.57871e-07
      vertex 55.2961 77.0433 -7.57871e-07
    endloop
  endfacet
  facet normal -0 0 -1
    outer loop
      vertex 55.2961 77.0433 -7.57871e-07
      vertex 51.2021 70.7021 -7.57871e-07
      vertex 54.5529 77.2955 -7.57871e-07
    endloop
  endfacet
  facet normal 0 0 -1
    outer loop
      vertex 51.0349 70.8487 -7.57871e-07
      vertex 54.5529 77.2955 -7.57871e-07
      vertex 51.2021 70.7021 -7.57871e-07
    endloop
  endfacet
  facet normal -0 0 -1
    outer loop
      vertex 54.5529 77.2955 -7.57871e-07
      vertex 51.0349 70.8487 -7.57871e-07
      vertex 53.7832 77.4487 -7.57871e-07
    endloop
  endfacet
  facet normal -0 0 -1
    outer loop
      vertex 53.7832 77.4487 -7.57871e-07
      vertex 51.0349 70.8487 -7.57871e-07
      vertex 53 77.5 -7.57871e-07
    endloop
  endfacet
  facet normal 0 0 -1
    outer loop
      vertex 50.85 70.9722 -7.57871e-07
      vertex 53 77.5 -7.57871e-07
      vertex 51.0349 70.8487 -7.57871e-07
    endloop
  endfacet
  facet normal 0 0 -1
    outer loop
      vertex 50.6506 71.0706 -7.57871e-07
      vertex 53 77.5 -7.57871e-07
      vertex 50.85 70.9722 -7.57871e-07
    endloop
  endfacet
  facet normal 0 0 -1
    outer loop
      vertex 50.44 71.1421 -7.57871e-07
      vertex 53 77.5 -7.57871e-07
      vertex 50.6506 71.0706 -7.57871e-07
    endloop
  endfacet
  facet normal 0 0 -1
    outer loop
      vertex 50.2219 71.1855 -7.57871e-07
      vertex 53 77.5 -7.57871e-07
      vertex 50.44 71.1421 -7.57871e-07
    endloop
  endfacet
  facet normal 0 0 -1
    outer loop
      vertex 50 71.2 -7.57871e-07
      vertex 53 77.5 -7.57871e-07
      vertex 50.2219 71.1855 -7.57871e-07
    endloop
  endfacet
  facet normal 0 0 -1
    outer loop
      vertex 49.7781 71.1855 -7.57871e-07
      vertex 53 77.5 -7.57871e-07
      vertex 50 71.2 -7.57871e-07
    endloop
  endfacet
  facet normal 0 0 -1
    outer loop
      vertex 49.56 71.1421 -7.57871e-07
      vertex 53 77.5 -7.57871e-07
      vertex 49.7781 71.1855 -7.57871e-07
    endloop
  endfacet
  facet normal 0 0 -1
    outer loop
      vertex 49.3494 71.0706 -7.57871e-07
      vertex 53 77.5 -7.57871e-07
      vertex 49.56 71.1421 -7.57871e-07
    endloop
  endfacet
  facet normal 0 0 -1
    outer loop
      vertex 49.15 70.9722 -7.57871e-07
      vertex 53 77.5 -7.57871e-07
      vertex 49.3494 71.0706 -7.57871e-07
    endloop
  endfacet
  facet normal 0 0 -1
    outer loop
      vertex 48.9651 70.8487 -7.57871e-07
      vertex 53 77.5 -7.57871e-07
      vertex 49.15 70.9722 -7.57871e-07
    endloop
  endfacet
  facet normal 0 0 -1
    outer loop
      vertex 48.7979 70.7021 -7.57871e-07
      vertex 53 77.5 -7.57871e-07
      vertex 48.9651 70.8487 -7.57871e-07
    endloop
  endfacet
  facet normal 0 0 -1
    outer loop
      vertex 31.2021 70.7021 -7.57871e-07
      vertex 48.7979 70.7021 -7.57871e-07
      vertex 48.6513 70.5349 -7.57871e-07
    endloop
  endfacet
  facet normal 0 0 -1
    outer loop
      vertex 31.3487 70.5349 -7.57871e-07
      vertex 48.6513 70.5349 -7.57871e-07
      vertex 48.5278 70.35 -7.57871e-07
    endloop
  endfacet
  facet normal 0 0 -1
    outer loop
      vertex 31.7 69.5 -7.57871e-07
      vertex 48.3145 69.7219 -7.57871e-07
      vertex 48.3 69.5 -7.57871e-07
    endloop
  endfacet
  facet normal 0 0 -1
    outer loop
      vertex 31.6855 69.7219 -7.57871e-07
      vertex 48.3145 69.7219 -7.57871e-07
      vertex 31.7 69.5 -7.57871e-07
    endloop
  endfacet
  facet normal 0 0 -1
    outer loop
      vertex 48.3145 69.7219 -7.57871e-07
      vertex 31.6855 69.7219 -7.57871e-07
      vertex 48.3579 69.94 -7.57871e-07
    endloop
  endfacet
  facet normal 0 0 -1
    outer loop
      vertex 31.6421 69.94 -7.57871e-07
      vertex 48.3579 69.94 -7.57871e-07
      vertex 31.6855 69.7219 -7.57871e-07
    endloop
  endfacet
  facet normal 0 0 -1
    outer loop
      vertex 48.3579 69.94 -7.57871e-07
      vertex 31.6421 69.94 -7.57871e-07
      vertex 48.4294 70.1506 -7.57871e-07
    endloop
  endfacet
  facet normal 0 0 -1
    outer loop
      vertex 31.5706 70.1506 -7.57871e-07
      vertex 48.4294 70.1506 -7.57871e-07
      vertex 31.6421 69.94 -7.57871e-07
    endloop
  endfacet
  facet normal 0 0 -1
    outer loop
      vertex 48.4294 70.1506 -7.57871e-07
      vertex 31.5706 70.1506 -7.57871e-07
      vertex 48.5278 70.35 -7.57871e-07
    endloop
  endfacet
  facet normal 0 0 -1
    outer loop
      vertex 31.4722 70.35 -7.57871e-07
      vertex 48.5278 70.35 -7.57871e-07
      vertex 31.5706 70.1506 -7.57871e-07
    endloop
  endfacet
  facet normal 0 0 -1
    outer loop
      vertex 31.3487 70.5349 -7.57871e-07
      vertex 48.5278 70.35 -7.57871e-07
      vertex 31.4722 70.35 -7.57871e-07
    endloop
  endfacet
  facet normal 0 0 -1
    outer loop
      vertex 48.6513 70.5349 -7.57871e-07
      vertex 31.3487 70.5349 -7.57871e-07
      vertex 31.2021 70.7021 -7.57871e-07
    endloop
  endfacet
  facet normal 0 0 -1
    outer loop
      vertex 48.7979 70.7021 -7.57871e-07
      vertex 31.2021 70.7021 -7.57871e-07
      vertex 53 77.5 -7.57871e-07
    endloop
  endfacet
  facet normal 0 0 -1
    outer loop
      vertex 31.0349 70.8487 -7.57871e-07
      vertex 53 77.5 -7.57871e-07
      vertex 31.2021 70.7021 -7.57871e-07
    endloop
  endfacet
  facet normal 0 0 -1
    outer loop
      vertex 30.85 70.9722 -7.57871e-07
      vertex 53 77.5 -7.57871e-07
      vertex 31.0349 70.8487 -7.57871e-07
    endloop
  endfacet
  facet normal 0 0 -1
    outer loop
      vertex 30.6506 71.0706 -7.57871e-07
      vertex 53 77.5 -7.57871e-07
      vertex 30.85 70.9722 -7.57871e-07
    endloop
  endfacet
  facet normal 0 0 -1
    outer loop
      vertex 30.44 71.1421 -7.57871e-07
      vertex 53 77.5 -7.57871e-07
      vertex 30.6506 71.0706 -7.57871e-07
    endloop
  endfacet
  facet normal 0 0 -1
    outer loop
      vertex 30.2219 71.1855 -7.57871e-07
      vertex 53 77.5 -7.57871e-07
      vertex 30.44 71.1421 -7.57871e-07
    endloop
  endfacet
  facet normal 0 0 -1
    outer loop
      vertex 30 71.2 -7.57871e-07
      vertex 53 77.5 -7.57871e-07
      vertex 30.2219 71.1855 -7.57871e-07
    endloop
  endfacet
  facet normal 0 0 -1
    outer loop
      vertex 29.7781 71.1855 -7.57871e-07
      vertex 53 77.5 -7.57871e-07
      vertex 30 71.2 -7.57871e-07
    endloop
  endfacet
  facet normal 0 0 -1
    outer loop
      vertex 29.56 71.1421 -7.57871e-07
      vertex 53 77.5 -7.57871e-07
      vertex 29.7781 71.1855 -7.57871e-07
    endloop
  endfacet
  facet normal 0 0 -1
    outer loop
      vertex 50.44 -67.8579 -7.57871e-07
      vertex 10.9743 -23.6084 -7.57871e-07
      vertex 10.8978 -23.2235 -7.57871e-07
    endloop
  endfacet
  facet normal 0 0 -1
    outer loop
      vertex 49.15 68.0278 -7.57871e-07
      vertex 30.85 68.0278 -7.57871e-07
      vertex 48.9651 68.1513 -7.57871e-07
    endloop
  endfacet
  facet normal -0 0 -1
    outer loop
      vertex 29.56 67.8579 -7.57871e-07
      vertex 8.39157 -21.0257 -7.57871e-07
      vertex 29.3494 67.9294 -7.57871e-07
    endloop
  endfacet
  facet normal 0 0 -1
    outer loop
      vertex 8 -21 -7.57871e-07
      vertex 29.3494 67.9294 -7.57871e-07
      vertex 8.39157 -21.0257 -7.57871e-07
    endloop
  endfacet
  facet normal -0 0 -1
    outer loop
      vertex 29.3494 67.9294 -7.57871e-07
      vertex 8 -21 -7.57871e-07
      vertex 29.15 68.0278 -7.57871e-07
    endloop
  endfacet
  facet normal -0 0 -1
    outer loop
      vertex 29.15 68.0278 -7.57871e-07
      vertex 8 -21 -7.57871e-07
      vertex 28.9651 68.1513 -7.57871e-07
    endloop
  endfacet
  facet normal 0 0 -1
    outer loop
      vertex -8 -21 -7.57871e-07
      vertex 28.9651 68.1513 -7.57871e-07
      vertex 8 -21 -7.57871e-07
    endloop
  endfacet
  facet normal 0 0 -1
    outer loop
      vertex -28.3 69.5 -7.57871e-07
      vertex 28.9651 68.1513 -7.57871e-07
      vertex -8 -21 -7.57871e-07
    endloop
  endfacet
  facet normal 0 0 -1
    outer loop
      vertex 28.9651 68.1513 -7.57871e-07
      vertex -28.3 69.5 -7.57871e-07
      vertex 28.7979 68.2979 -7.57871e-07
    endloop
  endfacet
  facet normal 0 0 -1
    outer loop
      vertex 28.7979 68.2979 -7.57871e-07
      vertex -28.3 69.5 -7.57871e-07
      vertex 28.6513 68.4651 -7.57871e-07
    endloop
  endfacet
  facet normal 0 0 -1
    outer loop
      vertex 28.6513 68.4651 -7.57871e-07
      vertex -28.3 69.5 -7.57871e-07
      vertex 28.5278 68.65 -7.57871e-07
    endloop
  endfacet
  facet normal 0 0 -1
    outer loop
      vertex 28.5278 68.65 -7.57871e-07
      vertex -28.3 69.5 -7.57871e-07
      vertex 28.4294 68.8494 -7.57871e-07
    endloop
  endfacet
  facet normal 0 0 -1
    outer loop
      vertex 28.4294 68.8494 -7.57871e-07
      vertex -28.3 69.5 -7.57871e-07
      vertex 28.3579 69.06 -7.57871e-07
    endloop
  endfacet
  facet normal 0 0 -1
    outer loop
      vertex 28.3579 69.06 -7.57871e-07
      vertex -28.3 69.5 -7.57871e-07
      vertex 28.3145 69.2781 -7.57871e-07
    endloop
  endfacet
  facet normal 0 0 -1
    outer loop
      vertex 28.3145 69.2781 -7.57871e-07
      vertex -28.3 69.5 -7.57871e-07
      vertex 28.3 69.5 -7.57871e-07
    endloop
  endfacet
  facet normal 0 0 -1
    outer loop
      vertex 28.3 69.5 -7.57871e-07
      vertex -28.3 69.5 -7.57871e-07
      vertex 28.3145 69.7219 -7.57871e-07
    endloop
  endfacet
  facet normal 0 0 -1
    outer loop
      vertex -28.3145 69.7219 -7.57871e-07
      vertex 28.3145 69.7219 -7.57871e-07
      vertex -28.3 69.5 -7.57871e-07
    endloop
  endfacet
  facet normal 0 0 -1
    outer loop
      vertex -28.3 69.5 -7.57871e-07
      vertex -8 -21 -7.57871e-07
      vertex -8.39157 -21.0257 -7.57871e-07
    endloop
  endfacet
  facet normal 0 0 -1
    outer loop
      vertex -28.3 69.5 -7.57871e-07
      vertex -8.39157 -21.0257 -7.57871e-07
      vertex -8.77646 -21.1022 -7.57871e-07
    endloop
  endfacet
  facet normal 0 0 -1
    outer loop
      vertex -28.3 69.5 -7.57871e-07
      vertex -8.77646 -21.1022 -7.57871e-07
      vertex -9.14806 -21.2284 -7.57871e-07
    endloop
  endfacet
  facet normal 0 0 -1
    outer loop
      vertex -28.3 69.5 -7.57871e-07
      vertex -9.14806 -21.2284 -7.57871e-07
      vertex -9.5 -21.4019 -7.57871e-07
    endloop
  endfacet
  facet normal 0 0 -1
    outer loop
      vertex -28.3 69.5 -7.57871e-07
      vertex -9.5 -21.4019 -7.57871e-07
      vertex -9.82628 -21.6199 -7.57871e-07
    endloop
  endfacet
  facet normal 0 0 -1
    outer loop
      vertex -28.3 69.5 -7.57871e-07
      vertex -9.82628 -21.6199 -7.57871e-07
      vertex -10.1213 -21.8787 -7.57871e-07
    endloop
  endfacet
  facet normal 0 0 -1
    outer loop
      vertex -28.3 69.5 -7.57871e-07
      vertex -10.1213 -21.8787 -7.57871e-07
      vertex -10.3801 -22.1737 -7.57871e-07
    endloop
  endfacet
  facet normal 0 0 -1
    outer loop
      vertex -28.3 69.5 -7.57871e-07
      vertex -10.3801 -22.1737 -7.57871e-07
      vertex -10.5981 -22.5 -7.57871e-07
    endloop
  endfacet
  facet normal 0 0 -1
    outer loop
      vertex -28.3 69.5 -7.57871e-07
      vertex -10.5981 -22.5 -7.57871e-07
      vertex -10.7716 -22.8519 -7.57871e-07
    endloop
  endfacet
  facet normal 0 0 -1
    outer loop
      vertex -28.3 69.5 -7.57871e-07
      vertex -10.9743 -23.6084 -7.57871e-07
      vertex -11 -24 -7.57871e-07
    endloop
  endfacet
  facet normal 0 0 -1
    outer loop
      vertex -28.3 69.5 -7.57871e-07
      vertex -10.8978 -23.2235 -7.57871e-07
      vertex -10.9743 -23.6084 -7.57871e-07
    endloop
  endfacet
  facet normal 0 0 -1
    outer loop
      vertex -28.3 69.5 -7.57871e-07
      vertex -10.7716 -22.8519 -7.57871e-07
      vertex -10.8978 -23.2235 -7.57871e-07
    endloop
  endfacet
  facet normal 0 0 -1
    outer loop
      vertex 28.3145 69.7219 -7.57871e-07
      vertex -28.3145 69.7219 -7.57871e-07
      vertex 28.3579 69.94 -7.57871e-07
    endloop
  endfacet
  facet normal 0 0 -1
    outer loop
      vertex -28.3579 69.94 -7.57871e-07
      vertex 28.3579 69.94 -7.57871e-07
      vertex -28.3145 69.7219 -7.57871e-07
    endloop
  endfacet
  facet normal 0 0 -1
    outer loop
      vertex 28.3579 69.94 -7.57871e-07
      vertex -28.3579 69.94 -7.57871e-07
      vertex 28.4294 70.1506 -7.57871e-07
    endloop
  endfacet
  facet normal 0 0 -1
    outer loop
      vertex -28.4294 70.1506 -7.57871e-07
      vertex 28.4294 70.1506 -7.57871e-07
      vertex -28.3579 69.94 -7.57871e-07
    endloop
  endfacet
  facet normal 0 0 -1
    outer loop
      vertex 28.4294 70.1506 -7.57871e-07
      vertex -28.4294 70.1506 -7.57871e-07
      vertex 28.5278 70.35 -7.57871e-07
    endloop
  endfacet
  facet normal 0 0 -1
    outer loop
      vertex -28.5278 70.35 -7.57871e-07
      vertex 28.5278 70.35 -7.57871e-07
      vertex -28.4294 70.1506 -7.57871e-07
    endloop
  endfacet
  facet normal 0 0 -1
    outer loop
      vertex 28.5278 70.35 -7.57871e-07
      vertex -28.5278 70.35 -7.57871e-07
      vertex 28.6513 70.5349 -7.57871e-07
    endloop
  endfacet
  facet normal 0 0 -1
    outer loop
      vertex -28.6513 70.5349 -7.57871e-07
      vertex 28.6513 70.5349 -7.57871e-07
      vertex -28.5278 70.35 -7.57871e-07
    endloop
  endfacet
  facet normal 0 0 -1
    outer loop
      vertex 28.6513 70.5349 -7.57871e-07
      vertex -28.6513 70.5349 -7.57871e-07
      vertex 28.7979 70.7021 -7.57871e-07
    endloop
  endfacet
  facet normal 0 0 -1
    outer loop
      vertex -28.7979 70.7021 -7.57871e-07
      vertex 28.7979 70.7021 -7.57871e-07
      vertex -28.6513 70.5349 -7.57871e-07
    endloop
  endfacet
  facet normal 0 0 -1
    outer loop
      vertex 28.7979 70.7021 -7.57871e-07
      vertex -28.7979 70.7021 -7.57871e-07
      vertex 28.9651 70.8487 -7.57871e-07
    endloop
  endfacet
  facet normal 0 0 -1
    outer loop
      vertex -28.9651 70.8487 -7.57871e-07
      vertex 28.9651 70.8487 -7.57871e-07
      vertex -28.7979 70.7021 -7.57871e-07
    endloop
  endfacet
  facet normal 0 0 -1
    outer loop
      vertex 28.9651 70.8487 -7.57871e-07
      vertex -28.9651 70.8487 -7.57871e-07
      vertex 29.15 70.9722 -7.57871e-07
    endloop
  endfacet
  facet normal 0 0 -1
    outer loop
      vertex -29.15 70.9722 -7.57871e-07
      vertex 29.15 70.9722 -7.57871e-07
      vertex -28.9651 70.8487 -7.57871e-07
    endloop
  endfacet
  facet normal 0 0 -1
    outer loop
      vertex 29.15 70.9722 -7.57871e-07
      vertex -29.15 70.9722 -7.57871e-07
      vertex 29.3494 71.0706 -7.57871e-07
    endloop
  endfacet
  facet normal 0 0 -1
    outer loop
      vertex -29.3494 71.0706 -7.57871e-07
      vertex 29.3494 71.0706 -7.57871e-07
      vertex -29.15 70.9722 -7.57871e-07
    endloop
  endfacet
  facet normal 0 0 -1
    outer loop
      vertex 29.3494 71.0706 -7.57871e-07
      vertex -29.3494 71.0706 -7.57871e-07
      vertex 29.56 71.1421 -7.57871e-07
    endloop
  endfacet
  facet normal 0 0 -1
    outer loop
      vertex -29.56 71.1421 -7.57871e-07
      vertex 29.56 71.1421 -7.57871e-07
      vertex -29.3494 71.0706 -7.57871e-07
    endloop
  endfacet
  facet normal 0 0 -1
    outer loop
      vertex 29.56 71.1421 -7.57871e-07
      vertex -29.56 71.1421 -7.57871e-07
      vertex 53 77.5 -7.57871e-07
    endloop
  endfacet
  facet normal 0 0 -1
    outer loop
      vertex -29.7781 71.1855 -7.57871e-07
      vertex 53 77.5 -7.57871e-07
      vertex -29.56 71.1421 -7.57871e-07
    endloop
  endfacet
  facet normal 0 0 -1
    outer loop
      vertex -53 77.5 -7.57871e-07
      vertex -29.7781 71.1855 -7.57871e-07
      vertex -30 71.2 -7.57871e-07
    endloop
  endfacet
  facet normal 0 0 -1
    outer loop
      vertex -53 77.5 -7.57871e-07
      vertex -30 71.2 -7.57871e-07
      vertex -30.2219 71.1855 -7.57871e-07
    endloop
  endfacet
  facet normal 0 0 -1
    outer loop
      vertex -31.6855 69.2781 -7.57871e-07
      vertex -48.3 69.5 -7.57871e-07
      vertex -31.7 69.5 -7.57871e-07
    endloop
  endfacet
  facet normal 0 0 -1
    outer loop
      vertex -31.7 69.5 -7.57871e-07
      vertex -48.3 69.5 -7.57871e-07
      vertex -31.6855 69.7219 -7.57871e-07
    endloop
  endfacet
  facet normal 0 0 -1
    outer loop
      vertex -48.3145 69.7219 -7.57871e-07
      vertex -31.6855 69.7219 -7.57871e-07
      vertex -48.3 69.5 -7.57871e-07
    endloop
  endfacet
  facet normal 0 0 -1
    outer loop
      vertex -31.6855 69.7219 -7.57871e-07
      vertex -48.3145 69.7219 -7.57871e-07
      vertex -31.6421 69.94 -7.57871e-07
    endloop
  endfacet
  facet normal 0 0 -1
    outer loop
      vertex -48.3579 69.94 -7.57871e-07
      vertex -31.6421 69.94 -7.57871e-07
      vertex -48.3145 69.7219 -7.57871e-07
    endloop
  endfacet
  facet normal 0 0 -1
    outer loop
      vertex -31.6421 69.94 -7.57871e-07
      vertex -48.3579 69.94 -7.57871e-07
      vertex -31.5706 70.1506 -7.57871e-07
    endloop
  endfacet
  facet normal 0 0 -1
    outer loop
      vertex -48.4294 70.1506 -7.57871e-07
      vertex -31.5706 70.1506 -7.57871e-07
      vertex -48.3579 69.94 -7.57871e-07
    endloop
  endfacet
  facet normal 0 0 -1
    outer loop
      vertex -31.5706 70.1506 -7.57871e-07
      vertex -48.4294 70.1506 -7.57871e-07
      vertex -31.4722 70.35 -7.57871e-07
    endloop
  endfacet
  facet normal 0 0 -1
    outer loop
      vertex -48.5278 70.35 -7.57871e-07
      vertex -31.4722 70.35 -7.57871e-07
      vertex -48.4294 70.1506 -7.57871e-07
    endloop
  endfacet
  facet normal 0 0 -1
    outer loop
      vertex -31.4722 70.35 -7.57871e-07
      vertex -48.5278 70.35 -7.57871e-07
      vertex -31.3487 70.5349 -7.57871e-07
    endloop
  endfacet
  facet normal 0 0 -1
    outer loop
      vertex -48.6513 70.5349 -7.57871e-07
      vertex -31.3487 70.5349 -7.57871e-07
      vertex -48.5278 70.35 -7.57871e-07
    endloop
  endfacet
  facet normal 0 0 -1
    outer loop
      vertex -31.3487 70.5349 -7.57871e-07
      vertex -48.6513 70.5349 -7.57871e-07
      vertex -31.2021 70.7021 -7.57871e-07
    endloop
  endfacet
  facet normal 0 0 -1
    outer loop
      vertex -48.7979 70.7021 -7.57871e-07
      vertex -31.2021 70.7021 -7.57871e-07
      vertex -48.6513 70.5349 -7.57871e-07
    endloop
  endfacet
  facet normal 0 0 -1
    outer loop
      vertex -31.2021 70.7021 -7.57871e-07
      vertex -48.7979 70.7021 -7.57871e-07
      vertex -31.0349 70.8487 -7.57871e-07
    endloop
  endfacet
  facet normal 0 0 -1
    outer loop
      vertex -53 77.5 -7.57871e-07
      vertex -31.0349 70.8487 -7.57871e-07
      vertex -48.7979 70.7021 -7.57871e-07
    endloop
  endfacet
  facet normal 0 0 -1
    outer loop
      vertex -31.0349 70.8487 -7.57871e-07
      vertex -53 77.5 -7.57871e-07
      vertex -30.85 70.9722 -7.57871e-07
    endloop
  endfacet
  facet normal 0 0 -1
    outer loop
      vertex -30.85 70.9722 -7.57871e-07
      vertex -53 77.5 -7.57871e-07
      vertex -30.6506 71.0706 -7.57871e-07
    endloop
  endfacet
  facet normal 0 0 -1
    outer loop
      vertex -30.6506 71.0706 -7.57871e-07
      vertex -53 77.5 -7.57871e-07
      vertex -30.44 71.1421 -7.57871e-07
    endloop
  endfacet
  facet normal 0 0 -1
    outer loop
      vertex -30.44 71.1421 -7.57871e-07
      vertex -53 77.5 -7.57871e-07
      vertex -30.2219 71.1855 -7.57871e-07
    endloop
  endfacet
  facet normal 0 0 -1
    outer loop
      vertex -53 77.5 -7.57871e-07
      vertex -48.7979 70.7021 -7.57871e-07
      vertex -48.9651 70.8487 -7.57871e-07
    endloop
  endfacet
  facet normal 0 0 -1
    outer loop
      vertex -53 77.5 -7.57871e-07
      vertex -48.9651 70.8487 -7.57871e-07
      vertex -49.15 70.9722 -7.57871e-07
    endloop
  endfacet
  facet normal 0 0 -1
    outer loop
      vertex -53 77.5 -7.57871e-07
      vertex -49.15 70.9722 -7.57871e-07
      vertex -49.3494 71.0706 -7.57871e-07
    endloop
  endfacet
  facet normal 0 0 -1
    outer loop
      vertex -53 77.5 -7.57871e-07
      vertex -49.3494 71.0706 -7.57871e-07
      vertex -49.56 71.1421 -7.57871e-07
    endloop
  endfacet
  facet normal 0 0 -1
    outer loop
      vertex -53 77.5 -7.57871e-07
      vertex -49.56 71.1421 -7.57871e-07
      vertex -49.7781 71.1855 -7.57871e-07
    endloop
  endfacet
  facet normal 0 0 -1
    outer loop
      vertex -53 77.5 -7.57871e-07
      vertex -49.7781 71.1855 -7.57871e-07
      vertex -50 71.2 -7.57871e-07
    endloop
  endfacet
  facet normal 0 0 -1
    outer loop
      vertex -29.7781 71.1855 -7.57871e-07
      vertex -53 77.5 -7.57871e-07
      vertex 53 77.5 -7.57871e-07
    endloop
  endfacet
  facet normal 0 0 -1
    outer loop
      vertex -50.2219 71.1855 -7.57871e-07
      vertex -53 77.5 -7.57871e-07
      vertex -50 71.2 -7.57871e-07
    endloop
  endfacet
  facet normal 0 0 -1
    outer loop
      vertex -50.44 71.1421 -7.57871e-07
      vertex -53 77.5 -7.57871e-07
      vertex -50.2219 71.1855 -7.57871e-07
    endloop
  endfacet
  facet normal 0 0 -1
    outer loop
      vertex -50.6506 71.0706 -7.57871e-07
      vertex -53 77.5 -7.57871e-07
      vertex -50.44 71.1421 -7.57871e-07
    endloop
  endfacet
  facet normal 0 0 -1
    outer loop
      vertex -50.85 70.9722 -7.57871e-07
      vertex -53 77.5 -7.57871e-07
      vertex -50.6506 71.0706 -7.57871e-07
    endloop
  endfacet
  facet normal 0 0 -1
    outer loop
      vertex -51.0349 70.8487 -7.57871e-07
      vertex -53 77.5 -7.57871e-07
      vertex -50.85 70.9722 -7.57871e-07
    endloop
  endfacet
  facet normal 0 0 -1
    outer loop
      vertex -54.5529 77.2955 -7.57871e-07
      vertex -51.0349 70.8487 -7.57871e-07
      vertex -51.2021 70.7021 -7.57871e-07
    endloop
  endfacet
  facet normal 0 0 -1
    outer loop
      vertex -56.6526 76.2601 -7.57871e-07
      vertex -51.2021 70.7021 -7.57871e-07
      vertex -51.3487 70.5349 -7.57871e-07
    endloop
  endfacet
  facet normal 0 0 -1
    outer loop
      vertex -57.7601 75.1526 -7.57871e-07
      vertex -51.3487 70.5349 -7.57871e-07
      vertex -51.4722 70.35 -7.57871e-07
    endloop
  endfacet
  facet normal 0 0 -1
    outer loop
      vertex -58.7955 73.0529 -7.57871e-07
      vertex -51.4722 70.35 -7.57871e-07
      vertex -51.5706 70.1506 -7.57871e-07
    endloop
  endfacet
  facet normal 0 0 -1
    outer loop
      vertex -59 71.5 -7.57871e-07
      vertex -51.5706 70.1506 -7.57871e-07
      vertex -51.6421 69.94 -7.57871e-07
    endloop
  endfacet
  facet normal 0 0 -1
    outer loop
      vertex -59 71.5 -7.57871e-07
      vertex -51.6421 69.94 -7.57871e-07
      vertex -51.6855 69.7219 -7.57871e-07
    endloop
  endfacet
  facet normal 0 0 -1
    outer loop
      vertex -59 71.5 -7.57871e-07
      vertex -51.6855 69.7219 -7.57871e-07
      vertex -51.7 69.5 -7.57871e-07
    endloop
  endfacet
  facet normal 0 0 -1
    outer loop
      vertex -51.6421 69.06 -7.57871e-07
      vertex -59 71.5 -7.57871e-07
      vertex -51.6855 69.2781 -7.57871e-07
    endloop
  endfacet
  facet normal 0 0 -1
    outer loop
      vertex -57.7601 -75.1526 -7.57871e-07
      vertex -51.3487 -70.5349 -7.57871e-07
      vertex -57.2426 -75.7426 -7.57871e-07
    endloop
  endfacet
  facet normal 0 0 -1
    outer loop
      vertex -51.6855 69.2781 -7.57871e-07
      vertex -59 71.5 -7.57871e-07
      vertex -51.7 69.5 -7.57871e-07
    endloop
  endfacet
  facet normal -0 0 -1
    outer loop
      vertex -51.3487 -70.5349 -7.57871e-07
      vertex -57.7601 -75.1526 -7.57871e-07
      vertex -51.4722 -70.35 -7.57871e-07
    endloop
  endfacet
  facet normal 0 0 -1
    outer loop
      vertex -51.5706 70.1506 -7.57871e-07
      vertex -59 71.5 -7.57871e-07
      vertex -58.9487 72.2832 -7.57871e-07
    endloop
  endfacet
  facet normal 0 0 -1
    outer loop
      vertex -58.1962 -74.5 -7.57871e-07
      vertex -51.4722 -70.35 -7.57871e-07
      vertex -57.7601 -75.1526 -7.57871e-07
    endloop
  endfacet
  facet normal 0 0 -1
    outer loop
      vertex -51.0349 70.8487 -7.57871e-07
      vertex -53.7832 77.4487 -7.57871e-07
      vertex -53 77.5 -7.57871e-07
    endloop
  endfacet
  facet normal 0 0 -1
    outer loop
      vertex -58.5433 -73.7961 -7.57871e-07
      vertex -51.4722 -70.35 -7.57871e-07
      vertex -58.1962 -74.5 -7.57871e-07
    endloop
  endfacet
  facet normal 0 0 -1
    outer loop
      vertex -51.0349 70.8487 -7.57871e-07
      vertex -54.5529 77.2955 -7.57871e-07
      vertex -53.7832 77.4487 -7.57871e-07
    endloop
  endfacet
  facet normal 0 0 -1
    outer loop
      vertex -58.7955 -73.0529 -7.57871e-07
      vertex -51.4722 -70.35 -7.57871e-07
      vertex -58.5433 -73.7961 -7.57871e-07
    endloop
  endfacet
  facet normal 0 0 -1
    outer loop
      vertex -51.2021 70.7021 -7.57871e-07
      vertex -55.2961 77.0433 -7.57871e-07
      vertex -54.5529 77.2955 -7.57871e-07
    endloop
  endfacet
  facet normal -0 0 -1
    outer loop
      vertex -51.4722 -70.35 -7.57871e-07
      vertex -58.7955 -73.0529 -7.57871e-07
      vertex -51.5706 -70.1506 -7.57871e-07
    endloop
  endfacet
  facet normal 0 0 -1
    outer loop
      vertex -51.2021 70.7021 -7.57871e-07
      vertex -56 76.6962 -7.57871e-07
      vertex -55.2961 77.0433 -7.57871e-07
    endloop
  endfacet
  facet normal 0 0 -1
    outer loop
      vertex -58.9487 -72.2832 -7.57871e-07
      vertex -51.5706 -70.1506 -7.57871e-07
      vertex -58.7955 -73.0529 -7.57871e-07
    endloop
  endfacet
  facet normal 0 0 -1
    outer loop
      vertex -51.2021 70.7021 -7.57871e-07
      vertex -56.6526 76.2601 -7.57871e-07
      vertex -56 76.6962 -7.57871e-07
    endloop
  endfacet
  facet normal 0 0 -1
    outer loop
      vertex -59 -71.5 -7.57871e-07
      vertex -51.5706 -70.1506 -7.57871e-07
      vertex -58.9487 -72.2832 -7.57871e-07
    endloop
  endfacet
  facet normal 0 0 -1
    outer loop
      vertex -51.3487 70.5349 -7.57871e-07
      vertex -57.2426 75.7426 -7.57871e-07
      vertex -56.6526 76.2601 -7.57871e-07
    endloop
  endfacet
  facet normal -0 0 -1
    outer loop
      vertex -51.5706 -70.1506 -7.57871e-07
      vertex -59 -71.5 -7.57871e-07
      vertex -51.6421 -69.94 -7.57871e-07
    endloop
  endfacet
  facet normal 0 0 -1
    outer loop
      vertex -51.3487 70.5349 -7.57871e-07
      vertex -57.7601 75.1526 -7.57871e-07
      vertex -57.2426 75.7426 -7.57871e-07
    endloop
  endfacet
  facet normal -0 0 -1
    outer loop
      vertex -51.6421 -69.94 -7.57871e-07
      vertex -59 -71.5 -7.57871e-07
      vertex -51.6855 -69.7219 -7.57871e-07
    endloop
  endfacet
  facet normal 0 0 -1
    outer loop
      vertex -51.4722 70.35 -7.57871e-07
      vertex -58.1962 74.5 -7.57871e-07
      vertex -57.7601 75.1526 -7.57871e-07
    endloop
  endfacet
  facet normal -0 0 -1
    outer loop
      vertex -51.6855 -69.7219 -7.57871e-07
      vertex -59 -71.5 -7.57871e-07
      vertex -51.7 -69.5 -7.57871e-07
    endloop
  endfacet
  facet normal 0 0 -1
    outer loop
      vertex -51.4722 70.35 -7.57871e-07
      vertex -58.5433 73.7961 -7.57871e-07
      vertex -58.1962 74.5 -7.57871e-07
    endloop
  endfacet
  facet normal 0 0 -1
    outer loop
      vertex -51.4722 70.35 -7.57871e-07
      vertex -58.7955 73.0529 -7.57871e-07
      vertex -58.5433 73.7961 -7.57871e-07
    endloop
  endfacet
  facet normal 0 0 -1
    outer loop
      vertex -51.5706 70.1506 -7.57871e-07
      vertex -58.9487 72.2832 -7.57871e-07
      vertex -58.7955 73.0529 -7.57871e-07
    endloop
  endfacet
  facet normal -0.946962 -0.321345 0
    outer loop
      vertex -58.5433 -73.7961 -7.57871e-07
      vertex -58.7955 -73.0529 3
      vertex -58.7955 -73.0529 -7.57871e-07
    endloop
  endfacet
  facet normal -0.946962 -0.321345 0
    outer loop
      vertex -58.7955 -73.0529 3
      vertex -58.5433 -73.7961 -7.57871e-07
      vertex -58.5433 -73.7961 3
    endloop
  endfacet
  facet normal 0.98077 -0.195165 0
    outer loop
      vertex 48.3145 -69.2781 3
      vertex 48.3579 -69.06 -7.57871e-07
      vertex 48.3579 -69.06 3
    endloop
  endfacet
  facet normal 0.98077 -0.195165 0
    outer loop
      vertex 48.3579 -69.06 -7.57871e-07
      vertex 48.3145 -69.2781 3
      vertex 48.3145 -69.2781 -7.57871e-07
    endloop
  endfacet
  facet normal 0.997872 -0.0652057 0
    outer loop
      vertex 48.3 -69.5 3
      vertex 48.3145 -69.2781 -7.57871e-07
      vertex 48.3145 -69.2781 3
    endloop
  endfacet
  facet normal 0.997872 -0.0652057 0
    outer loop
      vertex 48.3145 -69.2781 -7.57871e-07
      vertex 48.3 -69.5 3
      vertex 48.3 -69.5 -7.57871e-07
    endloop
  endfacet
  facet normal 0.0652057 0.997872 -0
    outer loop
      vertex 50 -71.2 -7.57871e-07
      vertex 49.7781 -71.1855 3
      vertex 50 -71.2 3
    endloop
  endfacet
  facet normal 0.0652057 0.997872 0
    outer loop
      vertex 49.7781 -71.1855 3
      vertex 50 -71.2 -7.57871e-07
      vertex 49.7781 -71.1855 -7.57871e-07
    endloop
  endfacet
  facet normal -0.659268 -0.751908 0
    outer loop
      vertex 51.0349 -68.1513 -7.57871e-07
      vertex 51.2021 -68.2979 3
      vertex 51.0349 -68.1513 3
    endloop
  endfacet
  facet normal -0.659268 -0.751908 -0
    outer loop
      vertex 51.2021 -68.2979 3
      vertex 51.0349 -68.1513 -7.57871e-07
      vertex 51.2021 -68.2979 -7.57871e-07
    endloop
  endfacet
  facet normal -0.831566 0.555426 0
    outer loop
      vertex 51.3487 -70.5349 -7.57871e-07
      vertex 51.4722 -70.35 3
      vertex 51.4722 -70.35 -7.57871e-07
    endloop
  endfacet
  facet normal -0.831566 0.555426 0
    outer loop
      vertex 51.4722 -70.35 3
      vertex 51.3487 -70.5349 -7.57871e-07
      vertex 51.3487 -70.5349 3
    endloop
  endfacet
  facet normal -0.195165 0.98077 0
    outer loop
      vertex 50.44 -71.1421 -7.57871e-07
      vertex 50.2219 -71.1855 3
      vertex 50.44 -71.1421 3
    endloop
  endfacet
  facet normal -0.195165 0.98077 0
    outer loop
      vertex 50.2219 -71.1855 3
      vertex 50.44 -71.1421 -7.57871e-07
      vertex 50.2219 -71.1855 -7.57871e-07
    endloop
  endfacet
  facet normal 0.659268 -0.751908 0
    outer loop
      vertex 48.7979 -68.2979 -7.57871e-07
      vertex 48.9651 -68.1513 3
      vertex 48.7979 -68.2979 3
    endloop
  endfacet
  facet normal 0.659268 -0.751908 0
    outer loop
      vertex 48.9651 -68.1513 3
      vertex 48.7979 -68.2979 -7.57871e-07
      vertex 48.9651 -68.1513 -7.57871e-07
    endloop
  endfacet
  facet normal 0.946915 0.321484 0
    outer loop
      vertex 48.4294 -70.1506 3
      vertex 48.3579 -69.94 -7.57871e-07
      vertex 48.3579 -69.94 3
    endloop
  endfacet
  facet normal 0.946915 0.321484 0
    outer loop
      vertex 48.3579 -69.94 -7.57871e-07
      vertex 48.4294 -70.1506 3
      vertex 48.4294 -70.1506 -7.57871e-07
    endloop
  endfacet
  facet normal 0.751908 0.659268 0
    outer loop
      vertex 48.7979 -70.7021 3
      vertex 48.6513 -70.5349 -7.57871e-07
      vertex 48.6513 -70.5349 3
    endloop
  endfacet
  facet normal 0.751908 0.659268 0
    outer loop
      vertex 48.6513 -70.5349 -7.57871e-07
      vertex 48.7979 -70.7021 3
      vertex 48.7979 -70.7021 -7.57871e-07
    endloop
  endfacet
  facet normal 0.751908 -0.659268 0
    outer loop
      vertex 48.6513 -68.4651 3
      vertex 48.7979 -68.2979 -7.57871e-07
      vertex 48.7979 -68.2979 3
    endloop
  endfacet
  facet normal 0.751908 -0.659268 0
    outer loop
      vertex 48.7979 -68.2979 -7.57871e-07
      vertex 48.6513 -68.4651 3
      vertex 48.6513 -68.4651 -7.57871e-07
    endloop
  endfacet
  facet normal -0.946915 0.321484 0
    outer loop
      vertex 51.5706 -70.1506 -7.57871e-07
      vertex 51.6421 -69.94 3
      vertex 51.6421 -69.94 -7.57871e-07
    endloop
  endfacet
  facet normal -0.946915 0.321484 0
    outer loop
      vertex 51.6421 -69.94 3
      vertex 51.5706 -70.1506 -7.57871e-07
      vertex 51.5706 -70.1506 3
    endloop
  endfacet
  facet normal 0.321484 0.946915 -0
    outer loop
      vertex 49.56 -71.1421 -7.57871e-07
      vertex 49.3494 -71.0706 3
      vertex 49.56 -71.1421 3
    endloop
  endfacet
  facet normal 0.321484 0.946915 0
    outer loop
      vertex 49.3494 -71.0706 3
      vertex 49.56 -71.1421 -7.57871e-07
      vertex 49.3494 -71.0706 -7.57871e-07
    endloop
  endfacet
  facet normal -0.0652057 0.997872 0
    outer loop
      vertex 50.2219 -71.1855 -7.57871e-07
      vertex 50 -71.2 3
      vertex 50.2219 -71.1855 3
    endloop
  endfacet
  facet normal -0.0652057 0.997872 0
    outer loop
      vertex 50 -71.2 3
      vertex 50.2219 -71.1855 -7.57871e-07
      vertex 50 -71.2 -7.57871e-07
    endloop
  endfacet
  facet normal -0.321484 -0.946915 0
    outer loop
      vertex 50.44 -67.8579 -7.57871e-07
      vertex 50.6506 -67.9294 3
      vertex 50.44 -67.8579 3
    endloop
  endfacet
  facet normal -0.321484 -0.946915 -0
    outer loop
      vertex 50.6506 -67.9294 3
      vertex 50.44 -67.8579 -7.57871e-07
      vertex 50.6506 -67.9294 -7.57871e-07
    endloop
  endfacet
  facet normal 0.946915 -0.321484 0
    outer loop
      vertex 48.3579 -69.06 3
      vertex 48.4294 -68.8494 -7.57871e-07
      vertex 48.4294 -68.8494 3
    endloop
  endfacet
  facet normal 0.946915 -0.321484 0
    outer loop
      vertex 48.4294 -68.8494 -7.57871e-07
      vertex 48.3579 -69.06 3
      vertex 48.3579 -69.06 -7.57871e-07
    endloop
  endfacet
  facet normal -0.751908 -0.659268 0
    outer loop
      vertex 51.3487 -68.4651 -7.57871e-07
      vertex 51.2021 -68.2979 3
      vertex 51.2021 -68.2979 -7.57871e-07
    endloop
  endfacet
  facet normal -0.751908 -0.659268 0
    outer loop
      vertex 51.2021 -68.2979 3
      vertex 51.3487 -68.4651 -7.57871e-07
      vertex 51.3487 -68.4651 3
    endloop
  endfacet
  facet normal -0.44253 0.896754 0
    outer loop
      vertex 50.85 -70.9722 -7.57871e-07
      vertex 50.6506 -71.0706 3
      vertex 50.85 -70.9722 3
    endloop
  endfacet
  facet normal -0.44253 0.896754 0
    outer loop
      vertex 50.6506 -71.0706 3
      vertex 50.85 -70.9722 -7.57871e-07
      vertex 50.6506 -71.0706 -7.57871e-07
    endloop
  endfacet
  facet normal -0.0652057 -0.997872 0
    outer loop
      vertex 50 -67.8 -7.57871e-07
      vertex 50.2219 -67.8145 3
      vertex 50 -67.8 3
    endloop
  endfacet
  facet normal -0.0652057 -0.997872 -0
    outer loop
      vertex 50.2219 -67.8145 3
      vertex 50 -67.8 -7.57871e-07
      vertex 50.2219 -67.8145 -7.57871e-07
    endloop
  endfacet
  facet normal 0.896754 0.44253 0
    outer loop
      vertex 48.5278 -70.35 3
      vertex 48.4294 -70.1506 -7.57871e-07
      vertex 48.4294 -70.1506 3
    endloop
  endfacet
  facet normal 0.896754 0.44253 0
    outer loop
      vertex 48.4294 -70.1506 -7.57871e-07
      vertex 48.5278 -70.35 3
      vertex 48.5278 -70.35 -7.57871e-07
    endloop
  endfacet
  facet normal 0.555426 0.831566 -0
    outer loop
      vertex 49.15 -70.9722 -7.57871e-07
      vertex 48.9651 -70.8487 3
      vertex 49.15 -70.9722 3
    endloop
  endfacet
  facet normal 0.555426 0.831566 0
    outer loop
      vertex 48.9651 -70.8487 3
      vertex 49.15 -70.9722 -7.57871e-07
      vertex 48.9651 -70.8487 -7.57871e-07
    endloop
  endfacet
  facet normal -0.98077 0.195165 0
    outer loop
      vertex 51.6421 -69.94 -7.57871e-07
      vertex 51.6855 -69.7219 3
      vertex 51.6855 -69.7219 -7.57871e-07
    endloop
  endfacet
  facet normal -0.98077 0.195165 0
    outer loop
      vertex 51.6855 -69.7219 3
      vertex 51.6421 -69.94 -7.57871e-07
      vertex 51.6421 -69.94 3
    endloop
  endfacet
  facet normal 0.195165 -0.98077 0
    outer loop
      vertex 49.56 -67.8579 -7.57871e-07
      vertex 49.7781 -67.8145 3
      vertex 49.56 -67.8579 3
    endloop
  endfacet
  facet normal 0.195165 -0.98077 0
    outer loop
      vertex 49.7781 -67.8145 3
      vertex 49.56 -67.8579 -7.57871e-07
      vertex 49.7781 -67.8145 -7.57871e-07
    endloop
  endfacet
  facet normal 0.831566 -0.555426 0
    outer loop
      vertex 48.5278 -68.65 3
      vertex 48.6513 -68.4651 -7.57871e-07
      vertex 48.6513 -68.4651 3
    endloop
  endfacet
  facet normal 0.831566 -0.555426 0
    outer loop
      vertex 48.6513 -68.4651 -7.57871e-07
      vertex 48.5278 -68.65 3
      vertex 48.5278 -68.65 -7.57871e-07
    endloop
  endfacet
  facet normal 0.997872 0.0652057 0
    outer loop
      vertex 48.3145 -69.7219 3
      vertex 48.3 -69.5 -7.57871e-07
      vertex 48.3 -69.5 3
    endloop
  endfacet
  facet normal 0.997872 0.0652057 0
    outer loop
      vertex 48.3 -69.5 -7.57871e-07
      vertex 48.3145 -69.7219 3
      vertex 48.3145 -69.7219 -7.57871e-07
    endloop
  endfacet
  facet normal 0.321484 -0.946915 0
    outer loop
      vertex 49.3494 -67.9294 -7.57871e-07
      vertex 49.56 -67.8579 3
      vertex 49.3494 -67.9294 3
    endloop
  endfacet
  facet normal 0.321484 -0.946915 0
    outer loop
      vertex 49.56 -67.8579 3
      vertex 49.3494 -67.9294 -7.57871e-07
      vertex 49.56 -67.8579 -7.57871e-07
    endloop
  endfacet
  facet normal 0.555426 -0.831566 0
    outer loop
      vertex 48.9651 -68.1513 -7.57871e-07
      vertex 49.15 -68.0278 3
      vertex 48.9651 -68.1513 3
    endloop
  endfacet
  facet normal 0.555426 -0.831566 0
    outer loop
      vertex 49.15 -68.0278 3
      vertex 48.9651 -68.1513 -7.57871e-07
      vertex 49.15 -68.0278 -7.57871e-07
    endloop
  endfacet
  facet normal -0.195165 -0.98077 0
    outer loop
      vertex 50.2219 -67.8145 -7.57871e-07
      vertex 50.44 -67.8579 3
      vertex 50.2219 -67.8145 3
    endloop
  endfacet
  facet normal -0.195165 -0.98077 -0
    outer loop
      vertex 50.44 -67.8579 3
      vertex 50.2219 -67.8145 -7.57871e-07
      vertex 50.44 -67.8579 -7.57871e-07
    endloop
  endfacet
  facet normal 0.659268 0.751908 -0
    outer loop
      vertex 48.9651 -70.8487 -7.57871e-07
      vertex 48.7979 -70.7021 3
      vertex 48.9651 -70.8487 3
    endloop
  endfacet
  facet normal 0.659268 0.751908 0
    outer loop
      vertex 48.7979 -70.7021 3
      vertex 48.9651 -70.8487 -7.57871e-07
      vertex 48.7979 -70.7021 -7.57871e-07
    endloop
  endfacet
  facet normal -0.896754 -0.44253 0
    outer loop
      vertex 51.5706 -68.8494 -7.57871e-07
      vertex 51.4722 -68.65 3
      vertex 51.4722 -68.65 -7.57871e-07
    endloop
  endfacet
  facet normal -0.896754 -0.44253 0
    outer loop
      vertex 51.4722 -68.65 3
      vertex 51.5706 -68.8494 -7.57871e-07
      vertex 51.5706 -68.8494 3
    endloop
  endfacet
  facet normal 0.98077 0.195165 0
    outer loop
      vertex 48.3579 -69.94 3
      vertex 48.3145 -69.7219 -7.57871e-07
      vertex 48.3145 -69.7219 3
    endloop
  endfacet
  facet normal 0.98077 0.195165 0
    outer loop
      vertex 48.3145 -69.7219 -7.57871e-07
      vertex 48.3579 -69.94 3
      vertex 48.3579 -69.94 -7.57871e-07
    endloop
  endfacet
  facet normal 0.195165 0.98077 -0
    outer loop
      vertex 49.7781 -71.1855 -7.57871e-07
      vertex 49.56 -71.1421 3
      vertex 49.7781 -71.1855 3
    endloop
  endfacet
  facet normal 0.195165 0.98077 0
    outer loop
      vertex 49.56 -71.1421 3
      vertex 49.7781 -71.1855 -7.57871e-07
      vertex 49.56 -71.1421 -7.57871e-07
    endloop
  endfacet
  facet normal -0.659268 0.751908 0
    outer loop
      vertex 51.2021 -70.7021 -7.57871e-07
      vertex 51.0349 -70.8487 3
      vertex 51.2021 -70.7021 3
    endloop
  endfacet
  facet normal -0.659268 0.751908 0
    outer loop
      vertex 51.0349 -70.8487 3
      vertex 51.2021 -70.7021 -7.57871e-07
      vertex 51.0349 -70.8487 -7.57871e-07
    endloop
  endfacet
  facet normal -0.751908 0.659268 0
    outer loop
      vertex 51.2021 -70.7021 -7.57871e-07
      vertex 51.3487 -70.5349 3
      vertex 51.3487 -70.5349 -7.57871e-07
    endloop
  endfacet
  facet normal -0.751908 0.659268 0
    outer loop
      vertex 51.3487 -70.5349 3
      vertex 51.2021 -70.7021 -7.57871e-07
      vertex 51.2021 -70.7021 3
    endloop
  endfacet
  facet normal 0.0652057 -0.997872 0
    outer loop
      vertex 49.7781 -67.8145 -7.57871e-07
      vertex 50 -67.8 3
      vertex 49.7781 -67.8145 3
    endloop
  endfacet
  facet normal 0.0652057 -0.997872 0
    outer loop
      vertex 50 -67.8 3
      vertex 49.7781 -67.8145 -7.57871e-07
      vertex 50 -67.8 -7.57871e-07
    endloop
  endfacet
  facet normal 0.44253 -0.896754 0
    outer loop
      vertex 49.15 -68.0278 -7.57871e-07
      vertex 49.3494 -67.9294 3
      vertex 49.15 -68.0278 3
    endloop
  endfacet
  facet normal 0.44253 -0.896754 0
    outer loop
      vertex 49.3494 -67.9294 3
      vertex 49.15 -68.0278 -7.57871e-07
      vertex 49.3494 -67.9294 -7.57871e-07
    endloop
  endfacet
  facet normal 0.831566 0.555426 0
    outer loop
      vertex 48.6513 -70.5349 3
      vertex 48.5278 -70.35 -7.57871e-07
      vertex 48.5278 -70.35 3
    endloop
  endfacet
  facet normal 0.831566 0.555426 0
    outer loop
      vertex 48.5278 -70.35 -7.57871e-07
      vertex 48.6513 -70.5349 3
      vertex 48.6513 -70.5349 -7.57871e-07
    endloop
  endfacet
  facet normal -0.997872 0.0652057 0
    outer loop
      vertex 51.6855 -69.7219 -7.57871e-07
      vertex 51.7 -69.5 3
      vertex 51.7 -69.5 -7.57871e-07
    endloop
  endfacet
  facet normal -0.997872 0.0652057 0
    outer loop
      vertex 51.7 -69.5 3
      vertex 51.6855 -69.7219 -7.57871e-07
      vertex 51.6855 -69.7219 3
    endloop
  endfacet
  facet normal 0.44253 0.896754 -0
    outer loop
      vertex 49.3494 -71.0706 -7.57871e-07
      vertex 49.15 -70.9722 3
      vertex 49.3494 -71.0706 3
    endloop
  endfacet
  facet normal 0.44253 0.896754 0
    outer loop
      vertex 49.15 -70.9722 3
      vertex 49.3494 -71.0706 -7.57871e-07
      vertex 49.15 -70.9722 -7.57871e-07
    endloop
  endfacet
  facet normal -0.98077 -0.195165 0
    outer loop
      vertex 51.6855 -69.2781 -7.57871e-07
      vertex 51.6421 -69.06 3
      vertex 51.6421 -69.06 -7.57871e-07
    endloop
  endfacet
  facet normal -0.98077 -0.195165 0
    outer loop
      vertex 51.6421 -69.06 3
      vertex 51.6855 -69.2781 -7.57871e-07
      vertex 51.6855 -69.2781 3
    endloop
  endfacet
  facet normal -0.896754 0.44253 0
    outer loop
      vertex 51.4722 -70.35 -7.57871e-07
      vertex 51.5706 -70.1506 3
      vertex 51.5706 -70.1506 -7.57871e-07
    endloop
  endfacet
  facet normal -0.896754 0.44253 0
    outer loop
      vertex 51.5706 -70.1506 3
      vertex 51.4722 -70.35 -7.57871e-07
      vertex 51.4722 -70.35 3
    endloop
  endfacet
  facet normal -0.946915 -0.321484 0
    outer loop
      vertex 51.6421 -69.06 -7.57871e-07
      vertex 51.5706 -68.8494 3
      vertex 51.5706 -68.8494 -7.57871e-07
    endloop
  endfacet
  facet normal -0.946915 -0.321484 0
    outer loop
      vertex 51.5706 -68.8494 3
      vertex 51.6421 -69.06 -7.57871e-07
      vertex 51.6421 -69.06 3
    endloop
  endfacet
  facet normal -0.555426 -0.831566 0
    outer loop
      vertex 50.85 -68.0278 -7.57871e-07
      vertex 51.0349 -68.1513 3
      vertex 50.85 -68.0278 3
    endloop
  endfacet
  facet normal -0.555426 -0.831566 -0
    outer loop
      vertex 51.0349 -68.1513 3
      vertex 50.85 -68.0278 -7.57871e-07
      vertex 51.0349 -68.1513 -7.57871e-07
    endloop
  endfacet
  facet normal 0.896754 -0.44253 0
    outer loop
      vertex 48.4294 -68.8494 3
      vertex 48.5278 -68.65 -7.57871e-07
      vertex 48.5278 -68.65 3
    endloop
  endfacet
  facet normal 0.896754 -0.44253 0
    outer loop
      vertex 48.5278 -68.65 -7.57871e-07
      vertex 48.4294 -68.8494 3
      vertex 48.4294 -68.8494 -7.57871e-07
    endloop
  endfacet
  facet normal -0.997872 -0.0652057 0
    outer loop
      vertex 51.7 -69.5 -7.57871e-07
      vertex 51.6855 -69.2781 3
      vertex 51.6855 -69.2781 -7.57871e-07
    endloop
  endfacet
  facet normal -0.997872 -0.0652057 0
    outer loop
      vertex 51.6855 -69.2781 3
      vertex 51.7 -69.5 -7.57871e-07
      vertex 51.7 -69.5 3
    endloop
  endfacet
  facet normal -0.321484 0.946915 0
    outer loop
      vertex 50.6506 -71.0706 -7.57871e-07
      vertex 50.44 -71.1421 3
      vertex 50.6506 -71.0706 3
    endloop
  endfacet
  facet normal -0.321484 0.946915 0
    outer loop
      vertex 50.44 -71.1421 3
      vertex 50.6506 -71.0706 -7.57871e-07
      vertex 50.44 -71.1421 -7.57871e-07
    endloop
  endfacet
  facet normal -0.44253 -0.896754 0
    outer loop
      vertex 50.6506 -67.9294 -7.57871e-07
      vertex 50.85 -68.0278 3
      vertex 50.6506 -67.9294 3
    endloop
  endfacet
  facet normal -0.44253 -0.896754 -0
    outer loop
      vertex 50.85 -68.0278 3
      vertex 50.6506 -67.9294 -7.57871e-07
      vertex 50.85 -68.0278 -7.57871e-07
    endloop
  endfacet
  facet normal -0.831566 -0.555426 0
    outer loop
      vertex 51.4722 -68.65 -7.57871e-07
      vertex 51.3487 -68.4651 3
      vertex 51.3487 -68.4651 -7.57871e-07
    endloop
  endfacet
  facet normal -0.831566 -0.555426 0
    outer loop
      vertex 51.3487 -68.4651 3
      vertex 51.4722 -68.65 -7.57871e-07
      vertex 51.4722 -68.65 3
    endloop
  endfacet
  facet normal -0.555426 0.831566 0
    outer loop
      vertex 51.0349 -70.8487 -7.57871e-07
      vertex 50.85 -70.9722 3
      vertex 51.0349 -70.8487 3
    endloop
  endfacet
  facet normal -0.555426 0.831566 0
    outer loop
      vertex 50.85 -70.9722 3
      vertex 51.0349 -70.8487 -7.57871e-07
      vertex 50.85 -70.9722 -7.57871e-07
    endloop
  endfacet
  facet normal 0.98077 -0.195165 0
    outer loop
      vertex 48.3145 69.7219 3
      vertex 48.3579 69.94 -7.57871e-07
      vertex 48.3579 69.94 3
    endloop
  endfacet
  facet normal 0.98077 -0.195165 0
    outer loop
      vertex 48.3579 69.94 -7.57871e-07
      vertex 48.3145 69.7219 3
      vertex 48.3145 69.7219 -7.57871e-07
    endloop
  endfacet
  facet normal 0.997872 -0.0652057 0
    outer loop
      vertex 48.3 69.5 3
      vertex 48.3145 69.7219 -7.57871e-07
      vertex 48.3145 69.7219 3
    endloop
  endfacet
  facet normal 0.997872 -0.0652057 0
    outer loop
      vertex 48.3145 69.7219 -7.57871e-07
      vertex 48.3 69.5 3
      vertex 48.3 69.5 -7.57871e-07
    endloop
  endfacet
  facet normal -0.44253 -0.896754 0
    outer loop
      vertex 50.6506 71.0706 -7.57871e-07
      vertex 50.85 70.9722 3
      vertex 50.6506 71.0706 3
    endloop
  endfacet
  facet normal -0.44253 -0.896754 -0
    outer loop
      vertex 50.85 70.9722 3
      vertex 50.6506 71.0706 -7.57871e-07
      vertex 50.85 70.9722 -7.57871e-07
    endloop
  endfacet
  facet normal 0.555426 -0.831566 0
    outer loop
      vertex 48.9651 70.8487 -7.57871e-07
      vertex 49.15 70.9722 3
      vertex 48.9651 70.8487 3
    endloop
  endfacet
  facet normal 0.555426 -0.831566 0
    outer loop
      vertex 49.15 70.9722 3
      vertex 48.9651 70.8487 -7.57871e-07
      vertex 49.15 70.9722 -7.57871e-07
    endloop
  endfacet
  facet normal -0.659268 -0.751908 0
    outer loop
      vertex 51.0349 70.8487 -7.57871e-07
      vertex 51.2021 70.7021 3
      vertex 51.0349 70.8487 3
    endloop
  endfacet
  facet normal -0.659268 -0.751908 -0
    outer loop
      vertex 51.2021 70.7021 3
      vertex 51.0349 70.8487 -7.57871e-07
      vertex 51.2021 70.7021 -7.57871e-07
    endloop
  endfacet
  facet normal 0.321484 0.946915 -0
    outer loop
      vertex 49.56 67.8579 -7.57871e-07
      vertex 49.3494 67.9294 3
      vertex 49.56 67.8579 3
    endloop
  endfacet
  facet normal 0.321484 0.946915 0
    outer loop
      vertex 49.3494 67.9294 3
      vertex 49.56 67.8579 -7.57871e-07
      vertex 49.3494 67.9294 -7.57871e-07
    endloop
  endfacet
  facet normal 0.831566 0.555426 0
    outer loop
      vertex 48.6513 68.4651 3
      vertex 48.5278 68.65 -7.57871e-07
      vertex 48.5278 68.65 3
    endloop
  endfacet
  facet normal 0.831566 0.555426 0
    outer loop
      vertex 48.5278 68.65 -7.57871e-07
      vertex 48.6513 68.4651 3
      vertex 48.6513 68.4651 -7.57871e-07
    endloop
  endfacet
  facet normal 0.946915 0.321484 0
    outer loop
      vertex 48.4294 68.8494 3
      vertex 48.3579 69.06 -7.57871e-07
      vertex 48.3579 69.06 3
    endloop
  endfacet
  facet normal 0.946915 0.321484 0
    outer loop
      vertex 48.3579 69.06 -7.57871e-07
      vertex 48.4294 68.8494 3
      vertex 48.4294 68.8494 -7.57871e-07
    endloop
  endfacet
  facet normal 0.321484 -0.946915 0
    outer loop
      vertex 49.3494 71.0706 -7.57871e-07
      vertex 49.56 71.1421 3
      vertex 49.3494 71.0706 3
    endloop
  endfacet
  facet normal 0.321484 -0.946915 0
    outer loop
      vertex 49.56 71.1421 3
      vertex 49.3494 71.0706 -7.57871e-07
      vertex 49.56 71.1421 -7.57871e-07
    endloop
  endfacet
  facet normal 0.195165 -0.98077 0
    outer loop
      vertex 49.56 71.1421 -7.57871e-07
      vertex 49.7781 71.1855 3
      vertex 49.56 71.1421 3
    endloop
  endfacet
  facet normal 0.195165 -0.98077 0
    outer loop
      vertex 49.7781 71.1855 3
      vertex 49.56 71.1421 -7.57871e-07
      vertex 49.7781 71.1855 -7.57871e-07
    endloop
  endfacet
  facet normal -0.555426 -0.831566 0
    outer loop
      vertex 50.85 70.9722 -7.57871e-07
      vertex 51.0349 70.8487 3
      vertex 50.85 70.9722 3
    endloop
  endfacet
  facet normal -0.555426 -0.831566 -0
    outer loop
      vertex 51.0349 70.8487 3
      vertex 50.85 70.9722 -7.57871e-07
      vertex 51.0349 70.8487 -7.57871e-07
    endloop
  endfacet
  facet normal 0.896754 0.44253 0
    outer loop
      vertex 48.5278 68.65 3
      vertex 48.4294 68.8494 -7.57871e-07
      vertex 48.4294 68.8494 3
    endloop
  endfacet
  facet normal 0.896754 0.44253 0
    outer loop
      vertex 48.4294 68.8494 -7.57871e-07
      vertex 48.5278 68.65 3
      vertex 48.5278 68.65 -7.57871e-07
    endloop
  endfacet
  facet normal 0.659268 -0.751908 0
    outer loop
      vertex 48.7979 70.7021 -7.57871e-07
      vertex 48.9651 70.8487 3
      vertex 48.7979 70.7021 3
    endloop
  endfacet
  facet normal 0.659268 -0.751908 0
    outer loop
      vertex 48.9651 70.8487 3
      vertex 48.7979 70.7021 -7.57871e-07
      vertex 48.9651 70.8487 -7.57871e-07
    endloop
  endfacet
  facet normal 0.555426 0.831566 -0
    outer loop
      vertex 49.15 68.0278 -7.57871e-07
      vertex 48.9651 68.1513 3
      vertex 49.15 68.0278 3
    endloop
  endfacet
  facet normal 0.555426 0.831566 0
    outer loop
      vertex 48.9651 68.1513 3
      vertex 49.15 68.0278 -7.57871e-07
      vertex 48.9651 68.1513 -7.57871e-07
    endloop
  endfacet
  facet normal 0.44253 -0.896754 0
    outer loop
      vertex 49.15 70.9722 -7.57871e-07
      vertex 49.3494 71.0706 3
      vertex 49.15 70.9722 3
    endloop
  endfacet
  facet normal 0.44253 -0.896754 0
    outer loop
      vertex 49.3494 71.0706 3
      vertex 49.15 70.9722 -7.57871e-07
      vertex 49.3494 71.0706 -7.57871e-07
    endloop
  endfacet
  facet normal -0.659268 0.751908 0
    outer loop
      vertex 51.2021 68.2979 -7.57871e-07
      vertex 51.0349 68.1513 3
      vertex 51.2021 68.2979 3
    endloop
  endfacet
  facet normal -0.659268 0.751908 0
    outer loop
      vertex 51.0349 68.1513 3
      vertex 51.2021 68.2979 -7.57871e-07
      vertex 51.0349 68.1513 -7.57871e-07
    endloop
  endfacet
  facet normal -0.751908 0.659268 0
    outer loop
      vertex 51.2021 68.2979 -7.57871e-07
      vertex 51.3487 68.4651 3
      vertex 51.3487 68.4651 -7.57871e-07
    endloop
  endfacet
  facet normal -0.751908 0.659268 0
    outer loop
      vertex 51.3487 68.4651 3
      vertex 51.2021 68.2979 -7.57871e-07
      vertex 51.2021 68.2979 3
    endloop
  endfacet
  facet normal -0.831566 0.555426 0
    outer loop
      vertex 51.3487 68.4651 -7.57871e-07
      vertex 51.4722 68.65 3
      vertex 51.4722 68.65 -7.57871e-07
    endloop
  endfacet
  facet normal -0.831566 0.555426 0
    outer loop
      vertex 51.4722 68.65 3
      vertex 51.3487 68.4651 -7.57871e-07
      vertex 51.3487 68.4651 3
    endloop
  endfacet
  facet normal 0.831566 -0.555426 0
    outer loop
      vertex 48.5278 70.35 3
      vertex 48.6513 70.5349 -7.57871e-07
      vertex 48.6513 70.5349 3
    endloop
  endfacet
  facet normal 0.831566 -0.555426 0
    outer loop
      vertex 48.6513 70.5349 -7.57871e-07
      vertex 48.5278 70.35 3
      vertex 48.5278 70.35 -7.57871e-07
    endloop
  endfacet
  facet normal 0.195165 0.98077 -0
    outer loop
      vertex 49.7781 67.8145 -7.57871e-07
      vertex 49.56 67.8579 3
      vertex 49.7781 67.8145 3
    endloop
  endfacet
  facet normal 0.195165 0.98077 0
    outer loop
      vertex 49.56 67.8579 3
      vertex 49.7781 67.8145 -7.57871e-07
      vertex 49.56 67.8579 -7.57871e-07
    endloop
  endfacet
  facet normal 0.98077 0.195165 0
    outer loop
      vertex 48.3579 69.06 3
      vertex 48.3145 69.2781 -7.57871e-07
      vertex 48.3145 69.2781 3
    endloop
  endfacet
  facet normal 0.98077 0.195165 0
    outer loop
      vertex 48.3145 69.2781 -7.57871e-07
      vertex 48.3579 69.06 3
      vertex 48.3579 69.06 -7.57871e-07
    endloop
  endfacet
  facet normal -0.946915 0.321484 0
    outer loop
      vertex 51.5706 68.8494 -7.57871e-07
      vertex 51.6421 69.06 3
      vertex 51.6421 69.06 -7.57871e-07
    endloop
  endfacet
  facet normal -0.946915 0.321484 0
    outer loop
      vertex 51.6421 69.06 3
      vertex 51.5706 68.8494 -7.57871e-07
      vertex 51.5706 68.8494 3
    endloop
  endfacet
  facet normal 0.44253 0.896754 -0
    outer loop
      vertex 49.3494 67.9294 -7.57871e-07
      vertex 49.15 68.0278 3
      vertex 49.3494 67.9294 3
    endloop
  endfacet
  facet normal 0.44253 0.896754 0
    outer loop
      vertex 49.15 68.0278 3
      vertex 49.3494 67.9294 -7.57871e-07
      vertex 49.15 68.0278 -7.57871e-07
    endloop
  endfacet
  facet normal 0.0652057 -0.997872 0
    outer loop
      vertex 49.7781 71.1855 -7.57871e-07
      vertex 50 71.2 3
      vertex 49.7781 71.1855 3
    endloop
  endfacet
  facet normal 0.0652057 -0.997872 0
    outer loop
      vertex 50 71.2 3
      vertex 49.7781 71.1855 -7.57871e-07
      vertex 50 71.2 -7.57871e-07
    endloop
  endfacet
  facet normal -0.321484 -0.946915 0
    outer loop
      vertex 50.44 71.1421 -7.57871e-07
      vertex 50.6506 71.0706 3
      vertex 50.44 71.1421 3
    endloop
  endfacet
  facet normal -0.321484 -0.946915 -0
    outer loop
      vertex 50.6506 71.0706 3
      vertex 50.44 71.1421 -7.57871e-07
      vertex 50.6506 71.0706 -7.57871e-07
    endloop
  endfacet
  facet normal -0.195165 -0.98077 0
    outer loop
      vertex 50.2219 71.1855 -7.57871e-07
      vertex 50.44 71.1421 3
      vertex 50.2219 71.1855 3
    endloop
  endfacet
  facet normal -0.195165 -0.98077 -0
    outer loop
      vertex 50.44 71.1421 3
      vertex 50.2219 71.1855 -7.57871e-07
      vertex 50.44 71.1421 -7.57871e-07
    endloop
  endfacet
  facet normal 0.896754 -0.44253 0
    outer loop
      vertex 48.4294 70.1506 3
      vertex 48.5278 70.35 -7.57871e-07
      vertex 48.5278 70.35 3
    endloop
  endfacet
  facet normal 0.896754 -0.44253 0
    outer loop
      vertex 48.5278 70.35 -7.57871e-07
      vertex 48.4294 70.1506 3
      vertex 48.4294 70.1506 -7.57871e-07
    endloop
  endfacet
  facet normal 0.997872 0.0652057 0
    outer loop
      vertex 48.3145 69.2781 3
      vertex 48.3 69.5 -7.57871e-07
      vertex 48.3 69.5 3
    endloop
  endfacet
  facet normal 0.997872 0.0652057 0
    outer loop
      vertex 48.3 69.5 -7.57871e-07
      vertex 48.3145 69.2781 3
      vertex 48.3145 69.2781 -7.57871e-07
    endloop
  endfacet
  facet normal 0.0652057 0.997872 -0
    outer loop
      vertex 50 67.8 -7.57871e-07
      vertex 49.7781 67.8145 3
      vertex 50 67.8 3
    endloop
  endfacet
  facet normal 0.0652057 0.997872 0
    outer loop
      vertex 49.7781 67.8145 3
      vertex 50 67.8 -7.57871e-07
      vertex 49.7781 67.8145 -7.57871e-07
    endloop
  endfacet
  facet normal 0.751908 -0.659268 0
    outer loop
      vertex 48.6513 70.5349 3
      vertex 48.7979 70.7021 -7.57871e-07
      vertex 48.7979 70.7021 3
    endloop
  endfacet
  facet normal 0.751908 -0.659268 0
    outer loop
      vertex 48.7979 70.7021 -7.57871e-07
      vertex 48.6513 70.5349 3
      vertex 48.6513 70.5349 -7.57871e-07
    endloop
  endfacet
  facet normal -0.997872 0.0652057 0
    outer loop
      vertex 51.6855 69.2781 -7.57871e-07
      vertex 51.7 69.5 3
      vertex 51.7 69.5 -7.57871e-07
    endloop
  endfacet
  facet normal -0.997872 0.0652057 0
    outer loop
      vertex 51.7 69.5 3
      vertex 51.6855 69.2781 -7.57871e-07
      vertex 51.6855 69.2781 3
    endloop
  endfacet
  facet normal 0.751908 0.659268 0
    outer loop
      vertex 48.7979 68.2979 3
      vertex 48.6513 68.4651 -7.57871e-07
      vertex 48.6513 68.4651 3
    endloop
  endfacet
  facet normal 0.751908 0.659268 0
    outer loop
      vertex 48.6513 68.4651 -7.57871e-07
      vertex 48.7979 68.2979 3
      vertex 48.7979 68.2979 -7.57871e-07
    endloop
  endfacet
  facet normal -0.751908 -0.659268 0
    outer loop
      vertex 51.3487 70.5349 -7.57871e-07
      vertex 51.2021 70.7021 3
      vertex 51.2021 70.7021 -7.57871e-07
    endloop
  endfacet
  facet normal -0.751908 -0.659268 0
    outer loop
      vertex 51.2021 70.7021 3
      vertex 51.3487 70.5349 -7.57871e-07
      vertex 51.3487 70.5349 3
    endloop
  endfacet
  facet normal -0.831566 -0.555426 0
    outer loop
      vertex 51.4722 70.35 -7.57871e-07
      vertex 51.3487 70.5349 3
      vertex 51.3487 70.5349 -7.57871e-07
    endloop
  endfacet
  facet normal -0.831566 -0.555426 0
    outer loop
      vertex 51.3487 70.5349 3
      vertex 51.4722 70.35 -7.57871e-07
      vertex 51.4722 70.35 3
    endloop
  endfacet
  facet normal -0.0652057 -0.997872 0
    outer loop
      vertex 50 71.2 -7.57871e-07
      vertex 50.2219 71.1855 3
      vertex 50 71.2 3
    endloop
  endfacet
  facet normal -0.0652057 -0.997872 -0
    outer loop
      vertex 50.2219 71.1855 3
      vertex 50 71.2 -7.57871e-07
      vertex 50.2219 71.1855 -7.57871e-07
    endloop
  endfacet
  facet normal -0.98077 0.195165 0
    outer loop
      vertex 51.6421 69.06 -7.57871e-07
      vertex 51.6855 69.2781 3
      vertex 51.6855 69.2781 -7.57871e-07
    endloop
  endfacet
  facet normal -0.98077 0.195165 0
    outer loop
      vertex 51.6855 69.2781 3
      vertex 51.6421 69.06 -7.57871e-07
      vertex 51.6421 69.06 3
    endloop
  endfacet
  facet normal -0.321484 0.946915 0
    outer loop
      vertex 50.6506 67.9294 -7.57871e-07
      vertex 50.44 67.8579 3
      vertex 50.6506 67.9294 3
    endloop
  endfacet
  facet normal -0.321484 0.946915 0
    outer loop
      vertex 50.44 67.8579 3
      vertex 50.6506 67.9294 -7.57871e-07
      vertex 50.44 67.8579 -7.57871e-07
    endloop
  endfacet
  facet normal 0.946915 -0.321484 0
    outer loop
      vertex 48.3579 69.94 3
      vertex 48.4294 70.1506 -7.57871e-07
      vertex 48.4294 70.1506 3
    endloop
  endfacet
  facet normal 0.946915 -0.321484 0
    outer loop
      vertex 48.4294 70.1506 -7.57871e-07
      vertex 48.3579 69.94 3
      vertex 48.3579 69.94 -7.57871e-07
    endloop
  endfacet
  facet normal -0.44253 0.896754 0
    outer loop
      vertex 50.85 68.0278 -7.57871e-07
      vertex 50.6506 67.9294 3
      vertex 50.85 68.0278 3
    endloop
  endfacet
  facet normal -0.44253 0.896754 0
    outer loop
      vertex 50.6506 67.9294 3
      vertex 50.85 68.0278 -7.57871e-07
      vertex 50.6506 67.9294 -7.57871e-07
    endloop
  endfacet
  facet normal -0.555426 0.831566 0
    outer loop
      vertex 51.0349 68.1513 -7.57871e-07
      vertex 50.85 68.0278 3
      vertex 51.0349 68.1513 3
    endloop
  endfacet
  facet normal -0.555426 0.831566 0
    outer loop
      vertex 50.85 68.0278 3
      vertex 51.0349 68.1513 -7.57871e-07
      vertex 50.85 68.0278 -7.57871e-07
    endloop
  endfacet
  facet normal -0.195165 0.98077 0
    outer loop
      vertex 50.44 67.8579 -7.57871e-07
      vertex 50.2219 67.8145 3
      vertex 50.44 67.8579 3
    endloop
  endfacet
  facet normal -0.195165 0.98077 0
    outer loop
      vertex 50.2219 67.8145 3
      vertex 50.44 67.8579 -7.57871e-07
      vertex 50.2219 67.8145 -7.57871e-07
    endloop
  endfacet
  facet normal -0.896754 -0.44253 0
    outer loop
      vertex 51.5706 70.1506 -7.57871e-07
      vertex 51.4722 70.35 3
      vertex 51.4722 70.35 -7.57871e-07
    endloop
  endfacet
  facet normal -0.896754 -0.44253 0
    outer loop
      vertex 51.4722 70.35 3
      vertex 51.5706 70.1506 -7.57871e-07
      vertex 51.5706 70.1506 3
    endloop
  endfacet
  facet normal -0.0652057 0.997872 0
    outer loop
      vertex 50.2219 67.8145 -7.57871e-07
      vertex 50 67.8 3
      vertex 50.2219 67.8145 3
    endloop
  endfacet
  facet normal -0.0652057 0.997872 0
    outer loop
      vertex 50 67.8 3
      vertex 50.2219 67.8145 -7.57871e-07
      vertex 50 67.8 -7.57871e-07
    endloop
  endfacet
  facet normal -0.896754 0.44253 0
    outer loop
      vertex 51.4722 68.65 -7.57871e-07
      vertex 51.5706 68.8494 3
      vertex 51.5706 68.8494 -7.57871e-07
    endloop
  endfacet
  facet normal -0.896754 0.44253 0
    outer loop
      vertex 51.5706 68.8494 3
      vertex 51.4722 68.65 -7.57871e-07
      vertex 51.4722 68.65 3
    endloop
  endfacet
  facet normal -0.997872 -0.0652057 0
    outer loop
      vertex 51.7 69.5 -7.57871e-07
      vertex 51.6855 69.7219 3
      vertex 51.6855 69.7219 -7.57871e-07
    endloop
  endfacet
  facet normal -0.997872 -0.0652057 0
    outer loop
      vertex 51.6855 69.7219 3
      vertex 51.7 69.5 -7.57871e-07
      vertex 51.7 69.5 3
    endloop
  endfacet
  facet normal -0.98077 -0.195165 0
    outer loop
      vertex 51.6855 69.7219 -7.57871e-07
      vertex 51.6421 69.94 3
      vertex 51.6421 69.94 -7.57871e-07
    endloop
  endfacet
  facet normal -0.98077 -0.195165 0
    outer loop
      vertex 51.6421 69.94 3
      vertex 51.6855 69.7219 -7.57871e-07
      vertex 51.6855 69.7219 3
    endloop
  endfacet
  facet normal -0.946915 -0.321484 0
    outer loop
      vertex 51.6421 69.94 -7.57871e-07
      vertex 51.5706 70.1506 3
      vertex 51.5706 70.1506 -7.57871e-07
    endloop
  endfacet
  facet normal -0.946915 -0.321484 0
    outer loop
      vertex 51.5706 70.1506 3
      vertex 51.6421 69.94 -7.57871e-07
      vertex 51.6421 69.94 3
    endloop
  endfacet
  facet normal 0.659268 0.751908 -0
    outer loop
      vertex 48.9651 68.1513 -7.57871e-07
      vertex 48.7979 68.2979 3
      vertex 48.9651 68.1513 3
    endloop
  endfacet
  facet normal 0.659268 0.751908 0
    outer loop
      vertex 48.7979 68.2979 3
      vertex 48.9651 68.1513 -7.57871e-07
      vertex 48.7979 68.2979 -7.57871e-07
    endloop
  endfacet
  facet normal 0.98077 -0.195165 0
    outer loop
      vertex -51.6855 -69.2781 3
      vertex -51.6421 -69.06 -7.57871e-07
      vertex -51.6421 -69.06 3
    endloop
  endfacet
  facet normal 0.98077 -0.195165 0
    outer loop
      vertex -51.6421 -69.06 -7.57871e-07
      vertex -51.6855 -69.2781 3
      vertex -51.6855 -69.2781 -7.57871e-07
    endloop
  endfacet
  facet normal 0.997872 -0.0652057 0
    outer loop
      vertex -51.7 -69.5 3
      vertex -51.6855 -69.2781 -7.57871e-07
      vertex -51.6855 -69.2781 3
    endloop
  endfacet
  facet normal 0.997872 -0.0652057 0
    outer loop
      vertex -51.6855 -69.2781 -7.57871e-07
      vertex -51.7 -69.5 3
      vertex -51.7 -69.5 -7.57871e-07
    endloop
  endfacet
  facet normal 0.0652057 0.997872 -0
    outer loop
      vertex -50 -71.2 -7.57871e-07
      vertex -50.2219 -71.1855 3
      vertex -50 -71.2 3
    endloop
  endfacet
  facet normal 0.0652057 0.997872 0
    outer loop
      vertex -50.2219 -71.1855 3
      vertex -50 -71.2 -7.57871e-07
      vertex -50.2219 -71.1855 -7.57871e-07
    endloop
  endfacet
  facet normal -0.659268 -0.751908 0
    outer loop
      vertex -48.9651 -68.1513 -7.57871e-07
      vertex -48.7979 -68.2979 3
      vertex -48.9651 -68.1513 3
    endloop
  endfacet
  facet normal -0.659268 -0.751908 -0
    outer loop
      vertex -48.7979 -68.2979 3
      vertex -48.9651 -68.1513 -7.57871e-07
      vertex -48.7979 -68.2979 -7.57871e-07
    endloop
  endfacet
  facet normal -0.831566 0.555426 0
    outer loop
      vertex -48.6513 -70.5349 -7.57871e-07
      vertex -48.5278 -70.35 3
      vertex -48.5278 -70.35 -7.57871e-07
    endloop
  endfacet
  facet normal -0.831566 0.555426 0
    outer loop
      vertex -48.5278 -70.35 3
      vertex -48.6513 -70.5349 -7.57871e-07
      vertex -48.6513 -70.5349 3
    endloop
  endfacet
  facet normal -0.195165 0.98077 0
    outer loop
      vertex -49.56 -71.1421 -7.57871e-07
      vertex -49.7781 -71.1855 3
      vertex -49.56 -71.1421 3
    endloop
  endfacet
  facet normal -0.195165 0.98077 0
    outer loop
      vertex -49.7781 -71.1855 3
      vertex -49.56 -71.1421 -7.57871e-07
      vertex -49.7781 -71.1855 -7.57871e-07
    endloop
  endfacet
  facet normal 0.659268 -0.751908 0
    outer loop
      vertex -51.2021 -68.2979 -7.57871e-07
      vertex -51.0349 -68.1513 3
      vertex -51.2021 -68.2979 3
    endloop
  endfacet
  facet normal 0.659268 -0.751908 0
    outer loop
      vertex -51.0349 -68.1513 3
      vertex -51.2021 -68.2979 -7.57871e-07
      vertex -51.0349 -68.1513 -7.57871e-07
    endloop
  endfacet
  facet normal 0.946915 0.321484 0
    outer loop
      vertex -51.5706 -70.1506 3
      vertex -51.6421 -69.94 -7.57871e-07
      vertex -51.6421 -69.94 3
    endloop
  endfacet
  facet normal 0.946915 0.321484 0
    outer loop
      vertex -51.6421 -69.94 -7.57871e-07
      vertex -51.5706 -70.1506 3
      vertex -51.5706 -70.1506 -7.57871e-07
    endloop
  endfacet
  facet normal 0.751908 0.659268 0
    outer loop
      vertex -51.2021 -70.7021 3
      vertex -51.3487 -70.5349 -7.57871e-07
      vertex -51.3487 -70.5349 3
    endloop
  endfacet
  facet normal 0.751908 0.659268 0
    outer loop
      vertex -51.3487 -70.5349 -7.57871e-07
      vertex -51.2021 -70.7021 3
      vertex -51.2021 -70.7021 -7.57871e-07
    endloop
  endfacet
  facet normal 0.751908 -0.659268 0
    outer loop
      vertex -51.3487 -68.4651 3
      vertex -51.2021 -68.2979 -7.57871e-07
      vertex -51.2021 -68.2979 3
    endloop
  endfacet
  facet normal 0.751908 -0.659268 0
    outer loop
      vertex -51.2021 -68.2979 -7.57871e-07
      vertex -51.3487 -68.4651 3
      vertex -51.3487 -68.4651 -7.57871e-07
    endloop
  endfacet
  facet normal -0.946915 0.321484 0
    outer loop
      vertex -48.4294 -70.1506 -7.57871e-07
      vertex -48.3579 -69.94 3
      vertex -48.3579 -69.94 -7.57871e-07
    endloop
  endfacet
  facet normal -0.946915 0.321484 0
    outer loop
      vertex -48.3579 -69.94 3
      vertex -48.4294 -70.1506 -7.57871e-07
      vertex -48.4294 -70.1506 3
    endloop
  endfacet
  facet normal 0.321484 0.946915 -0
    outer loop
      vertex -50.44 -71.1421 -7.57871e-07
      vertex -50.6506 -71.0706 3
      vertex -50.44 -71.1421 3
    endloop
  endfacet
  facet normal 0.321484 0.946915 0
    outer loop
      vertex -50.6506 -71.0706 3
      vertex -50.44 -71.1421 -7.57871e-07
      vertex -50.6506 -71.0706 -7.57871e-07
    endloop
  endfacet
  facet normal -0.0652057 0.997872 0
    outer loop
      vertex -49.7781 -71.1855 -7.57871e-07
      vertex -50 -71.2 3
      vertex -49.7781 -71.1855 3
    endloop
  endfacet
  facet normal -0.0652057 0.997872 0
    outer loop
      vertex -50 -71.2 3
      vertex -49.7781 -71.1855 -7.57871e-07
      vertex -50 -71.2 -7.57871e-07
    endloop
  endfacet
  facet normal -0.321484 -0.946915 0
    outer loop
      vertex -49.56 -67.8579 -7.57871e-07
      vertex -49.3494 -67.9294 3
      vertex -49.56 -67.8579 3
    endloop
  endfacet
  facet normal -0.321484 -0.946915 -0
    outer loop
      vertex -49.3494 -67.9294 3
      vertex -49.56 -67.8579 -7.57871e-07
      vertex -49.3494 -67.9294 -7.57871e-07
    endloop
  endfacet
  facet normal 0.946915 -0.321484 0
    outer loop
      vertex -51.6421 -69.06 3
      vertex -51.5706 -68.8494 -7.57871e-07
      vertex -51.5706 -68.8494 3
    endloop
  endfacet
  facet normal 0.946915 -0.321484 0
    outer loop
      vertex -51.5706 -68.8494 -7.57871e-07
      vertex -51.6421 -69.06 3
      vertex -51.6421 -69.06 -7.57871e-07
    endloop
  endfacet
  facet normal -0.751908 -0.659268 0
    outer loop
      vertex -48.6513 -68.4651 -7.57871e-07
      vertex -48.7979 -68.2979 3
      vertex -48.7979 -68.2979 -7.57871e-07
    endloop
  endfacet
  facet normal -0.751908 -0.659268 0
    outer loop
      vertex -48.7979 -68.2979 3
      vertex -48.6513 -68.4651 -7.57871e-07
      vertex -48.6513 -68.4651 3
    endloop
  endfacet
  facet normal -0.44253 0.896754 0
    outer loop
      vertex -49.15 -70.9722 -7.57871e-07
      vertex -49.3494 -71.0706 3
      vertex -49.15 -70.9722 3
    endloop
  endfacet
  facet normal -0.44253 0.896754 0
    outer loop
      vertex -49.3494 -71.0706 3
      vertex -49.15 -70.9722 -7.57871e-07
      vertex -49.3494 -71.0706 -7.57871e-07
    endloop
  endfacet
  facet normal -0.0652057 -0.997872 0
    outer loop
      vertex -50 -67.8 -7.57871e-07
      vertex -49.7781 -67.8145 3
      vertex -50 -67.8 3
    endloop
  endfacet
  facet normal -0.0652057 -0.997872 -0
    outer loop
      vertex -49.7781 -67.8145 3
      vertex -50 -67.8 -7.57871e-07
      vertex -49.7781 -67.8145 -7.57871e-07
    endloop
  endfacet
  facet normal 0.896754 0.44253 0
    outer loop
      vertex -51.4722 -70.35 3
      vertex -51.5706 -70.1506 -7.57871e-07
      vertex -51.5706 -70.1506 3
    endloop
  endfacet
  facet normal 0.896754 0.44253 0
    outer loop
      vertex -51.5706 -70.1506 -7.57871e-07
      vertex -51.4722 -70.35 3
      vertex -51.4722 -70.35 -7.57871e-07
    endloop
  endfacet
  facet normal 0.555426 0.831566 -0
    outer loop
      vertex -50.85 -70.9722 -7.57871e-07
      vertex -51.0349 -70.8487 3
      vertex -50.85 -70.9722 3
    endloop
  endfacet
  facet normal 0.555426 0.831566 0
    outer loop
      vertex -51.0349 -70.8487 3
      vertex -50.85 -70.9722 -7.57871e-07
      vertex -51.0349 -70.8487 -7.57871e-07
    endloop
  endfacet
  facet normal -0.98077 0.195165 0
    outer loop
      vertex -48.3579 -69.94 -7.57871e-07
      vertex -48.3145 -69.7219 3
      vertex -48.3145 -69.7219 -7.57871e-07
    endloop
  endfacet
  facet normal -0.98077 0.195165 0
    outer loop
      vertex -48.3145 -69.7219 3
      vertex -48.3579 -69.94 -7.57871e-07
      vertex -48.3579 -69.94 3
    endloop
  endfacet
  facet normal 0.195165 -0.98077 0
    outer loop
      vertex -50.44 -67.8579 -7.57871e-07
      vertex -50.2219 -67.8145 3
      vertex -50.44 -67.8579 3
    endloop
  endfacet
  facet normal 0.195165 -0.98077 0
    outer loop
      vertex -50.2219 -67.8145 3
      vertex -50.44 -67.8579 -7.57871e-07
      vertex -50.2219 -67.8145 -7.57871e-07
    endloop
  endfacet
  facet normal 0.831566 -0.555426 0
    outer loop
      vertex -51.4722 -68.65 3
      vertex -51.3487 -68.4651 -7.57871e-07
      vertex -51.3487 -68.4651 3
    endloop
  endfacet
  facet normal 0.831566 -0.555426 0
    outer loop
      vertex -51.3487 -68.4651 -7.57871e-07
      vertex -51.4722 -68.65 3
      vertex -51.4722 -68.65 -7.57871e-07
    endloop
  endfacet
  facet normal 0.997872 0.0652057 0
    outer loop
      vertex -51.6855 -69.7219 3
      vertex -51.7 -69.5 -7.57871e-07
      vertex -51.7 -69.5 3
    endloop
  endfacet
  facet normal 0.997872 0.0652057 0
    outer loop
      vertex -51.7 -69.5 -7.57871e-07
      vertex -51.6855 -69.7219 3
      vertex -51.6855 -69.7219 -7.57871e-07
    endloop
  endfacet
  facet normal 0.321484 -0.946915 0
    outer loop
      vertex -50.6506 -67.9294 -7.57871e-07
      vertex -50.44 -67.8579 3
      vertex -50.6506 -67.9294 3
    endloop
  endfacet
  facet normal 0.321484 -0.946915 0
    outer loop
      vertex -50.44 -67.8579 3
      vertex -50.6506 -67.9294 -7.57871e-07
      vertex -50.44 -67.8579 -7.57871e-07
    endloop
  endfacet
  facet normal 0.555426 -0.831566 0
    outer loop
      vertex -51.0349 -68.1513 -7.57871e-07
      vertex -50.85 -68.0278 3
      vertex -51.0349 -68.1513 3
    endloop
  endfacet
  facet normal 0.555426 -0.831566 0
    outer loop
      vertex -50.85 -68.0278 3
      vertex -51.0349 -68.1513 -7.57871e-07
      vertex -50.85 -68.0278 -7.57871e-07
    endloop
  endfacet
  facet normal -0.195165 -0.98077 0
    outer loop
      vertex -49.7781 -67.8145 -7.57871e-07
      vertex -49.56 -67.8579 3
      vertex -49.7781 -67.8145 3
    endloop
  endfacet
  facet normal -0.195165 -0.98077 -0
    outer loop
      vertex -49.56 -67.8579 3
      vertex -49.7781 -67.8145 -7.57871e-07
      vertex -49.56 -67.8579 -7.57871e-07
    endloop
  endfacet
  facet normal 0.659268 0.751908 -0
    outer loop
      vertex -51.0349 -70.8487 -7.57871e-07
      vertex -51.2021 -70.7021 3
      vertex -51.0349 -70.8487 3
    endloop
  endfacet
  facet normal 0.659268 0.751908 0
    outer loop
      vertex -51.2021 -70.7021 3
      vertex -51.0349 -70.8487 -7.57871e-07
      vertex -51.2021 -70.7021 -7.57871e-07
    endloop
  endfacet
  facet normal -0.896754 -0.44253 0
    outer loop
      vertex -48.4294 -68.8494 -7.57871e-07
      vertex -48.5278 -68.65 3
      vertex -48.5278 -68.65 -7.57871e-07
    endloop
  endfacet
  facet normal -0.896754 -0.44253 0
    outer loop
      vertex -48.5278 -68.65 3
      vertex -48.4294 -68.8494 -7.57871e-07
      vertex -48.4294 -68.8494 3
    endloop
  endfacet
  facet normal 0.98077 0.195165 0
    outer loop
      vertex -51.6421 -69.94 3
      vertex -51.6855 -69.7219 -7.57871e-07
      vertex -51.6855 -69.7219 3
    endloop
  endfacet
  facet normal 0.98077 0.195165 0
    outer loop
      vertex -51.6855 -69.7219 -7.57871e-07
      vertex -51.6421 -69.94 3
      vertex -51.6421 -69.94 -7.57871e-07
    endloop
  endfacet
  facet normal 0.195165 0.98077 -0
    outer loop
      vertex -50.2219 -71.1855 -7.57871e-07
      vertex -50.44 -71.1421 3
      vertex -50.2219 -71.1855 3
    endloop
  endfacet
  facet normal 0.195165 0.98077 0
    outer loop
      vertex -50.44 -71.1421 3
      vertex -50.2219 -71.1855 -7.57871e-07
      vertex -50.44 -71.1421 -7.57871e-07
    endloop
  endfacet
  facet normal -0.659268 0.751908 0
    outer loop
      vertex -48.7979 -70.7021 -7.57871e-07
      vertex -48.9651 -70.8487 3
      vertex -48.7979 -70.7021 3
    endloop
  endfacet
  facet normal -0.659268 0.751908 0
    outer loop
      vertex -48.9651 -70.8487 3
      vertex -48.7979 -70.7021 -7.57871e-07
      vertex -48.9651 -70.8487 -7.57871e-07
    endloop
  endfacet
  facet normal -0.751908 0.659268 0
    outer loop
      vertex -48.7979 -70.7021 -7.57871e-07
      vertex -48.6513 -70.5349 3
      vertex -48.6513 -70.5349 -7.57871e-07
    endloop
  endfacet
  facet normal -0.751908 0.659268 0
    outer loop
      vertex -48.6513 -70.5349 3
      vertex -48.7979 -70.7021 -7.57871e-07
      vertex -48.7979 -70.7021 3
    endloop
  endfacet
  facet normal 0.0652057 -0.997872 0
    outer loop
      vertex -50.2219 -67.8145 -7.57871e-07
      vertex -50 -67.8 3
      vertex -50.2219 -67.8145 3
    endloop
  endfacet
  facet normal 0.0652057 -0.997872 0
    outer loop
      vertex -50 -67.8 3
      vertex -50.2219 -67.8145 -7.57871e-07
      vertex -50 -67.8 -7.57871e-07
    endloop
  endfacet
  facet normal 0.44253 -0.896754 0
    outer loop
      vertex -50.85 -68.0278 -7.57871e-07
      vertex -50.6506 -67.9294 3
      vertex -50.85 -68.0278 3
    endloop
  endfacet
  facet normal 0.44253 -0.896754 0
    outer loop
      vertex -50.6506 -67.9294 3
      vertex -50.85 -68.0278 -7.57871e-07
      vertex -50.6506 -67.9294 -7.57871e-07
    endloop
  endfacet
  facet normal 0.831566 0.555426 0
    outer loop
      vertex -51.3487 -70.5349 3
      vertex -51.4722 -70.35 -7.57871e-07
      vertex -51.4722 -70.35 3
    endloop
  endfacet
  facet normal 0.831566 0.555426 0
    outer loop
      vertex -51.4722 -70.35 -7.57871e-07
      vertex -51.3487 -70.5349 3
      vertex -51.3487 -70.5349 -7.57871e-07
    endloop
  endfacet
  facet normal -0.997872 0.0652057 0
    outer loop
      vertex -48.3145 -69.7219 -7.57871e-07
      vertex -48.3 -69.5 3
      vertex -48.3 -69.5 -7.57871e-07
    endloop
  endfacet
  facet normal -0.997872 0.0652057 0
    outer loop
      vertex -48.3 -69.5 3
      vertex -48.3145 -69.7219 -7.57871e-07
      vertex -48.3145 -69.7219 3
    endloop
  endfacet
  facet normal 0.44253 0.896754 -0
    outer loop
      vertex -50.6506 -71.0706 -7.57871e-07
      vertex -50.85 -70.9722 3
      vertex -50.6506 -71.0706 3
    endloop
  endfacet
  facet normal 0.44253 0.896754 0
    outer loop
      vertex -50.85 -70.9722 3
      vertex -50.6506 -71.0706 -7.57871e-07
      vertex -50.85 -70.9722 -7.57871e-07
    endloop
  endfacet
  facet normal -0.98077 -0.195165 0
    outer loop
      vertex -48.3145 -69.2781 -7.57871e-07
      vertex -48.3579 -69.06 3
      vertex -48.3579 -69.06 -7.57871e-07
    endloop
  endfacet
  facet normal -0.98077 -0.195165 0
    outer loop
      vertex -48.3579 -69.06 3
      vertex -48.3145 -69.2781 -7.57871e-07
      vertex -48.3145 -69.2781 3
    endloop
  endfacet
  facet normal -0.896754 0.44253 0
    outer loop
      vertex -48.5278 -70.35 -7.57871e-07
      vertex -48.4294 -70.1506 3
      vertex -48.4294 -70.1506 -7.57871e-07
    endloop
  endfacet
  facet normal -0.896754 0.44253 0
    outer loop
      vertex -48.4294 -70.1506 3
      vertex -48.5278 -70.35 -7.57871e-07
      vertex -48.5278 -70.35 3
    endloop
  endfacet
  facet normal -0.946915 -0.321484 0
    outer loop
      vertex -48.3579 -69.06 -7.57871e-07
      vertex -48.4294 -68.8494 3
      vertex -48.4294 -68.8494 -7.57871e-07
    endloop
  endfacet
  facet normal -0.946915 -0.321484 0
    outer loop
      vertex -48.4294 -68.8494 3
      vertex -48.3579 -69.06 -7.57871e-07
      vertex -48.3579 -69.06 3
    endloop
  endfacet
  facet normal -0.555426 -0.831566 0
    outer loop
      vertex -49.15 -68.0278 -7.57871e-07
      vertex -48.9651 -68.1513 3
      vertex -49.15 -68.0278 3
    endloop
  endfacet
  facet normal -0.555426 -0.831566 -0
    outer loop
      vertex -48.9651 -68.1513 3
      vertex -49.15 -68.0278 -7.57871e-07
      vertex -48.9651 -68.1513 -7.57871e-07
    endloop
  endfacet
  facet normal 0.896754 -0.44253 0
    outer loop
      vertex -51.5706 -68.8494 3
      vertex -51.4722 -68.65 -7.57871e-07
      vertex -51.4722 -68.65 3
    endloop
  endfacet
  facet normal 0.896754 -0.44253 0
    outer loop
      vertex -51.4722 -68.65 -7.57871e-07
      vertex -51.5706 -68.8494 3
      vertex -51.5706 -68.8494 -7.57871e-07
    endloop
  endfacet
  facet normal -0.997872 -0.0652057 0
    outer loop
      vertex -48.3 -69.5 -7.57871e-07
      vertex -48.3145 -69.2781 3
      vertex -48.3145 -69.2781 -7.57871e-07
    endloop
  endfacet
  facet normal -0.997872 -0.0652057 0
    outer loop
      vertex -48.3145 -69.2781 3
      vertex -48.3 -69.5 -7.57871e-07
      vertex -48.3 -69.5 3
    endloop
  endfacet
  facet normal -0.321484 0.946915 0
    outer loop
      vertex -49.3494 -71.0706 -7.57871e-07
      vertex -49.56 -71.1421 3
      vertex -49.3494 -71.0706 3
    endloop
  endfacet
  facet normal -0.321484 0.946915 0
    outer loop
      vertex -49.56 -71.1421 3
      vertex -49.3494 -71.0706 -7.57871e-07
      vertex -49.56 -71.1421 -7.57871e-07
    endloop
  endfacet
  facet normal -0.44253 -0.896754 0
    outer loop
      vertex -49.3494 -67.9294 -7.57871e-07
      vertex -49.15 -68.0278 3
      vertex -49.3494 -67.9294 3
    endloop
  endfacet
  facet normal -0.44253 -0.896754 -0
    outer loop
      vertex -49.15 -68.0278 3
      vertex -49.3494 -67.9294 -7.57871e-07
      vertex -49.15 -68.0278 -7.57871e-07
    endloop
  endfacet
  facet normal -0.831566 -0.555426 0
    outer loop
      vertex -48.5278 -68.65 -7.57871e-07
      vertex -48.6513 -68.4651 3
      vertex -48.6513 -68.4651 -7.57871e-07
    endloop
  endfacet
  facet normal -0.831566 -0.555426 0
    outer loop
      vertex -48.6513 -68.4651 3
      vertex -48.5278 -68.65 -7.57871e-07
      vertex -48.5278 -68.65 3
    endloop
  endfacet
  facet normal -0.555426 0.831566 0
    outer loop
      vertex -48.9651 -70.8487 -7.57871e-07
      vertex -49.15 -70.9722 3
      vertex -48.9651 -70.8487 3
    endloop
  endfacet
  facet normal -0.555426 0.831566 0
    outer loop
      vertex -49.15 -70.9722 3
      vertex -48.9651 -70.8487 -7.57871e-07
      vertex -49.15 -70.9722 -7.57871e-07
    endloop
  endfacet
  facet normal 0.98077 -0.195165 0
    outer loop
      vertex -51.6855 69.7219 3
      vertex -51.6421 69.94 -7.57871e-07
      vertex -51.6421 69.94 3
    endloop
  endfacet
  facet normal 0.98077 -0.195165 0
    outer loop
      vertex -51.6421 69.94 -7.57871e-07
      vertex -51.6855 69.7219 3
      vertex -51.6855 69.7219 -7.57871e-07
    endloop
  endfacet
  facet normal 0.997872 -0.0652057 0
    outer loop
      vertex -51.7 69.5 3
      vertex -51.6855 69.7219 -7.57871e-07
      vertex -51.6855 69.7219 3
    endloop
  endfacet
  facet normal 0.997872 -0.0652057 0
    outer loop
      vertex -51.6855 69.7219 -7.57871e-07
      vertex -51.7 69.5 3
      vertex -51.7 69.5 -7.57871e-07
    endloop
  endfacet
  facet normal -0.44253 -0.896754 0
    outer loop
      vertex -49.3494 71.0706 -7.57871e-07
      vertex -49.15 70.9722 3
      vertex -49.3494 71.0706 3
    endloop
  endfacet
  facet normal -0.44253 -0.896754 -0
    outer loop
      vertex -49.15 70.9722 3
      vertex -49.3494 71.0706 -7.57871e-07
      vertex -49.15 70.9722 -7.57871e-07
    endloop
  endfacet
  facet normal 0.555426 -0.831566 0
    outer loop
      vertex -51.0349 70.8487 -7.57871e-07
      vertex -50.85 70.9722 3
      vertex -51.0349 70.8487 3
    endloop
  endfacet
  facet normal 0.555426 -0.831566 0
    outer loop
      vertex -50.85 70.9722 3
      vertex -51.0349 70.8487 -7.57871e-07
      vertex -50.85 70.9722 -7.57871e-07
    endloop
  endfacet
  facet normal -0.659268 -0.751908 0
    outer loop
      vertex -48.9651 70.8487 -7.57871e-07
      vertex -48.7979 70.7021 3
      vertex -48.9651 70.8487 3
    endloop
  endfacet
  facet normal -0.659268 -0.751908 -0
    outer loop
      vertex -48.7979 70.7021 3
      vertex -48.9651 70.8487 -7.57871e-07
      vertex -48.7979 70.7021 -7.57871e-07
    endloop
  endfacet
  facet normal 0.321484 0.946915 -0
    outer loop
      vertex -50.44 67.8579 -7.57871e-07
      vertex -50.6506 67.9294 3
      vertex -50.44 67.8579 3
    endloop
  endfacet
  facet normal 0.321484 0.946915 0
    outer loop
      vertex -50.6506 67.9294 3
      vertex -50.44 67.8579 -7.57871e-07
      vertex -50.6506 67.9294 -7.57871e-07
    endloop
  endfacet
  facet normal 0.831566 0.555426 0
    outer loop
      vertex -51.3487 68.4651 3
      vertex -51.4722 68.65 -7.57871e-07
      vertex -51.4722 68.65 3
    endloop
  endfacet
  facet normal 0.831566 0.555426 0
    outer loop
      vertex -51.4722 68.65 -7.57871e-07
      vertex -51.3487 68.4651 3
      vertex -51.3487 68.4651 -7.57871e-07
    endloop
  endfacet
  facet normal 0.946915 0.321484 0
    outer loop
      vertex -51.5706 68.8494 3
      vertex -51.6421 69.06 -7.57871e-07
      vertex -51.6421 69.06 3
    endloop
  endfacet
  facet normal 0.946915 0.321484 0
    outer loop
      vertex -51.6421 69.06 -7.57871e-07
      vertex -51.5706 68.8494 3
      vertex -51.5706 68.8494 -7.57871e-07
    endloop
  endfacet
  facet normal 0.321484 -0.946915 0
    outer loop
      vertex -50.6506 71.0706 -7.57871e-07
      vertex -50.44 71.1421 3
      vertex -50.6506 71.0706 3
    endloop
  endfacet
  facet normal 0.321484 -0.946915 0
    outer loop
      vertex -50.44 71.1421 3
      vertex -50.6506 71.0706 -7.57871e-07
      vertex -50.44 71.1421 -7.57871e-07
    endloop
  endfacet
  facet normal 0.195165 -0.98077 0
    outer loop
      vertex -50.44 71.1421 -7.57871e-07
      vertex -50.2219 71.1855 3
      vertex -50.44 71.1421 3
    endloop
  endfacet
  facet normal 0.195165 -0.98077 0
    outer loop
      vertex -50.2219 71.1855 3
      vertex -50.44 71.1421 -7.57871e-07
      vertex -50.2219 71.1855 -7.57871e-07
    endloop
  endfacet
  facet normal -0.555426 -0.831566 0
    outer loop
      vertex -49.15 70.9722 -7.57871e-07
      vertex -48.9651 70.8487 3
      vertex -49.15 70.9722 3
    endloop
  endfacet
  facet normal -0.555426 -0.831566 -0
    outer loop
      vertex -48.9651 70.8487 3
      vertex -49.15 70.9722 -7.57871e-07
      vertex -48.9651 70.8487 -7.57871e-07
    endloop
  endfacet
  facet normal 0.896754 0.44253 0
    outer loop
      vertex -51.4722 68.65 3
      vertex -51.5706 68.8494 -7.57871e-07
      vertex -51.5706 68.8494 3
    endloop
  endfacet
  facet normal 0.896754 0.44253 0
    outer loop
      vertex -51.5706 68.8494 -7.57871e-07
      vertex -51.4722 68.65 3
      vertex -51.4722 68.65 -7.57871e-07
    endloop
  endfacet
  facet normal 0.659268 -0.751908 0
    outer loop
      vertex -51.2021 70.7021 -7.57871e-07
      vertex -51.0349 70.8487 3
      vertex -51.2021 70.7021 3
    endloop
  endfacet
  facet normal 0.659268 -0.751908 0
    outer loop
      vertex -51.0349 70.8487 3
      vertex -51.2021 70.7021 -7.57871e-07
      vertex -51.0349 70.8487 -7.57871e-07
    endloop
  endfacet
  facet normal 0.555426 0.831566 -0
    outer loop
      vertex -50.85 68.0278 -7.57871e-07
      vertex -51.0349 68.1513 3
      vertex -50.85 68.0278 3
    endloop
  endfacet
  facet normal 0.555426 0.831566 0
    outer loop
      vertex -51.0349 68.1513 3
      vertex -50.85 68.0278 -7.57871e-07
      vertex -51.0349 68.1513 -7.57871e-07
    endloop
  endfacet
  facet normal 0.44253 -0.896754 0
    outer loop
      vertex -50.85 70.9722 -7.57871e-07
      vertex -50.6506 71.0706 3
      vertex -50.85 70.9722 3
    endloop
  endfacet
  facet normal 0.44253 -0.896754 0
    outer loop
      vertex -50.6506 71.0706 3
      vertex -50.85 70.9722 -7.57871e-07
      vertex -50.6506 71.0706 -7.57871e-07
    endloop
  endfacet
  facet normal -0.659268 0.751908 0
    outer loop
      vertex -48.7979 68.2979 -7.57871e-07
      vertex -48.9651 68.1513 3
      vertex -48.7979 68.2979 3
    endloop
  endfacet
  facet normal -0.659268 0.751908 0
    outer loop
      vertex -48.9651 68.1513 3
      vertex -48.7979 68.2979 -7.57871e-07
      vertex -48.9651 68.1513 -7.57871e-07
    endloop
  endfacet
  facet normal -0.751908 0.659268 0
    outer loop
      vertex -48.7979 68.2979 -7.57871e-07
      vertex -48.6513 68.4651 3
      vertex -48.6513 68.4651 -7.57871e-07
    endloop
  endfacet
  facet normal -0.751908 0.659268 0
    outer loop
      vertex -48.6513 68.4651 3
      vertex -48.7979 68.2979 -7.57871e-07
      vertex -48.7979 68.2979 3
    endloop
  endfacet
  facet normal -0.831566 0.555426 0
    outer loop
      vertex -48.6513 68.4651 -7.57871e-07
      vertex -48.5278 68.65 3
      vertex -48.5278 68.65 -7.57871e-07
    endloop
  endfacet
  facet normal -0.831566 0.555426 0
    outer loop
      vertex -48.5278 68.65 3
      vertex -48.6513 68.4651 -7.57871e-07
      vertex -48.6513 68.4651 3
    endloop
  endfacet
  facet normal 0.831566 -0.555426 0
    outer loop
      vertex -51.4722 70.35 3
      vertex -51.3487 70.5349 -7.57871e-07
      vertex -51.3487 70.5349 3
    endloop
  endfacet
  facet normal 0.831566 -0.555426 0
    outer loop
      vertex -51.3487 70.5349 -7.57871e-07
      vertex -51.4722 70.35 3
      vertex -51.4722 70.35 -7.57871e-07
    endloop
  endfacet
  facet normal 0.195165 0.98077 -0
    outer loop
      vertex -50.2219 67.8145 -7.57871e-07
      vertex -50.44 67.8579 3
      vertex -50.2219 67.8145 3
    endloop
  endfacet
  facet normal 0.195165 0.98077 0
    outer loop
      vertex -50.44 67.8579 3
      vertex -50.2219 67.8145 -7.57871e-07
      vertex -50.44 67.8579 -7.57871e-07
    endloop
  endfacet
  facet normal 0.98077 0.195165 0
    outer loop
      vertex -51.6421 69.06 3
      vertex -51.6855 69.2781 -7.57871e-07
      vertex -51.6855 69.2781 3
    endloop
  endfacet
  facet normal 0.98077 0.195165 0
    outer loop
      vertex -51.6855 69.2781 -7.57871e-07
      vertex -51.6421 69.06 3
      vertex -51.6421 69.06 -7.57871e-07
    endloop
  endfacet
  facet normal -0.946915 0.321484 0
    outer loop
      vertex -48.4294 68.8494 -7.57871e-07
      vertex -48.3579 69.06 3
      vertex -48.3579 69.06 -7.57871e-07
    endloop
  endfacet
  facet normal -0.946915 0.321484 0
    outer loop
      vertex -48.3579 69.06 3
      vertex -48.4294 68.8494 -7.57871e-07
      vertex -48.4294 68.8494 3
    endloop
  endfacet
  facet normal 0.44253 0.896754 -0
    outer loop
      vertex -50.6506 67.9294 -7.57871e-07
      vertex -50.85 68.0278 3
      vertex -50.6506 67.9294 3
    endloop
  endfacet
  facet normal 0.44253 0.896754 0
    outer loop
      vertex -50.85 68.0278 3
      vertex -50.6506 67.9294 -7.57871e-07
      vertex -50.85 68.0278 -7.57871e-07
    endloop
  endfacet
  facet normal 0.0652057 -0.997872 0
    outer loop
      vertex -50.2219 71.1855 -7.57871e-07
      vertex -50 71.2 3
      vertex -50.2219 71.1855 3
    endloop
  endfacet
  facet normal 0.0652057 -0.997872 0
    outer loop
      vertex -50 71.2 3
      vertex -50.2219 71.1855 -7.57871e-07
      vertex -50 71.2 -7.57871e-07
    endloop
  endfacet
  facet normal -0.321484 -0.946915 0
    outer loop
      vertex -49.56 71.1421 -7.57871e-07
      vertex -49.3494 71.0706 3
      vertex -49.56 71.1421 3
    endloop
  endfacet
  facet normal -0.321484 -0.946915 -0
    outer loop
      vertex -49.3494 71.0706 3
      vertex -49.56 71.1421 -7.57871e-07
      vertex -49.3494 71.0706 -7.57871e-07
    endloop
  endfacet
  facet normal -0.195165 -0.98077 0
    outer loop
      vertex -49.7781 71.1855 -7.57871e-07
      vertex -49.56 71.1421 3
      vertex -49.7781 71.1855 3
    endloop
  endfacet
  facet normal -0.195165 -0.98077 -0
    outer loop
      vertex -49.56 71.1421 3
      vertex -49.7781 71.1855 -7.57871e-07
      vertex -49.56 71.1421 -7.57871e-07
    endloop
  endfacet
  facet normal 0.896754 -0.44253 0
    outer loop
      vertex -51.5706 70.1506 3
      vertex -51.4722 70.35 -7.57871e-07
      vertex -51.4722 70.35 3
    endloop
  endfacet
  facet normal 0.896754 -0.44253 0
    outer loop
      vertex -51.4722 70.35 -7.57871e-07
      vertex -51.5706 70.1506 3
      vertex -51.5706 70.1506 -7.57871e-07
    endloop
  endfacet
  facet normal 0.997872 0.0652057 0
    outer loop
      vertex -51.6855 69.2781 3
      vertex -51.7 69.5 -7.57871e-07
      vertex -51.7 69.5 3
    endloop
  endfacet
  facet normal 0.997872 0.0652057 0
    outer loop
      vertex -51.7 69.5 -7.57871e-07
      vertex -51.6855 69.2781 3
      vertex -51.6855 69.2781 -7.57871e-07
    endloop
  endfacet
  facet normal 0.0652057 0.997872 -0
    outer loop
      vertex -50 67.8 -7.57871e-07
      vertex -50.2219 67.8145 3
      vertex -50 67.8 3
    endloop
  endfacet
  facet normal 0.0652057 0.997872 0
    outer loop
      vertex -50.2219 67.8145 3
      vertex -50 67.8 -7.57871e-07
      vertex -50.2219 67.8145 -7.57871e-07
    endloop
  endfacet
  facet normal 0.751908 -0.659268 0
    outer loop
      vertex -51.3487 70.5349 3
      vertex -51.2021 70.7021 -7.57871e-07
      vertex -51.2021 70.7021 3
    endloop
  endfacet
  facet normal 0.751908 -0.659268 0
    outer loop
      vertex -51.2021 70.7021 -7.57871e-07
      vertex -51.3487 70.5349 3
      vertex -51.3487 70.5349 -7.57871e-07
    endloop
  endfacet
  facet normal -0.997872 0.0652057 0
    outer loop
      vertex -48.3145 69.2781 -7.57871e-07
      vertex -48.3 69.5 3
      vertex -48.3 69.5 -7.57871e-07
    endloop
  endfacet
  facet normal -0.997872 0.0652057 0
    outer loop
      vertex -48.3 69.5 3
      vertex -48.3145 69.2781 -7.57871e-07
      vertex -48.3145 69.2781 3
    endloop
  endfacet
  facet normal 0.751908 0.659268 0
    outer loop
      vertex -51.2021 68.2979 3
      vertex -51.3487 68.4651 -7.57871e-07
      vertex -51.3487 68.4651 3
    endloop
  endfacet
  facet normal 0.751908 0.659268 0
    outer loop
      vertex -51.3487 68.4651 -7.57871e-07
      vertex -51.2021 68.2979 3
      vertex -51.2021 68.2979 -7.57871e-07
    endloop
  endfacet
  facet normal -0.751908 -0.659268 0
    outer loop
      vertex -48.6513 70.5349 -7.57871e-07
      vertex -48.7979 70.7021 3
      vertex -48.7979 70.7021 -7.57871e-07
    endloop
  endfacet
  facet normal -0.751908 -0.659268 0
    outer loop
      vertex -48.7979 70.7021 3
      vertex -48.6513 70.5349 -7.57871e-07
      vertex -48.6513 70.5349 3
    endloop
  endfacet
  facet normal -0.831566 -0.555426 0
    outer loop
      vertex -48.5278 70.35 -7.57871e-07
      vertex -48.6513 70.5349 3
      vertex -48.6513 70.5349 -7.57871e-07
    endloop
  endfacet
  facet normal -0.831566 -0.555426 0
    outer loop
      vertex -48.6513 70.5349 3
      vertex -48.5278 70.35 -7.57871e-07
      vertex -48.5278 70.35 3
    endloop
  endfacet
  facet normal -0.0652057 -0.997872 0
    outer loop
      vertex -50 71.2 -7.57871e-07
      vertex -49.7781 71.1855 3
      vertex -50 71.2 3
    endloop
  endfacet
  facet normal -0.0652057 -0.997872 -0
    outer loop
      vertex -49.7781 71.1855 3
      vertex -50 71.2 -7.57871e-07
      vertex -49.7781 71.1855 -7.57871e-07
    endloop
  endfacet
  facet normal -0.98077 0.195165 0
    outer loop
      vertex -48.3579 69.06 -7.57871e-07
      vertex -48.3145 69.2781 3
      vertex -48.3145 69.2781 -7.57871e-07
    endloop
  endfacet
  facet normal -0.98077 0.195165 0
    outer loop
      vertex -48.3145 69.2781 3
      vertex -48.3579 69.06 -7.57871e-07
      vertex -48.3579 69.06 3
    endloop
  endfacet
  facet normal -0.321484 0.946915 0
    outer loop
      vertex -49.3494 67.9294 -7.57871e-07
      vertex -49.56 67.8579 3
      vertex -49.3494 67.9294 3
    endloop
  endfacet
  facet normal -0.321484 0.946915 0
    outer loop
      vertex -49.56 67.8579 3
      vertex -49.3494 67.9294 -7.57871e-07
      vertex -49.56 67.8579 -7.57871e-07
    endloop
  endfacet
  facet normal 0.946915 -0.321484 0
    outer loop
      vertex -51.6421 69.94 3
      vertex -51.5706 70.1506 -7.57871e-07
      vertex -51.5706 70.1506 3
    endloop
  endfacet
  facet normal 0.946915 -0.321484 0
    outer loop
      vertex -51.5706 70.1506 -7.57871e-07
      vertex -51.6421 69.94 3
      vertex -51.6421 69.94 -7.57871e-07
    endloop
  endfacet
  facet normal -0.44253 0.896754 0
    outer loop
      vertex -49.15 68.0278 -7.57871e-07
      vertex -49.3494 67.9294 3
      vertex -49.15 68.0278 3
    endloop
  endfacet
  facet normal -0.44253 0.896754 0
    outer loop
      vertex -49.3494 67.9294 3
      vertex -49.15 68.0278 -7.57871e-07
      vertex -49.3494 67.9294 -7.57871e-07
    endloop
  endfacet
  facet normal -0.555426 0.831566 0
    outer loop
      vertex -48.9651 68.1513 -7.57871e-07
      vertex -49.15 68.0278 3
      vertex -48.9651 68.1513 3
    endloop
  endfacet
  facet normal -0.555426 0.831566 0
    outer loop
      vertex -49.15 68.0278 3
      vertex -48.9651 68.1513 -7.57871e-07
      vertex -49.15 68.0278 -7.57871e-07
    endloop
  endfacet
  facet normal -0.0652057 0.997872 0
    outer loop
      vertex -49.7781 67.8145 -7.57871e-07
      vertex -50 67.8 3
      vertex -49.7781 67.8145 3
    endloop
  endfacet
  facet normal -0.0652057 0.997872 0
    outer loop
      vertex -50 67.8 3
      vertex -49.7781 67.8145 -7.57871e-07
      vertex -50 67.8 -7.57871e-07
    endloop
  endfacet
  facet normal -0.195165 0.98077 0
    outer loop
      vertex -49.56 67.8579 -7.57871e-07
      vertex -49.7781 67.8145 3
      vertex -49.56 67.8579 3
    endloop
  endfacet
  facet normal -0.195165 0.98077 0
    outer loop
      vertex -49.7781 67.8145 3
      vertex -49.56 67.8579 -7.57871e-07
      vertex -49.7781 67.8145 -7.57871e-07
    endloop
  endfacet
  facet normal -0.896754 -0.44253 0
    outer loop
      vertex -48.4294 70.1506 -7.57871e-07
      vertex -48.5278 70.35 3
      vertex -48.5278 70.35 -7.57871e-07
    endloop
  endfacet
  facet normal -0.896754 -0.44253 0
    outer loop
      vertex -48.5278 70.35 3
      vertex -48.4294 70.1506 -7.57871e-07
      vertex -48.4294 70.1506 3
    endloop
  endfacet
  facet normal -0.896754 0.44253 0
    outer loop
      vertex -48.5278 68.65 -7.57871e-07
      vertex -48.4294 68.8494 3
      vertex -48.4294 68.8494 -7.57871e-07
    endloop
  endfacet
  facet normal -0.896754 0.44253 0
    outer loop
      vertex -48.4294 68.8494 3
      vertex -48.5278 68.65 -7.57871e-07
      vertex -48.5278 68.65 3
    endloop
  endfacet
  facet normal -0.997872 -0.0652057 0
    outer loop
      vertex -48.3 69.5 -7.57871e-07
      vertex -48.3145 69.7219 3
      vertex -48.3145 69.7219 -7.57871e-07
    endloop
  endfacet
  facet normal -0.997872 -0.0652057 0
    outer loop
      vertex -48.3145 69.7219 3
      vertex -48.3 69.5 -7.57871e-07
      vertex -48.3 69.5 3
    endloop
  endfacet
  facet normal -0.98077 -0.195165 0
    outer loop
      vertex -48.3145 69.7219 -7.57871e-07
      vertex -48.3579 69.94 3
      vertex -48.3579 69.94 -7.57871e-07
    endloop
  endfacet
  facet normal -0.98077 -0.195165 0
    outer loop
      vertex -48.3579 69.94 3
      vertex -48.3145 69.7219 -7.57871e-07
      vertex -48.3145 69.7219 3
    endloop
  endfacet
  facet normal -0.946915 -0.321484 0
    outer loop
      vertex -48.3579 69.94 -7.57871e-07
      vertex -48.4294 70.1506 3
      vertex -48.4294 70.1506 -7.57871e-07
    endloop
  endfacet
  facet normal -0.946915 -0.321484 0
    outer loop
      vertex -48.4294 70.1506 3
      vertex -48.3579 69.94 -7.57871e-07
      vertex -48.3579 69.94 3
    endloop
  endfacet
  facet normal 0.659268 0.751908 -0
    outer loop
      vertex -51.0349 68.1513 -7.57871e-07
      vertex -51.2021 68.2979 3
      vertex -51.0349 68.1513 3
    endloop
  endfacet
  facet normal 0.659268 0.751908 0
    outer loop
      vertex -51.2021 68.2979 3
      vertex -51.0349 68.1513 -7.57871e-07
      vertex -51.2021 68.2979 -7.57871e-07
    endloop
  endfacet
  facet normal 0.98077 -0.195165 0
    outer loop
      vertex 28.3145 69.7219 3
      vertex 28.3579 69.94 -7.57871e-07
      vertex 28.3579 69.94 3
    endloop
  endfacet
  facet normal 0.98077 -0.195165 0
    outer loop
      vertex 28.3579 69.94 -7.57871e-07
      vertex 28.3145 69.7219 3
      vertex 28.3145 69.7219 -7.57871e-07
    endloop
  endfacet
  facet normal 0.997872 -0.0652057 0
    outer loop
      vertex 28.3 69.5 3
      vertex 28.3145 69.7219 -7.57871e-07
      vertex 28.3145 69.7219 3
    endloop
  endfacet
  facet normal 0.997872 -0.0652057 0
    outer loop
      vertex 28.3145 69.7219 -7.57871e-07
      vertex 28.3 69.5 3
      vertex 28.3 69.5 -7.57871e-07
    endloop
  endfacet
  facet normal -0.44253 -0.896754 0
    outer loop
      vertex 30.6506 71.0706 -7.57871e-07
      vertex 30.85 70.9722 3
      vertex 30.6506 71.0706 3
    endloop
  endfacet
  facet normal -0.44253 -0.896754 -0
    outer loop
      vertex 30.85 70.9722 3
      vertex 30.6506 71.0706 -7.57871e-07
      vertex 30.85 70.9722 -7.57871e-07
    endloop
  endfacet
  facet normal 0.555426 -0.831566 0
    outer loop
      vertex 28.9651 70.8487 -7.57871e-07
      vertex 29.15 70.9722 3
      vertex 28.9651 70.8487 3
    endloop
  endfacet
  facet normal 0.555426 -0.831566 0
    outer loop
      vertex 29.15 70.9722 3
      vertex 28.9651 70.8487 -7.57871e-07
      vertex 29.15 70.9722 -7.57871e-07
    endloop
  endfacet
  facet normal -0.659268 -0.751908 0
    outer loop
      vertex 31.0349 70.8487 -7.57871e-07
      vertex 31.2021 70.7021 3
      vertex 31.0349 70.8487 3
    endloop
  endfacet
  facet normal -0.659268 -0.751908 -0
    outer loop
      vertex 31.2021 70.7021 3
      vertex 31.0349 70.8487 -7.57871e-07
      vertex 31.2021 70.7021 -7.57871e-07
    endloop
  endfacet
  facet normal 0.321484 0.946915 -0
    outer loop
      vertex 29.56 67.8579 -7.57871e-07
      vertex 29.3494 67.9294 3
      vertex 29.56 67.8579 3
    endloop
  endfacet
  facet normal 0.321484 0.946915 0
    outer loop
      vertex 29.3494 67.9294 3
      vertex 29.56 67.8579 -7.57871e-07
      vertex 29.3494 67.9294 -7.57871e-07
    endloop
  endfacet
  facet normal 0.831566 0.555426 0
    outer loop
      vertex 28.6513 68.4651 3
      vertex 28.5278 68.65 -7.57871e-07
      vertex 28.5278 68.65 3
    endloop
  endfacet
  facet normal 0.831566 0.555426 0
    outer loop
      vertex 28.5278 68.65 -7.57871e-07
      vertex 28.6513 68.4651 3
      vertex 28.6513 68.4651 -7.57871e-07
    endloop
  endfacet
  facet normal 0.946915 0.321484 0
    outer loop
      vertex 28.4294 68.8494 3
      vertex 28.3579 69.06 -7.57871e-07
      vertex 28.3579 69.06 3
    endloop
  endfacet
  facet normal 0.946915 0.321484 0
    outer loop
      vertex 28.3579 69.06 -7.57871e-07
      vertex 28.4294 68.8494 3
      vertex 28.4294 68.8494 -7.57871e-07
    endloop
  endfacet
  facet normal 0.321484 -0.946915 0
    outer loop
      vertex 29.3494 71.0706 -7.57871e-07
      vertex 29.56 71.1421 3
      vertex 29.3494 71.0706 3
    endloop
  endfacet
  facet normal 0.321484 -0.946915 0
    outer loop
      vertex 29.56 71.1421 3
      vertex 29.3494 71.0706 -7.57871e-07
      vertex 29.56 71.1421 -7.57871e-07
    endloop
  endfacet
  facet normal -0.555426 -0.831566 0
    outer loop
      vertex 30.85 70.9722 -7.57871e-07
      vertex 31.0349 70.8487 3
      vertex 30.85 70.9722 3
    endloop
  endfacet
  facet normal -0.555426 -0.831566 -0
    outer loop
      vertex 31.0349 70.8487 3
      vertex 30.85 70.9722 -7.57871e-07
      vertex 31.0349 70.8487 -7.57871e-07
    endloop
  endfacet
  facet normal 0.896754 0.44253 0
    outer loop
      vertex 28.5278 68.65 3
      vertex 28.4294 68.8494 -7.57871e-07
      vertex 28.4294 68.8494 3
    endloop
  endfacet
  facet normal 0.896754 0.44253 0
    outer loop
      vertex 28.4294 68.8494 -7.57871e-07
      vertex 28.5278 68.65 3
      vertex 28.5278 68.65 -7.57871e-07
    endloop
  endfacet
  facet normal 0.659268 -0.751908 0
    outer loop
      vertex 28.7979 70.7021 -7.57871e-07
      vertex 28.9651 70.8487 3
      vertex 28.7979 70.7021 3
    endloop
  endfacet
  facet normal 0.659268 -0.751908 0
    outer loop
      vertex 28.9651 70.8487 3
      vertex 28.7979 70.7021 -7.57871e-07
      vertex 28.9651 70.8487 -7.57871e-07
    endloop
  endfacet
  facet normal 0.555426 0.831566 -0
    outer loop
      vertex 29.15 68.0278 -7.57871e-07
      vertex 28.9651 68.1513 3
      vertex 29.15 68.0278 3
    endloop
  endfacet
  facet normal 0.555426 0.831566 0
    outer loop
      vertex 28.9651 68.1513 3
      vertex 29.15 68.0278 -7.57871e-07
      vertex 28.9651 68.1513 -7.57871e-07
    endloop
  endfacet
  facet normal 0.44253 -0.896754 0
    outer loop
      vertex 29.15 70.9722 -7.57871e-07
      vertex 29.3494 71.0706 3
      vertex 29.15 70.9722 3
    endloop
  endfacet
  facet normal 0.44253 -0.896754 0
    outer loop
      vertex 29.3494 71.0706 3
      vertex 29.15 70.9722 -7.57871e-07
      vertex 29.3494 71.0706 -7.57871e-07
    endloop
  endfacet
  facet normal -0.997872 -0.0652057 0
    outer loop
      vertex 31.7 69.5 -7.57871e-07
      vertex 31.6855 69.7219 3
      vertex 31.6855 69.7219 -7.57871e-07
    endloop
  endfacet
  facet normal -0.997872 -0.0652057 0
    outer loop
      vertex 31.6855 69.7219 3
      vertex 31.7 69.5 -7.57871e-07
      vertex 31.7 69.5 3
    endloop
  endfacet
  facet normal -0.659268 0.751908 0
    outer loop
      vertex 31.2021 68.2979 -7.57871e-07
      vertex 31.0349 68.1513 3
      vertex 31.2021 68.2979 3
    endloop
  endfacet
  facet normal -0.659268 0.751908 0
    outer loop
      vertex 31.0349 68.1513 3
      vertex 31.2021 68.2979 -7.57871e-07
      vertex 31.0349 68.1513 -7.57871e-07
    endloop
  endfacet
  facet normal -0.751908 0.659268 0
    outer loop
      vertex 31.2021 68.2979 -7.57871e-07
      vertex 31.3487 68.4651 3
      vertex 31.3487 68.4651 -7.57871e-07
    endloop
  endfacet
  facet normal -0.751908 0.659268 0
    outer loop
      vertex 31.3487 68.4651 3
      vertex 31.2021 68.2979 -7.57871e-07
      vertex 31.2021 68.2979 3
    endloop
  endfacet
  facet normal -0.831566 0.555426 0
    outer loop
      vertex 31.3487 68.4651 -7.57871e-07
      vertex 31.4722 68.65 3
      vertex 31.4722 68.65 -7.57871e-07
    endloop
  endfacet
  facet normal -0.831566 0.555426 0
    outer loop
      vertex 31.4722 68.65 3
      vertex 31.3487 68.4651 -7.57871e-07
      vertex 31.3487 68.4651 3
    endloop
  endfacet
  facet normal 0.831566 -0.555426 0
    outer loop
      vertex 28.5278 70.35 3
      vertex 28.6513 70.5349 -7.57871e-07
      vertex 28.6513 70.5349 3
    endloop
  endfacet
  facet normal 0.831566 -0.555426 0
    outer loop
      vertex 28.6513 70.5349 -7.57871e-07
      vertex 28.5278 70.35 3
      vertex 28.5278 70.35 -7.57871e-07
    endloop
  endfacet
  facet normal 0.195165 0.98077 -0
    outer loop
      vertex 29.7781 67.8145 -7.57871e-07
      vertex 29.56 67.8579 3
      vertex 29.7781 67.8145 3
    endloop
  endfacet
  facet normal 0.195165 0.98077 0
    outer loop
      vertex 29.56 67.8579 3
      vertex 29.7781 67.8145 -7.57871e-07
      vertex 29.56 67.8579 -7.57871e-07
    endloop
  endfacet
  facet normal 0.98077 0.195165 0
    outer loop
      vertex 28.3579 69.06 3
      vertex 28.3145 69.2781 -7.57871e-07
      vertex 28.3145 69.2781 3
    endloop
  endfacet
  facet normal 0.98077 0.195165 0
    outer loop
      vertex 28.3145 69.2781 -7.57871e-07
      vertex 28.3579 69.06 3
      vertex 28.3579 69.06 -7.57871e-07
    endloop
  endfacet
  facet normal -0.946915 0.321484 0
    outer loop
      vertex 31.5706 68.8494 -7.57871e-07
      vertex 31.6421 69.06 3
      vertex 31.6421 69.06 -7.57871e-07
    endloop
  endfacet
  facet normal -0.946915 0.321484 0
    outer loop
      vertex 31.6421 69.06 3
      vertex 31.5706 68.8494 -7.57871e-07
      vertex 31.5706 68.8494 3
    endloop
  endfacet
  facet normal 0.44253 0.896754 -0
    outer loop
      vertex 29.3494 67.9294 -7.57871e-07
      vertex 29.15 68.0278 3
      vertex 29.3494 67.9294 3
    endloop
  endfacet
  facet normal 0.44253 0.896754 0
    outer loop
      vertex 29.15 68.0278 3
      vertex 29.3494 67.9294 -7.57871e-07
      vertex 29.15 68.0278 -7.57871e-07
    endloop
  endfacet
  facet normal 0.0652057 -0.997872 0
    outer loop
      vertex 29.7781 71.1855 -7.57871e-07
      vertex 30 71.2 3
      vertex 29.7781 71.1855 3
    endloop
  endfacet
  facet normal 0.0652057 -0.997872 0
    outer loop
      vertex 30 71.2 3
      vertex 29.7781 71.1855 -7.57871e-07
      vertex 30 71.2 -7.57871e-07
    endloop
  endfacet
  facet normal -0.321484 -0.946915 0
    outer loop
      vertex 30.44 71.1421 -7.57871e-07
      vertex 30.6506 71.0706 3
      vertex 30.44 71.1421 3
    endloop
  endfacet
  facet normal -0.321484 -0.946915 -0
    outer loop
      vertex 30.6506 71.0706 3
      vertex 30.44 71.1421 -7.57871e-07
      vertex 30.6506 71.0706 -7.57871e-07
    endloop
  endfacet
  facet normal -0.195165 -0.98077 0
    outer loop
      vertex 30.2219 71.1855 -7.57871e-07
      vertex 30.44 71.1421 3
      vertex 30.2219 71.1855 3
    endloop
  endfacet
  facet normal -0.195165 -0.98077 -0
    outer loop
      vertex 30.44 71.1421 3
      vertex 30.2219 71.1855 -7.57871e-07
      vertex 30.44 71.1421 -7.57871e-07
    endloop
  endfacet
  facet normal 0.896754 -0.44253 0
    outer loop
      vertex 28.4294 70.1506 3
      vertex 28.5278 70.35 -7.57871e-07
      vertex 28.5278 70.35 3
    endloop
  endfacet
  facet normal 0.896754 -0.44253 0
    outer loop
      vertex 28.5278 70.35 -7.57871e-07
      vertex 28.4294 70.1506 3
      vertex 28.4294 70.1506 -7.57871e-07
    endloop
  endfacet
  facet normal 0.997872 0.0652057 0
    outer loop
      vertex 28.3145 69.2781 3
      vertex 28.3 69.5 -7.57871e-07
      vertex 28.3 69.5 3
    endloop
  endfacet
  facet normal 0.997872 0.0652057 0
    outer loop
      vertex 28.3 69.5 -7.57871e-07
      vertex 28.3145 69.2781 3
      vertex 28.3145 69.2781 -7.57871e-07
    endloop
  endfacet
  facet normal 0.0652057 0.997872 -0
    outer loop
      vertex 30 67.8 -7.57871e-07
      vertex 29.7781 67.8145 3
      vertex 30 67.8 3
    endloop
  endfacet
  facet normal 0.0652057 0.997872 0
    outer loop
      vertex 29.7781 67.8145 3
      vertex 30 67.8 -7.57871e-07
      vertex 29.7781 67.8145 -7.57871e-07
    endloop
  endfacet
  facet normal 0.751908 -0.659268 0
    outer loop
      vertex 28.6513 70.5349 3
      vertex 28.7979 70.7021 -7.57871e-07
      vertex 28.7979 70.7021 3
    endloop
  endfacet
  facet normal 0.751908 -0.659268 0
    outer loop
      vertex 28.7979 70.7021 -7.57871e-07
      vertex 28.6513 70.5349 3
      vertex 28.6513 70.5349 -7.57871e-07
    endloop
  endfacet
  facet normal -0.997872 0.0652057 0
    outer loop
      vertex 31.6855 69.2781 -7.57871e-07
      vertex 31.7 69.5 3
      vertex 31.7 69.5 -7.57871e-07
    endloop
  endfacet
  facet normal -0.997872 0.0652057 0
    outer loop
      vertex 31.7 69.5 3
      vertex 31.6855 69.2781 -7.57871e-07
      vertex 31.6855 69.2781 3
    endloop
  endfacet
  facet normal 0.751908 0.659268 0
    outer loop
      vertex 28.7979 68.2979 3
      vertex 28.6513 68.4651 -7.57871e-07
      vertex 28.6513 68.4651 3
    endloop
  endfacet
  facet normal 0.751908 0.659268 0
    outer loop
      vertex 28.6513 68.4651 -7.57871e-07
      vertex 28.7979 68.2979 3
      vertex 28.7979 68.2979 -7.57871e-07
    endloop
  endfacet
  facet normal -0.751908 -0.659268 0
    outer loop
      vertex 31.3487 70.5349 -7.57871e-07
      vertex 31.2021 70.7021 3
      vertex 31.2021 70.7021 -7.57871e-07
    endloop
  endfacet
  facet normal -0.751908 -0.659268 0
    outer loop
      vertex 31.2021 70.7021 3
      vertex 31.3487 70.5349 -7.57871e-07
      vertex 31.3487 70.5349 3
    endloop
  endfacet
  facet normal -0.831566 -0.555426 0
    outer loop
      vertex 31.4722 70.35 -7.57871e-07
      vertex 31.3487 70.5349 3
      vertex 31.3487 70.5349 -7.57871e-07
    endloop
  endfacet
  facet normal -0.831566 -0.555426 0
    outer loop
      vertex 31.3487 70.5349 3
      vertex 31.4722 70.35 -7.57871e-07
      vertex 31.4722 70.35 3
    endloop
  endfacet
  facet normal -0.0652057 -0.997872 0
    outer loop
      vertex 30 71.2 -7.57871e-07
      vertex 30.2219 71.1855 3
      vertex 30 71.2 3
    endloop
  endfacet
  facet normal -0.0652057 -0.997872 -0
    outer loop
      vertex 30.2219 71.1855 3
      vertex 30 71.2 -7.57871e-07
      vertex 30.2219 71.1855 -7.57871e-07
    endloop
  endfacet
  facet normal -0.98077 0.195165 0
    outer loop
      vertex 31.6421 69.06 -7.57871e-07
      vertex 31.6855 69.2781 3
      vertex 31.6855 69.2781 -7.57871e-07
    endloop
  endfacet
  facet normal -0.98077 0.195165 0
    outer loop
      vertex 31.6855 69.2781 3
      vertex 31.6421 69.06 -7.57871e-07
      vertex 31.6421 69.06 3
    endloop
  endfacet
  facet normal -0.321484 0.946915 0
    outer loop
      vertex 30.6506 67.9294 -7.57871e-07
      vertex 30.44 67.8579 3
      vertex 30.6506 67.9294 3
    endloop
  endfacet
  facet normal -0.321484 0.946915 0
    outer loop
      vertex 30.44 67.8579 3
      vertex 30.6506 67.9294 -7.57871e-07
      vertex 30.44 67.8579 -7.57871e-07
    endloop
  endfacet
  facet normal 0.946915 -0.321484 0
    outer loop
      vertex 28.3579 69.94 3
      vertex 28.4294 70.1506 -7.57871e-07
      vertex 28.4294 70.1506 3
    endloop
  endfacet
  facet normal 0.946915 -0.321484 0
    outer loop
      vertex 28.4294 70.1506 -7.57871e-07
      vertex 28.3579 69.94 3
      vertex 28.3579 69.94 -7.57871e-07
    endloop
  endfacet
  facet normal -0.44253 0.896754 0
    outer loop
      vertex 30.85 68.0278 -7.57871e-07
      vertex 30.6506 67.9294 3
      vertex 30.85 68.0278 3
    endloop
  endfacet
  facet normal -0.44253 0.896754 0
    outer loop
      vertex 30.6506 67.9294 3
      vertex 30.85 68.0278 -7.57871e-07
      vertex 30.6506 67.9294 -7.57871e-07
    endloop
  endfacet
  facet normal -0.555426 0.831566 0
    outer loop
      vertex 31.0349 68.1513 -7.57871e-07
      vertex 30.85 68.0278 3
      vertex 31.0349 68.1513 3
    endloop
  endfacet
  facet normal -0.555426 0.831566 0
    outer loop
      vertex 30.85 68.0278 3
      vertex 31.0349 68.1513 -7.57871e-07
      vertex 30.85 68.0278 -7.57871e-07
    endloop
  endfacet
  facet normal -0.195165 0.98077 0
    outer loop
      vertex 30.44 67.8579 -7.57871e-07
      vertex 30.2219 67.8145 3
      vertex 30.44 67.8579 3
    endloop
  endfacet
  facet normal -0.195165 0.98077 0
    outer loop
      vertex 30.2219 67.8145 3
      vertex 30.44 67.8579 -7.57871e-07
      vertex 30.2219 67.8145 -7.57871e-07
    endloop
  endfacet
  facet normal -0.896754 -0.44253 0
    outer loop
      vertex 31.5706 70.1506 -7.57871e-07
      vertex 31.4722 70.35 3
      vertex 31.4722 70.35 -7.57871e-07
    endloop
  endfacet
  facet normal -0.896754 -0.44253 0
    outer loop
      vertex 31.4722 70.35 3
      vertex 31.5706 70.1506 -7.57871e-07
      vertex 31.5706 70.1506 3
    endloop
  endfacet
  facet normal -0.0652057 0.997872 0
    outer loop
      vertex 30.2219 67.8145 -7.57871e-07
      vertex 30 67.8 3
      vertex 30.2219 67.8145 3
    endloop
  endfacet
  facet normal -0.0652057 0.997872 0
    outer loop
      vertex 30 67.8 3
      vertex 30.2219 67.8145 -7.57871e-07
      vertex 30 67.8 -7.57871e-07
    endloop
  endfacet
  facet normal -0.896754 0.44253 0
    outer loop
      vertex 31.4722 68.65 -7.57871e-07
      vertex 31.5706 68.8494 3
      vertex 31.5706 68.8494 -7.57871e-07
    endloop
  endfacet
  facet normal -0.896754 0.44253 0
    outer loop
      vertex 31.5706 68.8494 3
      vertex 31.4722 68.65 -7.57871e-07
      vertex 31.4722 68.65 3
    endloop
  endfacet
  facet normal -0.98077 -0.195165 0
    outer loop
      vertex 31.6855 69.7219 -7.57871e-07
      vertex 31.6421 69.94 3
      vertex 31.6421 69.94 -7.57871e-07
    endloop
  endfacet
  facet normal -0.98077 -0.195165 0
    outer loop
      vertex 31.6421 69.94 3
      vertex 31.6855 69.7219 -7.57871e-07
      vertex 31.6855 69.7219 3
    endloop
  endfacet
  facet normal -0.946915 -0.321484 0
    outer loop
      vertex 31.6421 69.94 -7.57871e-07
      vertex 31.5706 70.1506 3
      vertex 31.5706 70.1506 -7.57871e-07
    endloop
  endfacet
  facet normal -0.946915 -0.321484 0
    outer loop
      vertex 31.5706 70.1506 3
      vertex 31.6421 69.94 -7.57871e-07
      vertex 31.6421 69.94 3
    endloop
  endfacet
  facet normal 0.195165 -0.98077 0
    outer loop
      vertex 29.56 71.1421 -7.57871e-07
      vertex 29.7781 71.1855 3
      vertex 29.56 71.1421 3
    endloop
  endfacet
  facet normal 0.195165 -0.98077 0
    outer loop
      vertex 29.7781 71.1855 3
      vertex 29.56 71.1421 -7.57871e-07
      vertex 29.7781 71.1855 -7.57871e-07
    endloop
  endfacet
  facet normal 0.659268 0.751908 -0
    outer loop
      vertex 28.9651 68.1513 -7.57871e-07
      vertex 28.7979 68.2979 3
      vertex 28.9651 68.1513 3
    endloop
  endfacet
  facet normal 0.659268 0.751908 0
    outer loop
      vertex 28.7979 68.2979 3
      vertex 28.9651 68.1513 -7.57871e-07
      vertex 28.7979 68.2979 -7.57871e-07
    endloop
  endfacet
  facet normal 0.98077 -0.195165 0
    outer loop
      vertex -31.6855 69.7219 3
      vertex -31.6421 69.94 -7.57871e-07
      vertex -31.6421 69.94 3
    endloop
  endfacet
  facet normal 0.98077 -0.195165 0
    outer loop
      vertex -31.6421 69.94 -7.57871e-07
      vertex -31.6855 69.7219 3
      vertex -31.6855 69.7219 -7.57871e-07
    endloop
  endfacet
  facet normal 0.997872 -0.0652057 0
    outer loop
      vertex -31.7 69.5 3
      vertex -31.6855 69.7219 -7.57871e-07
      vertex -31.6855 69.7219 3
    endloop
  endfacet
  facet normal 0.997872 -0.0652057 0
    outer loop
      vertex -31.6855 69.7219 -7.57871e-07
      vertex -31.7 69.5 3
      vertex -31.7 69.5 -7.57871e-07
    endloop
  endfacet
  facet normal -0.44253 -0.896754 0
    outer loop
      vertex -29.3494 71.0706 -7.57871e-07
      vertex -29.15 70.9722 3
      vertex -29.3494 71.0706 3
    endloop
  endfacet
  facet normal -0.44253 -0.896754 -0
    outer loop
      vertex -29.15 70.9722 3
      vertex -29.3494 71.0706 -7.57871e-07
      vertex -29.15 70.9722 -7.57871e-07
    endloop
  endfacet
  facet normal 0.555426 -0.831566 0
    outer loop
      vertex -31.0349 70.8487 -7.57871e-07
      vertex -30.85 70.9722 3
      vertex -31.0349 70.8487 3
    endloop
  endfacet
  facet normal 0.555426 -0.831566 0
    outer loop
      vertex -30.85 70.9722 3
      vertex -31.0349 70.8487 -7.57871e-07
      vertex -30.85 70.9722 -7.57871e-07
    endloop
  endfacet
  facet normal -0.659268 -0.751908 0
    outer loop
      vertex -28.9651 70.8487 -7.57871e-07
      vertex -28.7979 70.7021 3
      vertex -28.9651 70.8487 3
    endloop
  endfacet
  facet normal -0.659268 -0.751908 -0
    outer loop
      vertex -28.7979 70.7021 3
      vertex -28.9651 70.8487 -7.57871e-07
      vertex -28.7979 70.7021 -7.57871e-07
    endloop
  endfacet
  facet normal 0.321484 0.946915 -0
    outer loop
      vertex -30.44 67.8579 -7.57871e-07
      vertex -30.6506 67.9294 3
      vertex -30.44 67.8579 3
    endloop
  endfacet
  facet normal 0.321484 0.946915 0
    outer loop
      vertex -30.6506 67.9294 3
      vertex -30.44 67.8579 -7.57871e-07
      vertex -30.6506 67.9294 -7.57871e-07
    endloop
  endfacet
  facet normal 0.831566 0.555426 0
    outer loop
      vertex -31.3487 68.4651 3
      vertex -31.4722 68.65 -7.57871e-07
      vertex -31.4722 68.65 3
    endloop
  endfacet
  facet normal 0.831566 0.555426 0
    outer loop
      vertex -31.4722 68.65 -7.57871e-07
      vertex -31.3487 68.4651 3
      vertex -31.3487 68.4651 -7.57871e-07
    endloop
  endfacet
  facet normal 0.946915 0.321484 0
    outer loop
      vertex -31.5706 68.8494 3
      vertex -31.6421 69.06 -7.57871e-07
      vertex -31.6421 69.06 3
    endloop
  endfacet
  facet normal 0.946915 0.321484 0
    outer loop
      vertex -31.6421 69.06 -7.57871e-07
      vertex -31.5706 68.8494 3
      vertex -31.5706 68.8494 -7.57871e-07
    endloop
  endfacet
  facet normal 0.321484 -0.946915 0
    outer loop
      vertex -30.6506 71.0706 -7.57871e-07
      vertex -30.44 71.1421 3
      vertex -30.6506 71.0706 3
    endloop
  endfacet
  facet normal 0.321484 -0.946915 0
    outer loop
      vertex -30.44 71.1421 3
      vertex -30.6506 71.0706 -7.57871e-07
      vertex -30.44 71.1421 -7.57871e-07
    endloop
  endfacet
  facet normal 0.195165 -0.98077 0
    outer loop
      vertex -30.44 71.1421 -7.57871e-07
      vertex -30.2219 71.1855 3
      vertex -30.44 71.1421 3
    endloop
  endfacet
  facet normal 0.195165 -0.98077 0
    outer loop
      vertex -30.2219 71.1855 3
      vertex -30.44 71.1421 -7.57871e-07
      vertex -30.2219 71.1855 -7.57871e-07
    endloop
  endfacet
  facet normal -0.555426 -0.831566 0
    outer loop
      vertex -29.15 70.9722 -7.57871e-07
      vertex -28.9651 70.8487 3
      vertex -29.15 70.9722 3
    endloop
  endfacet
  facet normal -0.555426 -0.831566 -0
    outer loop
      vertex -28.9651 70.8487 3
      vertex -29.15 70.9722 -7.57871e-07
      vertex -28.9651 70.8487 -7.57871e-07
    endloop
  endfacet
  facet normal 0.896754 0.44253 0
    outer loop
      vertex -31.4722 68.65 3
      vertex -31.5706 68.8494 -7.57871e-07
      vertex -31.5706 68.8494 3
    endloop
  endfacet
  facet normal 0.896754 0.44253 0
    outer loop
      vertex -31.5706 68.8494 -7.57871e-07
      vertex -31.4722 68.65 3
      vertex -31.4722 68.65 -7.57871e-07
    endloop
  endfacet
  facet normal 0.659268 -0.751908 0
    outer loop
      vertex -31.2021 70.7021 -7.57871e-07
      vertex -31.0349 70.8487 3
      vertex -31.2021 70.7021 3
    endloop
  endfacet
  facet normal 0.659268 -0.751908 0
    outer loop
      vertex -31.0349 70.8487 3
      vertex -31.2021 70.7021 -7.57871e-07
      vertex -31.0349 70.8487 -7.57871e-07
    endloop
  endfacet
  facet normal 0.555426 0.831566 -0
    outer loop
      vertex -30.85 68.0278 -7.57871e-07
      vertex -31.0349 68.1513 3
      vertex -30.85 68.0278 3
    endloop
  endfacet
  facet normal 0.555426 0.831566 0
    outer loop
      vertex -31.0349 68.1513 3
      vertex -30.85 68.0278 -7.57871e-07
      vertex -31.0349 68.1513 -7.57871e-07
    endloop
  endfacet
  facet normal 0.44253 -0.896754 0
    outer loop
      vertex -30.85 70.9722 -7.57871e-07
      vertex -30.6506 71.0706 3
      vertex -30.85 70.9722 3
    endloop
  endfacet
  facet normal 0.44253 -0.896754 0
    outer loop
      vertex -30.6506 71.0706 3
      vertex -30.85 70.9722 -7.57871e-07
      vertex -30.6506 71.0706 -7.57871e-07
    endloop
  endfacet
  facet normal -0.659268 0.751908 0
    outer loop
      vertex -28.7979 68.2979 -7.57871e-07
      vertex -28.9651 68.1513 3
      vertex -28.7979 68.2979 3
    endloop
  endfacet
  facet normal -0.659268 0.751908 0
    outer loop
      vertex -28.9651 68.1513 3
      vertex -28.7979 68.2979 -7.57871e-07
      vertex -28.9651 68.1513 -7.57871e-07
    endloop
  endfacet
  facet normal -0.751908 0.659268 0
    outer loop
      vertex -28.7979 68.2979 -7.57871e-07
      vertex -28.6513 68.4651 3
      vertex -28.6513 68.4651 -7.57871e-07
    endloop
  endfacet
  facet normal -0.751908 0.659268 0
    outer loop
      vertex -28.6513 68.4651 3
      vertex -28.7979 68.2979 -7.57871e-07
      vertex -28.7979 68.2979 3
    endloop
  endfacet
  facet normal -0.831566 0.555426 0
    outer loop
      vertex -28.6513 68.4651 -7.57871e-07
      vertex -28.5278 68.65 3
      vertex -28.5278 68.65 -7.57871e-07
    endloop
  endfacet
  facet normal -0.831566 0.555426 0
    outer loop
      vertex -28.5278 68.65 3
      vertex -28.6513 68.4651 -7.57871e-07
      vertex -28.6513 68.4651 3
    endloop
  endfacet
  facet normal 0.831566 -0.555426 0
    outer loop
      vertex -31.4722 70.35 3
      vertex -31.3487 70.5349 -7.57871e-07
      vertex -31.3487 70.5349 3
    endloop
  endfacet
  facet normal 0.831566 -0.555426 0
    outer loop
      vertex -31.3487 70.5349 -7.57871e-07
      vertex -31.4722 70.35 3
      vertex -31.4722 70.35 -7.57871e-07
    endloop
  endfacet
  facet normal 0.195165 0.98077 -0
    outer loop
      vertex -30.2219 67.8145 -7.57871e-07
      vertex -30.44 67.8579 3
      vertex -30.2219 67.8145 3
    endloop
  endfacet
  facet normal 0.195165 0.98077 0
    outer loop
      vertex -30.44 67.8579 3
      vertex -30.2219 67.8145 -7.57871e-07
      vertex -30.44 67.8579 -7.57871e-07
    endloop
  endfacet
  facet normal 0.98077 0.195165 0
    outer loop
      vertex -31.6421 69.06 3
      vertex -31.6855 69.2781 -7.57871e-07
      vertex -31.6855 69.2781 3
    endloop
  endfacet
  facet normal 0.98077 0.195165 0
    outer loop
      vertex -31.6855 69.2781 -7.57871e-07
      vertex -31.6421 69.06 3
      vertex -31.6421 69.06 -7.57871e-07
    endloop
  endfacet
  facet normal -0.946915 0.321484 0
    outer loop
      vertex -28.4294 68.8494 -7.57871e-07
      vertex -28.3579 69.06 3
      vertex -28.3579 69.06 -7.57871e-07
    endloop
  endfacet
  facet normal -0.946915 0.321484 0
    outer loop
      vertex -28.3579 69.06 3
      vertex -28.4294 68.8494 -7.57871e-07
      vertex -28.4294 68.8494 3
    endloop
  endfacet
  facet normal 0.44253 0.896754 -0
    outer loop
      vertex -30.6506 67.9294 -7.57871e-07
      vertex -30.85 68.0278 3
      vertex -30.6506 67.9294 3
    endloop
  endfacet
  facet normal 0.44253 0.896754 0
    outer loop
      vertex -30.85 68.0278 3
      vertex -30.6506 67.9294 -7.57871e-07
      vertex -30.85 68.0278 -7.57871e-07
    endloop
  endfacet
  facet normal 0.0652057 -0.997872 0
    outer loop
      vertex -30.2219 71.1855 -7.57871e-07
      vertex -30 71.2 3
      vertex -30.2219 71.1855 3
    endloop
  endfacet
  facet normal 0.0652057 -0.997872 0
    outer loop
      vertex -30 71.2 3
      vertex -30.2219 71.1855 -7.57871e-07
      vertex -30 71.2 -7.57871e-07
    endloop
  endfacet
  facet normal -0.321484 -0.946915 0
    outer loop
      vertex -29.56 71.1421 -7.57871e-07
      vertex -29.3494 71.0706 3
      vertex -29.56 71.1421 3
    endloop
  endfacet
  facet normal -0.321484 -0.946915 -0
    outer loop
      vertex -29.3494 71.0706 3
      vertex -29.56 71.1421 -7.57871e-07
      vertex -29.3494 71.0706 -7.57871e-07
    endloop
  endfacet
  facet normal -0.195165 -0.98077 0
    outer loop
      vertex -29.7781 71.1855 -7.57871e-07
      vertex -29.56 71.1421 3
      vertex -29.7781 71.1855 3
    endloop
  endfacet
  facet normal -0.195165 -0.98077 -0
    outer loop
      vertex -29.56 71.1421 3
      vertex -29.7781 71.1855 -7.57871e-07
      vertex -29.56 71.1421 -7.57871e-07
    endloop
  endfacet
  facet normal 0.896754 -0.44253 0
    outer loop
      vertex -31.5706 70.1506 3
      vertex -31.4722 70.35 -7.57871e-07
      vertex -31.4722 70.35 3
    endloop
  endfacet
  facet normal 0.896754 -0.44253 0
    outer loop
      vertex -31.4722 70.35 -7.57871e-07
      vertex -31.5706 70.1506 3
      vertex -31.5706 70.1506 -7.57871e-07
    endloop
  endfacet
  facet normal 0.997872 0.0652057 0
    outer loop
      vertex -31.6855 69.2781 3
      vertex -31.7 69.5 -7.57871e-07
      vertex -31.7 69.5 3
    endloop
  endfacet
  facet normal 0.997872 0.0652057 0
    outer loop
      vertex -31.7 69.5 -7.57871e-07
      vertex -31.6855 69.2781 3
      vertex -31.6855 69.2781 -7.57871e-07
    endloop
  endfacet
  facet normal 0.0652057 0.997872 -0
    outer loop
      vertex -30 67.8 -7.57871e-07
      vertex -30.2219 67.8145 3
      vertex -30 67.8 3
    endloop
  endfacet
  facet normal 0.0652057 0.997872 0
    outer loop
      vertex -30.2219 67.8145 3
      vertex -30 67.8 -7.57871e-07
      vertex -30.2219 67.8145 -7.57871e-07
    endloop
  endfacet
  facet normal 0.751908 -0.659268 0
    outer loop
      vertex -31.3487 70.5349 3
      vertex -31.2021 70.7021 -7.57871e-07
      vertex -31.2021 70.7021 3
    endloop
  endfacet
  facet normal 0.751908 -0.659268 0
    outer loop
      vertex -31.2021 70.7021 -7.57871e-07
      vertex -31.3487 70.5349 3
      vertex -31.3487 70.5349 -7.57871e-07
    endloop
  endfacet
  facet normal -0.997872 0.0652057 0
    outer loop
      vertex -28.3145 69.2781 -7.57871e-07
      vertex -28.3 69.5 3
      vertex -28.3 69.5 -7.57871e-07
    endloop
  endfacet
  facet normal -0.997872 0.0652057 0
    outer loop
      vertex -28.3 69.5 3
      vertex -28.3145 69.2781 -7.57871e-07
      vertex -28.3145 69.2781 3
    endloop
  endfacet
  facet normal 0.751908 0.659268 0
    outer loop
      vertex -31.2021 68.2979 3
      vertex -31.3487 68.4651 -7.57871e-07
      vertex -31.3487 68.4651 3
    endloop
  endfacet
  facet normal 0.751908 0.659268 0
    outer loop
      vertex -31.3487 68.4651 -7.57871e-07
      vertex -31.2021 68.2979 3
      vertex -31.2021 68.2979 -7.57871e-07
    endloop
  endfacet
  facet normal -0.751908 -0.659268 0
    outer loop
      vertex -28.6513 70.5349 -7.57871e-07
      vertex -28.7979 70.7021 3
      vertex -28.7979 70.7021 -7.57871e-07
    endloop
  endfacet
  facet normal -0.751908 -0.659268 0
    outer loop
      vertex -28.7979 70.7021 3
      vertex -28.6513 70.5349 -7.57871e-07
      vertex -28.6513 70.5349 3
    endloop
  endfacet
  facet normal -0.831566 -0.555426 0
    outer loop
      vertex -28.5278 70.35 -7.57871e-07
      vertex -28.6513 70.5349 3
      vertex -28.6513 70.5349 -7.57871e-07
    endloop
  endfacet
  facet normal -0.831566 -0.555426 0
    outer loop
      vertex -28.6513 70.5349 3
      vertex -28.5278 70.35 -7.57871e-07
      vertex -28.5278 70.35 3
    endloop
  endfacet
  facet normal -0.0652057 -0.997872 0
    outer loop
      vertex -30 71.2 -7.57871e-07
      vertex -29.7781 71.1855 3
      vertex -30 71.2 3
    endloop
  endfacet
  facet normal -0.0652057 -0.997872 -0
    outer loop
      vertex -29.7781 71.1855 3
      vertex -30 71.2 -7.57871e-07
      vertex -29.7781 71.1855 -7.57871e-07
    endloop
  endfacet
  facet normal -0.98077 0.195165 0
    outer loop
      vertex -28.3579 69.06 -7.57871e-07
      vertex -28.3145 69.2781 3
      vertex -28.3145 69.2781 -7.57871e-07
    endloop
  endfacet
  facet normal -0.98077 0.195165 0
    outer loop
      vertex -28.3145 69.2781 3
      vertex -28.3579 69.06 -7.57871e-07
      vertex -28.3579 69.06 3
    endloop
  endfacet
  facet normal -0.321484 0.946915 0
    outer loop
      vertex -29.3494 67.9294 -7.57871e-07
      vertex -29.56 67.8579 3
      vertex -29.3494 67.9294 3
    endloop
  endfacet
  facet normal -0.321484 0.946915 0
    outer loop
      vertex -29.56 67.8579 3
      vertex -29.3494 67.9294 -7.57871e-07
      vertex -29.56 67.8579 -7.57871e-07
    endloop
  endfacet
  facet normal 0.946915 -0.321484 0
    outer loop
      vertex -31.6421 69.94 3
      vertex -31.5706 70.1506 -7.57871e-07
      vertex -31.5706 70.1506 3
    endloop
  endfacet
  facet normal 0.946915 -0.321484 0
    outer loop
      vertex -31.5706 70.1506 -7.57871e-07
      vertex -31.6421 69.94 3
      vertex -31.6421 69.94 -7.57871e-07
    endloop
  endfacet
  facet normal -0.44253 0.896754 0
    outer loop
      vertex -29.15 68.0278 -7.57871e-07
      vertex -29.3494 67.9294 3
      vertex -29.15 68.0278 3
    endloop
  endfacet
  facet normal -0.44253 0.896754 0
    outer loop
      vertex -29.3494 67.9294 3
      vertex -29.15 68.0278 -7.57871e-07
      vertex -29.3494 67.9294 -7.57871e-07
    endloop
  endfacet
  facet normal -0.555426 0.831566 0
    outer loop
      vertex -28.9651 68.1513 -7.57871e-07
      vertex -29.15 68.0278 3
      vertex -28.9651 68.1513 3
    endloop
  endfacet
  facet normal -0.555426 0.831566 0
    outer loop
      vertex -29.15 68.0278 3
      vertex -28.9651 68.1513 -7.57871e-07
      vertex -29.15 68.0278 -7.57871e-07
    endloop
  endfacet
  facet normal -0.195165 0.98077 0
    outer loop
      vertex -29.56 67.8579 -7.57871e-07
      vertex -29.7781 67.8145 3
      vertex -29.56 67.8579 3
    endloop
  endfacet
  facet normal -0.195165 0.98077 0
    outer loop
      vertex -29.7781 67.8145 3
      vertex -29.56 67.8579 -7.57871e-07
      vertex -29.7781 67.8145 -7.57871e-07
    endloop
  endfacet
  facet normal -0.896754 -0.44253 0
    outer loop
      vertex -28.4294 70.1506 -7.57871e-07
      vertex -28.5278 70.35 3
      vertex -28.5278 70.35 -7.57871e-07
    endloop
  endfacet
  facet normal -0.896754 -0.44253 0
    outer loop
      vertex -28.5278 70.35 3
      vertex -28.4294 70.1506 -7.57871e-07
      vertex -28.4294 70.1506 3
    endloop
  endfacet
  facet normal -0.0652057 0.997872 0
    outer loop
      vertex -29.7781 67.8145 -7.57871e-07
      vertex -30 67.8 3
      vertex -29.7781 67.8145 3
    endloop
  endfacet
  facet normal -0.0652057 0.997872 0
    outer loop
      vertex -30 67.8 3
      vertex -29.7781 67.8145 -7.57871e-07
      vertex -30 67.8 -7.57871e-07
    endloop
  endfacet
  facet normal -0.896754 0.44253 0
    outer loop
      vertex -28.5278 68.65 -7.57871e-07
      vertex -28.4294 68.8494 3
      vertex -28.4294 68.8494 -7.57871e-07
    endloop
  endfacet
  facet normal -0.896754 0.44253 0
    outer loop
      vertex -28.4294 68.8494 3
      vertex -28.5278 68.65 -7.57871e-07
      vertex -28.5278 68.65 3
    endloop
  endfacet
  facet normal -0.997872 -0.0652057 0
    outer loop
      vertex -28.3 69.5 -7.57871e-07
      vertex -28.3145 69.7219 3
      vertex -28.3145 69.7219 -7.57871e-07
    endloop
  endfacet
  facet normal -0.997872 -0.0652057 0
    outer loop
      vertex -28.3145 69.7219 3
      vertex -28.3 69.5 -7.57871e-07
      vertex -28.3 69.5 3
    endloop
  endfacet
  facet normal -0.98077 -0.195165 0
    outer loop
      vertex -28.3145 69.7219 -7.57871e-07
      vertex -28.3579 69.94 3
      vertex -28.3579 69.94 -7.57871e-07
    endloop
  endfacet
  facet normal -0.98077 -0.195165 0
    outer loop
      vertex -28.3579 69.94 3
      vertex -28.3145 69.7219 -7.57871e-07
      vertex -28.3145 69.7219 3
    endloop
  endfacet
  facet normal -0.946915 -0.321484 0
    outer loop
      vertex -28.3579 69.94 -7.57871e-07
      vertex -28.4294 70.1506 3
      vertex -28.4294 70.1506 -7.57871e-07
    endloop
  endfacet
  facet normal -0.946915 -0.321484 0
    outer loop
      vertex -28.4294 70.1506 3
      vertex -28.3579 69.94 -7.57871e-07
      vertex -28.3579 69.94 3
    endloop
  endfacet
  facet normal 0.659268 0.751908 -0
    outer loop
      vertex -31.0349 68.1513 -7.57871e-07
      vertex -31.2021 68.2979 3
      vertex -31.0349 68.1513 3
    endloop
  endfacet
  facet normal 0.659268 0.751908 0
    outer loop
      vertex -31.2021 68.2979 3
      vertex -31.0349 68.1513 -7.57871e-07
      vertex -31.2021 68.2979 -7.57871e-07
    endloop
  endfacet
  facet normal 0.980711 -0 0.195462
    outer loop
      vertex -28.5923 10 23.9325
      vertex -28.5693 13 23.8171
      vertex -28.5923 13 23.9325
    endloop
  endfacet
  facet normal 0.980711 0 0.195462
    outer loop
      vertex -28.5693 13 23.8171
      vertex -28.5923 10 23.9325
      vertex -28.5693 10 23.8171
    endloop
  endfacet
  facet normal 0.99786 -0 0.0653917
    outer loop
      vertex -28.6 10 24.05
      vertex -28.5923 13 23.9325
      vertex -28.6 13 24.05
    endloop
  endfacet
  facet normal 0.99786 0 0.0653917
    outer loop
      vertex -28.5923 13 23.9325
      vertex -28.6 10 24.05
      vertex -28.5923 10 23.9325
    endloop
  endfacet
  facet normal 0.659286 0 0.751892
    outer loop
      vertex -28.3364 13 23.4136
      vertex -28.2479 10 23.336
      vertex -28.2479 13 23.336
    endloop
  endfacet
  facet normal 0.659286 0 0.751892
    outer loop
      vertex -28.2479 10 23.336
      vertex -28.3364 13 23.4136
      vertex -28.3364 10 23.4136
    endloop
  endfacet
  facet normal 0.947057 0 -0.321065
    outer loop
      vertex -28.5315 10 24.3944
      vertex -28.5693 13 24.2829
      vertex -28.5315 13 24.3944
    endloop
  endfacet
  facet normal 0.947057 0 -0.321065
    outer loop
      vertex -28.5693 13 24.2829
      vertex -28.5315 10 24.3944
      vertex -28.5693 10 24.2829
    endloop
  endfacet
  facet normal -0.980711 0 -0.195462
    outer loop
      vertex -26.8077 10 24.1675
      vertex -26.8307 13 24.2829
      vertex -26.8077 13 24.1675
    endloop
  endfacet
  facet normal -0.980711 -0 -0.195462
    outer loop
      vertex -26.8307 13 24.2829
      vertex -26.8077 10 24.1675
      vertex -26.8307 10 24.2829
    endloop
  endfacet
  facet normal 0.751892 0 -0.659286
    outer loop
      vertex -28.3364 10 24.6864
      vertex -28.414 13 24.5979
      vertex -28.3364 13 24.6864
    endloop
  endfacet
  facet normal 0.751892 0 -0.659286
    outer loop
      vertex -28.414 13 24.5979
      vertex -28.3364 10 24.6864
      vertex -28.414 10 24.5979
    endloop
  endfacet
  facet normal -0.751892 0 0.659286
    outer loop
      vertex -27.0636 10 23.4136
      vertex -26.986 13 23.5021
      vertex -27.0636 13 23.4136
    endloop
  endfacet
  facet normal -0.751892 0 0.659286
    outer loop
      vertex -26.986 13 23.5021
      vertex -27.0636 10 23.4136
      vertex -26.986 10 23.5021
    endloop
  endfacet
  facet normal -0.442452 0 0.896792
    outer loop
      vertex -27.3556 13 23.2185
      vertex -27.25 10 23.2706
      vertex -27.25 13 23.2706
    endloop
  endfacet
  facet normal -0.442452 0 0.896792
    outer loop
      vertex -27.25 10 23.2706
      vertex -27.3556 13 23.2185
      vertex -27.3556 10 23.2185
    endloop
  endfacet
  facet normal 0.896792 -0 0.442452
    outer loop
      vertex -28.5315 10 23.7056
      vertex -28.4794 13 23.6
      vertex -28.5315 13 23.7056
    endloop
  endfacet
  facet normal 0.896792 0 0.442452
    outer loop
      vertex -28.4794 13 23.6
      vertex -28.5315 10 23.7056
      vertex -28.4794 10 23.6
    endloop
  endfacet
  facet normal 0.896792 0 -0.442452
    outer loop
      vertex -28.4794 10 24.5
      vertex -28.5315 13 24.3944
      vertex -28.4794 13 24.5
    endloop
  endfacet
  facet normal 0.896792 0 -0.442452
    outer loop
      vertex -28.5315 13 24.3944
      vertex -28.4794 10 24.5
      vertex -28.5315 10 24.3944
    endloop
  endfacet
  facet normal -0.555484 0 -0.831527
    outer loop
      vertex -27.25 10 24.8294
      vertex -27.1521 13 24.764
      vertex -27.1521 10 24.764
    endloop
  endfacet
  facet normal -0.555484 0 -0.831527
    outer loop
      vertex -27.1521 13 24.764
      vertex -27.25 10 24.8294
      vertex -27.25 13 24.8294
    endloop
  endfacet
  facet normal -0.321065 0 -0.947057
    outer loop
      vertex -27.4671 10 24.9193
      vertex -27.3556 13 24.8815
      vertex -27.3556 10 24.8815
    endloop
  endfacet
  facet normal -0.321065 0 -0.947057
    outer loop
      vertex -27.3556 13 24.8815
      vertex -27.4671 10 24.9193
      vertex -27.4671 13 24.9193
    endloop
  endfacet
  facet normal -0.947057 0 -0.321065
    outer loop
      vertex -26.8307 10 24.2829
      vertex -26.8685 13 24.3944
      vertex -26.8307 13 24.2829
    endloop
  endfacet
  facet normal -0.947057 -0 -0.321065
    outer loop
      vertex -26.8685 13 24.3944
      vertex -26.8307 10 24.2829
      vertex -26.8685 10 24.3944
    endloop
  endfacet
  facet normal 0.0653917 0 0.99786
    outer loop
      vertex -27.8175 13 23.1577
      vertex -27.7 10 23.15
      vertex -27.7 13 23.15
    endloop
  endfacet
  facet normal 0.0653917 0 0.99786
    outer loop
      vertex -27.7 10 23.15
      vertex -27.8175 13 23.1577
      vertex -27.8175 10 23.1577
    endloop
  endfacet
  facet normal -0.896792 0 -0.442452
    outer loop
      vertex -26.8685 10 24.3944
      vertex -26.9206 13 24.5
      vertex -26.8685 13 24.3944
    endloop
  endfacet
  facet normal -0.896792 -0 -0.442452
    outer loop
      vertex -26.9206 13 24.5
      vertex -26.8685 10 24.3944
      vertex -26.9206 10 24.5
    endloop
  endfacet
  facet normal 0.947057 -0 0.321065
    outer loop
      vertex -28.5693 10 23.8171
      vertex -28.5315 13 23.7056
      vertex -28.5693 13 23.8171
    endloop
  endfacet
  facet normal 0.947057 0 0.321065
    outer loop
      vertex -28.5315 13 23.7056
      vertex -28.5693 10 23.8171
      vertex -28.5315 10 23.7056
    endloop
  endfacet
  facet normal 0.980711 0 -0.195462
    outer loop
      vertex -28.5693 10 24.2829
      vertex -28.5923 13 24.1675
      vertex -28.5693 13 24.2829
    endloop
  endfacet
  facet normal 0.980711 0 -0.195462
    outer loop
      vertex -28.5923 13 24.1675
      vertex -28.5693 10 24.2829
      vertex -28.5923 10 24.1675
    endloop
  endfacet
  facet normal 0.831527 -0 0.555484
    outer loop
      vertex -28.4794 10 23.6
      vertex -28.414 13 23.5021
      vertex -28.4794 13 23.6
    endloop
  endfacet
  facet normal 0.831527 0 0.555484
    outer loop
      vertex -28.414 13 23.5021
      vertex -28.4794 10 23.6
      vertex -28.414 10 23.5021
    endloop
  endfacet
  facet normal -0.659286 0 0.751892
    outer loop
      vertex -27.1521 13 23.336
      vertex -27.0636 10 23.4136
      vertex -27.0636 13 23.4136
    endloop
  endfacet
  facet normal -0.659286 0 0.751892
    outer loop
      vertex -27.0636 10 23.4136
      vertex -27.1521 13 23.336
      vertex -27.1521 10 23.336
    endloop
  endfacet
  facet normal 0.99786 0 -0.0653917
    outer loop
      vertex -28.5923 10 24.1675
      vertex -28.6 13 24.05
      vertex -28.5923 13 24.1675
    endloop
  endfacet
  facet normal 0.99786 0 -0.0653917
    outer loop
      vertex -28.6 13 24.05
      vertex -28.5923 10 24.1675
      vertex -28.6 10 24.05
    endloop
  endfacet
  facet normal -0.980711 0 0.195462
    outer loop
      vertex -26.8307 10 23.8171
      vertex -26.8077 13 23.9325
      vertex -26.8307 13 23.8171
    endloop
  endfacet
  facet normal -0.980711 0 0.195462
    outer loop
      vertex -26.8077 13 23.9325
      vertex -26.8307 10 23.8171
      vertex -26.8077 10 23.9325
    endloop
  endfacet
  facet normal 0.659286 0 -0.751892
    outer loop
      vertex -28.3364 10 24.6864
      vertex -28.2479 13 24.764
      vertex -28.2479 10 24.764
    endloop
  endfacet
  facet normal 0.659286 0 -0.751892
    outer loop
      vertex -28.2479 13 24.764
      vertex -28.3364 10 24.6864
      vertex -28.3364 13 24.6864
    endloop
  endfacet
  facet normal -0.831527 0 0.555484
    outer loop
      vertex -26.986 10 23.5021
      vertex -26.9206 13 23.6
      vertex -26.986 13 23.5021
    endloop
  endfacet
  facet normal -0.831527 0 0.555484
    outer loop
      vertex -26.9206 13 23.6
      vertex -26.986 10 23.5021
      vertex -26.9206 10 23.6
    endloop
  endfacet
  facet normal -0.751892 0 -0.659286
    outer loop
      vertex -26.986 10 24.5979
      vertex -27.0636 13 24.6864
      vertex -26.986 13 24.5979
    endloop
  endfacet
  facet normal -0.751892 -0 -0.659286
    outer loop
      vertex -27.0636 13 24.6864
      vertex -26.986 10 24.5979
      vertex -27.0636 10 24.6864
    endloop
  endfacet
  facet normal 0.555484 0 0.831527
    outer loop
      vertex -28.2479 13 23.336
      vertex -28.15 10 23.2706
      vertex -28.15 13 23.2706
    endloop
  endfacet
  facet normal 0.555484 0 0.831527
    outer loop
      vertex -28.15 10 23.2706
      vertex -28.2479 13 23.336
      vertex -28.2479 10 23.336
    endloop
  endfacet
  facet normal -0.321065 0 0.947057
    outer loop
      vertex -27.4671 13 23.1807
      vertex -27.3556 10 23.2185
      vertex -27.3556 13 23.2185
    endloop
  endfacet
  facet normal -0.321065 0 0.947057
    outer loop
      vertex -27.3556 10 23.2185
      vertex -27.4671 13 23.1807
      vertex -27.4671 10 23.1807
    endloop
  endfacet
  facet normal -0.0653917 0 -0.99786
    outer loop
      vertex -27.7 10 24.95
      vertex -27.5825 13 24.9423
      vertex -27.5825 10 24.9423
    endloop
  endfacet
  facet normal -0.0653917 0 -0.99786
    outer loop
      vertex -27.5825 13 24.9423
      vertex -27.7 10 24.95
      vertex -27.7 13 24.95
    endloop
  endfacet
  facet normal 0.442452 0 -0.896792
    outer loop
      vertex -28.15 10 24.8294
      vertex -28.0444 13 24.8815
      vertex -28.0444 10 24.8815
    endloop
  endfacet
  facet normal 0.442452 0 -0.896792
    outer loop
      vertex -28.0444 13 24.8815
      vertex -28.15 10 24.8294
      vertex -28.15 13 24.8294
    endloop
  endfacet
  facet normal 0.442452 0 0.896792
    outer loop
      vertex -28.15 13 23.2706
      vertex -28.0444 10 23.2185
      vertex -28.0444 13 23.2185
    endloop
  endfacet
  facet normal 0.442452 0 0.896792
    outer loop
      vertex -28.0444 10 23.2185
      vertex -28.15 13 23.2706
      vertex -28.15 10 23.2706
    endloop
  endfacet
  facet normal -0.195462 0 0.980711
    outer loop
      vertex -27.5825 13 23.1577
      vertex -27.4671 10 23.1807
      vertex -27.4671 13 23.1807
    endloop
  endfacet
  facet normal -0.195462 0 0.980711
    outer loop
      vertex -27.4671 10 23.1807
      vertex -27.5825 13 23.1577
      vertex -27.5825 10 23.1577
    endloop
  endfacet
  facet normal -0.442452 0 -0.896792
    outer loop
      vertex -27.3556 10 24.8815
      vertex -27.25 13 24.8294
      vertex -27.25 10 24.8294
    endloop
  endfacet
  facet normal -0.442452 0 -0.896792
    outer loop
      vertex -27.25 13 24.8294
      vertex -27.3556 10 24.8815
      vertex -27.3556 13 24.8815
    endloop
  endfacet
  facet normal 0.321065 0 0.947057
    outer loop
      vertex -28.0444 13 23.2185
      vertex -27.9329 10 23.1807
      vertex -27.9329 13 23.1807
    endloop
  endfacet
  facet normal 0.321065 0 0.947057
    outer loop
      vertex -27.9329 10 23.1807
      vertex -28.0444 13 23.2185
      vertex -28.0444 10 23.2185
    endloop
  endfacet
  facet normal 0.195462 0 -0.980711
    outer loop
      vertex -27.9329 10 24.9193
      vertex -27.8175 13 24.9423
      vertex -27.8175 10 24.9423
    endloop
  endfacet
  facet normal 0.195462 0 -0.980711
    outer loop
      vertex -27.8175 13 24.9423
      vertex -27.9329 10 24.9193
      vertex -27.9329 13 24.9193
    endloop
  endfacet
  facet normal -0.896792 0 0.442452
    outer loop
      vertex -26.9206 10 23.6
      vertex -26.8685 13 23.7056
      vertex -26.9206 13 23.6
    endloop
  endfacet
  facet normal -0.896792 0 0.442452
    outer loop
      vertex -26.8685 13 23.7056
      vertex -26.9206 10 23.6
      vertex -26.8685 10 23.7056
    endloop
  endfacet
  facet normal 0.321065 0 -0.947057
    outer loop
      vertex -28.0444 10 24.8815
      vertex -27.9329 13 24.9193
      vertex -27.9329 10 24.9193
    endloop
  endfacet
  facet normal 0.321065 0 -0.947057
    outer loop
      vertex -27.9329 13 24.9193
      vertex -28.0444 10 24.8815
      vertex -28.0444 13 24.8815
    endloop
  endfacet
  facet normal -0.99786 0 0.0653917
    outer loop
      vertex -26.8077 10 23.9325
      vertex -26.8 13 24.05
      vertex -26.8077 13 23.9325
    endloop
  endfacet
  facet normal -0.99786 0 0.0653917
    outer loop
      vertex -26.8 13 24.05
      vertex -26.8077 10 23.9325
      vertex -26.8 10 24.05
    endloop
  endfacet
  facet normal 0.195462 0 0.980711
    outer loop
      vertex -27.9329 13 23.1807
      vertex -27.8175 10 23.1577
      vertex -27.8175 13 23.1577
    endloop
  endfacet
  facet normal 0.195462 0 0.980711
    outer loop
      vertex -27.8175 10 23.1577
      vertex -27.9329 13 23.1807
      vertex -27.9329 10 23.1807
    endloop
  endfacet
  facet normal -0.99786 0 -0.0653917
    outer loop
      vertex -26.8 10 24.05
      vertex -26.8077 13 24.1675
      vertex -26.8 13 24.05
    endloop
  endfacet
  facet normal -0.99786 -0 -0.0653917
    outer loop
      vertex -26.8077 13 24.1675
      vertex -26.8 10 24.05
      vertex -26.8077 10 24.1675
    endloop
  endfacet
  facet normal -0.831527 0 -0.555484
    outer loop
      vertex -26.9206 10 24.5
      vertex -26.986 13 24.5979
      vertex -26.9206 13 24.5
    endloop
  endfacet
  facet normal -0.831527 -0 -0.555484
    outer loop
      vertex -26.986 13 24.5979
      vertex -26.9206 10 24.5
      vertex -26.986 10 24.5979
    endloop
  endfacet
  facet normal -0.947057 0 0.321065
    outer loop
      vertex -26.8685 10 23.7056
      vertex -26.8307 13 23.8171
      vertex -26.8685 13 23.7056
    endloop
  endfacet
  facet normal -0.947057 0 0.321065
    outer loop
      vertex -26.8307 13 23.8171
      vertex -26.8685 10 23.7056
      vertex -26.8307 10 23.8171
    endloop
  endfacet
  facet normal -0.0653917 0 0.99786
    outer loop
      vertex -27.7 13 23.15
      vertex -27.5825 10 23.1577
      vertex -27.5825 13 23.1577
    endloop
  endfacet
  facet normal -0.0653917 0 0.99786
    outer loop
      vertex -27.5825 10 23.1577
      vertex -27.7 13 23.15
      vertex -27.7 10 23.15
    endloop
  endfacet
  facet normal 0.751892 -0 0.659286
    outer loop
      vertex -28.414 10 23.5021
      vertex -28.3364 13 23.4136
      vertex -28.414 13 23.5021
    endloop
  endfacet
  facet normal 0.751892 0 0.659286
    outer loop
      vertex -28.3364 13 23.4136
      vertex -28.414 10 23.5021
      vertex -28.3364 10 23.4136
    endloop
  endfacet
  facet normal 0.831527 0 -0.555484
    outer loop
      vertex -28.414 10 24.5979
      vertex -28.4794 13 24.5
      vertex -28.414 13 24.5979
    endloop
  endfacet
  facet normal 0.831527 0 -0.555484
    outer loop
      vertex -28.4794 13 24.5
      vertex -28.414 10 24.5979
      vertex -28.4794 10 24.5
    endloop
  endfacet
  facet normal 0.555484 0 -0.831527
    outer loop
      vertex -28.2479 10 24.764
      vertex -28.15 13 24.8294
      vertex -28.15 10 24.8294
    endloop
  endfacet
  facet normal 0.555484 0 -0.831527
    outer loop
      vertex -28.15 13 24.8294
      vertex -28.2479 10 24.764
      vertex -28.2479 13 24.764
    endloop
  endfacet
  facet normal 0.0653917 0 -0.99786
    outer loop
      vertex -27.8175 10 24.9423
      vertex -27.7 13 24.95
      vertex -27.7 10 24.95
    endloop
  endfacet
  facet normal 0.0653917 0 -0.99786
    outer loop
      vertex -27.7 13 24.95
      vertex -27.8175 10 24.9423
      vertex -27.8175 13 24.9423
    endloop
  endfacet
  facet normal -0.555484 0 0.831527
    outer loop
      vertex -27.25 13 23.2706
      vertex -27.1521 10 23.336
      vertex -27.1521 13 23.336
    endloop
  endfacet
  facet normal -0.555484 0 0.831527
    outer loop
      vertex -27.1521 10 23.336
      vertex -27.25 13 23.2706
      vertex -27.25 10 23.2706
    endloop
  endfacet
  facet normal -0.659286 0 -0.751892
    outer loop
      vertex -27.1521 10 24.764
      vertex -27.0636 13 24.6864
      vertex -27.0636 10 24.6864
    endloop
  endfacet
  facet normal -0.659286 0 -0.751892
    outer loop
      vertex -27.0636 13 24.6864
      vertex -27.1521 10 24.764
      vertex -27.1521 13 24.764
    endloop
  endfacet
  facet normal -0.195462 0 -0.980711
    outer loop
      vertex -27.5825 10 24.9423
      vertex -27.4671 13 24.9193
      vertex -27.4671 10 24.9193
    endloop
  endfacet
  facet normal -0.195462 0 -0.980711
    outer loop
      vertex -27.4671 13 24.9193
      vertex -27.5825 10 24.9423
      vertex -27.5825 13 24.9423
    endloop
  endfacet
  facet normal 0.980711 -0 0.195462
    outer loop
      vertex -41.1923 10 23.9325
      vertex -41.1693 13 23.8171
      vertex -41.1923 13 23.9325
    endloop
  endfacet
  facet normal 0.980711 0 0.195462
    outer loop
      vertex -41.1693 13 23.8171
      vertex -41.1923 10 23.9325
      vertex -41.1693 10 23.8171
    endloop
  endfacet
  facet normal 0.99786 -0 0.0653917
    outer loop
      vertex -41.2 10 24.05
      vertex -41.1923 13 23.9325
      vertex -41.2 13 24.05
    endloop
  endfacet
  facet normal 0.99786 0 0.0653917
    outer loop
      vertex -41.1923 13 23.9325
      vertex -41.2 10 24.05
      vertex -41.1923 10 23.9325
    endloop
  endfacet
  facet normal -0.195462 0 -0.980711
    outer loop
      vertex -40.1825 10 24.9423
      vertex -40.0671 13 24.9193
      vertex -40.0671 10 24.9193
    endloop
  endfacet
  facet normal -0.195462 0 -0.980711
    outer loop
      vertex -40.0671 13 24.9193
      vertex -40.1825 10 24.9423
      vertex -40.1825 13 24.9423
    endloop
  endfacet
  facet normal -0.321065 0 -0.947057
    outer loop
      vertex -40.0671 10 24.9193
      vertex -39.9556 13 24.8815
      vertex -39.9556 10 24.8815
    endloop
  endfacet
  facet normal -0.321065 0 -0.947057
    outer loop
      vertex -39.9556 13 24.8815
      vertex -40.0671 10 24.9193
      vertex -40.0671 13 24.9193
    endloop
  endfacet
  facet normal 0.659286 0 0.751892
    outer loop
      vertex -40.9364 13 23.4136
      vertex -40.8479 10 23.336
      vertex -40.8479 13 23.336
    endloop
  endfacet
  facet normal 0.659286 0 0.751892
    outer loop
      vertex -40.8479 10 23.336
      vertex -40.9364 13 23.4136
      vertex -40.9364 10 23.4136
    endloop
  endfacet
  facet normal 0.896792 0 -0.442452
    outer loop
      vertex -41.0794 10 24.5
      vertex -41.1315 13 24.3944
      vertex -41.0794 13 24.5
    endloop
  endfacet
  facet normal 0.896792 0 -0.442452
    outer loop
      vertex -41.1315 13 24.3944
      vertex -41.0794 10 24.5
      vertex -41.1315 10 24.3944
    endloop
  endfacet
  facet normal 0.831527 -0 0.555484
    outer loop
      vertex -41.0794 10 23.6
      vertex -41.014 13 23.5021
      vertex -41.0794 13 23.6
    endloop
  endfacet
  facet normal 0.831527 0 0.555484
    outer loop
      vertex -41.014 13 23.5021
      vertex -41.0794 10 23.6
      vertex -41.014 10 23.5021
    endloop
  endfacet
  facet normal 0.99786 0 -0.0653917
    outer loop
      vertex -41.1923 10 24.1675
      vertex -41.2 13 24.05
      vertex -41.1923 13 24.1675
    endloop
  endfacet
  facet normal 0.99786 0 -0.0653917
    outer loop
      vertex -41.2 13 24.05
      vertex -41.1923 10 24.1675
      vertex -41.2 10 24.05
    endloop
  endfacet
  facet normal -0.321065 0 0.947057
    outer loop
      vertex -40.0671 13 23.1807
      vertex -39.9556 10 23.2185
      vertex -39.9556 13 23.2185
    endloop
  endfacet
  facet normal -0.321065 0 0.947057
    outer loop
      vertex -39.9556 10 23.2185
      vertex -40.0671 13 23.1807
      vertex -40.0671 10 23.1807
    endloop
  endfacet
  facet normal -0.442452 0 0.896792
    outer loop
      vertex -39.9556 13 23.2185
      vertex -39.85 10 23.2706
      vertex -39.85 13 23.2706
    endloop
  endfacet
  facet normal -0.442452 0 0.896792
    outer loop
      vertex -39.85 10 23.2706
      vertex -39.9556 13 23.2185
      vertex -39.9556 10 23.2185
    endloop
  endfacet
  facet normal -0.896792 0 0.442452
    outer loop
      vertex -39.5206 10 23.6
      vertex -39.4685 13 23.7056
      vertex -39.5206 13 23.6
    endloop
  endfacet
  facet normal -0.896792 0 0.442452
    outer loop
      vertex -39.4685 13 23.7056
      vertex -39.5206 10 23.6
      vertex -39.4685 10 23.7056
    endloop
  endfacet
  facet normal -0.0653917 0 0.99786
    outer loop
      vertex -40.3 13 23.15
      vertex -40.1825 10 23.1577
      vertex -40.1825 13 23.1577
    endloop
  endfacet
  facet normal -0.0653917 0 0.99786
    outer loop
      vertex -40.1825 10 23.1577
      vertex -40.3 13 23.15
      vertex -40.3 10 23.15
    endloop
  endfacet
  facet normal 0.0653917 0 0.99786
    outer loop
      vertex -40.4175 13 23.1577
      vertex -40.3 10 23.15
      vertex -40.3 13 23.15
    endloop
  endfacet
  facet normal 0.0653917 0 0.99786
    outer loop
      vertex -40.3 10 23.15
      vertex -40.4175 13 23.1577
      vertex -40.4175 10 23.1577
    endloop
  endfacet
  facet normal -0.896792 0 -0.442452
    outer loop
      vertex -39.4685 10 24.3944
      vertex -39.5206 13 24.5
      vertex -39.4685 13 24.3944
    endloop
  endfacet
  facet normal -0.896792 -0 -0.442452
    outer loop
      vertex -39.5206 13 24.5
      vertex -39.4685 10 24.3944
      vertex -39.5206 10 24.5
    endloop
  endfacet
  facet normal -0.659286 0 -0.751892
    outer loop
      vertex -39.7521 10 24.764
      vertex -39.6636 13 24.6864
      vertex -39.6636 10 24.6864
    endloop
  endfacet
  facet normal -0.659286 0 -0.751892
    outer loop
      vertex -39.6636 13 24.6864
      vertex -39.7521 10 24.764
      vertex -39.7521 13 24.764
    endloop
  endfacet
  facet normal 0.442452 0 -0.896792
    outer loop
      vertex -40.75 10 24.8294
      vertex -40.6444 13 24.8815
      vertex -40.6444 10 24.8815
    endloop
  endfacet
  facet normal 0.442452 0 -0.896792
    outer loop
      vertex -40.6444 13 24.8815
      vertex -40.75 10 24.8294
      vertex -40.75 13 24.8294
    endloop
  endfacet
  facet normal 0.321065 0 -0.947057
    outer loop
      vertex -40.6444 10 24.8815
      vertex -40.5329 13 24.9193
      vertex -40.5329 10 24.9193
    endloop
  endfacet
  facet normal 0.321065 0 -0.947057
    outer loop
      vertex -40.5329 13 24.9193
      vertex -40.6444 10 24.8815
      vertex -40.6444 13 24.8815
    endloop
  endfacet
  facet normal -0.751892 0 0.659286
    outer loop
      vertex -39.6636 10 23.4136
      vertex -39.586 13 23.5021
      vertex -39.6636 13 23.4136
    endloop
  endfacet
  facet normal -0.751892 0 0.659286
    outer loop
      vertex -39.586 13 23.5021
      vertex -39.6636 10 23.4136
      vertex -39.586 10 23.5021
    endloop
  endfacet
  facet normal -0.659286 0 0.751892
    outer loop
      vertex -39.7521 13 23.336
      vertex -39.6636 10 23.4136
      vertex -39.6636 13 23.4136
    endloop
  endfacet
  facet normal -0.659286 0 0.751892
    outer loop
      vertex -39.6636 10 23.4136
      vertex -39.7521 13 23.336
      vertex -39.7521 10 23.336
    endloop
  endfacet
  facet normal 0.947057 -0 0.321065
    outer loop
      vertex -41.1693 10 23.8171
      vertex -41.1315 13 23.7056
      vertex -41.1693 13 23.8171
    endloop
  endfacet
  facet normal 0.947057 0 0.321065
    outer loop
      vertex -41.1315 13 23.7056
      vertex -41.1693 10 23.8171
      vertex -41.1315 10 23.7056
    endloop
  endfacet
  facet normal -0.831527 0 0.555484
    outer loop
      vertex -39.586 10 23.5021
      vertex -39.5206 13 23.6
      vertex -39.586 13 23.5021
    endloop
  endfacet
  facet normal -0.831527 0 0.555484
    outer loop
      vertex -39.5206 13 23.6
      vertex -39.586 10 23.5021
      vertex -39.5206 10 23.6
    endloop
  endfacet
  facet normal -0.980711 0 0.195462
    outer loop
      vertex -39.4307 10 23.8171
      vertex -39.4077 13 23.9325
      vertex -39.4307 13 23.8171
    endloop
  endfacet
  facet normal -0.980711 0 0.195462
    outer loop
      vertex -39.4077 13 23.9325
      vertex -39.4307 10 23.8171
      vertex -39.4077 10 23.9325
    endloop
  endfacet
  facet normal 0.896792 -0 0.442452
    outer loop
      vertex -41.1315 10 23.7056
      vertex -41.0794 13 23.6
      vertex -41.1315 13 23.7056
    endloop
  endfacet
  facet normal 0.896792 0 0.442452
    outer loop
      vertex -41.0794 13 23.6
      vertex -41.1315 10 23.7056
      vertex -41.0794 10 23.6
    endloop
  endfacet
  facet normal 0.947057 0 -0.321065
    outer loop
      vertex -41.1315 10 24.3944
      vertex -41.1693 13 24.2829
      vertex -41.1315 13 24.3944
    endloop
  endfacet
  facet normal 0.947057 0 -0.321065
    outer loop
      vertex -41.1693 13 24.2829
      vertex -41.1315 10 24.3944
      vertex -41.1693 10 24.2829
    endloop
  endfacet
  facet normal 0.0653917 0 -0.99786
    outer loop
      vertex -40.4175 10 24.9423
      vertex -40.3 13 24.95
      vertex -40.3 10 24.95
    endloop
  endfacet
  facet normal 0.0653917 0 -0.99786
    outer loop
      vertex -40.3 13 24.95
      vertex -40.4175 10 24.9423
      vertex -40.4175 13 24.9423
    endloop
  endfacet
  facet normal 0.555484 0 0.831527
    outer loop
      vertex -40.8479 13 23.336
      vertex -40.75 10 23.2706
      vertex -40.75 13 23.2706
    endloop
  endfacet
  facet normal 0.555484 0 0.831527
    outer loop
      vertex -40.75 10 23.2706
      vertex -40.8479 13 23.336
      vertex -40.8479 10 23.336
    endloop
  endfacet
  facet normal -0.980711 0 -0.195462
    outer loop
      vertex -39.4077 10 24.1675
      vertex -39.4307 13 24.2829
      vertex -39.4077 13 24.1675
    endloop
  endfacet
  facet normal -0.980711 -0 -0.195462
    outer loop
      vertex -39.4307 13 24.2829
      vertex -39.4077 10 24.1675
      vertex -39.4307 10 24.2829
    endloop
  endfacet
  facet normal 0.555484 0 -0.831527
    outer loop
      vertex -40.8479 10 24.764
      vertex -40.75 13 24.8294
      vertex -40.75 10 24.8294
    endloop
  endfacet
  facet normal 0.555484 0 -0.831527
    outer loop
      vertex -40.75 13 24.8294
      vertex -40.8479 10 24.764
      vertex -40.8479 13 24.764
    endloop
  endfacet
  facet normal 0.442452 0 0.896792
    outer loop
      vertex -40.75 13 23.2706
      vertex -40.6444 10 23.2185
      vertex -40.6444 13 23.2185
    endloop
  endfacet
  facet normal 0.442452 0 0.896792
    outer loop
      vertex -40.6444 10 23.2185
      vertex -40.75 13 23.2706
      vertex -40.75 10 23.2706
    endloop
  endfacet
  facet normal -0.195462 0 0.980711
    outer loop
      vertex -40.1825 13 23.1577
      vertex -40.0671 10 23.1807
      vertex -40.0671 13 23.1807
    endloop
  endfacet
  facet normal -0.195462 0 0.980711
    outer loop
      vertex -40.0671 10 23.1807
      vertex -40.1825 13 23.1577
      vertex -40.1825 10 23.1577
    endloop
  endfacet
  facet normal -0.751892 0 -0.659286
    outer loop
      vertex -39.586 10 24.5979
      vertex -39.6636 13 24.6864
      vertex -39.586 13 24.5979
    endloop
  endfacet
  facet normal -0.751892 -0 -0.659286
    outer loop
      vertex -39.6636 13 24.6864
      vertex -39.586 10 24.5979
      vertex -39.6636 10 24.6864
    endloop
  endfacet
  facet normal 0.321065 0 0.947057
    outer loop
      vertex -40.6444 13 23.2185
      vertex -40.5329 10 23.1807
      vertex -40.5329 13 23.1807
    endloop
  endfacet
  facet normal 0.321065 0 0.947057
    outer loop
      vertex -40.5329 10 23.1807
      vertex -40.6444 13 23.2185
      vertex -40.6444 10 23.2185
    endloop
  endfacet
  facet normal -0.0653917 0 -0.99786
    outer loop
      vertex -40.3 10 24.95
      vertex -40.1825 13 24.9423
      vertex -40.1825 10 24.9423
    endloop
  endfacet
  facet normal -0.0653917 0 -0.99786
    outer loop
      vertex -40.1825 13 24.9423
      vertex -40.3 10 24.95
      vertex -40.3 13 24.95
    endloop
  endfacet
  facet normal 0.195462 0 -0.980711
    outer loop
      vertex -40.5329 10 24.9193
      vertex -40.4175 13 24.9423
      vertex -40.4175 10 24.9423
    endloop
  endfacet
  facet normal 0.195462 0 -0.980711
    outer loop
      vertex -40.4175 13 24.9423
      vertex -40.5329 10 24.9193
      vertex -40.5329 13 24.9193
    endloop
  endfacet
  facet normal -0.947057 0 -0.321065
    outer loop
      vertex -39.4307 10 24.2829
      vertex -39.4685 13 24.3944
      vertex -39.4307 13 24.2829
    endloop
  endfacet
  facet normal -0.947057 -0 -0.321065
    outer loop
      vertex -39.4685 13 24.3944
      vertex -39.4307 10 24.2829
      vertex -39.4685 10 24.3944
    endloop
  endfacet
  facet normal 0.831527 0 -0.555484
    outer loop
      vertex -41.014 10 24.5979
      vertex -41.0794 13 24.5
      vertex -41.014 13 24.5979
    endloop
  endfacet
  facet normal 0.831527 0 -0.555484
    outer loop
      vertex -41.0794 13 24.5
      vertex -41.014 10 24.5979
      vertex -41.0794 10 24.5
    endloop
  endfacet
  facet normal 0.980711 0 -0.195462
    outer loop
      vertex -41.1693 10 24.2829
      vertex -41.1923 13 24.1675
      vertex -41.1693 13 24.2829
    endloop
  endfacet
  facet normal 0.980711 0 -0.195462
    outer loop
      vertex -41.1923 13 24.1675
      vertex -41.1693 10 24.2829
      vertex -41.1923 10 24.1675
    endloop
  endfacet
  facet normal -0.99786 0 0.0653917
    outer loop
      vertex -39.4077 10 23.9325
      vertex -39.4 13 24.05
      vertex -39.4077 13 23.9325
    endloop
  endfacet
  facet normal -0.99786 0 0.0653917
    outer loop
      vertex -39.4 13 24.05
      vertex -39.4077 10 23.9325
      vertex -39.4 10 24.05
    endloop
  endfacet
  facet normal 0.195462 0 0.980711
    outer loop
      vertex -40.5329 13 23.1807
      vertex -40.4175 10 23.1577
      vertex -40.4175 13 23.1577
    endloop
  endfacet
  facet normal 0.195462 0 0.980711
    outer loop
      vertex -40.4175 10 23.1577
      vertex -40.5329 13 23.1807
      vertex -40.5329 10 23.1807
    endloop
  endfacet
  facet normal 0.659286 0 -0.751892
    outer loop
      vertex -40.9364 10 24.6864
      vertex -40.8479 13 24.764
      vertex -40.8479 10 24.764
    endloop
  endfacet
  facet normal 0.659286 0 -0.751892
    outer loop
      vertex -40.8479 13 24.764
      vertex -40.9364 10 24.6864
      vertex -40.9364 13 24.6864
    endloop
  endfacet
  facet normal -0.947057 0 0.321065
    outer loop
      vertex -39.4685 10 23.7056
      vertex -39.4307 13 23.8171
      vertex -39.4685 13 23.7056
    endloop
  endfacet
  facet normal -0.947057 0 0.321065
    outer loop
      vertex -39.4307 13 23.8171
      vertex -39.4685 10 23.7056
      vertex -39.4307 10 23.8171
    endloop
  endfacet
  facet normal 0.751892 -0 0.659286
    outer loop
      vertex -41.014 10 23.5021
      vertex -40.9364 13 23.4136
      vertex -41.014 13 23.5021
    endloop
  endfacet
  facet normal 0.751892 0 0.659286
    outer loop
      vertex -40.9364 13 23.4136
      vertex -41.014 10 23.5021
      vertex -40.9364 10 23.4136
    endloop
  endfacet
  facet normal -0.555484 0 -0.831527
    outer loop
      vertex -39.85 10 24.8294
      vertex -39.7521 13 24.764
      vertex -39.7521 10 24.764
    endloop
  endfacet
  facet normal -0.555484 0 -0.831527
    outer loop
      vertex -39.7521 13 24.764
      vertex -39.85 10 24.8294
      vertex -39.85 13 24.8294
    endloop
  endfacet
  facet normal -0.442452 0 -0.896792
    outer loop
      vertex -39.9556 10 24.8815
      vertex -39.85 13 24.8294
      vertex -39.85 10 24.8294
    endloop
  endfacet
  facet normal -0.442452 0 -0.896792
    outer loop
      vertex -39.85 13 24.8294
      vertex -39.9556 10 24.8815
      vertex -39.9556 13 24.8815
    endloop
  endfacet
  facet normal 0.751892 0 -0.659286
    outer loop
      vertex -40.9364 10 24.6864
      vertex -41.014 13 24.5979
      vertex -40.9364 13 24.6864
    endloop
  endfacet
  facet normal 0.751892 0 -0.659286
    outer loop
      vertex -41.014 13 24.5979
      vertex -40.9364 10 24.6864
      vertex -41.014 10 24.5979
    endloop
  endfacet
  facet normal -0.99786 0 -0.0653917
    outer loop
      vertex -39.4 10 24.05
      vertex -39.4077 13 24.1675
      vertex -39.4 13 24.05
    endloop
  endfacet
  facet normal -0.99786 -0 -0.0653917
    outer loop
      vertex -39.4077 13 24.1675
      vertex -39.4 10 24.05
      vertex -39.4077 10 24.1675
    endloop
  endfacet
  facet normal -0.831527 0 -0.555484
    outer loop
      vertex -39.5206 10 24.5
      vertex -39.586 13 24.5979
      vertex -39.5206 13 24.5
    endloop
  endfacet
  facet normal -0.831527 -0 -0.555484
    outer loop
      vertex -39.586 13 24.5979
      vertex -39.5206 10 24.5
      vertex -39.586 10 24.5979
    endloop
  endfacet
  facet normal -0.555484 0 0.831527
    outer loop
      vertex -39.85 13 23.2706
      vertex -39.7521 10 23.336
      vertex -39.7521 13 23.336
    endloop
  endfacet
  facet normal -0.555484 0 0.831527
    outer loop
      vertex -39.7521 10 23.336
      vertex -39.85 13 23.2706
      vertex -39.85 10 23.2706
    endloop
  endfacet
  facet normal -0.659268 0 0.751908
    outer loop
      vertex -22.3478 13 63.1513
      vertex -22.1806 10 63.2979
      vertex -22.1806 13 63.2979
    endloop
  endfacet
  facet normal -0.659268 0 0.751908
    outer loop
      vertex -22.1806 10 63.2979
      vertex -22.3478 13 63.1513
      vertex -22.3478 10 63.1513
    endloop
  endfacet
  facet normal 0.195165 0 -0.98077
    outer loop
      vertex -23.8227 10 66.1421
      vertex -23.6046 13 66.1855
      vertex -23.6046 10 66.1855
    endloop
  endfacet
  facet normal 0.195165 0 -0.98077
    outer loop
      vertex -23.6046 13 66.1855
      vertex -23.8227 10 66.1421
      vertex -23.8227 13 66.1421
    endloop
  endfacet
  facet normal 0.980856 -0 0.194732
    outer loop
      vertex -25.0681 10 64.2781
      vertex -25.0248 13 64.06
      vertex -25.0681 13 64.2781
    endloop
  endfacet
  facet normal 0.980856 0 0.194732
    outer loop
      vertex -25.0248 13 64.06
      vertex -25.0681 10 64.2781
      vertex -25.0248 10 64.06
    endloop
  endfacet
  facet normal 0.997842 -0 0.0656534
    outer loop
      vertex -25.0827 10 64.5
      vertex -25.0681 13 64.2781
      vertex -25.0827 13 64.5
    endloop
  endfacet
  facet normal 0.997842 0 0.0656534
    outer loop
      vertex -25.0681 13 64.2781
      vertex -25.0827 10 64.5
      vertex -25.0681 10 64.2781
    endloop
  endfacet
  facet normal -0.555426 0 -0.831566
    outer loop
      vertex -22.5327 10 65.9722
      vertex -22.3478 13 65.8487
      vertex -22.3478 10 65.8487
    endloop
  endfacet
  facet normal -0.555426 0 -0.831566
    outer loop
      vertex -22.3478 13 65.8487
      vertex -22.5327 10 65.9722
      vertex -22.5327 13 65.9722
    endloop
  endfacet
  facet normal 0.980856 0 -0.194732
    outer loop
      vertex -25.0248 10 64.94
      vertex -25.0681 13 64.7219
      vertex -25.0248 13 64.94
    endloop
  endfacet
  facet normal 0.980856 0 -0.194732
    outer loop
      vertex -25.0681 13 64.7219
      vertex -25.0248 10 64.94
      vertex -25.0681 10 64.7219
    endloop
  endfacet
  facet normal -0.751908 0 0.659268
    outer loop
      vertex -22.1806 10 63.2979
      vertex -22.034 13 63.4651
      vertex -22.1806 13 63.2979
    endloop
  endfacet
  facet normal -0.751908 0 0.659268
    outer loop
      vertex -22.034 13 63.4651
      vertex -22.1806 10 63.2979
      vertex -22.034 10 63.4651
    endloop
  endfacet
  facet normal 0.442352 0 -0.896842
    outer loop
      vertex -24.2327 10 65.9722
      vertex -24.0332 13 66.0706
      vertex -24.0332 10 66.0706
    endloop
  endfacet
  facet normal 0.442352 0 -0.896842
    outer loop
      vertex -24.0332 13 66.0706
      vertex -24.2327 10 65.9722
      vertex -24.2327 13 65.9722
    endloop
  endfacet
  facet normal 0.32162 0 0.946869
    outer loop
      vertex -24.0332 13 62.9294
      vertex -23.8227 10 62.8579
      vertex -23.8227 13 62.8579
    endloop
  endfacet
  facet normal 0.32162 0 0.946869
    outer loop
      vertex -23.8227 10 62.8579
      vertex -24.0332 13 62.9294
      vertex -24.0332 10 62.9294
    endloop
  endfacet
  facet normal 0.946915 -0 0.321484
    outer loop
      vertex -25.0248 10 64.06
      vertex -24.9533 13 63.8494
      vertex -25.0248 13 64.06
    endloop
  endfacet
  facet normal 0.946915 0 0.321484
    outer loop
      vertex -24.9533 13 63.8494
      vertex -25.0248 10 64.06
      vertex -24.9533 10 63.8494
    endloop
  endfacet
  facet normal -0.44253 0 -0.896754
    outer loop
      vertex -22.7321 10 66.0706
      vertex -22.5327 13 65.9722
      vertex -22.5327 10 65.9722
    endloop
  endfacet
  facet normal -0.44253 0 -0.896754
    outer loop
      vertex -22.5327 13 65.9722
      vertex -22.7321 10 66.0706
      vertex -22.7321 13 66.0706
    endloop
  endfacet
  facet normal 0.659268 0 0.751908
    outer loop
      vertex -24.5848 13 63.2979
      vertex -24.4176 10 63.1513
      vertex -24.4176 13 63.1513
    endloop
  endfacet
  facet normal 0.659268 0 0.751908
    outer loop
      vertex -24.4176 10 63.1513
      vertex -24.5848 13 63.2979
      vertex -24.5848 10 63.2979
    endloop
  endfacet
  facet normal -0.997872 0 -0.0652057
    outer loop
      vertex -21.6827 10 64.5
      vertex -21.6972 13 64.7219
      vertex -21.6827 13 64.5
    endloop
  endfacet
  facet normal -0.997872 -0 -0.0652057
    outer loop
      vertex -21.6972 13 64.7219
      vertex -21.6827 10 64.5
      vertex -21.6972 10 64.7219
    endloop
  endfacet
  facet normal -0.896932 0 0.442169
    outer loop
      vertex -21.9104 10 63.65
      vertex -21.8121 13 63.8494
      vertex -21.9104 13 63.65
    endloop
  endfacet
  facet normal -0.896932 0 0.442169
    outer loop
      vertex -21.8121 13 63.8494
      vertex -21.9104 10 63.65
      vertex -21.8121 10 63.8494
    endloop
  endfacet
  facet normal -0.98077 0 -0.195165
    outer loop
      vertex -21.6972 10 64.7219
      vertex -21.7406 13 64.94
      vertex -21.6972 13 64.7219
    endloop
  endfacet
  facet normal -0.98077 -0 -0.195165
    outer loop
      vertex -21.7406 13 64.94
      vertex -21.6972 10 64.7219
      vertex -21.7406 10 64.94
    endloop
  endfacet
  facet normal 0.831566 0 -0.555426
    outer loop
      vertex -24.7314 10 65.5349
      vertex -24.8549 13 65.35
      vertex -24.7314 13 65.5349
    endloop
  endfacet
  facet normal 0.831566 0 -0.555426
    outer loop
      vertex -24.8549 13 65.35
      vertex -24.7314 10 65.5349
      vertex -24.8549 10 65.35
    endloop
  endfacet
  facet normal 0.896754 0 -0.44253
    outer loop
      vertex -24.8549 10 65.35
      vertex -24.9533 13 65.1506
      vertex -24.8549 13 65.35
    endloop
  endfacet
  facet normal 0.896754 0 -0.44253
    outer loop
      vertex -24.9533 13 65.1506
      vertex -24.8549 10 65.35
      vertex -24.9533 10 65.1506
    endloop
  endfacet
  facet normal -0.321484 0 0.946915
    outer loop
      vertex -22.9427 13 62.8579
      vertex -22.7321 10 62.9294
      vertex -22.7321 13 62.9294
    endloop
  endfacet
  facet normal -0.321484 0 0.946915
    outer loop
      vertex -22.7321 10 62.9294
      vertex -22.9427 13 62.8579
      vertex -22.9427 10 62.8579
    endloop
  endfacet
  facet normal -0.896932 0 -0.442169
    outer loop
      vertex -21.8121 10 65.1506
      vertex -21.9104 13 65.35
      vertex -21.8121 13 65.1506
    endloop
  endfacet
  facet normal -0.896932 -0 -0.442169
    outer loop
      vertex -21.9104 13 65.35
      vertex -21.8121 10 65.1506
      vertex -21.9104 10 65.35
    endloop
  endfacet
  facet normal -0.946915 0 -0.321484
    outer loop
      vertex -21.7406 10 64.94
      vertex -21.8121 13 65.1506
      vertex -21.7406 13 64.94
    endloop
  endfacet
  facet normal -0.946915 -0 -0.321484
    outer loop
      vertex -21.8121 13 65.1506
      vertex -21.7406 10 64.94
      vertex -21.8121 10 65.1506
    endloop
  endfacet
  facet normal 0.442352 0 0.896842
    outer loop
      vertex -24.2327 13 63.0278
      vertex -24.0332 10 62.9294
      vertex -24.0332 13 62.9294
    endloop
  endfacet
  facet normal 0.442352 0 0.896842
    outer loop
      vertex -24.0332 10 62.9294
      vertex -24.2327 13 63.0278
      vertex -24.2327 10 63.0278
    endloop
  endfacet
  facet normal 0.195165 0 0.98077
    outer loop
      vertex -23.8227 13 62.8579
      vertex -23.6046 10 62.8145
      vertex -23.6046 13 62.8145
    endloop
  endfacet
  facet normal 0.195165 0 0.98077
    outer loop
      vertex -23.6046 10 62.8145
      vertex -23.8227 13 62.8579
      vertex -23.8227 10 62.8579
    endloop
  endfacet
  facet normal 0.997842 0 -0.0656534
    outer loop
      vertex -25.0681 10 64.7219
      vertex -25.0827 13 64.5
      vertex -25.0681 13 64.7219
    endloop
  endfacet
  facet normal 0.997842 0 -0.0656534
    outer loop
      vertex -25.0827 13 64.5
      vertex -25.0681 10 64.7219
      vertex -25.0827 10 64.5
    endloop
  endfacet
  facet normal 0.555426 0 0.831566
    outer loop
      vertex -24.4176 13 63.1513
      vertex -24.2327 10 63.0278
      vertex -24.2327 13 63.0278
    endloop
  endfacet
  facet normal 0.555426 0 0.831566
    outer loop
      vertex -24.2327 10 63.0278
      vertex -24.4176 13 63.1513
      vertex -24.4176 10 63.1513
    endloop
  endfacet
  facet normal -0.98077 0 0.195165
    outer loop
      vertex -21.7406 10 64.06
      vertex -21.6972 13 64.2781
      vertex -21.7406 13 64.06
    endloop
  endfacet
  facet normal -0.98077 0 0.195165
    outer loop
      vertex -21.6972 13 64.2781
      vertex -21.7406 10 64.06
      vertex -21.6972 10 64.2781
    endloop
  endfacet
  facet normal 0.659268 0 -0.751908
    outer loop
      vertex -24.5848 10 65.7021
      vertex -24.4176 13 65.8487
      vertex -24.4176 10 65.8487
    endloop
  endfacet
  facet normal 0.659268 0 -0.751908
    outer loop
      vertex -24.4176 13 65.8487
      vertex -24.5848 10 65.7021
      vertex -24.5848 13 65.7021
    endloop
  endfacet
  facet normal 0.831566 -0 0.555426
    outer loop
      vertex -24.8549 10 63.65
      vertex -24.7314 13 63.4651
      vertex -24.8549 13 63.65
    endloop
  endfacet
  facet normal 0.831566 0 0.555426
    outer loop
      vertex -24.7314 13 63.4651
      vertex -24.8549 10 63.65
      vertex -24.7314 10 63.4651
    endloop
  endfacet
  facet normal -0.997872 0 0.0652057
    outer loop
      vertex -21.6972 10 64.2781
      vertex -21.6827 13 64.5
      vertex -21.6972 13 64.2781
    endloop
  endfacet
  facet normal -0.997872 0 0.0652057
    outer loop
      vertex -21.6827 13 64.5
      vertex -21.6972 10 64.2781
      vertex -21.6827 10 64.5
    endloop
  endfacet
  facet normal -0.555426 0 0.831566
    outer loop
      vertex -22.5327 13 63.0278
      vertex -22.3478 10 63.1513
      vertex -22.3478 13 63.1513
    endloop
  endfacet
  facet normal -0.555426 0 0.831566
    outer loop
      vertex -22.3478 10 63.1513
      vertex -22.5327 13 63.0278
      vertex -22.5327 10 63.0278
    endloop
  endfacet
  facet normal -0.321484 0 -0.946915
    outer loop
      vertex -22.9427 10 66.1421
      vertex -22.7321 13 66.0706
      vertex -22.7321 10 66.0706
    endloop
  endfacet
  facet normal -0.321484 0 -0.946915
    outer loop
      vertex -22.7321 13 66.0706
      vertex -22.9427 10 66.1421
      vertex -22.9427 13 66.1421
    endloop
  endfacet
  facet normal 0.555426 0 -0.831566
    outer loop
      vertex -24.4176 10 65.8487
      vertex -24.2327 13 65.9722
      vertex -24.2327 10 65.9722
    endloop
  endfacet
  facet normal 0.555426 0 -0.831566
    outer loop
      vertex -24.2327 13 65.9722
      vertex -24.4176 10 65.8487
      vertex -24.4176 13 65.8487
    endloop
  endfacet
  facet normal -0.195165 0 0.98077
    outer loop
      vertex -23.1608 13 62.8145
      vertex -22.9427 10 62.8579
      vertex -22.9427 13 62.8579
    endloop
  endfacet
  facet normal -0.195165 0 0.98077
    outer loop
      vertex -22.9427 10 62.8579
      vertex -23.1608 13 62.8145
      vertex -23.1608 10 62.8145
    endloop
  endfacet
  facet normal 0.896754 -0 0.44253
    outer loop
      vertex -24.9533 10 63.8494
      vertex -24.8549 13 63.65
      vertex -24.9533 13 63.8494
    endloop
  endfacet
  facet normal 0.896754 0 0.44253
    outer loop
      vertex -24.8549 13 63.65
      vertex -24.9533 10 63.8494
      vertex -24.8549 10 63.65
    endloop
  endfacet
  facet normal 0.946915 0 -0.321484
    outer loop
      vertex -24.9533 10 65.1506
      vertex -25.0248 13 64.94
      vertex -24.9533 13 65.1506
    endloop
  endfacet
  facet normal 0.946915 0 -0.321484
    outer loop
      vertex -25.0248 13 64.94
      vertex -24.9533 10 65.1506
      vertex -25.0248 10 64.94
    endloop
  endfacet
  facet normal -0.659268 0 -0.751908
    outer loop
      vertex -22.3478 10 65.8487
      vertex -22.1806 13 65.7021
      vertex -22.1806 10 65.7021
    endloop
  endfacet
  facet normal -0.659268 0 -0.751908
    outer loop
      vertex -22.1806 13 65.7021
      vertex -22.3478 10 65.8487
      vertex -22.3478 13 65.8487
    endloop
  endfacet
  facet normal 0.751908 0 -0.659268
    outer loop
      vertex -24.5848 10 65.7021
      vertex -24.7314 13 65.5349
      vertex -24.5848 13 65.7021
    endloop
  endfacet
  facet normal 0.751908 0 -0.659268
    outer loop
      vertex -24.7314 13 65.5349
      vertex -24.5848 10 65.7021
      vertex -24.7314 10 65.5349
    endloop
  endfacet
  facet normal 0.32162 0 -0.946869
    outer loop
      vertex -24.0332 10 66.0706
      vertex -23.8227 13 66.1421
      vertex -23.8227 10 66.1421
    endloop
  endfacet
  facet normal 0.32162 0 -0.946869
    outer loop
      vertex -23.8227 13 66.1421
      vertex -24.0332 10 66.0706
      vertex -24.0332 13 66.0706
    endloop
  endfacet
  facet normal -0.751908 0 -0.659268
    outer loop
      vertex -22.034 10 65.5349
      vertex -22.1806 13 65.7021
      vertex -22.034 13 65.5349
    endloop
  endfacet
  facet normal -0.751908 -0 -0.659268
    outer loop
      vertex -22.1806 13 65.7021
      vertex -22.034 10 65.5349
      vertex -22.1806 10 65.7021
    endloop
  endfacet
  facet normal 0.751908 -0 0.659268
    outer loop
      vertex -24.7314 10 63.4651
      vertex -24.5848 13 63.2979
      vertex -24.7314 13 63.4651
    endloop
  endfacet
  facet normal 0.751908 0 0.659268
    outer loop
      vertex -24.5848 13 63.2979
      vertex -24.7314 10 63.4651
      vertex -24.5848 10 63.2979
    endloop
  endfacet
  facet normal -0.44253 0 0.896754
    outer loop
      vertex -22.7321 13 62.9294
      vertex -22.5327 10 63.0278
      vertex -22.5327 13 63.0278
    endloop
  endfacet
  facet normal -0.44253 0 0.896754
    outer loop
      vertex -22.5327 10 63.0278
      vertex -22.7321 13 62.9294
      vertex -22.7321 10 62.9294
    endloop
  endfacet
  facet normal 0.0652057 0 0.997872
    outer loop
      vertex -23.6046 13 62.8145
      vertex -23.3827 10 62.8
      vertex -23.3827 13 62.8
    endloop
  endfacet
  facet normal 0.0652057 0 0.997872
    outer loop
      vertex -23.3827 10 62.8
      vertex -23.6046 13 62.8145
      vertex -23.6046 10 62.8145
    endloop
  endfacet
  facet normal -0.195165 0 -0.98077
    outer loop
      vertex -23.1608 10 66.1855
      vertex -22.9427 13 66.1421
      vertex -22.9427 10 66.1421
    endloop
  endfacet
  facet normal -0.195165 0 -0.98077
    outer loop
      vertex -22.9427 13 66.1421
      vertex -23.1608 10 66.1855
      vertex -23.1608 13 66.1855
    endloop
  endfacet
  facet normal -0.946915 0 0.321484
    outer loop
      vertex -21.8121 10 63.8494
      vertex -21.7406 13 64.06
      vertex -21.8121 13 63.8494
    endloop
  endfacet
  facet normal -0.946915 0 0.321484
    outer loop
      vertex -21.7406 13 64.06
      vertex -21.8121 10 63.8494
      vertex -21.7406 10 64.06
    endloop
  endfacet
  facet normal -0.0652057 0 0.997872
    outer loop
      vertex -23.3827 13 62.8
      vertex -23.1608 10 62.8145
      vertex -23.1608 13 62.8145
    endloop
  endfacet
  facet normal -0.0652057 0 0.997872
    outer loop
      vertex -23.1608 10 62.8145
      vertex -23.3827 13 62.8
      vertex -23.3827 10 62.8
    endloop
  endfacet
  facet normal -0.831358 0 -0.555737
    outer loop
      vertex -21.9104 10 65.35
      vertex -22.034 13 65.5349
      vertex -21.9104 13 65.35
    endloop
  endfacet
  facet normal -0.831358 -0 -0.555737
    outer loop
      vertex -22.034 13 65.5349
      vertex -21.9104 10 65.35
      vertex -22.034 10 65.5349
    endloop
  endfacet
  facet normal -0.0652057 0 -0.997872
    outer loop
      vertex -23.3827 10 66.2
      vertex -23.1608 13 66.1855
      vertex -23.1608 10 66.1855
    endloop
  endfacet
  facet normal -0.0652057 0 -0.997872
    outer loop
      vertex -23.1608 13 66.1855
      vertex -23.3827 10 66.2
      vertex -23.3827 13 66.2
    endloop
  endfacet
  facet normal 0.0652057 0 -0.997872
    outer loop
      vertex -23.6046 10 66.1855
      vertex -23.3827 13 66.2
      vertex -23.3827 10 66.2
    endloop
  endfacet
  facet normal 0.0652057 0 -0.997872
    outer loop
      vertex -23.3827 13 66.2
      vertex -23.6046 10 66.1855
      vertex -23.6046 13 66.1855
    endloop
  endfacet
  facet normal -0.831358 0 0.555737
    outer loop
      vertex -22.034 10 63.4651
      vertex -21.9104 13 63.65
      vertex -22.034 13 63.4651
    endloop
  endfacet
  facet normal -0.831358 0 0.555737
    outer loop
      vertex -21.9104 13 63.65
      vertex -22.034 10 63.4651
      vertex -21.9104 10 63.65
    endloop
  endfacet
  facet normal 0.195165 0 -0.98077
    outer loop
      vertex 22.9427 10 66.1421
      vertex 23.1608 13 66.1855
      vertex 23.1608 10 66.1855
    endloop
  endfacet
  facet normal 0.195165 0 -0.98077
    outer loop
      vertex 23.1608 13 66.1855
      vertex 22.9427 10 66.1421
      vertex 22.9427 13 66.1421
    endloop
  endfacet
  facet normal 0.98077 -0 0.195165
    outer loop
      vertex 21.6972 10 64.2781
      vertex 21.7406 13 64.06
      vertex 21.6972 13 64.2781
    endloop
  endfacet
  facet normal 0.98077 0 0.195165
    outer loop
      vertex 21.7406 13 64.06
      vertex 21.6972 10 64.2781
      vertex 21.7406 10 64.06
    endloop
  endfacet
  facet normal 0.997872 -0 0.0652057
    outer loop
      vertex 21.6827 10 64.5
      vertex 21.6972 13 64.2781
      vertex 21.6827 13 64.5
    endloop
  endfacet
  facet normal 0.997872 0 0.0652057
    outer loop
      vertex 21.6972 13 64.2781
      vertex 21.6827 10 64.5
      vertex 21.6972 10 64.2781
    endloop
  endfacet
  facet normal -0.831566 0 -0.555426
    outer loop
      vertex 24.8549 10 65.35
      vertex 24.7314 13 65.5349
      vertex 24.8549 13 65.35
    endloop
  endfacet
  facet normal -0.831566 -0 -0.555426
    outer loop
      vertex 24.7314 13 65.5349
      vertex 24.8549 10 65.35
      vertex 24.7314 10 65.5349
    endloop
  endfacet
  facet normal -0.659268 0 0.751908
    outer loop
      vertex 24.4176 13 63.1513
      vertex 24.5848 10 63.2979
      vertex 24.5848 13 63.2979
    endloop
  endfacet
  facet normal -0.659268 0 0.751908
    outer loop
      vertex 24.5848 10 63.2979
      vertex 24.4176 13 63.1513
      vertex 24.4176 10 63.1513
    endloop
  endfacet
  facet normal 0.896932 -0 0.442169
    outer loop
      vertex 21.8121 10 63.8494
      vertex 21.9104 13 63.65
      vertex 21.8121 13 63.8494
    endloop
  endfacet
  facet normal 0.896932 0 0.442169
    outer loop
      vertex 21.9104 13 63.65
      vertex 21.8121 10 63.8494
      vertex 21.9104 10 63.65
    endloop
  endfacet
  facet normal -0.555426 0 -0.831566
    outer loop
      vertex 24.2327 10 65.9722
      vertex 24.4176 13 65.8487
      vertex 24.4176 10 65.8487
    endloop
  endfacet
  facet normal -0.555426 0 -0.831566
    outer loop
      vertex 24.4176 13 65.8487
      vertex 24.2327 10 65.9722
      vertex 24.2327 13 65.9722
    endloop
  endfacet
  facet normal 0.659268 0 0.751908
    outer loop
      vertex 22.1806 13 63.2979
      vertex 22.3478 10 63.1513
      vertex 22.3478 13 63.1513
    endloop
  endfacet
  facet normal 0.659268 0 0.751908
    outer loop
      vertex 22.3478 10 63.1513
      vertex 22.1806 13 63.2979
      vertex 22.1806 10 63.2979
    endloop
  endfacet
  facet normal 0.946915 0 -0.321484
    outer loop
      vertex 21.8121 10 65.1506
      vertex 21.7406 13 64.94
      vertex 21.8121 13 65.1506
    endloop
  endfacet
  facet normal 0.946915 0 -0.321484
    outer loop
      vertex 21.7406 13 64.94
      vertex 21.8121 10 65.1506
      vertex 21.7406 10 64.94
    endloop
  endfacet
  facet normal 0.195165 0 0.98077
    outer loop
      vertex 22.9427 13 62.8579
      vertex 23.1608 10 62.8145
      vertex 23.1608 13 62.8145
    endloop
  endfacet
  facet normal 0.195165 0 0.98077
    outer loop
      vertex 23.1608 10 62.8145
      vertex 22.9427 13 62.8579
      vertex 22.9427 10 62.8579
    endloop
  endfacet
  facet normal 0.321484 0 0.946915
    outer loop
      vertex 22.7321 13 62.9294
      vertex 22.9427 10 62.8579
      vertex 22.9427 13 62.8579
    endloop
  endfacet
  facet normal 0.321484 0 0.946915
    outer loop
      vertex 22.9427 10 62.8579
      vertex 22.7321 13 62.9294
      vertex 22.7321 10 62.9294
    endloop
  endfacet
  facet normal 0.44253 0 -0.896754
    outer loop
      vertex 22.5327 10 65.9722
      vertex 22.7321 13 66.0706
      vertex 22.7321 10 66.0706
    endloop
  endfacet
  facet normal 0.44253 0 -0.896754
    outer loop
      vertex 22.7321 13 66.0706
      vertex 22.5327 10 65.9722
      vertex 22.5327 13 65.9722
    endloop
  endfacet
  facet normal -0.997842 0 0.0656534
    outer loop
      vertex 25.0681 10 64.2781
      vertex 25.0827 13 64.5
      vertex 25.0681 13 64.2781
    endloop
  endfacet
  facet normal -0.997842 0 0.0656534
    outer loop
      vertex 25.0827 13 64.5
      vertex 25.0681 10 64.2781
      vertex 25.0827 10 64.5
    endloop
  endfacet
  facet normal -0.32162 0 0.946869
    outer loop
      vertex 23.8227 13 62.8579
      vertex 24.0332 10 62.9294
      vertex 24.0332 13 62.9294
    endloop
  endfacet
  facet normal -0.32162 0 0.946869
    outer loop
      vertex 24.0332 10 62.9294
      vertex 23.8227 13 62.8579
      vertex 23.8227 10 62.8579
    endloop
  endfacet
  facet normal -0.659268 0 -0.751908
    outer loop
      vertex 24.4176 10 65.8487
      vertex 24.5848 13 65.7021
      vertex 24.5848 10 65.7021
    endloop
  endfacet
  facet normal -0.659268 0 -0.751908
    outer loop
      vertex 24.5848 13 65.7021
      vertex 24.4176 10 65.8487
      vertex 24.4176 13 65.8487
    endloop
  endfacet
  facet normal -0.32162 0 -0.946869
    outer loop
      vertex 23.8227 10 66.1421
      vertex 24.0332 13 66.0706
      vertex 24.0332 10 66.0706
    endloop
  endfacet
  facet normal -0.32162 0 -0.946869
    outer loop
      vertex 24.0332 13 66.0706
      vertex 23.8227 10 66.1421
      vertex 23.8227 13 66.1421
    endloop
  endfacet
  facet normal -0.751908 0 0.659268
    outer loop
      vertex 24.5848 10 63.2979
      vertex 24.7314 13 63.4651
      vertex 24.5848 13 63.2979
    endloop
  endfacet
  facet normal -0.751908 0 0.659268
    outer loop
      vertex 24.7314 13 63.4651
      vertex 24.5848 10 63.2979
      vertex 24.7314 10 63.4651
    endloop
  endfacet
  facet normal 0.751908 0 -0.659268
    outer loop
      vertex 22.1806 10 65.7021
      vertex 22.034 13 65.5349
      vertex 22.1806 13 65.7021
    endloop
  endfacet
  facet normal 0.751908 0 -0.659268
    outer loop
      vertex 22.034 13 65.5349
      vertex 22.1806 10 65.7021
      vertex 22.034 10 65.5349
    endloop
  endfacet
  facet normal -0.442352 0 0.896842
    outer loop
      vertex 24.0332 13 62.9294
      vertex 24.2327 10 63.0278
      vertex 24.2327 13 63.0278
    endloop
  endfacet
  facet normal -0.442352 0 0.896842
    outer loop
      vertex 24.2327 10 63.0278
      vertex 24.0332 13 62.9294
      vertex 24.0332 10 62.9294
    endloop
  endfacet
  facet normal 0.44253 0 0.896754
    outer loop
      vertex 22.5327 13 63.0278
      vertex 22.7321 10 62.9294
      vertex 22.7321 13 62.9294
    endloop
  endfacet
  facet normal 0.44253 0 0.896754
    outer loop
      vertex 22.7321 10 62.9294
      vertex 22.5327 13 63.0278
      vertex 22.5327 10 63.0278
    endloop
  endfacet
  facet normal 0.896932 0 -0.442169
    outer loop
      vertex 21.9104 10 65.35
      vertex 21.8121 13 65.1506
      vertex 21.9104 13 65.35
    endloop
  endfacet
  facet normal 0.896932 0 -0.442169
    outer loop
      vertex 21.8121 13 65.1506
      vertex 21.9104 10 65.35
      vertex 21.8121 10 65.1506
    endloop
  endfacet
  facet normal 0.98077 0 -0.195165
    outer loop
      vertex 21.7406 10 64.94
      vertex 21.6972 13 64.7219
      vertex 21.7406 13 64.94
    endloop
  endfacet
  facet normal 0.98077 0 -0.195165
    outer loop
      vertex 21.6972 13 64.7219
      vertex 21.7406 10 64.94
      vertex 21.6972 10 64.7219
    endloop
  endfacet
  facet normal 0.997872 0 -0.0652057
    outer loop
      vertex 21.6972 10 64.7219
      vertex 21.6827 13 64.5
      vertex 21.6972 13 64.7219
    endloop
  endfacet
  facet normal 0.997872 0 -0.0652057
    outer loop
      vertex 21.6827 13 64.5
      vertex 21.6972 10 64.7219
      vertex 21.6827 10 64.5
    endloop
  endfacet
  facet normal 0.659268 0 -0.751908
    outer loop
      vertex 22.1806 10 65.7021
      vertex 22.3478 13 65.8487
      vertex 22.3478 10 65.8487
    endloop
  endfacet
  facet normal 0.659268 0 -0.751908
    outer loop
      vertex 22.3478 13 65.8487
      vertex 22.1806 10 65.7021
      vertex 22.1806 13 65.7021
    endloop
  endfacet
  facet normal -0.946915 0 -0.321484
    outer loop
      vertex 25.0248 10 64.94
      vertex 24.9533 13 65.1506
      vertex 25.0248 13 64.94
    endloop
  endfacet
  facet normal -0.946915 -0 -0.321484
    outer loop
      vertex 24.9533 13 65.1506
      vertex 25.0248 10 64.94
      vertex 24.9533 10 65.1506
    endloop
  endfacet
  facet normal 0.555426 0 0.831566
    outer loop
      vertex 22.3478 13 63.1513
      vertex 22.5327 10 63.0278
      vertex 22.5327 13 63.0278
    endloop
  endfacet
  facet normal 0.555426 0 0.831566
    outer loop
      vertex 22.5327 10 63.0278
      vertex 22.3478 13 63.1513
      vertex 22.3478 10 63.1513
    endloop
  endfacet
  facet normal 0.831358 -0 0.555737
    outer loop
      vertex 21.9104 10 63.65
      vertex 22.034 13 63.4651
      vertex 21.9104 13 63.65
    endloop
  endfacet
  facet normal 0.831358 0 0.555737
    outer loop
      vertex 22.034 13 63.4651
      vertex 21.9104 10 63.65
      vertex 22.034 10 63.4651
    endloop
  endfacet
  facet normal 0.555426 0 -0.831566
    outer loop
      vertex 22.3478 10 65.8487
      vertex 22.5327 13 65.9722
      vertex 22.5327 10 65.9722
    endloop
  endfacet
  facet normal 0.555426 0 -0.831566
    outer loop
      vertex 22.5327 13 65.9722
      vertex 22.3478 10 65.8487
      vertex 22.3478 13 65.8487
    endloop
  endfacet
  facet normal -0.195165 0 0.98077
    outer loop
      vertex 23.6046 13 62.8145
      vertex 23.8227 10 62.8579
      vertex 23.8227 13 62.8579
    endloop
  endfacet
  facet normal -0.195165 0 0.98077
    outer loop
      vertex 23.8227 10 62.8579
      vertex 23.6046 13 62.8145
      vertex 23.6046 10 62.8145
    endloop
  endfacet
  facet normal -0.946915 0 0.321484
    outer loop
      vertex 24.9533 10 63.8494
      vertex 25.0248 13 64.06
      vertex 24.9533 13 63.8494
    endloop
  endfacet
  facet normal -0.946915 0 0.321484
    outer loop
      vertex 25.0248 13 64.06
      vertex 24.9533 10 63.8494
      vertex 25.0248 10 64.06
    endloop
  endfacet
  facet normal -0.997842 0 -0.0656534
    outer loop
      vertex 25.0827 10 64.5
      vertex 25.0681 13 64.7219
      vertex 25.0827 13 64.5
    endloop
  endfacet
  facet normal -0.997842 -0 -0.0656534
    outer loop
      vertex 25.0681 13 64.7219
      vertex 25.0827 10 64.5
      vertex 25.0681 10 64.7219
    endloop
  endfacet
  facet normal -0.980856 0 -0.194732
    outer loop
      vertex 25.0681 10 64.7219
      vertex 25.0248 13 64.94
      vertex 25.0681 13 64.7219
    endloop
  endfacet
  facet normal -0.980856 -0 -0.194732
    outer loop
      vertex 25.0248 13 64.94
      vertex 25.0681 10 64.7219
      vertex 25.0248 10 64.94
    endloop
  endfacet
  facet normal -0.751908 0 -0.659268
    outer loop
      vertex 24.7314 10 65.5349
      vertex 24.5848 13 65.7021
      vertex 24.7314 13 65.5349
    endloop
  endfacet
  facet normal -0.751908 -0 -0.659268
    outer loop
      vertex 24.5848 13 65.7021
      vertex 24.7314 10 65.5349
      vertex 24.5848 10 65.7021
    endloop
  endfacet
  facet normal 0.831358 0 -0.555737
    outer loop
      vertex 22.034 10 65.5349
      vertex 21.9104 13 65.35
      vertex 22.034 13 65.5349
    endloop
  endfacet
  facet normal 0.831358 0 -0.555737
    outer loop
      vertex 21.9104 13 65.35
      vertex 22.034 10 65.5349
      vertex 21.9104 10 65.35
    endloop
  endfacet
  facet normal 0.0652057 0 -0.997872
    outer loop
      vertex 23.1608 10 66.1855
      vertex 23.3827 13 66.2
      vertex 23.3827 10 66.2
    endloop
  endfacet
  facet normal 0.0652057 0 -0.997872
    outer loop
      vertex 23.3827 13 66.2
      vertex 23.1608 10 66.1855
      vertex 23.1608 13 66.1855
    endloop
  endfacet
  facet normal -0.555426 0 0.831566
    outer loop
      vertex 24.2327 13 63.0278
      vertex 24.4176 10 63.1513
      vertex 24.4176 13 63.1513
    endloop
  endfacet
  facet normal -0.555426 0 0.831566
    outer loop
      vertex 24.4176 10 63.1513
      vertex 24.2327 13 63.0278
      vertex 24.2327 10 63.0278
    endloop
  endfacet
  facet normal -0.980856 0 0.194732
    outer loop
      vertex 25.0248 10 64.06
      vertex 25.0681 13 64.2781
      vertex 25.0248 13 64.06
    endloop
  endfacet
  facet normal -0.980856 0 0.194732
    outer loop
      vertex 25.0681 13 64.2781
      vertex 25.0248 10 64.06
      vertex 25.0681 10 64.2781
    endloop
  endfacet
  facet normal 0.751908 -0 0.659268
    outer loop
      vertex 22.034 10 63.4651
      vertex 22.1806 13 63.2979
      vertex 22.034 13 63.4651
    endloop
  endfacet
  facet normal 0.751908 0 0.659268
    outer loop
      vertex 22.1806 13 63.2979
      vertex 22.034 10 63.4651
      vertex 22.1806 10 63.2979
    endloop
  endfacet
  facet normal 0.946915 -0 0.321484
    outer loop
      vertex 21.7406 10 64.06
      vertex 21.8121 13 63.8494
      vertex 21.7406 13 64.06
    endloop
  endfacet
  facet normal 0.946915 0 0.321484
    outer loop
      vertex 21.8121 13 63.8494
      vertex 21.7406 10 64.06
      vertex 21.8121 10 63.8494
    endloop
  endfacet
  facet normal -0.896754 0 -0.44253
    outer loop
      vertex 24.9533 10 65.1506
      vertex 24.8549 13 65.35
      vertex 24.9533 13 65.1506
    endloop
  endfacet
  facet normal -0.896754 -0 -0.44253
    outer loop
      vertex 24.8549 13 65.35
      vertex 24.9533 10 65.1506
      vertex 24.8549 10 65.35
    endloop
  endfacet
  facet normal 0.0652057 0 0.997872
    outer loop
      vertex 23.1608 13 62.8145
      vertex 23.3827 10 62.8
      vertex 23.3827 13 62.8
    endloop
  endfacet
  facet normal 0.0652057 0 0.997872
    outer loop
      vertex 23.3827 10 62.8
      vertex 23.1608 13 62.8145
      vertex 23.1608 10 62.8145
    endloop
  endfacet
  facet normal -0.896754 0 0.44253
    outer loop
      vertex 24.8549 10 63.65
      vertex 24.9533 13 63.8494
      vertex 24.8549 13 63.65
    endloop
  endfacet
  facet normal -0.896754 0 0.44253
    outer loop
      vertex 24.9533 13 63.8494
      vertex 24.8549 10 63.65
      vertex 24.9533 10 63.8494
    endloop
  endfacet
  facet normal -0.442352 0 -0.896842
    outer loop
      vertex 24.0332 10 66.0706
      vertex 24.2327 13 65.9722
      vertex 24.2327 10 65.9722
    endloop
  endfacet
  facet normal -0.442352 0 -0.896842
    outer loop
      vertex 24.2327 13 65.9722
      vertex 24.0332 10 66.0706
      vertex 24.0332 13 66.0706
    endloop
  endfacet
  facet normal 0.321484 0 -0.946915
    outer loop
      vertex 22.7321 10 66.0706
      vertex 22.9427 13 66.1421
      vertex 22.9427 10 66.1421
    endloop
  endfacet
  facet normal 0.321484 0 -0.946915
    outer loop
      vertex 22.9427 13 66.1421
      vertex 22.7321 10 66.0706
      vertex 22.7321 13 66.0706
    endloop
  endfacet
  facet normal -0.831566 0 0.555426
    outer loop
      vertex 24.7314 10 63.4651
      vertex 24.8549 13 63.65
      vertex 24.7314 13 63.4651
    endloop
  endfacet
  facet normal -0.831566 0 0.555426
    outer loop
      vertex 24.8549 13 63.65
      vertex 24.7314 10 63.4651
      vertex 24.8549 10 63.65
    endloop
  endfacet
  facet normal -0.0652057 0 0.997872
    outer loop
      vertex 23.3827 13 62.8
      vertex 23.6046 10 62.8145
      vertex 23.6046 13 62.8145
    endloop
  endfacet
  facet normal -0.0652057 0 0.997872
    outer loop
      vertex 23.6046 10 62.8145
      vertex 23.3827 13 62.8
      vertex 23.3827 10 62.8
    endloop
  endfacet
  facet normal -0.195165 0 -0.98077
    outer loop
      vertex 23.6046 10 66.1855
      vertex 23.8227 13 66.1421
      vertex 23.8227 10 66.1421
    endloop
  endfacet
  facet normal -0.195165 0 -0.98077
    outer loop
      vertex 23.8227 13 66.1421
      vertex 23.6046 10 66.1855
      vertex 23.6046 13 66.1855
    endloop
  endfacet
  facet normal -0.0652057 0 -0.997872
    outer loop
      vertex 23.3827 10 66.2
      vertex 23.6046 13 66.1855
      vertex 23.6046 10 66.1855
    endloop
  endfacet
  facet normal -0.0652057 0 -0.997872
    outer loop
      vertex 23.6046 13 66.1855
      vertex 23.3827 10 66.2
      vertex 23.3827 13 66.2
    endloop
  endfacet
  facet normal 0.980779 0 -0.195122
    outer loop
      vertex -1.64207 10 24.44
      vertex -1.68546 13 24.2219
      vertex -1.64207 13 24.44
    endloop
  endfacet
  facet normal 0.980779 0 -0.195122
    outer loop
      vertex -1.68546 13 24.2219
      vertex -1.64207 10 24.44
      vertex -1.68546 10 24.2219
    endloop
  endfacet
  facet normal 0.195167 0 -0.98077
    outer loop
      vertex -0.439992 10 25.6421
      vertex -0.221894 13 25.6855
      vertex -0.221894 10 25.6855
    endloop
  endfacet
  facet normal 0.195167 0 -0.98077
    outer loop
      vertex -0.221894 13 25.6855
      vertex -0.439992 10 25.6421
      vertex -0.439992 13 25.6421
    endloop
  endfacet
  facet normal 0.980779 -0 0.195122
    outer loop
      vertex -1.68546 10 23.7781
      vertex -1.64207 13 23.56
      vertex -1.68546 13 23.7781
    endloop
  endfacet
  facet normal 0.980779 0 0.195122
    outer loop
      vertex -1.64207 13 23.56
      vertex -1.68546 10 23.7781
      vertex -1.64207 10 23.56
    endloop
  endfacet
  facet normal 0.99786 -0 0.0653848
    outer loop
      vertex -1.7 10 24
      vertex -1.68546 13 23.7781
      vertex -1.7 13 24
    endloop
  endfacet
  facet normal 0.99786 0 0.0653848
    outer loop
      vertex -1.68546 13 23.7781
      vertex -1.7 10 24
      vertex -1.68546 10 23.7781
    endloop
  endfacet
  facet normal -0.659291 0 0.751888
    outer loop
      vertex 1.03489 13 22.6513
      vertex 1.20208 10 22.7979
      vertex 1.20208 13 22.7979
    endloop
  endfacet
  facet normal -0.659291 0 0.751888
    outer loop
      vertex 1.20208 10 22.7979
      vertex 1.03489 13 22.6513
      vertex 1.03489 10 22.6513
    endloop
  endfacet
  facet normal 0.442463 0 0.896787
    outer loop
      vertex -0.849999 13 22.5278
      vertex -0.650561 10 22.4294
      vertex -0.650561 13 22.4294
    endloop
  endfacet
  facet normal 0.442463 0 0.896787
    outer loop
      vertex -0.650561 10 22.4294
      vertex -0.849999 13 22.5278
      vertex -0.849999 10 22.5278
    endloop
  endfacet
  facet normal -0.442463 0 0.896787
    outer loop
      vertex 0.650561 13 22.4294
      vertex 0.849999 10 22.5278
      vertex 0.849999 13 22.5278
    endloop
  endfacet
  facet normal -0.442463 0 0.896787
    outer loop
      vertex 0.849999 10 22.5278
      vertex 0.650561 13 22.4294
      vertex 0.650561 10 22.4294
    endloop
  endfacet
  facet normal 0.946943 0 -0.321403
    outer loop
      vertex -1.57059 10 24.6506
      vertex -1.64207 13 24.44
      vertex -1.57059 13 24.6506
    endloop
  endfacet
  facet normal 0.946943 0 -0.321403
    outer loop
      vertex -1.64207 13 24.44
      vertex -1.57059 10 24.6506
      vertex -1.64207 10 24.44
    endloop
  endfacet
  facet normal 0.751863 -0 0.659319
    outer loop
      vertex -1.3487 10 22.9651
      vertex -1.20208 13 22.7979
      vertex -1.3487 13 22.9651
    endloop
  endfacet
  facet normal 0.751863 0 0.659319
    outer loop
      vertex -1.20208 13 22.7979
      vertex -1.3487 10 22.9651
      vertex -1.20208 10 22.7979
    endloop
  endfacet
  facet normal 0.659291 0 0.751888
    outer loop
      vertex -1.20208 13 22.7979
      vertex -1.03489 10 22.6513
      vertex -1.03489 13 22.6513
    endloop
  endfacet
  facet normal 0.659291 0 0.751888
    outer loop
      vertex -1.03489 10 22.6513
      vertex -1.20208 13 22.7979
      vertex -1.20208 10 22.7979
    endloop
  endfacet
  facet normal -0.896843 0 -0.442349
    outer loop
      vertex 1.57059 10 24.6506
      vertex 1.47224 13 24.85
      vertex 1.57059 13 24.6506
    endloop
  endfacet
  facet normal -0.896843 -0 -0.442349
    outer loop
      vertex 1.47224 13 24.85
      vertex 1.57059 10 24.6506
      vertex 1.47224 10 24.85
    endloop
  endfacet
  facet normal -0.980779 0 -0.195122
    outer loop
      vertex 1.68546 10 24.2219
      vertex 1.64207 13 24.44
      vertex 1.68546 13 24.2219
    endloop
  endfacet
  facet normal -0.980779 -0 -0.195122
    outer loop
      vertex 1.64207 13 24.44
      vertex 1.68546 10 24.2219
      vertex 1.64207 10 24.44
    endloop
  endfacet
  facet normal -0.946943 0 -0.321403
    outer loop
      vertex 1.64207 10 24.44
      vertex 1.57059 13 24.6506
      vertex 1.64207 13 24.44
    endloop
  endfacet
  facet normal -0.946943 -0 -0.321403
    outer loop
      vertex 1.57059 13 24.6506
      vertex 1.64207 10 24.44
      vertex 1.57059 10 24.6506
    endloop
  endfacet
  facet normal -0.99786 0 -0.0653848
    outer loop
      vertex 1.7 10 24
      vertex 1.68546 13 24.2219
      vertex 1.7 13 24
    endloop
  endfacet
  facet normal -0.99786 -0 -0.0653848
    outer loop
      vertex 1.68546 13 24.2219
      vertex 1.7 10 24
      vertex 1.68546 10 24.2219
    endloop
  endfacet
  facet normal 0.831483 0 -0.555551
    outer loop
      vertex -1.3487 10 25.0349
      vertex -1.47224 13 24.85
      vertex -1.3487 13 25.0349
    endloop
  endfacet
  facet normal 0.831483 0 -0.555551
    outer loop
      vertex -1.47224 13 24.85
      vertex -1.3487 10 25.0349
      vertex -1.47224 10 24.85
    endloop
  endfacet
  facet normal 0.946943 -0 0.321403
    outer loop
      vertex -1.64207 10 23.56
      vertex -1.57059 13 23.3494
      vertex -1.64207 13 23.56
    endloop
  endfacet
  facet normal 0.946943 0 0.321403
    outer loop
      vertex -1.57059 13 23.3494
      vertex -1.64207 10 23.56
      vertex -1.57059 10 23.3494
    endloop
  endfacet
  facet normal 0.751863 0 -0.659319
    outer loop
      vertex -1.20208 10 25.2021
      vertex -1.3487 13 25.0349
      vertex -1.20208 13 25.2021
    endloop
  endfacet
  facet normal 0.751863 0 -0.659319
    outer loop
      vertex -1.3487 13 25.0349
      vertex -1.20208 10 25.2021
      vertex -1.3487 10 25.0349
    endloop
  endfacet
  facet normal -0.980779 0 0.195122
    outer loop
      vertex 1.64207 10 23.56
      vertex 1.68546 13 23.7781
      vertex 1.64207 13 23.56
    endloop
  endfacet
  facet normal -0.980779 0 0.195122
    outer loop
      vertex 1.68546 13 23.7781
      vertex 1.64207 10 23.56
      vertex 1.68546 10 23.7781
    endloop
  endfacet
  facet normal 0.831483 -0 0.555551
    outer loop
      vertex -1.47224 10 23.15
      vertex -1.3487 13 22.9651
      vertex -1.47224 13 23.15
    endloop
  endfacet
  facet normal 0.831483 0 0.555551
    outer loop
      vertex -1.3487 13 22.9651
      vertex -1.47224 10 23.15
      vertex -1.3487 10 22.9651
    endloop
  endfacet
  facet normal 0.321526 0 0.946901
    outer loop
      vertex -0.650561 13 22.4294
      vertex -0.439992 10 22.3579
      vertex -0.439992 13 22.3579
    endloop
  endfacet
  facet normal 0.321526 0 0.946901
    outer loop
      vertex -0.439992 10 22.3579
      vertex -0.650561 13 22.4294
      vertex -0.650561 10 22.4294
    endloop
  endfacet
  facet normal -0.0652074 0 -0.997872
    outer loop
      vertex 0 10 25.7
      vertex 0.221894 13 25.6855
      vertex 0.221894 10 25.6855
    endloop
  endfacet
  facet normal -0.0652074 0 -0.997872
    outer loop
      vertex 0.221894 13 25.6855
      vertex 0 10 25.7
      vertex 0 13 25.7
    endloop
  endfacet
  facet normal -0.751863 0 -0.659319
    outer loop
      vertex 1.3487 10 25.0349
      vertex 1.20208 13 25.2021
      vertex 1.3487 13 25.0349
    endloop
  endfacet
  facet normal -0.751863 -0 -0.659319
    outer loop
      vertex 1.20208 13 25.2021
      vertex 1.3487 10 25.0349
      vertex 1.20208 10 25.2021
    endloop
  endfacet
  facet normal 0.99786 0 -0.0653848
    outer loop
      vertex -1.68546 10 24.2219
      vertex -1.7 13 24
      vertex -1.68546 13 24.2219
    endloop
  endfacet
  facet normal 0.99786 0 -0.0653848
    outer loop
      vertex -1.7 13 24
      vertex -1.68546 10 24.2219
      vertex -1.7 10 24
    endloop
  endfacet
  facet normal -0.751863 0 0.659319
    outer loop
      vertex 1.20208 10 22.7979
      vertex 1.3487 13 22.9651
      vertex 1.20208 13 22.7979
    endloop
  endfacet
  facet normal -0.751863 0 0.659319
    outer loop
      vertex 1.3487 13 22.9651
      vertex 1.20208 10 22.7979
      vertex 1.3487 10 22.9651
    endloop
  endfacet
  facet normal 0.555445 0 0.831553
    outer loop
      vertex -1.03489 13 22.6513
      vertex -0.849999 10 22.5278
      vertex -0.849999 13 22.5278
    endloop
  endfacet
  facet normal 0.555445 0 0.831553
    outer loop
      vertex -0.849999 10 22.5278
      vertex -1.03489 13 22.6513
      vertex -1.03489 10 22.6513
    endloop
  endfacet
  facet normal 0.195167 0 0.98077
    outer loop
      vertex -0.439992 13 22.3579
      vertex -0.221894 10 22.3145
      vertex -0.221894 13 22.3145
    endloop
  endfacet
  facet normal 0.195167 0 0.98077
    outer loop
      vertex -0.221894 10 22.3145
      vertex -0.439992 13 22.3579
      vertex -0.439992 10 22.3579
    endloop
  endfacet
  facet normal -0.0652074 0 0.997872
    outer loop
      vertex 0 13 22.3
      vertex 0.221894 10 22.3145
      vertex 0.221894 13 22.3145
    endloop
  endfacet
  facet normal -0.0652074 0 0.997872
    outer loop
      vertex 0.221894 10 22.3145
      vertex 0 13 22.3
      vertex 0 10 22.3
    endloop
  endfacet
  facet normal -0.442463 0 -0.896787
    outer loop
      vertex 0.650561 10 25.5706
      vertex 0.849999 13 25.4722
      vertex 0.849999 10 25.4722
    endloop
  endfacet
  facet normal -0.442463 0 -0.896787
    outer loop
      vertex 0.849999 13 25.4722
      vertex 0.650561 10 25.5706
      vertex 0.650561 13 25.5706
    endloop
  endfacet
  facet normal 0.896843 0 -0.442349
    outer loop
      vertex -1.47224 10 24.85
      vertex -1.57059 13 24.6506
      vertex -1.47224 13 24.85
    endloop
  endfacet
  facet normal 0.896843 0 -0.442349
    outer loop
      vertex -1.57059 13 24.6506
      vertex -1.47224 10 24.85
      vertex -1.57059 10 24.6506
    endloop
  endfacet
  facet normal -0.195167 0 0.98077
    outer loop
      vertex 0.221894 13 22.3145
      vertex 0.439992 10 22.3579
      vertex 0.439992 13 22.3579
    endloop
  endfacet
  facet normal -0.195167 0 0.98077
    outer loop
      vertex 0.439992 10 22.3579
      vertex 0.221894 13 22.3145
      vertex 0.221894 10 22.3145
    endloop
  endfacet
  facet normal -0.321526 0 -0.946901
    outer loop
      vertex 0.439992 10 25.6421
      vertex 0.650561 13 25.5706
      vertex 0.650561 10 25.5706
    endloop
  endfacet
  facet normal -0.321526 0 -0.946901
    outer loop
      vertex 0.650561 13 25.5706
      vertex 0.439992 10 25.6421
      vertex 0.439992 13 25.6421
    endloop
  endfacet
  facet normal -0.831483 0 -0.555551
    outer loop
      vertex 1.47224 10 24.85
      vertex 1.3487 13 25.0349
      vertex 1.47224 13 24.85
    endloop
  endfacet
  facet normal -0.831483 -0 -0.555551
    outer loop
      vertex 1.3487 13 25.0349
      vertex 1.47224 10 24.85
      vertex 1.3487 10 25.0349
    endloop
  endfacet
  facet normal -0.195167 0 -0.98077
    outer loop
      vertex 0.221894 10 25.6855
      vertex 0.439992 13 25.6421
      vertex 0.439992 10 25.6421
    endloop
  endfacet
  facet normal -0.195167 0 -0.98077
    outer loop
      vertex 0.439992 13 25.6421
      vertex 0.221894 10 25.6855
      vertex 0.221894 13 25.6855
    endloop
  endfacet
  facet normal 0.555445 0 -0.831553
    outer loop
      vertex -1.03489 10 25.3487
      vertex -0.849999 13 25.4722
      vertex -0.849999 10 25.4722
    endloop
  endfacet
  facet normal 0.555445 0 -0.831553
    outer loop
      vertex -0.849999 13 25.4722
      vertex -1.03489 10 25.3487
      vertex -1.03489 13 25.3487
    endloop
  endfacet
  facet normal -0.946943 0 0.321403
    outer loop
      vertex 1.57059 10 23.3494
      vertex 1.64207 13 23.56
      vertex 1.57059 13 23.3494
    endloop
  endfacet
  facet normal -0.946943 0 0.321403
    outer loop
      vertex 1.64207 13 23.56
      vertex 1.57059 10 23.3494
      vertex 1.64207 10 23.56
    endloop
  endfacet
  facet normal 0.896843 -0 0.442349
    outer loop
      vertex -1.57059 10 23.3494
      vertex -1.47224 13 23.15
      vertex -1.57059 13 23.3494
    endloop
  endfacet
  facet normal 0.896843 0 0.442349
    outer loop
      vertex -1.47224 13 23.15
      vertex -1.57059 10 23.3494
      vertex -1.47224 10 23.15
    endloop
  endfacet
  facet normal -0.555445 0 0.831553
    outer loop
      vertex 0.849999 13 22.5278
      vertex 1.03489 10 22.6513
      vertex 1.03489 13 22.6513
    endloop
  endfacet
  facet normal -0.555445 0 0.831553
    outer loop
      vertex 1.03489 10 22.6513
      vertex 0.849999 13 22.5278
      vertex 0.849999 10 22.5278
    endloop
  endfacet
  facet normal 0.442463 0 -0.896787
    outer loop
      vertex -0.849999 10 25.4722
      vertex -0.650561 13 25.5706
      vertex -0.650561 10 25.5706
    endloop
  endfacet
  facet normal 0.442463 0 -0.896787
    outer loop
      vertex -0.650561 13 25.5706
      vertex -0.849999 10 25.4722
      vertex -0.849999 13 25.4722
    endloop
  endfacet
  facet normal -0.896843 0 0.442349
    outer loop
      vertex 1.47224 10 23.15
      vertex 1.57059 13 23.3494
      vertex 1.47224 13 23.15
    endloop
  endfacet
  facet normal -0.896843 0 0.442349
    outer loop
      vertex 1.57059 13 23.3494
      vertex 1.47224 10 23.15
      vertex 1.57059 10 23.3494
    endloop
  endfacet
  facet normal 0.0652074 0 0.997872
    outer loop
      vertex -0.221894 13 22.3145
      vertex 0 10 22.3
      vertex 0 13 22.3
    endloop
  endfacet
  facet normal 0.0652074 0 0.997872
    outer loop
      vertex 0 10 22.3
      vertex -0.221894 13 22.3145
      vertex -0.221894 10 22.3145
    endloop
  endfacet
  facet normal -0.321526 0 0.946901
    outer loop
      vertex 0.439992 13 22.3579
      vertex 0.650561 10 22.4294
      vertex 0.650561 13 22.4294
    endloop
  endfacet
  facet normal -0.321526 0 0.946901
    outer loop
      vertex 0.650561 10 22.4294
      vertex 0.439992 13 22.3579
      vertex 0.439992 10 22.3579
    endloop
  endfacet
  facet normal 0.0652074 0 -0.997872
    outer loop
      vertex -0.221894 10 25.6855
      vertex 0 13 25.7
      vertex 0 10 25.7
    endloop
  endfacet
  facet normal 0.0652074 0 -0.997872
    outer loop
      vertex 0 13 25.7
      vertex -0.221894 10 25.6855
      vertex -0.221894 13 25.6855
    endloop
  endfacet
  facet normal -0.555445 0 -0.831553
    outer loop
      vertex 0.849999 10 25.4722
      vertex 1.03489 13 25.3487
      vertex 1.03489 10 25.3487
    endloop
  endfacet
  facet normal -0.555445 0 -0.831553
    outer loop
      vertex 1.03489 13 25.3487
      vertex 0.849999 10 25.4722
      vertex 0.849999 13 25.4722
    endloop
  endfacet
  facet normal 0.321526 0 -0.946901
    outer loop
      vertex -0.650561 10 25.5706
      vertex -0.439992 13 25.6421
      vertex -0.439992 10 25.6421
    endloop
  endfacet
  facet normal 0.321526 0 -0.946901
    outer loop
      vertex -0.439992 13 25.6421
      vertex -0.650561 10 25.5706
      vertex -0.650561 13 25.5706
    endloop
  endfacet
  facet normal -0.659291 0 -0.751888
    outer loop
      vertex 1.03489 10 25.3487
      vertex 1.20208 13 25.2021
      vertex 1.20208 10 25.2021
    endloop
  endfacet
  facet normal -0.659291 0 -0.751888
    outer loop
      vertex 1.20208 13 25.2021
      vertex 1.03489 10 25.3487
      vertex 1.03489 13 25.3487
    endloop
  endfacet
  facet normal 0.659291 0 -0.751888
    outer loop
      vertex -1.20208 10 25.2021
      vertex -1.03489 13 25.3487
      vertex -1.03489 10 25.3487
    endloop
  endfacet
  facet normal 0.659291 0 -0.751888
    outer loop
      vertex -1.03489 13 25.3487
      vertex -1.20208 10 25.2021
      vertex -1.20208 13 25.2021
    endloop
  endfacet
  facet normal -0.99786 0 0.0653848
    outer loop
      vertex 1.68546 10 23.7781
      vertex 1.7 13 24
      vertex 1.68546 13 23.7781
    endloop
  endfacet
  facet normal -0.99786 0 0.0653848
    outer loop
      vertex 1.7 13 24
      vertex 1.68546 10 23.7781
      vertex 1.7 10 24
    endloop
  endfacet
  facet normal -0.831483 0 0.555551
    outer loop
      vertex 1.3487 10 22.9651
      vertex 1.47224 13 23.15
      vertex 1.3487 13 22.9651
    endloop
  endfacet
  facet normal -0.831483 0 0.555551
    outer loop
      vertex 1.47224 13 23.15
      vertex 1.3487 10 22.9651
      vertex 1.47224 10 23.15
    endloop
  endfacet
  facet normal 0 0.442267 -0.896884
    outer loop
      vertex 44 -25.65 12.1258
      vertex 52 -25.4975 12.201
      vertex 52 -25.65 12.1258
    endloop
  endfacet
  facet normal 0 0.442267 -0.896884
    outer loop
      vertex 52 -25.4975 12.201
      vertex 44 -25.65 12.1258
      vertex 44 -25.4975 12.201
    endloop
  endfacet
  facet normal 0 -0.321481 0.946916
    outer loop
      vertex 43.7162 -24.5025 9.79896
      vertex 52 -24.6635 9.7443
      vertex 52 -24.5025 9.79896
    endloop
  endfacet
  facet normal 0 -0.321481 0.946916
    outer loop
      vertex 52 -24.6635 9.7443
      vertex 43.7162 -24.5025 9.79896
      vertex 43.6943 -24.6635 9.7443
    endloop
  endfacet
  facet normal 0 0.442314 0.89686
    outer loop
      vertex 52 -25.4975 9.79896
      vertex 43.7462 -25.65 9.87417
      vertex 52 -25.65 9.87417
    endloop
  endfacet
  facet normal 0 0.442314 0.89686
    outer loop
      vertex 43.7462 -25.65 9.87417
      vertex 52 -25.4975 9.79896
      vertex 43.7162 -25.4975 9.79896
    endloop
  endfacet
  facet normal 0 -0.555528 0.831498
    outer loop
      vertex 43.784 -24.2086 9.96864
      vertex 52 -24.35 9.87417
      vertex 52 -24.2086 9.96864
    endloop
  endfacet
  facet normal 0 -0.555528 0.831498
    outer loop
      vertex 52 -24.35 9.87417
      vertex 43.784 -24.2086 9.96864
      vertex 43.7462 -24.35 9.87417
    endloop
  endfacet
  facet normal 0 -0.896884 0.442267
    outer loop
      vertex 52 -23.8742 10.35
      vertex 43.9973 -23.799 10.5025
      vertex 43.9363 -23.8742 10.35
    endloop
  endfacet
  facet normal 0 -0.896884 0.442267
    outer loop
      vertex 43.9973 -23.799 10.5025
      vertex 52 -23.8742 10.35
      vertex 52 -23.799 10.5025
    endloop
  endfacet
  facet normal 0 -0.442314 0.89686
    outer loop
      vertex 43.7462 -24.35 9.87417
      vertex 52 -24.5025 9.79896
      vertex 52 -24.35 9.87417
    endloop
  endfacet
  facet normal 0 -0.442314 0.89686
    outer loop
      vertex 52 -24.5025 9.79896
      vertex 43.7462 -24.35 9.87417
      vertex 43.7162 -24.5025 9.79896
    endloop
  endfacet
  facet normal 0 -0.0653872 0.99786
    outer loop
      vertex 43.6811 -24.8303 9.71112
      vertex 52 -25 9.7
      vertex 52 -24.8303 9.71112
    endloop
  endfacet
  facet normal 0 -0.0653872 0.99786
    outer loop
      vertex 52 -25 9.7
      vertex 43.6811 -24.8303 9.71112
      vertex 43.6767 -25 9.7
    endloop
  endfacet
  facet normal 0 -0.997868 0.0652701
    outer loop
      vertex 44 -23.7111 10.8303
      vertex 52 -23.7 11
      vertex 44 -23.7 11
    endloop
  endfacet
  facet normal 0 -0.997868 0.0652701
    outer loop
      vertex 52 -23.7 11
      vertex 44 -23.7111 10.8303
      vertex 52 -23.7111 10.8303
    endloop
  endfacet
  facet normal 0 0.997868 -0.0652701
    outer loop
      vertex 52 -26.3 11
      vertex 44 -26.2889 11.1697
      vertex 52 -26.2889 11.1697
    endloop
  endfacet
  facet normal 0 0.997868 -0.0652701
    outer loop
      vertex 44 -26.2889 11.1697
      vertex 52 -26.3 11
      vertex 44 -26.3 11
    endloop
  endfacet
  facet normal 0 0.321692 -0.946844
    outer loop
      vertex 44 -25.4975 12.201
      vertex 52 -25.3365 12.2557
      vertex 52 -25.4975 12.201
    endloop
  endfacet
  facet normal 0 0.321692 -0.946844
    outer loop
      vertex 52 -25.3365 12.2557
      vertex 44 -25.4975 12.201
      vertex 44 -25.3365 12.2557
    endloop
  endfacet
  facet normal 0 0.0652701 -0.997868
    outer loop
      vertex 44 -25.1697 12.2889
      vertex 52 -25 12.3
      vertex 52 -25.1697 12.2889
    endloop
  endfacet
  facet normal 0 0.0652701 -0.997868
    outer loop
      vertex 52 -25 12.3
      vertex 44 -25.1697 12.2889
      vertex 44 -25 12.3
    endloop
  endfacet
  facet normal 0 -0.0652701 -0.997868
    outer loop
      vertex 44 -25 12.3
      vertex 52 -24.8303 12.2889
      vertex 52 -25 12.3
    endloop
  endfacet
  facet normal -0 -0.0652701 -0.997868
    outer loop
      vertex 52 -24.8303 12.2889
      vertex 44 -25 12.3
      vertex 44 -24.8303 12.2889
    endloop
  endfacet
  facet normal 0 0.831688 0.555243
    outer loop
      vertex 52 -26.0314 10.2086
      vertex 43.9363 -26.1258 10.35
      vertex 52 -26.1258 10.35
    endloop
  endfacet
  facet normal 0 0.831688 0.555243
    outer loop
      vertex 43.9363 -26.1258 10.35
      vertex 52 -26.0314 10.2086
      vertex 43.8798 -26.0314 10.2086
    endloop
  endfacet
  facet normal 0 0.659753 -0.751483
    outer loop
      vertex 44 -25.9192 11.9192
      vertex 52 -25.7914 12.0314
      vertex 52 -25.9192 11.9192
    endloop
  endfacet
  facet normal 0 0.659753 -0.751483
    outer loop
      vertex 52 -25.7914 12.0314
      vertex 44 -25.9192 11.9192
      vertex 44 -25.7914 12.0314
    endloop
  endfacet
  facet normal 0 0.896884 -0.442267
    outer loop
      vertex 52 -26.201 11.4975
      vertex 44 -26.1258 11.65
      vertex 52 -26.1258 11.65
    endloop
  endfacet
  facet normal 0 0.896884 -0.442267
    outer loop
      vertex 44 -26.1258 11.65
      vertex 52 -26.201 11.4975
      vertex 44 -26.201 11.4975
    endloop
  endfacet
  facet normal 0 -0.751483 -0.659753
    outer loop
      vertex 44 -23.9686 11.7914
      vertex 52 -24.0808 11.9192
      vertex 44 -24.0808 11.9192
    endloop
  endfacet
  facet normal 0 -0.751483 -0.659753
    outer loop
      vertex 52 -24.0808 11.9192
      vertex 44 -23.9686 11.7914
      vertex 52 -23.9686 11.7914
    endloop
  endfacet
  facet normal 0 -0.946949 0.321385
    outer loop
      vertex 44 -23.7966 10.5094
      vertex 52 -23.7443 10.6635
      vertex 44 -23.7443 10.6635
    endloop
  endfacet
  facet normal 0 -0.944497 0.328521
    outer loop
      vertex 52 -23.799 10.5025
      vertex 44 -23.7966 10.5094
      vertex 43.9973 -23.799 10.5025
    endloop
  endfacet
  facet normal -6.5941e-06 -0.946844 0.321692
    outer loop
      vertex 44 -23.7966 10.5094
      vertex 52 -23.799 10.5025
      vertex 52 -23.7443 10.6635
    endloop
  endfacet
  facet normal 0 -0.65962 0.7516
    outer loop
      vertex 43.8288 -24.0808 10.0808
      vertex 52 -24.2086 9.96864
      vertex 52 -24.0808 10.0808
    endloop
  endfacet
  facet normal 0 -0.65962 0.7516
    outer loop
      vertex 52 -24.2086 9.96864
      vertex 43.8288 -24.0808 10.0808
      vertex 43.784 -24.2086 9.96864
    endloop
  endfacet
  facet normal 0 0.321481 0.946916
    outer loop
      vertex 52 -25.3365 9.7443
      vertex 43.7162 -25.4975 9.79896
      vertex 52 -25.4975 9.79896
    endloop
  endfacet
  facet normal 0 0.321481 0.946916
    outer loop
      vertex 43.7162 -25.4975 9.79896
      vertex 52 -25.3365 9.7443
      vertex 43.6943 -25.3365 9.7443
    endloop
  endfacet
  facet normal 0 0.946949 0.321385
    outer loop
      vertex 52 -26.2557 10.6635
      vertex 44 -26.2034 10.5094
      vertex 44 -26.2557 10.6635
    endloop
  endfacet
  facet normal -6.5941e-06 0.946844 0.321692
    outer loop
      vertex 52 -26.201 10.5025
      vertex 44 -26.2034 10.5094
      vertex 52 -26.2557 10.6635
    endloop
  endfacet
  facet normal 0 0.944497 0.328521
    outer loop
      vertex 44 -26.2034 10.5094
      vertex 52 -26.201 10.5025
      vertex 43.9973 -26.201 10.5025
    endloop
  endfacet
  facet normal 0 0.195211 -0.980761
    outer loop
      vertex 44 -25.3365 12.2557
      vertex 52 -25.1697 12.2889
      vertex 52 -25.3365 12.2557
    endloop
  endfacet
  facet normal 0 0.195211 -0.980761
    outer loop
      vertex 52 -25.1697 12.2889
      vertex 44 -25.3365 12.2557
      vertex 44 -25.1697 12.2889
    endloop
  endfacet
  facet normal 0 0.0653872 0.99786
    outer loop
      vertex 52 -25 9.7
      vertex 43.6811 -25.1697 9.71112
      vertex 52 -25.1697 9.71112
    endloop
  endfacet
  facet normal 0 0.0653872 0.99786
    outer loop
      vertex 43.6811 -25.1697 9.71112
      vertex 52 -25 9.7
      vertex 43.6767 -25 9.7
    endloop
  endfacet
  facet normal 0 -0.321692 -0.946844
    outer loop
      vertex 44 -24.6635 12.2557
      vertex 52 -24.5025 12.201
      vertex 52 -24.6635 12.2557
    endloop
  endfacet
  facet normal -0 -0.321692 -0.946844
    outer loop
      vertex 52 -24.5025 12.201
      vertex 44 -24.6635 12.2557
      vertex 44 -24.5025 12.201
    endloop
  endfacet
  facet normal 0 -0.659753 -0.751483
    outer loop
      vertex 44 -24.2086 12.0314
      vertex 52 -24.0808 11.9192
      vertex 52 -24.2086 12.0314
    endloop
  endfacet
  facet normal -0 -0.659753 -0.751483
    outer loop
      vertex 52 -24.0808 11.9192
      vertex 44 -24.2086 12.0314
      vertex 44 -24.0808 11.9192
    endloop
  endfacet
  facet normal 0 0.980761 -0.195211
    outer loop
      vertex 52 -26.2889 11.1697
      vertex 44 -26.2557 11.3365
      vertex 52 -26.2557 11.3365
    endloop
  endfacet
  facet normal 0 0.980761 -0.195211
    outer loop
      vertex 44 -26.2557 11.3365
      vertex 52 -26.2889 11.1697
      vertex 44 -26.2889 11.1697
    endloop
  endfacet
  facet normal 0 -0.946844 -0.321692
    outer loop
      vertex 44 -23.7443 11.3365
      vertex 52 -23.799 11.4975
      vertex 44 -23.799 11.4975
    endloop
  endfacet
  facet normal 0 -0.946844 -0.321692
    outer loop
      vertex 52 -23.799 11.4975
      vertex 44 -23.7443 11.3365
      vertex 52 -23.7443 11.3365
    endloop
  endfacet
  facet normal 0 -0.831688 0.555243
    outer loop
      vertex 52 -23.9686 10.2086
      vertex 43.9363 -23.8742 10.35
      vertex 43.8798 -23.9686 10.2086
    endloop
  endfacet
  facet normal 0 -0.831688 0.555243
    outer loop
      vertex 43.9363 -23.8742 10.35
      vertex 52 -23.9686 10.2086
      vertex 52 -23.8742 10.35
    endloop
  endfacet
  facet normal 0 0.751483 0.659753
    outer loop
      vertex 52 -25.9192 10.0808
      vertex 43.8798 -26.0314 10.2086
      vertex 52 -26.0314 10.2086
    endloop
  endfacet
  facet normal 0 0.751483 0.659753
    outer loop
      vertex 43.8798 -26.0314 10.2086
      vertex 52 -25.9192 10.0808
      vertex 43.8288 -25.9192 10.0808
    endloop
  endfacet
  facet normal 0 -0.195211 -0.980761
    outer loop
      vertex 44 -24.8303 12.2889
      vertex 52 -24.6635 12.2557
      vertex 52 -24.8303 12.2889
    endloop
  endfacet
  facet normal -0 -0.195211 -0.980761
    outer loop
      vertex 52 -24.6635 12.2557
      vertex 44 -24.8303 12.2889
      vertex 44 -24.6635 12.2557
    endloop
  endfacet
  facet normal 0 -0.195098 0.980784
    outer loop
      vertex 43.6943 -24.6635 9.7443
      vertex 52 -24.8303 9.71112
      vertex 52 -24.6635 9.7443
    endloop
  endfacet
  facet normal 0 -0.195098 0.980784
    outer loop
      vertex 52 -24.8303 9.71112
      vertex 43.6943 -24.6635 9.7443
      vertex 43.6811 -24.8303 9.71112
    endloop
  endfacet
  facet normal 0 0.65962 0.7516
    outer loop
      vertex 52 -25.7914 9.96864
      vertex 43.8288 -25.9192 10.0808
      vertex 52 -25.9192 10.0808
    endloop
  endfacet
  facet normal 0 0.65962 0.7516
    outer loop
      vertex 43.8288 -25.9192 10.0808
      vertex 52 -25.7914 9.96864
      vertex 43.784 -25.7914 9.96864
    endloop
  endfacet
  facet normal 0 -0.997868 -0.0652701
    outer loop
      vertex 44 -23.7 11
      vertex 52 -23.7111 11.1697
      vertex 44 -23.7111 11.1697
    endloop
  endfacet
  facet normal 0 -0.997868 -0.0652701
    outer loop
      vertex 52 -23.7111 11.1697
      vertex 44 -23.7 11
      vertex 52 -23.7 11
    endloop
  endfacet
  facet normal 0 0.751483 -0.659753
    outer loop
      vertex 52 -26.0314 11.7914
      vertex 44 -25.9192 11.9192
      vertex 52 -25.9192 11.9192
    endloop
  endfacet
  facet normal 0 0.751483 -0.659753
    outer loop
      vertex 44 -25.9192 11.9192
      vertex 52 -26.0314 11.7914
      vertex 44 -26.0314 11.7914
    endloop
  endfacet
  facet normal 0 -0.555243 -0.831688
    outer loop
      vertex 44 -24.35 12.1258
      vertex 52 -24.2086 12.0314
      vertex 52 -24.35 12.1258
    endloop
  endfacet
  facet normal -0 -0.555243 -0.831688
    outer loop
      vertex 52 -24.2086 12.0314
      vertex 44 -24.35 12.1258
      vertex 44 -24.2086 12.0314
    endloop
  endfacet
  facet normal 0 -0.831688 -0.555243
    outer loop
      vertex 44 -23.8742 11.65
      vertex 52 -23.9686 11.7914
      vertex 44 -23.9686 11.7914
    endloop
  endfacet
  facet normal 0 -0.831688 -0.555243
    outer loop
      vertex 52 -23.9686 11.7914
      vertex 44 -23.8742 11.65
      vertex 52 -23.8742 11.65
    endloop
  endfacet
  facet normal 0 0.896884 0.442267
    outer loop
      vertex 52 -26.1258 10.35
      vertex 43.9973 -26.201 10.5025
      vertex 52 -26.201 10.5025
    endloop
  endfacet
  facet normal 0 0.896884 0.442267
    outer loop
      vertex 43.9973 -26.201 10.5025
      vertex 52 -26.1258 10.35
      vertex 43.9363 -26.1258 10.35
    endloop
  endfacet
  facet normal 0 0.997868 0.0652701
    outer loop
      vertex 52 -26.2889 10.8303
      vertex 44 -26.3 11
      vertex 52 -26.3 11
    endloop
  endfacet
  facet normal 0 0.997868 0.0652701
    outer loop
      vertex 44 -26.3 11
      vertex 52 -26.2889 10.8303
      vertex 44 -26.2889 10.8303
    endloop
  endfacet
  facet normal 0 0.980761 0.195211
    outer loop
      vertex 52 -26.2557 10.6635
      vertex 44 -26.2889 10.8303
      vertex 52 -26.2889 10.8303
    endloop
  endfacet
  facet normal 0 0.980761 0.195211
    outer loop
      vertex 44 -26.2889 10.8303
      vertex 52 -26.2557 10.6635
      vertex 44 -26.2557 10.6635
    endloop
  endfacet
  facet normal 0 -0.442267 -0.896884
    outer loop
      vertex 44 -24.5025 12.201
      vertex 52 -24.35 12.1258
      vertex 52 -24.5025 12.201
    endloop
  endfacet
  facet normal -0 -0.442267 -0.896884
    outer loop
      vertex 52 -24.35 12.1258
      vertex 44 -24.5025 12.201
      vertex 44 -24.35 12.1258
    endloop
  endfacet
  facet normal 0 0.946844 -0.321692
    outer loop
      vertex 52 -26.2557 11.3365
      vertex 44 -26.201 11.4975
      vertex 52 -26.201 11.4975
    endloop
  endfacet
  facet normal 0 0.946844 -0.321692
    outer loop
      vertex 44 -26.201 11.4975
      vertex 52 -26.2557 11.3365
      vertex 44 -26.2557 11.3365
    endloop
  endfacet
  facet normal 0 -0.980761 -0.195211
    outer loop
      vertex 44 -23.7111 11.1697
      vertex 52 -23.7443 11.3365
      vertex 44 -23.7443 11.3365
    endloop
  endfacet
  facet normal 0 -0.980761 -0.195211
    outer loop
      vertex 52 -23.7443 11.3365
      vertex 44 -23.7111 11.1697
      vertex 52 -23.7111 11.1697
    endloop
  endfacet
  facet normal 0 0.555528 0.831498
    outer loop
      vertex 52 -25.65 9.87417
      vertex 43.784 -25.7914 9.96864
      vertex 52 -25.7914 9.96864
    endloop
  endfacet
  facet normal 0 0.555528 0.831498
    outer loop
      vertex 43.784 -25.7914 9.96864
      vertex 52 -25.65 9.87417
      vertex 43.7462 -25.65 9.87417
    endloop
  endfacet
  facet normal 0 0.195098 0.980784
    outer loop
      vertex 52 -25.1697 9.71112
      vertex 43.6943 -25.3365 9.7443
      vertex 52 -25.3365 9.7443
    endloop
  endfacet
  facet normal 0 0.195098 0.980784
    outer loop
      vertex 43.6943 -25.3365 9.7443
      vertex 52 -25.1697 9.71112
      vertex 43.6811 -25.1697 9.71112
    endloop
  endfacet
  facet normal 0 -0.980761 0.195211
    outer loop
      vertex 44 -23.7443 10.6635
      vertex 52 -23.7111 10.8303
      vertex 44 -23.7111 10.8303
    endloop
  endfacet
  facet normal 0 -0.980761 0.195211
    outer loop
      vertex 52 -23.7111 10.8303
      vertex 44 -23.7443 10.6635
      vertex 52 -23.7443 10.6635
    endloop
  endfacet
  facet normal 0 -0.751483 0.659753
    outer loop
      vertex 52 -24.0808 10.0808
      vertex 43.8798 -23.9686 10.2086
      vertex 43.8288 -24.0808 10.0808
    endloop
  endfacet
  facet normal 0 -0.751483 0.659753
    outer loop
      vertex 43.8798 -23.9686 10.2086
      vertex 52 -24.0808 10.0808
      vertex 52 -23.9686 10.2086
    endloop
  endfacet
  facet normal 0 -0.896884 -0.442267
    outer loop
      vertex 44 -23.799 11.4975
      vertex 52 -23.8742 11.65
      vertex 44 -23.8742 11.65
    endloop
  endfacet
  facet normal 0 -0.896884 -0.442267
    outer loop
      vertex 52 -23.8742 11.65
      vertex 44 -23.799 11.4975
      vertex 52 -23.799 11.4975
    endloop
  endfacet
  facet normal 0 0.555243 -0.831688
    outer loop
      vertex 44 -25.7914 12.0314
      vertex 52 -25.65 12.1258
      vertex 52 -25.7914 12.0314
    endloop
  endfacet
  facet normal 0 0.555243 -0.831688
    outer loop
      vertex 52 -25.65 12.1258
      vertex 44 -25.7914 12.0314
      vertex 44 -25.65 12.1258
    endloop
  endfacet
  facet normal 0 0.831688 -0.555243
    outer loop
      vertex 52 -26.1258 11.65
      vertex 44 -26.0314 11.7914
      vertex 52 -26.0314 11.7914
    endloop
  endfacet
  facet normal 0 0.831688 -0.555243
    outer loop
      vertex 44 -26.0314 11.7914
      vertex 52 -26.1258 11.65
      vertex 44 -26.1258 11.65
    endloop
  endfacet
  facet normal 0 -0.321427 0.946934
    outer loop
      vertex 43.7162 5.49749 9.79896
      vertex 52 5.33646 9.7443
      vertex 52 5.49749 9.79896
    endloop
  endfacet
  facet normal 0 -0.321427 0.946934
    outer loop
      vertex 52 5.33646 9.7443
      vertex 43.7162 5.49749 9.79896
      vertex 43.6943 5.33646 9.7443
    endloop
  endfacet
  facet normal 0 -0.659607 -0.751611
    outer loop
      vertex 44 5.79139 12.0314
      vertex 52 5.91924 11.9192
      vertex 52 5.79139 12.0314
    endloop
  endfacet
  facet normal -0 -0.659607 -0.751611
    outer loop
      vertex 52 5.91924 11.9192
      vertex 44 5.79139 12.0314
      vertex 44 5.91924 11.9192
    endloop
  endfacet
  facet normal 0 0.89686 0.442314
    outer loop
      vertex 52 3.87417 10.35
      vertex 43.9973 3.79896 10.5025
      vertex 52 3.79896 10.5025
    endloop
  endfacet
  facet normal 0 0.89686 0.442314
    outer loop
      vertex 43.9973 3.79896 10.5025
      vertex 52 3.87417 10.35
      vertex 43.9363 3.87417 10.35
    endloop
  endfacet
  facet normal 0 0.946911 0.321495
    outer loop
      vertex 52 3.7443 10.6635
      vertex 44 3.79662 10.5094
      vertex 44 3.7443 10.6635
    endloop
  endfacet
  facet normal 3.04366e-07 0.946916 0.321481
    outer loop
      vertex 52 3.79896 10.5025
      vertex 44 3.79662 10.5094
      vertex 52 3.7443 10.6635
    endloop
  endfacet
  facet normal 0 0.947023 0.321164
    outer loop
      vertex 44 3.79662 10.5094
      vertex 52 3.79896 10.5025
      vertex 43.9973 3.79896 10.5025
    endloop
  endfacet
  facet normal 0 -0.555555 0.83148
    outer loop
      vertex 43.784 5.79139 9.96864
      vertex 52 5.65 9.87417
      vertex 52 5.79139 9.96864
    endloop
  endfacet
  facet normal 0 -0.555555 0.83148
    outer loop
      vertex 52 5.65 9.87417
      vertex 43.784 5.79139 9.96864
      vertex 43.7462 5.65 9.87417
    endloop
  endfacet
  facet normal 0 -0.442291 0.896872
    outer loop
      vertex 43.7462 5.65 9.87417
      vertex 52 5.49749 9.79896
      vertex 52 5.65 9.87417
    endloop
  endfacet
  facet normal 0 -0.442291 0.896872
    outer loop
      vertex 52 5.49749 9.79896
      vertex 43.7462 5.65 9.87417
      vertex 43.7162 5.49749 9.79896
    endloop
  endfacet
  facet normal 0 -0.0653948 0.997859
    outer loop
      vertex 43.6811 5.16968 9.71112
      vertex 52 5 9.7
      vertex 52 5.16968 9.71112
    endloop
  endfacet
  facet normal 0 -0.0653948 0.997859
    outer loop
      vertex 52 5 9.7
      vertex 43.6811 5.16968 9.71112
      vertex 43.6767 5 9.7
    endloop
  endfacet
  facet normal 0 0.751716 -0.659487
    outer loop
      vertex 52 3.96864 11.7914
      vertex 44 4.08076 11.9192
      vertex 52 4.08076 11.9192
    endloop
  endfacet
  facet normal 0 0.751716 -0.659487
    outer loop
      vertex 44 4.08076 11.9192
      vertex 52 3.96864 11.7914
      vertex 44 3.96864 11.7914
    endloop
  endfacet
  facet normal 0 -0.751716 0.659487
    outer loop
      vertex 52 5.91924 10.0808
      vertex 43.8798 6.03136 10.2086
      vertex 43.8288 5.91924 10.0808
    endloop
  endfacet
  facet normal 0 -0.751716 0.659487
    outer loop
      vertex 43.8798 6.03136 10.2086
      vertex 52 5.91924 10.0808
      vertex 52 6.03136 10.2086
    endloop
  endfacet
  facet normal 0 -0.89686 0.442314
    outer loop
      vertex 52 6.12583 10.35
      vertex 43.9973 6.20104 10.5025
      vertex 43.9363 6.12583 10.35
    endloop
  endfacet
  facet normal 0 -0.89686 0.442314
    outer loop
      vertex 43.9973 6.20104 10.5025
      vertex 52 6.12583 10.35
      vertex 52 6.20104 10.5025
    endloop
  endfacet
  facet normal 0 0.659607 -0.751611
    outer loop
      vertex 44 4.08076 11.9192
      vertex 52 4.20861 12.0314
      vertex 52 4.08076 11.9192
    endloop
  endfacet
  facet normal 0 0.659607 -0.751611
    outer loop
      vertex 52 4.20861 12.0314
      vertex 44 4.08076 11.9192
      vertex 44 4.20861 12.0314
    endloop
  endfacet
  facet normal 0 -0.55527 -0.83167
    outer loop
      vertex 44 5.65 12.1258
      vertex 52 5.79139 12.0314
      vertex 52 5.65 12.1258
    endloop
  endfacet
  facet normal -0 -0.55527 -0.83167
    outer loop
      vertex 52 5.79139 12.0314
      vertex 44 5.65 12.1258
      vertex 44 5.79139 12.0314
    endloop
  endfacet
  facet normal 0 -0.946911 0.321495
    outer loop
      vertex 44 6.20338 10.5094
      vertex 52 6.2557 10.6635
      vertex 44 6.2557 10.6635
    endloop
  endfacet
  facet normal 0 -0.947023 0.321164
    outer loop
      vertex 52 6.20104 10.5025
      vertex 44 6.20338 10.5094
      vertex 43.9973 6.20104 10.5025
    endloop
  endfacet
  facet normal 3.04366e-07 -0.946916 0.321481
    outer loop
      vertex 44 6.20338 10.5094
      vertex 52 6.20104 10.5025
      vertex 52 6.2557 10.6635
    endloop
  endfacet
  facet normal 0 0.442291 0.896872
    outer loop
      vertex 52 4.50251 9.79896
      vertex 43.7462 4.35 9.87417
      vertex 52 4.35 9.87417
    endloop
  endfacet
  facet normal 0 0.442291 0.896872
    outer loop
      vertex 43.7462 4.35 9.87417
      vertex 52 4.50251 9.79896
      vertex 43.7162 4.50251 9.79896
    endloop
  endfacet
  facet normal 0 0.321638 -0.946863
    outer loop
      vertex 44 4.50251 12.201
      vertex 52 4.66354 12.2557
      vertex 52 4.50251 12.201
    endloop
  endfacet
  facet normal 0 0.321638 -0.946863
    outer loop
      vertex 52 4.66354 12.2557
      vertex 44 4.50251 12.201
      vertex 44 4.66354 12.2557
    endloop
  endfacet
  facet normal 0 -0.321638 -0.946863
    outer loop
      vertex 44 5.33646 12.2557
      vertex 52 5.49749 12.201
      vertex 52 5.33646 12.2557
    endloop
  endfacet
  facet normal -0 -0.321638 -0.946863
    outer loop
      vertex 52 5.49749 12.201
      vertex 44 5.33646 12.2557
      vertex 44 5.49749 12.201
    endloop
  endfacet
  facet normal 0 -0.89686 -0.442314
    outer loop
      vertex 44 6.20104 11.4975
      vertex 52 6.12583 11.65
      vertex 44 6.12583 11.65
    endloop
  endfacet
  facet normal 0 -0.89686 -0.442314
    outer loop
      vertex 52 6.12583 11.65
      vertex 44 6.20104 11.4975
      vertex 52 6.20104 11.4975
    endloop
  endfacet
  facet normal 0 -0.442243 -0.896895
    outer loop
      vertex 44 5.49749 12.201
      vertex 52 5.65 12.1258
      vertex 52 5.49749 12.201
    endloop
  endfacet
  facet normal -0 -0.442243 -0.896895
    outer loop
      vertex 52 5.65 12.1258
      vertex 44 5.49749 12.201
      vertex 44 5.65 12.1258
    endloop
  endfacet
  facet normal 0 0.321427 0.946934
    outer loop
      vertex 52 4.66354 9.7443
      vertex 43.7162 4.50251 9.79896
      vertex 52 4.50251 9.79896
    endloop
  endfacet
  facet normal 0 0.321427 0.946934
    outer loop
      vertex 43.7162 4.50251 9.79896
      vertex 52 4.66354 9.7443
      vertex 43.6943 4.66354 9.7443
    endloop
  endfacet
  facet normal 0 -0.980784 -0.195098
    outer loop
      vertex 44 6.28888 11.1697
      vertex 52 6.2557 11.3365
      vertex 44 6.2557 11.3365
    endloop
  endfacet
  facet normal 0 -0.980784 -0.195098
    outer loop
      vertex 52 6.2557 11.3365
      vertex 44 6.28888 11.1697
      vertex 52 6.28888 11.1697
    endloop
  endfacet
  facet normal 0 0.980784 0.195098
    outer loop
      vertex 52 3.7443 10.6635
      vertex 44 3.71112 10.8303
      vertex 52 3.71112 10.8303
    endloop
  endfacet
  facet normal 0 0.980784 0.195098
    outer loop
      vertex 44 3.71112 10.8303
      vertex 52 3.7443 10.6635
      vertex 44 3.7443 10.6635
    endloop
  endfacet
  facet normal 0 -0.831498 0.555528
    outer loop
      vertex 52 6.03136 10.2086
      vertex 43.9363 6.12583 10.35
      vertex 43.8798 6.03136 10.2086
    endloop
  endfacet
  facet normal 0 -0.831498 0.555528
    outer loop
      vertex 43.9363 6.12583 10.35
      vertex 52 6.03136 10.2086
      vertex 52 6.12583 10.35
    endloop
  endfacet
  facet normal 0 0.0653948 0.997859
    outer loop
      vertex 52 5 9.7
      vertex 43.6811 4.83032 9.71112
      vertex 52 4.83032 9.71112
    endloop
  endfacet
  facet normal 0 0.0653948 0.997859
    outer loop
      vertex 43.6811 4.83032 9.71112
      vertex 52 5 9.7
      vertex 43.6767 5 9.7
    endloop
  endfacet
  facet normal 0 -0.831498 -0.555528
    outer loop
      vertex 44 6.12583 11.65
      vertex 52 6.03136 11.7914
      vertex 44 6.03136 11.7914
    endloop
  endfacet
  facet normal 0 -0.831498 -0.555528
    outer loop
      vertex 52 6.03136 11.7914
      vertex 44 6.12583 11.65
      vertex 52 6.12583 11.65
    endloop
  endfacet
  facet normal 0 0.0652777 -0.997867
    outer loop
      vertex 44 4.83032 12.2889
      vertex 52 5 12.3
      vertex 52 4.83032 12.2889
    endloop
  endfacet
  facet normal 0 0.0652777 -0.997867
    outer loop
      vertex 52 5 12.3
      vertex 44 4.83032 12.2889
      vertex 44 5 12.3
    endloop
  endfacet
  facet normal 0 0.831498 0.555528
    outer loop
      vertex 52 3.96864 10.2086
      vertex 43.9363 3.87417 10.35
      vertex 52 3.87417 10.35
    endloop
  endfacet
  facet normal 0 0.831498 0.555528
    outer loop
      vertex 43.9363 3.87417 10.35
      vertex 52 3.96864 10.2086
      vertex 43.8798 3.96864 10.2086
    endloop
  endfacet
  facet normal 0 -0.980784 0.195098
    outer loop
      vertex 44 6.2557 10.6635
      vertex 52 6.28888 10.8303
      vertex 44 6.28888 10.8303
    endloop
  endfacet
  facet normal 0 -0.980784 0.195098
    outer loop
      vertex 52 6.28888 10.8303
      vertex 44 6.2557 10.6635
      vertex 52 6.2557 10.6635
    endloop
  endfacet
  facet normal 0 -0.751716 -0.659487
    outer loop
      vertex 44 6.03136 11.7914
      vertex 52 5.91924 11.9192
      vertex 44 5.91924 11.9192
    endloop
  endfacet
  facet normal 0 -0.751716 -0.659487
    outer loop
      vertex 52 5.91924 11.9192
      vertex 44 6.03136 11.7914
      vertex 52 6.03136 11.7914
    endloop
  endfacet
  facet normal 0 -0.946916 -0.321481
    outer loop
      vertex 44 6.2557 11.3365
      vertex 52 6.20104 11.4975
      vertex 44 6.20104 11.4975
    endloop
  endfacet
  facet normal 0 -0.946916 -0.321481
    outer loop
      vertex 52 6.20104 11.4975
      vertex 44 6.2557 11.3365
      vertex 52 6.2557 11.3365
    endloop
  endfacet
  facet normal 0 -0.195121 0.980779
    outer loop
      vertex 43.6943 5.33646 9.7443
      vertex 52 5.16968 9.71112
      vertex 52 5.33646 9.7443
    endloop
  endfacet
  facet normal 0 -0.195121 0.980779
    outer loop
      vertex 52 5.16968 9.71112
      vertex 43.6943 5.33646 9.7443
      vertex 43.6811 5.16968 9.71112
    endloop
  endfacet
  facet normal 0 0.946916 -0.321481
    outer loop
      vertex 52 3.7443 11.3365
      vertex 44 3.79896 11.4975
      vertex 52 3.79896 11.4975
    endloop
  endfacet
  facet normal 0 0.946916 -0.321481
    outer loop
      vertex 44 3.79896 11.4975
      vertex 52 3.7443 11.3365
      vertex 44 3.7443 11.3365
    endloop
  endfacet
  facet normal 0 0.195234 -0.980757
    outer loop
      vertex 44 4.66354 12.2557
      vertex 52 4.83032 12.2889
      vertex 52 4.66354 12.2557
    endloop
  endfacet
  facet normal 0 0.195234 -0.980757
    outer loop
      vertex 52 4.83032 12.2889
      vertex 44 4.66354 12.2557
      vertex 44 4.83032 12.2889
    endloop
  endfacet
  facet normal 0 -0.195234 -0.980757
    outer loop
      vertex 44 5.16968 12.2889
      vertex 52 5.33646 12.2557
      vertex 52 5.16968 12.2889
    endloop
  endfacet
  facet normal -0 -0.195234 -0.980757
    outer loop
      vertex 52 5.33646 12.2557
      vertex 44 5.16968 12.2889
      vertex 44 5.33646 12.2557
    endloop
  endfacet
  facet normal 0 0.195121 0.980779
    outer loop
      vertex 52 4.83032 9.71112
      vertex 43.6943 4.66354 9.7443
      vertex 52 4.66354 9.7443
    endloop
  endfacet
  facet normal 0 0.195121 0.980779
    outer loop
      vertex 43.6943 4.66354 9.7443
      vertex 52 4.83032 9.71112
      vertex 43.6811 4.83032 9.71112
    endloop
  endfacet
  facet normal 0 0.99786 0.0653872
    outer loop
      vertex 52 3.71112 10.8303
      vertex 44 3.7 11
      vertex 52 3.7 11
    endloop
  endfacet
  facet normal 0 0.99786 0.0653872
    outer loop
      vertex 44 3.7 11
      vertex 52 3.71112 10.8303
      vertex 44 3.71112 10.8303
    endloop
  endfacet
  facet normal 0 0.442243 -0.896895
    outer loop
      vertex 44 4.35 12.1258
      vertex 52 4.50251 12.201
      vertex 52 4.35 12.1258
    endloop
  endfacet
  facet normal 0 0.442243 -0.896895
    outer loop
      vertex 52 4.50251 12.201
      vertex 44 4.35 12.1258
      vertex 44 4.50251 12.201
    endloop
  endfacet
  facet normal 0 0.55527 -0.83167
    outer loop
      vertex 44 4.20861 12.0314
      vertex 52 4.35 12.1258
      vertex 52 4.20861 12.0314
    endloop
  endfacet
  facet normal 0 0.55527 -0.83167
    outer loop
      vertex 52 4.35 12.1258
      vertex 44 4.20861 12.0314
      vertex 44 4.35 12.1258
    endloop
  endfacet
  facet normal 0 -0.659474 0.751727
    outer loop
      vertex 43.8288 5.91924 10.0808
      vertex 52 5.79139 9.96864
      vertex 52 5.91924 10.0808
    endloop
  endfacet
  facet normal 0 -0.659474 0.751727
    outer loop
      vertex 52 5.79139 9.96864
      vertex 43.8288 5.91924 10.0808
      vertex 43.784 5.79139 9.96864
    endloop
  endfacet
  facet normal 0 0.659474 0.751727
    outer loop
      vertex 52 4.20861 9.96864
      vertex 43.8288 4.08076 10.0808
      vertex 52 4.08076 10.0808
    endloop
  endfacet
  facet normal 0 0.659474 0.751727
    outer loop
      vertex 43.8288 4.08076 10.0808
      vertex 52 4.20861 9.96864
      vertex 43.784 4.20861 9.96864
    endloop
  endfacet
  facet normal 0 -0.99786 -0.0653872
    outer loop
      vertex 44 6.3 11
      vertex 52 6.28888 11.1697
      vertex 44 6.28888 11.1697
    endloop
  endfacet
  facet normal 0 -0.99786 -0.0653872
    outer loop
      vertex 52 6.28888 11.1697
      vertex 44 6.3 11
      vertex 52 6.3 11
    endloop
  endfacet
  facet normal 0 0.555555 0.83148
    outer loop
      vertex 52 4.35 9.87417
      vertex 43.784 4.20861 9.96864
      vertex 52 4.20861 9.96864
    endloop
  endfacet
  facet normal 0 0.555555 0.83148
    outer loop
      vertex 43.784 4.20861 9.96864
      vertex 52 4.35 9.87417
      vertex 43.7462 4.35 9.87417
    endloop
  endfacet
  facet normal 0 -0.0652777 -0.997867
    outer loop
      vertex 44 5 12.3
      vertex 52 5.16968 12.2889
      vertex 52 5 12.3
    endloop
  endfacet
  facet normal -0 -0.0652777 -0.997867
    outer loop
      vertex 52 5.16968 12.2889
      vertex 44 5 12.3
      vertex 44 5.16968 12.2889
    endloop
  endfacet
  facet normal 0 0.89686 -0.442314
    outer loop
      vertex 52 3.79896 11.4975
      vertex 44 3.87417 11.65
      vertex 52 3.87417 11.65
    endloop
  endfacet
  facet normal 0 0.89686 -0.442314
    outer loop
      vertex 44 3.87417 11.65
      vertex 52 3.79896 11.4975
      vertex 44 3.79896 11.4975
    endloop
  endfacet
  facet normal 0 0.831498 -0.555528
    outer loop
      vertex 52 3.87417 11.65
      vertex 44 3.96864 11.7914
      vertex 52 3.96864 11.7914
    endloop
  endfacet
  facet normal 0 0.831498 -0.555528
    outer loop
      vertex 44 3.96864 11.7914
      vertex 52 3.87417 11.65
      vertex 44 3.87417 11.65
    endloop
  endfacet
  facet normal 0 -0.99786 0.0653872
    outer loop
      vertex 44 6.28888 10.8303
      vertex 52 6.3 11
      vertex 44 6.3 11
    endloop
  endfacet
  facet normal 0 -0.99786 0.0653872
    outer loop
      vertex 52 6.3 11
      vertex 44 6.28888 10.8303
      vertex 52 6.28888 10.8303
    endloop
  endfacet
  facet normal 0 0.99786 -0.0653872
    outer loop
      vertex 52 3.7 11
      vertex 44 3.71112 11.1697
      vertex 52 3.71112 11.1697
    endloop
  endfacet
  facet normal 0 0.99786 -0.0653872
    outer loop
      vertex 44 3.71112 11.1697
      vertex 52 3.7 11
      vertex 44 3.7 11
    endloop
  endfacet
  facet normal 0 0.980784 -0.195098
    outer loop
      vertex 52 3.71112 11.1697
      vertex 44 3.7443 11.3365
      vertex 52 3.7443 11.3365
    endloop
  endfacet
  facet normal 0 0.980784 -0.195098
    outer loop
      vertex 44 3.7443 11.3365
      vertex 52 3.71112 11.1697
      vertex 44 3.71112 11.1697
    endloop
  endfacet
  facet normal 0 0.751716 0.659487
    outer loop
      vertex 52 4.08076 10.0808
      vertex 43.8798 3.96864 10.2086
      vertex 52 3.96864 10.2086
    endloop
  endfacet
  facet normal 0 0.751716 0.659487
    outer loop
      vertex 43.8798 3.96864 10.2086
      vertex 52 4.08076 10.0808
      vertex 43.8288 4.08076 10.0808
    endloop
  endfacet
  facet normal 0 0.442267 -0.896884
    outer loop
      vertex -52 -25.65 12.1258
      vertex -44 -25.4975 12.201
      vertex -44 -25.65 12.1258
    endloop
  endfacet
  facet normal 0 0.442267 -0.896884
    outer loop
      vertex -44 -25.4975 12.201
      vertex -52 -25.65 12.1258
      vertex -52 -25.4975 12.201
    endloop
  endfacet
  facet normal 0 -0.321481 0.946916
    outer loop
      vertex -52 -24.6635 9.7443
      vertex -43.7162 -24.5025 9.79896
      vertex -52 -24.5025 9.79896
    endloop
  endfacet
  facet normal 0 -0.321481 0.946916
    outer loop
      vertex -43.7162 -24.5025 9.79896
      vertex -52 -24.6635 9.7443
      vertex -43.6943 -24.6635 9.7443
    endloop
  endfacet
  facet normal -0 0.442314 0.89686
    outer loop
      vertex -52 -25.4975 9.79896
      vertex -43.7462 -25.65 9.87417
      vertex -43.7162 -25.4975 9.79896
    endloop
  endfacet
  facet normal 0 0.442314 0.89686
    outer loop
      vertex -43.7462 -25.65 9.87417
      vertex -52 -25.4975 9.79896
      vertex -52 -25.65 9.87417
    endloop
  endfacet
  facet normal 0 -0.555528 0.831498
    outer loop
      vertex -52 -24.35 9.87417
      vertex -43.784 -24.2086 9.96864
      vertex -52 -24.2086 9.96864
    endloop
  endfacet
  facet normal 0 -0.555528 0.831498
    outer loop
      vertex -43.784 -24.2086 9.96864
      vertex -52 -24.35 9.87417
      vertex -43.7462 -24.35 9.87417
    endloop
  endfacet
  facet normal 0 -0.896884 0.442267
    outer loop
      vertex -52 -23.8742 10.35
      vertex -43.9973 -23.799 10.5025
      vertex -52 -23.799 10.5025
    endloop
  endfacet
  facet normal 0 -0.896884 0.442267
    outer loop
      vertex -43.9973 -23.799 10.5025
      vertex -52 -23.8742 10.35
      vertex -43.9363 -23.8742 10.35
    endloop
  endfacet
  facet normal 0 -0.442314 0.89686
    outer loop
      vertex -52 -24.5025 9.79896
      vertex -43.7462 -24.35 9.87417
      vertex -52 -24.35 9.87417
    endloop
  endfacet
  facet normal 0 -0.442314 0.89686
    outer loop
      vertex -43.7462 -24.35 9.87417
      vertex -52 -24.5025 9.79896
      vertex -43.7162 -24.5025 9.79896
    endloop
  endfacet
  facet normal 0 -0.0653872 0.99786
    outer loop
      vertex -52 -25 9.7
      vertex -43.6811 -24.8303 9.71112
      vertex -52 -24.8303 9.71112
    endloop
  endfacet
  facet normal 0 -0.0653872 0.99786
    outer loop
      vertex -43.6811 -24.8303 9.71112
      vertex -52 -25 9.7
      vertex -43.6767 -25 9.7
    endloop
  endfacet
  facet normal 0 -0.997868 0.0652701
    outer loop
      vertex -52 -23.7111 10.8303
      vertex -44 -23.7 11
      vertex -52 -23.7 11
    endloop
  endfacet
  facet normal 0 -0.997868 0.0652701
    outer loop
      vertex -44 -23.7 11
      vertex -52 -23.7111 10.8303
      vertex -44 -23.7111 10.8303
    endloop
  endfacet
  facet normal 0 0.997868 -0.0652701
    outer loop
      vertex -44 -26.3 11
      vertex -52 -26.2889 11.1697
      vertex -44 -26.2889 11.1697
    endloop
  endfacet
  facet normal 0 0.997868 -0.0652701
    outer loop
      vertex -52 -26.2889 11.1697
      vertex -44 -26.3 11
      vertex -52 -26.3 11
    endloop
  endfacet
  facet normal 0 0.321692 -0.946844
    outer loop
      vertex -52 -25.4975 12.201
      vertex -44 -25.3365 12.2557
      vertex -44 -25.4975 12.201
    endloop
  endfacet
  facet normal 0 0.321692 -0.946844
    outer loop
      vertex -44 -25.3365 12.2557
      vertex -52 -25.4975 12.201
      vertex -52 -25.3365 12.2557
    endloop
  endfacet
  facet normal 0 0.0652701 -0.997868
    outer loop
      vertex -52 -25.1697 12.2889
      vertex -44 -25 12.3
      vertex -44 -25.1697 12.2889
    endloop
  endfacet
  facet normal 0 0.0652701 -0.997868
    outer loop
      vertex -44 -25 12.3
      vertex -52 -25.1697 12.2889
      vertex -52 -25 12.3
    endloop
  endfacet
  facet normal 0 -0.0652701 -0.997868
    outer loop
      vertex -52 -25 12.3
      vertex -44 -24.8303 12.2889
      vertex -44 -25 12.3
    endloop
  endfacet
  facet normal -0 -0.0652701 -0.997868
    outer loop
      vertex -44 -24.8303 12.2889
      vertex -52 -25 12.3
      vertex -52 -24.8303 12.2889
    endloop
  endfacet
  facet normal -0 0.831688 0.555243
    outer loop
      vertex -52 -26.0314 10.2086
      vertex -43.9363 -26.1258 10.35
      vertex -43.8798 -26.0314 10.2086
    endloop
  endfacet
  facet normal 0 0.831688 0.555243
    outer loop
      vertex -43.9363 -26.1258 10.35
      vertex -52 -26.0314 10.2086
      vertex -52 -26.1258 10.35
    endloop
  endfacet
  facet normal 0 0.659753 -0.751483
    outer loop
      vertex -52 -25.9192 11.9192
      vertex -44 -25.7914 12.0314
      vertex -44 -25.9192 11.9192
    endloop
  endfacet
  facet normal 0 0.659753 -0.751483
    outer loop
      vertex -44 -25.7914 12.0314
      vertex -52 -25.9192 11.9192
      vertex -52 -25.7914 12.0314
    endloop
  endfacet
  facet normal 0 0.896884 -0.442267
    outer loop
      vertex -44 -26.201 11.4975
      vertex -52 -26.1258 11.65
      vertex -44 -26.1258 11.65
    endloop
  endfacet
  facet normal 0 0.896884 -0.442267
    outer loop
      vertex -52 -26.1258 11.65
      vertex -44 -26.201 11.4975
      vertex -52 -26.201 11.4975
    endloop
  endfacet
  facet normal 0 -0.751483 -0.659753
    outer loop
      vertex -52 -23.9686 11.7914
      vertex -44 -24.0808 11.9192
      vertex -52 -24.0808 11.9192
    endloop
  endfacet
  facet normal 0 -0.751483 -0.659753
    outer loop
      vertex -44 -24.0808 11.9192
      vertex -52 -23.9686 11.7914
      vertex -44 -23.9686 11.7914
    endloop
  endfacet
  facet normal 0 -0.946949 0.321385
    outer loop
      vertex -52 -23.7443 10.6635
      vertex -44 -23.7966 10.5094
      vertex -44 -23.7443 10.6635
    endloop
  endfacet
  facet normal 6.5941e-06 -0.946844 0.321692
    outer loop
      vertex -52 -23.799 10.5025
      vertex -44 -23.7966 10.5094
      vertex -52 -23.7443 10.6635
    endloop
  endfacet
  facet normal 0 -0.944497 0.328521
    outer loop
      vertex -44 -23.7966 10.5094
      vertex -52 -23.799 10.5025
      vertex -43.9973 -23.799 10.5025
    endloop
  endfacet
  facet normal 0 -0.65962 0.7516
    outer loop
      vertex -52 -24.2086 9.96864
      vertex -43.8288 -24.0808 10.0808
      vertex -52 -24.0808 10.0808
    endloop
  endfacet
  facet normal 0 -0.65962 0.7516
    outer loop
      vertex -43.8288 -24.0808 10.0808
      vertex -52 -24.2086 9.96864
      vertex -43.784 -24.2086 9.96864
    endloop
  endfacet
  facet normal -0 0.321481 0.946916
    outer loop
      vertex -52 -25.3365 9.7443
      vertex -43.7162 -25.4975 9.79896
      vertex -43.6943 -25.3365 9.7443
    endloop
  endfacet
  facet normal 0 0.321481 0.946916
    outer loop
      vertex -43.7162 -25.4975 9.79896
      vertex -52 -25.3365 9.7443
      vertex -52 -25.4975 9.79896
    endloop
  endfacet
  facet normal 0 0.946949 0.321385
    outer loop
      vertex -44 -26.2034 10.5094
      vertex -52 -26.2557 10.6635
      vertex -44 -26.2557 10.6635
    endloop
  endfacet
  facet normal -0 0.944497 0.328521
    outer loop
      vertex -52 -26.201 10.5025
      vertex -44 -26.2034 10.5094
      vertex -43.9973 -26.201 10.5025
    endloop
  endfacet
  facet normal 6.5941e-06 0.946844 0.321692
    outer loop
      vertex -44 -26.2034 10.5094
      vertex -52 -26.201 10.5025
      vertex -52 -26.2557 10.6635
    endloop
  endfacet
  facet normal 0 0.195211 -0.980761
    outer loop
      vertex -52 -25.3365 12.2557
      vertex -44 -25.1697 12.2889
      vertex -44 -25.3365 12.2557
    endloop
  endfacet
  facet normal 0 0.195211 -0.980761
    outer loop
      vertex -44 -25.1697 12.2889
      vertex -52 -25.3365 12.2557
      vertex -52 -25.1697 12.2889
    endloop
  endfacet
  facet normal -0 0.0653872 0.99786
    outer loop
      vertex -52 -25 9.7
      vertex -43.6811 -25.1697 9.71112
      vertex -43.6767 -25 9.7
    endloop
  endfacet
  facet normal 0 0.0653872 0.99786
    outer loop
      vertex -43.6811 -25.1697 9.71112
      vertex -52 -25 9.7
      vertex -52 -25.1697 9.71112
    endloop
  endfacet
  facet normal 0 -0.321692 -0.946844
    outer loop
      vertex -52 -24.6635 12.2557
      vertex -44 -24.5025 12.201
      vertex -44 -24.6635 12.2557
    endloop
  endfacet
  facet normal -0 -0.321692 -0.946844
    outer loop
      vertex -44 -24.5025 12.201
      vertex -52 -24.6635 12.2557
      vertex -52 -24.5025 12.201
    endloop
  endfacet
  facet normal 0 -0.659753 -0.751483
    outer loop
      vertex -52 -24.2086 12.0314
      vertex -44 -24.0808 11.9192
      vertex -44 -24.2086 12.0314
    endloop
  endfacet
  facet normal -0 -0.659753 -0.751483
    outer loop
      vertex -44 -24.0808 11.9192
      vertex -52 -24.2086 12.0314
      vertex -52 -24.0808 11.9192
    endloop
  endfacet
  facet normal 0 0.980761 -0.195211
    outer loop
      vertex -44 -26.2889 11.1697
      vertex -52 -26.2557 11.3365
      vertex -44 -26.2557 11.3365
    endloop
  endfacet
  facet normal 0 0.980761 -0.195211
    outer loop
      vertex -52 -26.2557 11.3365
      vertex -44 -26.2889 11.1697
      vertex -52 -26.2889 11.1697
    endloop
  endfacet
  facet normal 0 -0.946844 -0.321692
    outer loop
      vertex -52 -23.7443 11.3365
      vertex -44 -23.799 11.4975
      vertex -52 -23.799 11.4975
    endloop
  endfacet
  facet normal 0 -0.946844 -0.321692
    outer loop
      vertex -44 -23.799 11.4975
      vertex -52 -23.7443 11.3365
      vertex -44 -23.7443 11.3365
    endloop
  endfacet
  facet normal 0 -0.831688 0.555243
    outer loop
      vertex -52 -23.9686 10.2086
      vertex -43.9363 -23.8742 10.35
      vertex -52 -23.8742 10.35
    endloop
  endfacet
  facet normal 0 -0.831688 0.555243
    outer loop
      vertex -43.9363 -23.8742 10.35
      vertex -52 -23.9686 10.2086
      vertex -43.8798 -23.9686 10.2086
    endloop
  endfacet
  facet normal -0 0.751483 0.659753
    outer loop
      vertex -52 -25.9192 10.0808
      vertex -43.8798 -26.0314 10.2086
      vertex -43.8288 -25.9192 10.0808
    endloop
  endfacet
  facet normal 0 0.751483 0.659753
    outer loop
      vertex -43.8798 -26.0314 10.2086
      vertex -52 -25.9192 10.0808
      vertex -52 -26.0314 10.2086
    endloop
  endfacet
  facet normal 0 -0.195211 -0.980761
    outer loop
      vertex -52 -24.8303 12.2889
      vertex -44 -24.6635 12.2557
      vertex -44 -24.8303 12.2889
    endloop
  endfacet
  facet normal -0 -0.195211 -0.980761
    outer loop
      vertex -44 -24.6635 12.2557
      vertex -52 -24.8303 12.2889
      vertex -52 -24.6635 12.2557
    endloop
  endfacet
  facet normal 0 -0.195098 0.980784
    outer loop
      vertex -52 -24.8303 9.71112
      vertex -43.6943 -24.6635 9.7443
      vertex -52 -24.6635 9.7443
    endloop
  endfacet
  facet normal 0 -0.195098 0.980784
    outer loop
      vertex -43.6943 -24.6635 9.7443
      vertex -52 -24.8303 9.71112
      vertex -43.6811 -24.8303 9.71112
    endloop
  endfacet
  facet normal -0 0.65962 0.7516
    outer loop
      vertex -52 -25.7914 9.96864
      vertex -43.8288 -25.9192 10.0808
      vertex -43.784 -25.7914 9.96864
    endloop
  endfacet
  facet normal 0 0.65962 0.7516
    outer loop
      vertex -43.8288 -25.9192 10.0808
      vertex -52 -25.7914 9.96864
      vertex -52 -25.9192 10.0808
    endloop
  endfacet
  facet normal 0 -0.997868 -0.0652701
    outer loop
      vertex -52 -23.7 11
      vertex -44 -23.7111 11.1697
      vertex -52 -23.7111 11.1697
    endloop
  endfacet
  facet normal 0 -0.997868 -0.0652701
    outer loop
      vertex -44 -23.7111 11.1697
      vertex -52 -23.7 11
      vertex -44 -23.7 11
    endloop
  endfacet
  facet normal 0 0.751483 -0.659753
    outer loop
      vertex -44 -26.0314 11.7914
      vertex -52 -25.9192 11.9192
      vertex -44 -25.9192 11.9192
    endloop
  endfacet
  facet normal 0 0.751483 -0.659753
    outer loop
      vertex -52 -25.9192 11.9192
      vertex -44 -26.0314 11.7914
      vertex -52 -26.0314 11.7914
    endloop
  endfacet
  facet normal 0 -0.555243 -0.831688
    outer loop
      vertex -52 -24.35 12.1258
      vertex -44 -24.2086 12.0314
      vertex -44 -24.35 12.1258
    endloop
  endfacet
  facet normal -0 -0.555243 -0.831688
    outer loop
      vertex -44 -24.2086 12.0314
      vertex -52 -24.35 12.1258
      vertex -52 -24.2086 12.0314
    endloop
  endfacet
  facet normal 0 0.555243 -0.831688
    outer loop
      vertex -52 -25.7914 12.0314
      vertex -44 -25.65 12.1258
      vertex -44 -25.7914 12.0314
    endloop
  endfacet
  facet normal 0 0.555243 -0.831688
    outer loop
      vertex -44 -25.65 12.1258
      vertex -52 -25.7914 12.0314
      vertex -52 -25.65 12.1258
    endloop
  endfacet
  facet normal 0 -0.831688 -0.555243
    outer loop
      vertex -52 -23.8742 11.65
      vertex -44 -23.9686 11.7914
      vertex -52 -23.9686 11.7914
    endloop
  endfacet
  facet normal 0 -0.831688 -0.555243
    outer loop
      vertex -44 -23.9686 11.7914
      vertex -52 -23.8742 11.65
      vertex -44 -23.8742 11.65
    endloop
  endfacet
  facet normal -0 0.896884 0.442267
    outer loop
      vertex -52 -26.1258 10.35
      vertex -43.9973 -26.201 10.5025
      vertex -43.9363 -26.1258 10.35
    endloop
  endfacet
  facet normal 0 0.896884 0.442267
    outer loop
      vertex -43.9973 -26.201 10.5025
      vertex -52 -26.1258 10.35
      vertex -52 -26.201 10.5025
    endloop
  endfacet
  facet normal 0 0.997868 0.0652701
    outer loop
      vertex -44 -26.2889 10.8303
      vertex -52 -26.3 11
      vertex -44 -26.3 11
    endloop
  endfacet
  facet normal 0 0.997868 0.0652701
    outer loop
      vertex -52 -26.3 11
      vertex -44 -26.2889 10.8303
      vertex -52 -26.2889 10.8303
    endloop
  endfacet
  facet normal 0 0.980761 0.195211
    outer loop
      vertex -44 -26.2557 10.6635
      vertex -52 -26.2889 10.8303
      vertex -44 -26.2889 10.8303
    endloop
  endfacet
  facet normal 0 0.980761 0.195211
    outer loop
      vertex -52 -26.2889 10.8303
      vertex -44 -26.2557 10.6635
      vertex -52 -26.2557 10.6635
    endloop
  endfacet
  facet normal 0 -0.442267 -0.896884
    outer loop
      vertex -52 -24.5025 12.201
      vertex -44 -24.35 12.1258
      vertex -44 -24.5025 12.201
    endloop
  endfacet
  facet normal -0 -0.442267 -0.896884
    outer loop
      vertex -44 -24.35 12.1258
      vertex -52 -24.5025 12.201
      vertex -52 -24.35 12.1258
    endloop
  endfacet
  facet normal 0 0.946844 -0.321692
    outer loop
      vertex -44 -26.2557 11.3365
      vertex -52 -26.201 11.4975
      vertex -44 -26.201 11.4975
    endloop
  endfacet
  facet normal 0 0.946844 -0.321692
    outer loop
      vertex -52 -26.201 11.4975
      vertex -44 -26.2557 11.3365
      vertex -52 -26.2557 11.3365
    endloop
  endfacet
  facet normal 0 -0.980761 -0.195211
    outer loop
      vertex -52 -23.7111 11.1697
      vertex -44 -23.7443 11.3365
      vertex -52 -23.7443 11.3365
    endloop
  endfacet
  facet normal 0 -0.980761 -0.195211
    outer loop
      vertex -44 -23.7443 11.3365
      vertex -52 -23.7111 11.1697
      vertex -44 -23.7111 11.1697
    endloop
  endfacet
  facet normal -0 0.555528 0.831498
    outer loop
      vertex -52 -25.65 9.87417
      vertex -43.784 -25.7914 9.96864
      vertex -43.7462 -25.65 9.87417
    endloop
  endfacet
  facet normal 0 0.555528 0.831498
    outer loop
      vertex -43.784 -25.7914 9.96864
      vertex -52 -25.65 9.87417
      vertex -52 -25.7914 9.96864
    endloop
  endfacet
  facet normal -0 0.195098 0.980784
    outer loop
      vertex -52 -25.1697 9.71112
      vertex -43.6943 -25.3365 9.7443
      vertex -43.6811 -25.1697 9.71112
    endloop
  endfacet
  facet normal 0 0.195098 0.980784
    outer loop
      vertex -43.6943 -25.3365 9.7443
      vertex -52 -25.1697 9.71112
      vertex -52 -25.3365 9.7443
    endloop
  endfacet
  facet normal 0 -0.980761 0.195211
    outer loop
      vertex -52 -23.7443 10.6635
      vertex -44 -23.7111 10.8303
      vertex -52 -23.7111 10.8303
    endloop
  endfacet
  facet normal 0 -0.980761 0.195211
    outer loop
      vertex -44 -23.7111 10.8303
      vertex -52 -23.7443 10.6635
      vertex -44 -23.7443 10.6635
    endloop
  endfacet
  facet normal 0 -0.751483 0.659753
    outer loop
      vertex -52 -24.0808 10.0808
      vertex -43.8798 -23.9686 10.2086
      vertex -52 -23.9686 10.2086
    endloop
  endfacet
  facet normal 0 -0.751483 0.659753
    outer loop
      vertex -43.8798 -23.9686 10.2086
      vertex -52 -24.0808 10.0808
      vertex -43.8288 -24.0808 10.0808
    endloop
  endfacet
  facet normal 0 -0.896884 -0.442267
    outer loop
      vertex -52 -23.799 11.4975
      vertex -44 -23.8742 11.65
      vertex -52 -23.8742 11.65
    endloop
  endfacet
  facet normal 0 -0.896884 -0.442267
    outer loop
      vertex -44 -23.8742 11.65
      vertex -52 -23.799 11.4975
      vertex -44 -23.799 11.4975
    endloop
  endfacet
  facet normal 0 0.831688 -0.555243
    outer loop
      vertex -44 -26.1258 11.65
      vertex -52 -26.0314 11.7914
      vertex -44 -26.0314 11.7914
    endloop
  endfacet
  facet normal 0 0.831688 -0.555243
    outer loop
      vertex -52 -26.0314 11.7914
      vertex -44 -26.1258 11.65
      vertex -52 -26.1258 11.65
    endloop
  endfacet
  facet normal 0 -0.321427 0.946934
    outer loop
      vertex -52 5.33646 9.7443
      vertex -43.7162 5.49749 9.79896
      vertex -52 5.49749 9.79896
    endloop
  endfacet
  facet normal 0 -0.321427 0.946934
    outer loop
      vertex -43.7162 5.49749 9.79896
      vertex -52 5.33646 9.7443
      vertex -43.6943 5.33646 9.7443
    endloop
  endfacet
  facet normal 0 -0.659607 -0.751611
    outer loop
      vertex -52 5.79139 12.0314
      vertex -44 5.91924 11.9192
      vertex -44 5.79139 12.0314
    endloop
  endfacet
  facet normal -0 -0.659607 -0.751611
    outer loop
      vertex -44 5.91924 11.9192
      vertex -52 5.79139 12.0314
      vertex -52 5.91924 11.9192
    endloop
  endfacet
  facet normal -0 0.89686 0.442314
    outer loop
      vertex -52 3.87417 10.35
      vertex -43.9973 3.79896 10.5025
      vertex -43.9363 3.87417 10.35
    endloop
  endfacet
  facet normal 0 0.89686 0.442314
    outer loop
      vertex -43.9973 3.79896 10.5025
      vertex -52 3.87417 10.35
      vertex -52 3.79896 10.5025
    endloop
  endfacet
  facet normal 0 0.946911 0.321495
    outer loop
      vertex -44 3.79662 10.5094
      vertex -52 3.7443 10.6635
      vertex -44 3.7443 10.6635
    endloop
  endfacet
  facet normal -0 0.947023 0.321164
    outer loop
      vertex -52 3.79896 10.5025
      vertex -44 3.79662 10.5094
      vertex -43.9973 3.79896 10.5025
    endloop
  endfacet
  facet normal -3.04366e-07 0.946916 0.321481
    outer loop
      vertex -44 3.79662 10.5094
      vertex -52 3.79896 10.5025
      vertex -52 3.7443 10.6635
    endloop
  endfacet
  facet normal 0 -0.555555 0.83148
    outer loop
      vertex -52 5.65 9.87417
      vertex -43.784 5.79139 9.96864
      vertex -52 5.79139 9.96864
    endloop
  endfacet
  facet normal 0 -0.555555 0.83148
    outer loop
      vertex -43.784 5.79139 9.96864
      vertex -52 5.65 9.87417
      vertex -43.7462 5.65 9.87417
    endloop
  endfacet
  facet normal 0 -0.442291 0.896872
    outer loop
      vertex -52 5.49749 9.79896
      vertex -43.7462 5.65 9.87417
      vertex -52 5.65 9.87417
    endloop
  endfacet
  facet normal 0 -0.442291 0.896872
    outer loop
      vertex -43.7462 5.65 9.87417
      vertex -52 5.49749 9.79896
      vertex -43.7162 5.49749 9.79896
    endloop
  endfacet
  facet normal 0 -0.0653948 0.997859
    outer loop
      vertex -52 5 9.7
      vertex -43.6811 5.16968 9.71112
      vertex -52 5.16968 9.71112
    endloop
  endfacet
  facet normal 0 -0.0653948 0.997859
    outer loop
      vertex -43.6811 5.16968 9.71112
      vertex -52 5 9.7
      vertex -43.6767 5 9.7
    endloop
  endfacet
  facet normal 0 0.751716 -0.659487
    outer loop
      vertex -44 3.96864 11.7914
      vertex -52 4.08076 11.9192
      vertex -44 4.08076 11.9192
    endloop
  endfacet
  facet normal 0 0.751716 -0.659487
    outer loop
      vertex -52 4.08076 11.9192
      vertex -44 3.96864 11.7914
      vertex -52 3.96864 11.7914
    endloop
  endfacet
  facet normal 0 -0.751716 0.659487
    outer loop
      vertex -52 5.91924 10.0808
      vertex -43.8798 6.03136 10.2086
      vertex -52 6.03136 10.2086
    endloop
  endfacet
  facet normal 0 -0.751716 0.659487
    outer loop
      vertex -43.8798 6.03136 10.2086
      vertex -52 5.91924 10.0808
      vertex -43.8288 5.91924 10.0808
    endloop
  endfacet
  facet normal 0 -0.89686 0.442314
    outer loop
      vertex -52 6.12583 10.35
      vertex -43.9973 6.20104 10.5025
      vertex -52 6.20104 10.5025
    endloop
  endfacet
  facet normal 0 -0.89686 0.442314
    outer loop
      vertex -43.9973 6.20104 10.5025
      vertex -52 6.12583 10.35
      vertex -43.9363 6.12583 10.35
    endloop
  endfacet
  facet normal 0 0.659607 -0.751611
    outer loop
      vertex -52 4.08076 11.9192
      vertex -44 4.20861 12.0314
      vertex -44 4.08076 11.9192
    endloop
  endfacet
  facet normal 0 0.659607 -0.751611
    outer loop
      vertex -44 4.20861 12.0314
      vertex -52 4.08076 11.9192
      vertex -52 4.20861 12.0314
    endloop
  endfacet
  facet normal 0 -0.55527 -0.83167
    outer loop
      vertex -52 5.65 12.1258
      vertex -44 5.79139 12.0314
      vertex -44 5.65 12.1258
    endloop
  endfacet
  facet normal -0 -0.55527 -0.83167
    outer loop
      vertex -44 5.79139 12.0314
      vertex -52 5.65 12.1258
      vertex -52 5.79139 12.0314
    endloop
  endfacet
  facet normal 0 -0.946911 0.321495
    outer loop
      vertex -52 6.2557 10.6635
      vertex -44 6.20338 10.5094
      vertex -44 6.2557 10.6635
    endloop
  endfacet
  facet normal -3.04366e-07 -0.946916 0.321481
    outer loop
      vertex -52 6.20104 10.5025
      vertex -44 6.20338 10.5094
      vertex -52 6.2557 10.6635
    endloop
  endfacet
  facet normal 0 -0.947023 0.321164
    outer loop
      vertex -44 6.20338 10.5094
      vertex -52 6.20104 10.5025
      vertex -43.9973 6.20104 10.5025
    endloop
  endfacet
  facet normal -0 0.442291 0.896872
    outer loop
      vertex -52 4.50251 9.79896
      vertex -43.7462 4.35 9.87417
      vertex -43.7162 4.50251 9.79896
    endloop
  endfacet
  facet normal 0 0.442291 0.896872
    outer loop
      vertex -43.7462 4.35 9.87417
      vertex -52 4.50251 9.79896
      vertex -52 4.35 9.87417
    endloop
  endfacet
  facet normal 0 0.321638 -0.946863
    outer loop
      vertex -52 4.50251 12.201
      vertex -44 4.66354 12.2557
      vertex -44 4.50251 12.201
    endloop
  endfacet
  facet normal 0 0.321638 -0.946863
    outer loop
      vertex -44 4.66354 12.2557
      vertex -52 4.50251 12.201
      vertex -52 4.66354 12.2557
    endloop
  endfacet
  facet normal 0 -0.321638 -0.946863
    outer loop
      vertex -52 5.33646 12.2557
      vertex -44 5.49749 12.201
      vertex -44 5.33646 12.2557
    endloop
  endfacet
  facet normal -0 -0.321638 -0.946863
    outer loop
      vertex -44 5.49749 12.201
      vertex -52 5.33646 12.2557
      vertex -52 5.49749 12.201
    endloop
  endfacet
  facet normal 0 -0.89686 -0.442314
    outer loop
      vertex -52 6.20104 11.4975
      vertex -44 6.12583 11.65
      vertex -52 6.12583 11.65
    endloop
  endfacet
  facet normal 0 -0.89686 -0.442314
    outer loop
      vertex -44 6.12583 11.65
      vertex -52 6.20104 11.4975
      vertex -44 6.20104 11.4975
    endloop
  endfacet
  facet normal 0 -0.442243 -0.896895
    outer loop
      vertex -52 5.49749 12.201
      vertex -44 5.65 12.1258
      vertex -44 5.49749 12.201
    endloop
  endfacet
  facet normal -0 -0.442243 -0.896895
    outer loop
      vertex -44 5.65 12.1258
      vertex -52 5.49749 12.201
      vertex -52 5.65 12.1258
    endloop
  endfacet
  facet normal -0 0.321427 0.946934
    outer loop
      vertex -52 4.66354 9.7443
      vertex -43.7162 4.50251 9.79896
      vertex -43.6943 4.66354 9.7443
    endloop
  endfacet
  facet normal 0 0.321427 0.946934
    outer loop
      vertex -43.7162 4.50251 9.79896
      vertex -52 4.66354 9.7443
      vertex -52 4.50251 9.79896
    endloop
  endfacet
  facet normal 0 -0.980784 -0.195098
    outer loop
      vertex -52 6.28888 11.1697
      vertex -44 6.2557 11.3365
      vertex -52 6.2557 11.3365
    endloop
  endfacet
  facet normal 0 -0.980784 -0.195098
    outer loop
      vertex -44 6.2557 11.3365
      vertex -52 6.28888 11.1697
      vertex -44 6.28888 11.1697
    endloop
  endfacet
  facet normal 0 0.980784 0.195098
    outer loop
      vertex -44 3.7443 10.6635
      vertex -52 3.71112 10.8303
      vertex -44 3.71112 10.8303
    endloop
  endfacet
  facet normal 0 0.980784 0.195098
    outer loop
      vertex -52 3.71112 10.8303
      vertex -44 3.7443 10.6635
      vertex -52 3.7443 10.6635
    endloop
  endfacet
  facet normal 0 -0.831498 0.555528
    outer loop
      vertex -52 6.03136 10.2086
      vertex -43.9363 6.12583 10.35
      vertex -52 6.12583 10.35
    endloop
  endfacet
  facet normal 0 -0.831498 0.555528
    outer loop
      vertex -43.9363 6.12583 10.35
      vertex -52 6.03136 10.2086
      vertex -43.8798 6.03136 10.2086
    endloop
  endfacet
  facet normal -0 0.0653948 0.997859
    outer loop
      vertex -52 5 9.7
      vertex -43.6811 4.83032 9.71112
      vertex -43.6767 5 9.7
    endloop
  endfacet
  facet normal 0 0.0653948 0.997859
    outer loop
      vertex -43.6811 4.83032 9.71112
      vertex -52 5 9.7
      vertex -52 4.83032 9.71112
    endloop
  endfacet
  facet normal 0 -0.831498 -0.555528
    outer loop
      vertex -52 6.12583 11.65
      vertex -44 6.03136 11.7914
      vertex -52 6.03136 11.7914
    endloop
  endfacet
  facet normal 0 -0.831498 -0.555528
    outer loop
      vertex -44 6.03136 11.7914
      vertex -52 6.12583 11.65
      vertex -44 6.12583 11.65
    endloop
  endfacet
  facet normal 0 0.0652777 -0.997867
    outer loop
      vertex -52 4.83032 12.2889
      vertex -44 5 12.3
      vertex -44 4.83032 12.2889
    endloop
  endfacet
  facet normal 0 0.0652777 -0.997867
    outer loop
      vertex -44 5 12.3
      vertex -52 4.83032 12.2889
      vertex -52 5 12.3
    endloop
  endfacet
  facet normal -0 0.831498 0.555528
    outer loop
      vertex -52 3.96864 10.2086
      vertex -43.9363 3.87417 10.35
      vertex -43.8798 3.96864 10.2086
    endloop
  endfacet
  facet normal 0 0.831498 0.555528
    outer loop
      vertex -43.9363 3.87417 10.35
      vertex -52 3.96864 10.2086
      vertex -52 3.87417 10.35
    endloop
  endfacet
  facet normal 0 -0.980784 0.195098
    outer loop
      vertex -52 6.2557 10.6635
      vertex -44 6.28888 10.8303
      vertex -52 6.28888 10.8303
    endloop
  endfacet
  facet normal 0 -0.980784 0.195098
    outer loop
      vertex -44 6.28888 10.8303
      vertex -52 6.2557 10.6635
      vertex -44 6.2557 10.6635
    endloop
  endfacet
  facet normal 0 -0.751716 -0.659487
    outer loop
      vertex -52 6.03136 11.7914
      vertex -44 5.91924 11.9192
      vertex -52 5.91924 11.9192
    endloop
  endfacet
  facet normal 0 -0.751716 -0.659487
    outer loop
      vertex -44 5.91924 11.9192
      vertex -52 6.03136 11.7914
      vertex -44 6.03136 11.7914
    endloop
  endfacet
  facet normal 0 -0.946916 -0.321481
    outer loop
      vertex -52 6.2557 11.3365
      vertex -44 6.20104 11.4975
      vertex -52 6.20104 11.4975
    endloop
  endfacet
  facet normal 0 -0.946916 -0.321481
    outer loop
      vertex -44 6.20104 11.4975
      vertex -52 6.2557 11.3365
      vertex -44 6.2557 11.3365
    endloop
  endfacet
  facet normal 0 -0.195121 0.980779
    outer loop
      vertex -52 5.16968 9.71112
      vertex -43.6943 5.33646 9.7443
      vertex -52 5.33646 9.7443
    endloop
  endfacet
  facet normal 0 -0.195121 0.980779
    outer loop
      vertex -43.6943 5.33646 9.7443
      vertex -52 5.16968 9.71112
      vertex -43.6811 5.16968 9.71112
    endloop
  endfacet
  facet normal 0 0.946916 -0.321481
    outer loop
      vertex -44 3.7443 11.3365
      vertex -52 3.79896 11.4975
      vertex -44 3.79896 11.4975
    endloop
  endfacet
  facet normal 0 0.946916 -0.321481
    outer loop
      vertex -52 3.79896 11.4975
      vertex -44 3.7443 11.3365
      vertex -52 3.7443 11.3365
    endloop
  endfacet
  facet normal 0 0.195234 -0.980757
    outer loop
      vertex -52 4.66354 12.2557
      vertex -44 4.83032 12.2889
      vertex -44 4.66354 12.2557
    endloop
  endfacet
  facet normal 0 0.195234 -0.980757
    outer loop
      vertex -44 4.83032 12.2889
      vertex -52 4.66354 12.2557
      vertex -52 4.83032 12.2889
    endloop
  endfacet
  facet normal 0 -0.195234 -0.980757
    outer loop
      vertex -52 5.16968 12.2889
      vertex -44 5.33646 12.2557
      vertex -44 5.16968 12.2889
    endloop
  endfacet
  facet normal -0 -0.195234 -0.980757
    outer loop
      vertex -44 5.33646 12.2557
      vertex -52 5.16968 12.2889
      vertex -52 5.33646 12.2557
    endloop
  endfacet
  facet normal -0 0.195121 0.980779
    outer loop
      vertex -52 4.83032 9.71112
      vertex -43.6943 4.66354 9.7443
      vertex -43.6811 4.83032 9.71112
    endloop
  endfacet
  facet normal 0 0.195121 0.980779
    outer loop
      vertex -43.6943 4.66354 9.7443
      vertex -52 4.83032 9.71112
      vertex -52 4.66354 9.7443
    endloop
  endfacet
  facet normal 0 0.99786 0.0653872
    outer loop
      vertex -44 3.71112 10.8303
      vertex -52 3.7 11
      vertex -44 3.7 11
    endloop
  endfacet
  facet normal 0 0.99786 0.0653872
    outer loop
      vertex -52 3.7 11
      vertex -44 3.71112 10.8303
      vertex -52 3.71112 10.8303
    endloop
  endfacet
  facet normal 0 0.442243 -0.896895
    outer loop
      vertex -52 4.35 12.1258
      vertex -44 4.50251 12.201
      vertex -44 4.35 12.1258
    endloop
  endfacet
  facet normal 0 0.442243 -0.896895
    outer loop
      vertex -44 4.50251 12.201
      vertex -52 4.35 12.1258
      vertex -52 4.50251 12.201
    endloop
  endfacet
  facet normal 0 0.55527 -0.83167
    outer loop
      vertex -52 4.20861 12.0314
      vertex -44 4.35 12.1258
      vertex -44 4.20861 12.0314
    endloop
  endfacet
  facet normal 0 0.55527 -0.83167
    outer loop
      vertex -44 4.35 12.1258
      vertex -52 4.20861 12.0314
      vertex -52 4.35 12.1258
    endloop
  endfacet
  facet normal 0 -0.659474 0.751727
    outer loop
      vertex -52 5.79139 9.96864
      vertex -43.8288 5.91924 10.0808
      vertex -52 5.91924 10.0808
    endloop
  endfacet
  facet normal 0 -0.659474 0.751727
    outer loop
      vertex -43.8288 5.91924 10.0808
      vertex -52 5.79139 9.96864
      vertex -43.784 5.79139 9.96864
    endloop
  endfacet
  facet normal -0 0.659474 0.751727
    outer loop
      vertex -52 4.20861 9.96864
      vertex -43.8288 4.08076 10.0808
      vertex -43.784 4.20861 9.96864
    endloop
  endfacet
  facet normal 0 0.659474 0.751727
    outer loop
      vertex -43.8288 4.08076 10.0808
      vertex -52 4.20861 9.96864
      vertex -52 4.08076 10.0808
    endloop
  endfacet
  facet normal 0 -0.99786 -0.0653872
    outer loop
      vertex -52 6.3 11
      vertex -44 6.28888 11.1697
      vertex -52 6.28888 11.1697
    endloop
  endfacet
  facet normal 0 -0.99786 -0.0653872
    outer loop
      vertex -44 6.28888 11.1697
      vertex -52 6.3 11
      vertex -44 6.3 11
    endloop
  endfacet
  facet normal -0 0.555555 0.83148
    outer loop
      vertex -52 4.35 9.87417
      vertex -43.784 4.20861 9.96864
      vertex -43.7462 4.35 9.87417
    endloop
  endfacet
  facet normal 0 0.555555 0.83148
    outer loop
      vertex -43.784 4.20861 9.96864
      vertex -52 4.35 9.87417
      vertex -52 4.20861 9.96864
    endloop
  endfacet
  facet normal 0 -0.0652777 -0.997867
    outer loop
      vertex -52 5 12.3
      vertex -44 5.16968 12.2889
      vertex -44 5 12.3
    endloop
  endfacet
  facet normal -0 -0.0652777 -0.997867
    outer loop
      vertex -44 5.16968 12.2889
      vertex -52 5 12.3
      vertex -52 5.16968 12.2889
    endloop
  endfacet
  facet normal 0 0.89686 -0.442314
    outer loop
      vertex -44 3.79896 11.4975
      vertex -52 3.87417 11.65
      vertex -44 3.87417 11.65
    endloop
  endfacet
  facet normal 0 0.89686 -0.442314
    outer loop
      vertex -52 3.87417 11.65
      vertex -44 3.79896 11.4975
      vertex -52 3.79896 11.4975
    endloop
  endfacet
  facet normal 0 0.831498 -0.555528
    outer loop
      vertex -44 3.87417 11.65
      vertex -52 3.96864 11.7914
      vertex -44 3.96864 11.7914
    endloop
  endfacet
  facet normal 0 0.831498 -0.555528
    outer loop
      vertex -52 3.96864 11.7914
      vertex -44 3.87417 11.65
      vertex -52 3.87417 11.65
    endloop
  endfacet
  facet normal 0 -0.99786 0.0653872
    outer loop
      vertex -52 6.28888 10.8303
      vertex -44 6.3 11
      vertex -52 6.3 11
    endloop
  endfacet
  facet normal 0 -0.99786 0.0653872
    outer loop
      vertex -44 6.3 11
      vertex -52 6.28888 10.8303
      vertex -44 6.28888 10.8303
    endloop
  endfacet
  facet normal 0 0.99786 -0.0653872
    outer loop
      vertex -44 3.7 11
      vertex -52 3.71112 11.1697
      vertex -44 3.71112 11.1697
    endloop
  endfacet
  facet normal 0 0.99786 -0.0653872
    outer loop
      vertex -52 3.71112 11.1697
      vertex -44 3.7 11
      vertex -52 3.7 11
    endloop
  endfacet
  facet normal 0 0.980784 -0.195098
    outer loop
      vertex -44 3.71112 11.1697
      vertex -52 3.7443 11.3365
      vertex -44 3.7443 11.3365
    endloop
  endfacet
  facet normal 0 0.980784 -0.195098
    outer loop
      vertex -52 3.7443 11.3365
      vertex -44 3.71112 11.1697
      vertex -52 3.71112 11.1697
    endloop
  endfacet
  facet normal -0 0.751716 0.659487
    outer loop
      vertex -52 4.08076 10.0808
      vertex -43.8798 3.96864 10.2086
      vertex -43.8288 4.08076 10.0808
    endloop
  endfacet
  facet normal 0 0.751716 0.659487
    outer loop
      vertex -43.8798 3.96864 10.2086
      vertex -52 4.08076 10.0808
      vertex -52 3.96864 10.2086
    endloop
  endfacet
  facet normal 0.980761 -0.195211 0
    outer loop
      vertex -47.2889 -42.2303 95
      vertex -47.2557 -42.0635 86
      vertex -47.2557 -42.0635 95
    endloop
  endfacet
  facet normal 0.980761 -0.195211 0
    outer loop
      vertex -47.2557 -42.0635 86
      vertex -47.2889 -42.2303 95
      vertex -47.2889 -42.2303 86
    endloop
  endfacet
  facet normal 0.997868 -0.0652701 0
    outer loop
      vertex -47.3 -42.4 95
      vertex -47.2889 -42.2303 86
      vertex -47.2889 -42.2303 95
    endloop
  endfacet
  facet normal 0.997868 -0.0652701 0
    outer loop
      vertex -47.2889 -42.2303 86
      vertex -47.3 -42.4 95
      vertex -47.3 -42.4 86
    endloop
  endfacet
  facet normal 0.946844 -0.321692 0
    outer loop
      vertex -47.2557 -42.0635 95
      vertex -47.201 -41.9025 86
      vertex -47.201 -41.9025 95
    endloop
  endfacet
  facet normal 0.946844 -0.321692 0
    outer loop
      vertex -47.201 -41.9025 86
      vertex -47.2557 -42.0635 95
      vertex -47.2557 -42.0635 86
    endloop
  endfacet
  facet normal 0.831688 -0.555243 0
    outer loop
      vertex -47.1258 -41.75 95
      vertex -47.0314 -41.6086 86
      vertex -47.0314 -41.6086 95
    endloop
  endfacet
  facet normal 0.831688 -0.555243 0
    outer loop
      vertex -47.0314 -41.6086 86
      vertex -47.1258 -41.75 95
      vertex -47.1258 -41.75 86
    endloop
  endfacet
  facet normal 0.195211 -0.980761 0
    outer loop
      vertex -46.3365 -41.1443 86
      vertex -46.1697 -41.1111 95
      vertex -46.3365 -41.1443 95
    endloop
  endfacet
  facet normal 0.195211 -0.980761 0
    outer loop
      vertex -46.1697 -41.1111 95
      vertex -46.3365 -41.1443 86
      vertex -46.1697 -41.1111 86
    endloop
  endfacet
  facet normal -0.442267 -0.896884 0
    outer loop
      vertex -45.5025 -41.199 86
      vertex -45.35 -41.2742 95
      vertex -45.5025 -41.199 95
    endloop
  endfacet
  facet normal -0.442267 -0.896884 -0
    outer loop
      vertex -45.35 -41.2742 95
      vertex -45.5025 -41.199 86
      vertex -45.35 -41.2742 86
    endloop
  endfacet
  facet normal -0.195211 0.980761 0
    outer loop
      vertex -45.6635 -43.6557 86
      vertex -45.8303 -43.6889 95
      vertex -45.6635 -43.6557 95
    endloop
  endfacet
  facet normal -0.195211 0.980761 0
    outer loop
      vertex -45.8303 -43.6889 95
      vertex -45.6635 -43.6557 86
      vertex -45.8303 -43.6889 86
    endloop
  endfacet
  facet normal -0.751483 0.659753 0
    outer loop
      vertex -45.0808 -43.3192 86
      vertex -44.9686 -43.1914 95
      vertex -44.9686 -43.1914 86
    endloop
  endfacet
  facet normal -0.751483 0.659753 0
    outer loop
      vertex -44.9686 -43.1914 95
      vertex -45.0808 -43.3192 86
      vertex -45.0808 -43.3192 95
    endloop
  endfacet
  facet normal 0.896884 0.442267 0
    outer loop
      vertex -47.1258 -43.05 95
      vertex -47.201 -42.8975 86
      vertex -47.201 -42.8975 95
    endloop
  endfacet
  facet normal 0.896884 0.442267 0
    outer loop
      vertex -47.201 -42.8975 86
      vertex -47.1258 -43.05 95
      vertex -47.1258 -43.05 86
    endloop
  endfacet
  facet normal 0.321692 0.946844 -0
    outer loop
      vertex -46.3365 -43.6557 86
      vertex -46.4975 -43.601 95
      vertex -46.3365 -43.6557 95
    endloop
  endfacet
  facet normal 0.321692 0.946844 0
    outer loop
      vertex -46.4975 -43.601 95
      vertex -46.3365 -43.6557 86
      vertex -46.4975 -43.601 86
    endloop
  endfacet
  facet normal 0.0652701 0.997868 -0
    outer loop
      vertex -46 -43.7 86
      vertex -46.1697 -43.6889 95
      vertex -46 -43.7 95
    endloop
  endfacet
  facet normal 0.0652701 0.997868 0
    outer loop
      vertex -46.1697 -43.6889 95
      vertex -46 -43.7 86
      vertex -46.1697 -43.6889 86
    endloop
  endfacet
  facet normal 0.896884 -0.442267 0
    outer loop
      vertex -47.201 -41.9025 95
      vertex -47.1258 -41.75 86
      vertex -47.1258 -41.75 95
    endloop
  endfacet
  facet normal 0.896884 -0.442267 0
    outer loop
      vertex -47.1258 -41.75 86
      vertex -47.201 -41.9025 95
      vertex -47.201 -41.9025 86
    endloop
  endfacet
  facet normal -0.321692 0.946844 0
    outer loop
      vertex -45.5025 -43.601 86
      vertex -45.6635 -43.6557 95
      vertex -45.5025 -43.601 95
    endloop
  endfacet
  facet normal -0.321692 0.946844 0
    outer loop
      vertex -45.6635 -43.6557 95
      vertex -45.5025 -43.601 86
      vertex -45.6635 -43.6557 86
    endloop
  endfacet
  facet normal -0.751483 -0.659753 0
    outer loop
      vertex -44.9686 -41.6086 86
      vertex -45.0808 -41.4808 95
      vertex -45.0808 -41.4808 86
    endloop
  endfacet
  facet normal -0.751483 -0.659753 0
    outer loop
      vertex -45.0808 -41.4808 95
      vertex -44.9686 -41.6086 86
      vertex -44.9686 -41.6086 95
    endloop
  endfacet
  facet normal -0.946844 0.321692 0
    outer loop
      vertex -44.799 -42.8975 86
      vertex -44.7443 -42.7365 95
      vertex -44.7443 -42.7365 86
    endloop
  endfacet
  facet normal -0.946844 0.321692 0
    outer loop
      vertex -44.7443 -42.7365 95
      vertex -44.799 -42.8975 86
      vertex -44.799 -42.8975 95
    endloop
  endfacet
  facet normal -0.659753 -0.751483 0
    outer loop
      vertex -45.2086 -41.3686 86
      vertex -45.0808 -41.4808 95
      vertex -45.2086 -41.3686 95
    endloop
  endfacet
  facet normal -0.659753 -0.751483 -0
    outer loop
      vertex -45.0808 -41.4808 95
      vertex -45.2086 -41.3686 86
      vertex -45.0808 -41.4808 86
    endloop
  endfacet
  facet normal -0.997868 0.0652701 0
    outer loop
      vertex -44.7111 -42.5697 86
      vertex -44.7 -42.4 95
      vertex -44.7 -42.4 86
    endloop
  endfacet
  facet normal -0.997868 0.0652701 0
    outer loop
      vertex -44.7 -42.4 95
      vertex -44.7111 -42.5697 86
      vertex -44.7111 -42.5697 95
    endloop
  endfacet
  facet normal -0.321692 -0.946844 0
    outer loop
      vertex -45.6635 -41.1443 86
      vertex -45.5025 -41.199 95
      vertex -45.6635 -41.1443 95
    endloop
  endfacet
  facet normal -0.321692 -0.946844 -0
    outer loop
      vertex -45.5025 -41.199 95
      vertex -45.6635 -41.1443 86
      vertex -45.5025 -41.199 86
    endloop
  endfacet
  facet normal 0.980761 0.195211 0
    outer loop
      vertex -47.2557 -42.7365 95
      vertex -47.2889 -42.5697 86
      vertex -47.2889 -42.5697 95
    endloop
  endfacet
  facet normal 0.980761 0.195211 0
    outer loop
      vertex -47.2889 -42.5697 86
      vertex -47.2557 -42.7365 95
      vertex -47.2557 -42.7365 86
    endloop
  endfacet
  facet normal -0.896884 -0.442267 0
    outer loop
      vertex -44.799 -41.9025 86
      vertex -44.8742 -41.75 95
      vertex -44.8742 -41.75 86
    endloop
  endfacet
  facet normal -0.896884 -0.442267 0
    outer loop
      vertex -44.8742 -41.75 95
      vertex -44.799 -41.9025 86
      vertex -44.799 -41.9025 95
    endloop
  endfacet
  facet normal -0.659753 0.751483 0
    outer loop
      vertex -45.0808 -43.3192 86
      vertex -45.2086 -43.4314 95
      vertex -45.0808 -43.3192 95
    endloop
  endfacet
  facet normal -0.659753 0.751483 0
    outer loop
      vertex -45.2086 -43.4314 95
      vertex -45.0808 -43.3192 86
      vertex -45.2086 -43.4314 86
    endloop
  endfacet
  facet normal 0.946844 0.321692 0
    outer loop
      vertex -47.201 -42.8975 95
      vertex -47.2557 -42.7365 86
      vertex -47.2557 -42.7365 95
    endloop
  endfacet
  facet normal 0.946844 0.321692 0
    outer loop
      vertex -47.2557 -42.7365 86
      vertex -47.201 -42.8975 95
      vertex -47.201 -42.8975 86
    endloop
  endfacet
  facet normal -0.831688 0.555243 0
    outer loop
      vertex -44.9686 -43.1914 86
      vertex -44.8742 -43.05 95
      vertex -44.8742 -43.05 86
    endloop
  endfacet
  facet normal -0.831688 0.555243 0
    outer loop
      vertex -44.8742 -43.05 95
      vertex -44.9686 -43.1914 86
      vertex -44.9686 -43.1914 95
    endloop
  endfacet
  facet normal 0.555243 -0.831688 0
    outer loop
      vertex -46.7914 -41.3686 86
      vertex -46.65 -41.2742 95
      vertex -46.7914 -41.3686 95
    endloop
  endfacet
  facet normal 0.555243 -0.831688 0
    outer loop
      vertex -46.65 -41.2742 95
      vertex -46.7914 -41.3686 86
      vertex -46.65 -41.2742 86
    endloop
  endfacet
  facet normal 0.659753 0.751483 -0
    outer loop
      vertex -46.7914 -43.4314 86
      vertex -46.9192 -43.3192 95
      vertex -46.7914 -43.4314 95
    endloop
  endfacet
  facet normal 0.659753 0.751483 0
    outer loop
      vertex -46.9192 -43.3192 95
      vertex -46.7914 -43.4314 86
      vertex -46.9192 -43.3192 86
    endloop
  endfacet
  facet normal 0.442267 -0.896884 0
    outer loop
      vertex -46.65 -41.2742 86
      vertex -46.4975 -41.199 95
      vertex -46.65 -41.2742 95
    endloop
  endfacet
  facet normal 0.442267 -0.896884 0
    outer loop
      vertex -46.4975 -41.199 95
      vertex -46.65 -41.2742 86
      vertex -46.4975 -41.199 86
    endloop
  endfacet
  facet normal -0.946844 -0.321692 0
    outer loop
      vertex -44.7443 -42.0635 86
      vertex -44.799 -41.9025 95
      vertex -44.799 -41.9025 86
    endloop
  endfacet
  facet normal -0.946844 -0.321692 0
    outer loop
      vertex -44.799 -41.9025 95
      vertex -44.7443 -42.0635 86
      vertex -44.7443 -42.0635 95
    endloop
  endfacet
  facet normal 0.321692 -0.946844 0
    outer loop
      vertex -46.4975 -41.199 86
      vertex -46.3365 -41.1443 95
      vertex -46.4975 -41.199 95
    endloop
  endfacet
  facet normal 0.321692 -0.946844 0
    outer loop
      vertex -46.3365 -41.1443 95
      vertex -46.4975 -41.199 86
      vertex -46.3365 -41.1443 86
    endloop
  endfacet
  facet normal 0.659753 -0.751483 0
    outer loop
      vertex -46.9192 -41.4808 86
      vertex -46.7914 -41.3686 95
      vertex -46.9192 -41.4808 95
    endloop
  endfacet
  facet normal 0.659753 -0.751483 0
    outer loop
      vertex -46.7914 -41.3686 95
      vertex -46.9192 -41.4808 86
      vertex -46.7914 -41.3686 86
    endloop
  endfacet
  facet normal 0.195211 0.980761 -0
    outer loop
      vertex -46.1697 -43.6889 86
      vertex -46.3365 -43.6557 95
      vertex -46.1697 -43.6889 95
    endloop
  endfacet
  facet normal 0.195211 0.980761 0
    outer loop
      vertex -46.3365 -43.6557 95
      vertex -46.1697 -43.6889 86
      vertex -46.3365 -43.6557 86
    endloop
  endfacet
  facet normal -0.980761 -0.195211 0
    outer loop
      vertex -44.7111 -42.2303 86
      vertex -44.7443 -42.0635 95
      vertex -44.7443 -42.0635 86
    endloop
  endfacet
  facet normal -0.980761 -0.195211 0
    outer loop
      vertex -44.7443 -42.0635 95
      vertex -44.7111 -42.2303 86
      vertex -44.7111 -42.2303 95
    endloop
  endfacet
  facet normal -0.896884 0.442267 0
    outer loop
      vertex -44.8742 -43.05 86
      vertex -44.799 -42.8975 95
      vertex -44.799 -42.8975 86
    endloop
  endfacet
  facet normal -0.896884 0.442267 0
    outer loop
      vertex -44.799 -42.8975 95
      vertex -44.8742 -43.05 86
      vertex -44.8742 -43.05 95
    endloop
  endfacet
  facet normal -0.997868 -0.0652701 0
    outer loop
      vertex -44.7 -42.4 86
      vertex -44.7111 -42.2303 95
      vertex -44.7111 -42.2303 86
    endloop
  endfacet
  facet normal -0.997868 -0.0652701 0
    outer loop
      vertex -44.7111 -42.2303 95
      vertex -44.7 -42.4 86
      vertex -44.7 -42.4 95
    endloop
  endfacet
  facet normal 0.831688 0.555243 0
    outer loop
      vertex -47.0314 -43.1914 95
      vertex -47.1258 -43.05 86
      vertex -47.1258 -43.05 95
    endloop
  endfacet
  facet normal 0.831688 0.555243 0
    outer loop
      vertex -47.1258 -43.05 86
      vertex -47.0314 -43.1914 95
      vertex -47.0314 -43.1914 86
    endloop
  endfacet
  facet normal -0.980761 0.195211 0
    outer loop
      vertex -44.7443 -42.7365 86
      vertex -44.7111 -42.5697 95
      vertex -44.7111 -42.5697 86
    endloop
  endfacet
  facet normal -0.980761 0.195211 0
    outer loop
      vertex -44.7111 -42.5697 95
      vertex -44.7443 -42.7365 86
      vertex -44.7443 -42.7365 95
    endloop
  endfacet
  facet normal 0.751483 -0.659753 0
    outer loop
      vertex -47.0314 -41.6086 95
      vertex -46.9192 -41.4808 86
      vertex -46.9192 -41.4808 95
    endloop
  endfacet
  facet normal 0.751483 -0.659753 0
    outer loop
      vertex -46.9192 -41.4808 86
      vertex -47.0314 -41.6086 95
      vertex -47.0314 -41.6086 86
    endloop
  endfacet
  facet normal 0.0652701 -0.997868 0
    outer loop
      vertex -46.1697 -41.1111 86
      vertex -46 -41.1 95
      vertex -46.1697 -41.1111 95
    endloop
  endfacet
  facet normal 0.0652701 -0.997868 0
    outer loop
      vertex -46 -41.1 95
      vertex -46.1697 -41.1111 86
      vertex -46 -41.1 86
    endloop
  endfacet
  facet normal -0.0652701 -0.997868 0
    outer loop
      vertex -46 -41.1 86
      vertex -45.8303 -41.1111 95
      vertex -46 -41.1 95
    endloop
  endfacet
  facet normal -0.0652701 -0.997868 -0
    outer loop
      vertex -45.8303 -41.1111 95
      vertex -46 -41.1 86
      vertex -45.8303 -41.1111 86
    endloop
  endfacet
  facet normal 0.997868 0.0652701 0
    outer loop
      vertex -47.2889 -42.5697 95
      vertex -47.3 -42.4 86
      vertex -47.3 -42.4 95
    endloop
  endfacet
  facet normal 0.997868 0.0652701 0
    outer loop
      vertex -47.3 -42.4 86
      vertex -47.2889 -42.5697 95
      vertex -47.2889 -42.5697 86
    endloop
  endfacet
  facet normal 0.751483 0.659753 0
    outer loop
      vertex -46.9192 -43.3192 95
      vertex -47.0314 -43.1914 86
      vertex -47.0314 -43.1914 95
    endloop
  endfacet
  facet normal 0.751483 0.659753 0
    outer loop
      vertex -47.0314 -43.1914 86
      vertex -46.9192 -43.3192 95
      vertex -46.9192 -43.3192 86
    endloop
  endfacet
  facet normal -0.555243 -0.831688 0
    outer loop
      vertex -45.35 -41.2742 86
      vertex -45.2086 -41.3686 95
      vertex -45.35 -41.2742 95
    endloop
  endfacet
  facet normal -0.555243 -0.831688 -0
    outer loop
      vertex -45.2086 -41.3686 95
      vertex -45.35 -41.2742 86
      vertex -45.2086 -41.3686 86
    endloop
  endfacet
  facet normal 0.555243 0.831688 -0
    outer loop
      vertex -46.65 -43.5258 86
      vertex -46.7914 -43.4314 95
      vertex -46.65 -43.5258 95
    endloop
  endfacet
  facet normal 0.555243 0.831688 0
    outer loop
      vertex -46.7914 -43.4314 95
      vertex -46.65 -43.5258 86
      vertex -46.7914 -43.4314 86
    endloop
  endfacet
  facet normal -0.831688 -0.555243 0
    outer loop
      vertex -44.8742 -41.75 86
      vertex -44.9686 -41.6086 95
      vertex -44.9686 -41.6086 86
    endloop
  endfacet
  facet normal -0.831688 -0.555243 0
    outer loop
      vertex -44.9686 -41.6086 95
      vertex -44.8742 -41.75 86
      vertex -44.8742 -41.75 95
    endloop
  endfacet
  facet normal -0.195211 -0.980761 0
    outer loop
      vertex -45.8303 -41.1111 86
      vertex -45.6635 -41.1443 95
      vertex -45.8303 -41.1111 95
    endloop
  endfacet
  facet normal -0.195211 -0.980761 -0
    outer loop
      vertex -45.6635 -41.1443 95
      vertex -45.8303 -41.1111 86
      vertex -45.6635 -41.1443 86
    endloop
  endfacet
  facet normal 0.442267 0.896884 -0
    outer loop
      vertex -46.4975 -43.601 86
      vertex -46.65 -43.5258 95
      vertex -46.4975 -43.601 95
    endloop
  endfacet
  facet normal 0.442267 0.896884 0
    outer loop
      vertex -46.65 -43.5258 95
      vertex -46.4975 -43.601 86
      vertex -46.65 -43.5258 86
    endloop
  endfacet
  facet normal -0.0652701 0.997868 0
    outer loop
      vertex -45.8303 -43.6889 86
      vertex -46 -43.7 95
      vertex -45.8303 -43.6889 95
    endloop
  endfacet
  facet normal -0.0652701 0.997868 0
    outer loop
      vertex -46 -43.7 95
      vertex -45.8303 -43.6889 86
      vertex -46 -43.7 86
    endloop
  endfacet
  facet normal -0.442267 0.896884 0
    outer loop
      vertex -45.35 -43.5258 86
      vertex -45.5025 -43.601 95
      vertex -45.35 -43.5258 95
    endloop
  endfacet
  facet normal -0.442267 0.896884 0
    outer loop
      vertex -45.5025 -43.601 95
      vertex -45.35 -43.5258 86
      vertex -45.5025 -43.601 86
    endloop
  endfacet
  facet normal 0 0 1
    outer loop
      vertex -44.7111 -42.2303 86
      vertex -44.7111 -42.5697 86
      vertex -44.7 -42.4 86
    endloop
  endfacet
  facet normal 0 0 1
    outer loop
      vertex -44.7443 -42.0635 86
      vertex -44.7111 -42.5697 86
      vertex -44.7111 -42.2303 86
    endloop
  endfacet
  facet normal 0 0 1
    outer loop
      vertex -44.7443 -42.0635 86
      vertex -44.7443 -42.7365 86
      vertex -44.7111 -42.5697 86
    endloop
  endfacet
  facet normal 0 0 1
    outer loop
      vertex -44.799 -41.9025 86
      vertex -44.7443 -42.7365 86
      vertex -44.7443 -42.0635 86
    endloop
  endfacet
  facet normal 0 0 1
    outer loop
      vertex -44.799 -41.9025 86
      vertex -44.799 -42.8975 86
      vertex -44.7443 -42.7365 86
    endloop
  endfacet
  facet normal 0 0 1
    outer loop
      vertex -44.8742 -41.75 86
      vertex -44.799 -42.8975 86
      vertex -44.799 -41.9025 86
    endloop
  endfacet
  facet normal 0 0 1
    outer loop
      vertex -44.8742 -41.75 86
      vertex -44.8742 -43.05 86
      vertex -44.799 -42.8975 86
    endloop
  endfacet
  facet normal 0 0 1
    outer loop
      vertex -44.9686 -41.6086 86
      vertex -44.8742 -43.05 86
      vertex -44.8742 -41.75 86
    endloop
  endfacet
  facet normal 0 0 1
    outer loop
      vertex -44.9686 -41.6086 86
      vertex -44.9686 -43.1914 86
      vertex -44.8742 -43.05 86
    endloop
  endfacet
  facet normal 0 0 1
    outer loop
      vertex -45.0808 -41.4808 86
      vertex -44.9686 -43.1914 86
      vertex -44.9686 -41.6086 86
    endloop
  endfacet
  facet normal 0 0 1
    outer loop
      vertex -45.0808 -41.4808 86
      vertex -45.0808 -43.3192 86
      vertex -44.9686 -43.1914 86
    endloop
  endfacet
  facet normal 0 0 1
    outer loop
      vertex -45.2086 -41.3686 86
      vertex -45.0808 -43.3192 86
      vertex -45.0808 -41.4808 86
    endloop
  endfacet
  facet normal 0 0 1
    outer loop
      vertex -45.2086 -41.3686 86
      vertex -45.2086 -43.4314 86
      vertex -45.0808 -43.3192 86
    endloop
  endfacet
  facet normal 0 0 1
    outer loop
      vertex -45.35 -41.2742 86
      vertex -45.2086 -43.4314 86
      vertex -45.2086 -41.3686 86
    endloop
  endfacet
  facet normal 0 0 1
    outer loop
      vertex -45.35 -41.2742 86
      vertex -45.35 -43.5258 86
      vertex -45.2086 -43.4314 86
    endloop
  endfacet
  facet normal 0 0 1
    outer loop
      vertex -45.5025 -41.199 86
      vertex -45.35 -43.5258 86
      vertex -45.35 -41.2742 86
    endloop
  endfacet
  facet normal 0 0 1
    outer loop
      vertex -45.5025 -41.199 86
      vertex -45.5025 -43.601 86
      vertex -45.35 -43.5258 86
    endloop
  endfacet
  facet normal 0 0 1
    outer loop
      vertex -45.6635 -41.1443 86
      vertex -45.5025 -43.601 86
      vertex -45.5025 -41.199 86
    endloop
  endfacet
  facet normal 0 0 1
    outer loop
      vertex -45.6635 -41.1443 86
      vertex -45.6635 -43.6557 86
      vertex -45.5025 -43.601 86
    endloop
  endfacet
  facet normal 0 0 1
    outer loop
      vertex -45.8303 -41.1111 86
      vertex -45.6635 -43.6557 86
      vertex -45.6635 -41.1443 86
    endloop
  endfacet
  facet normal 0 0 1
    outer loop
      vertex -45.8303 -41.1111 86
      vertex -45.8303 -43.6889 86
      vertex -45.6635 -43.6557 86
    endloop
  endfacet
  facet normal 0 0 1
    outer loop
      vertex -46 -41.1 86
      vertex -45.8303 -43.6889 86
      vertex -45.8303 -41.1111 86
    endloop
  endfacet
  facet normal 0 0 1
    outer loop
      vertex -46 -41.1 86
      vertex -46 -43.7 86
      vertex -45.8303 -43.6889 86
    endloop
  endfacet
  facet normal -0 0 1
    outer loop
      vertex -46.1697 -41.1111 86
      vertex -46 -43.7 86
      vertex -46 -41.1 86
    endloop
  endfacet
  facet normal 0 0 1
    outer loop
      vertex -46.1697 -41.1111 86
      vertex -46.1697 -43.6889 86
      vertex -46 -43.7 86
    endloop
  endfacet
  facet normal -0 0 1
    outer loop
      vertex -46.3365 -41.1443 86
      vertex -46.1697 -43.6889 86
      vertex -46.1697 -41.1111 86
    endloop
  endfacet
  facet normal 0 0 1
    outer loop
      vertex -46.3365 -41.1443 86
      vertex -46.3365 -43.6557 86
      vertex -46.1697 -43.6889 86
    endloop
  endfacet
  facet normal -0 0 1
    outer loop
      vertex -46.4975 -41.199 86
      vertex -46.3365 -43.6557 86
      vertex -46.3365 -41.1443 86
    endloop
  endfacet
  facet normal 0 0 1
    outer loop
      vertex -46.4975 -41.199 86
      vertex -46.4975 -43.601 86
      vertex -46.3365 -43.6557 86
    endloop
  endfacet
  facet normal -0 0 1
    outer loop
      vertex -46.65 -41.2742 86
      vertex -46.4975 -43.601 86
      vertex -46.4975 -41.199 86
    endloop
  endfacet
  facet normal 0 0 1
    outer loop
      vertex -46.65 -41.2742 86
      vertex -46.65 -43.5258 86
      vertex -46.4975 -43.601 86
    endloop
  endfacet
  facet normal -0 0 1
    outer loop
      vertex -46.7914 -41.3686 86
      vertex -46.65 -43.5258 86
      vertex -46.65 -41.2742 86
    endloop
  endfacet
  facet normal 0 0 1
    outer loop
      vertex -46.7914 -41.3686 86
      vertex -46.7914 -43.4314 86
      vertex -46.65 -43.5258 86
    endloop
  endfacet
  facet normal -0 0 1
    outer loop
      vertex -46.9192 -41.4808 86
      vertex -46.7914 -43.4314 86
      vertex -46.7914 -41.3686 86
    endloop
  endfacet
  facet normal 0 0 1
    outer loop
      vertex -46.9192 -41.4808 86
      vertex -46.9192 -43.3192 86
      vertex -46.7914 -43.4314 86
    endloop
  endfacet
  facet normal -0 0 1
    outer loop
      vertex -47.0314 -41.6086 86
      vertex -46.9192 -43.3192 86
      vertex -46.9192 -41.4808 86
    endloop
  endfacet
  facet normal 0 0 1
    outer loop
      vertex -47.0314 -41.6086 86
      vertex -47.0314 -43.1914 86
      vertex -46.9192 -43.3192 86
    endloop
  endfacet
  facet normal -0 0 1
    outer loop
      vertex -47.1258 -41.75 86
      vertex -47.0314 -43.1914 86
      vertex -47.0314 -41.6086 86
    endloop
  endfacet
  facet normal 0 0 1
    outer loop
      vertex -47.1258 -41.75 86
      vertex -47.1258 -43.05 86
      vertex -47.0314 -43.1914 86
    endloop
  endfacet
  facet normal -0 0 1
    outer loop
      vertex -47.201 -41.9025 86
      vertex -47.1258 -43.05 86
      vertex -47.1258 -41.75 86
    endloop
  endfacet
  facet normal 0 0 1
    outer loop
      vertex -47.201 -41.9025 86
      vertex -47.201 -42.8975 86
      vertex -47.1258 -43.05 86
    endloop
  endfacet
  facet normal -0 0 1
    outer loop
      vertex -47.2557 -42.0635 86
      vertex -47.201 -42.8975 86
      vertex -47.201 -41.9025 86
    endloop
  endfacet
  facet normal 0 0 1
    outer loop
      vertex -47.2557 -42.0635 86
      vertex -47.2557 -42.7365 86
      vertex -47.201 -42.8975 86
    endloop
  endfacet
  facet normal -0 0 1
    outer loop
      vertex -47.2889 -42.2303 86
      vertex -47.2557 -42.7365 86
      vertex -47.2557 -42.0635 86
    endloop
  endfacet
  facet normal 0 0 1
    outer loop
      vertex -47.2889 -42.2303 86
      vertex -47.2889 -42.5697 86
      vertex -47.2557 -42.7365 86
    endloop
  endfacet
  facet normal 0 -0 1
    outer loop
      vertex -47.2889 -42.5697 86
      vertex -47.2889 -42.2303 86
      vertex -47.3 -42.4 86
    endloop
  endfacet
  facet normal -0.555243 0.831688 0
    outer loop
      vertex -45.2086 -43.4314 86
      vertex -45.35 -43.5258 95
      vertex -45.2086 -43.4314 95
    endloop
  endfacet
  facet normal -0.555243 0.831688 0
    outer loop
      vertex -45.35 -43.5258 95
      vertex -45.2086 -43.4314 86
      vertex -45.35 -43.5258 86
    endloop
  endfacet
  facet normal 0.980761 -0.195211 0
    outer loop
      vertex 44.7111 -42.2303 95
      vertex 44.7443 -42.0635 86
      vertex 44.7443 -42.0635 95
    endloop
  endfacet
  facet normal 0.980761 -0.195211 0
    outer loop
      vertex 44.7443 -42.0635 86
      vertex 44.7111 -42.2303 95
      vertex 44.7111 -42.2303 86
    endloop
  endfacet
  facet normal 0.997868 -0.0652701 0
    outer loop
      vertex 44.7 -42.4 95
      vertex 44.7111 -42.2303 86
      vertex 44.7111 -42.2303 95
    endloop
  endfacet
  facet normal 0.997868 -0.0652701 0
    outer loop
      vertex 44.7111 -42.2303 86
      vertex 44.7 -42.4 95
      vertex 44.7 -42.4 86
    endloop
  endfacet
  facet normal 0.946844 -0.321692 0
    outer loop
      vertex 44.7443 -42.0635 95
      vertex 44.799 -41.9025 86
      vertex 44.799 -41.9025 95
    endloop
  endfacet
  facet normal 0.946844 -0.321692 0
    outer loop
      vertex 44.799 -41.9025 86
      vertex 44.7443 -42.0635 95
      vertex 44.7443 -42.0635 86
    endloop
  endfacet
  facet normal 0.831688 -0.555243 0
    outer loop
      vertex 44.8742 -41.75 95
      vertex 44.9686 -41.6086 86
      vertex 44.9686 -41.6086 95
    endloop
  endfacet
  facet normal 0.831688 -0.555243 0
    outer loop
      vertex 44.9686 -41.6086 86
      vertex 44.8742 -41.75 95
      vertex 44.8742 -41.75 86
    endloop
  endfacet
  facet normal 0.195211 -0.980761 0
    outer loop
      vertex 45.6635 -41.1443 86
      vertex 45.8303 -41.1111 95
      vertex 45.6635 -41.1443 95
    endloop
  endfacet
  facet normal 0.195211 -0.980761 0
    outer loop
      vertex 45.8303 -41.1111 95
      vertex 45.6635 -41.1443 86
      vertex 45.8303 -41.1111 86
    endloop
  endfacet
  facet normal -0.442267 -0.896884 0
    outer loop
      vertex 46.4975 -41.199 86
      vertex 46.65 -41.2742 95
      vertex 46.4975 -41.199 95
    endloop
  endfacet
  facet normal -0.442267 -0.896884 -0
    outer loop
      vertex 46.65 -41.2742 95
      vertex 46.4975 -41.199 86
      vertex 46.65 -41.2742 86
    endloop
  endfacet
  facet normal -0.195211 0.980761 0
    outer loop
      vertex 46.3365 -43.6557 86
      vertex 46.1697 -43.6889 95
      vertex 46.3365 -43.6557 95
    endloop
  endfacet
  facet normal -0.195211 0.980761 0
    outer loop
      vertex 46.1697 -43.6889 95
      vertex 46.3365 -43.6557 86
      vertex 46.1697 -43.6889 86
    endloop
  endfacet
  facet normal 0.896884 0.442267 0
    outer loop
      vertex 44.8742 -43.05 95
      vertex 44.799 -42.8975 86
      vertex 44.799 -42.8975 95
    endloop
  endfacet
  facet normal 0.896884 0.442267 0
    outer loop
      vertex 44.799 -42.8975 86
      vertex 44.8742 -43.05 95
      vertex 44.8742 -43.05 86
    endloop
  endfacet
  facet normal 0.321692 0.946844 -0
    outer loop
      vertex 45.6635 -43.6557 86
      vertex 45.5025 -43.601 95
      vertex 45.6635 -43.6557 95
    endloop
  endfacet
  facet normal 0.321692 0.946844 0
    outer loop
      vertex 45.5025 -43.601 95
      vertex 45.6635 -43.6557 86
      vertex 45.5025 -43.601 86
    endloop
  endfacet
  facet normal 0.0652701 0.997868 -0
    outer loop
      vertex 46 -43.7 86
      vertex 45.8303 -43.6889 95
      vertex 46 -43.7 95
    endloop
  endfacet
  facet normal 0.0652701 0.997868 0
    outer loop
      vertex 45.8303 -43.6889 95
      vertex 46 -43.7 86
      vertex 45.8303 -43.6889 86
    endloop
  endfacet
  facet normal 0.896884 -0.442267 0
    outer loop
      vertex 44.799 -41.9025 95
      vertex 44.8742 -41.75 86
      vertex 44.8742 -41.75 95
    endloop
  endfacet
  facet normal 0.896884 -0.442267 0
    outer loop
      vertex 44.8742 -41.75 86
      vertex 44.799 -41.9025 95
      vertex 44.799 -41.9025 86
    endloop
  endfacet
  facet normal -0.321692 0.946844 0
    outer loop
      vertex 46.4975 -43.601 86
      vertex 46.3365 -43.6557 95
      vertex 46.4975 -43.601 95
    endloop
  endfacet
  facet normal -0.321692 0.946844 0
    outer loop
      vertex 46.3365 -43.6557 95
      vertex 46.4975 -43.601 86
      vertex 46.3365 -43.6557 86
    endloop
  endfacet
  facet normal -0.751483 -0.659753 0
    outer loop
      vertex 47.0314 -41.6086 86
      vertex 46.9192 -41.4808 95
      vertex 46.9192 -41.4808 86
    endloop
  endfacet
  facet normal -0.751483 -0.659753 0
    outer loop
      vertex 46.9192 -41.4808 95
      vertex 47.0314 -41.6086 86
      vertex 47.0314 -41.6086 95
    endloop
  endfacet
  facet normal -0.946844 0.321692 0
    outer loop
      vertex 47.201 -42.8975 86
      vertex 47.2557 -42.7365 95
      vertex 47.2557 -42.7365 86
    endloop
  endfacet
  facet normal -0.946844 0.321692 0
    outer loop
      vertex 47.2557 -42.7365 95
      vertex 47.201 -42.8975 86
      vertex 47.201 -42.8975 95
    endloop
  endfacet
  facet normal -0.659753 -0.751483 0
    outer loop
      vertex 46.7914 -41.3686 86
      vertex 46.9192 -41.4808 95
      vertex 46.7914 -41.3686 95
    endloop
  endfacet
  facet normal -0.659753 -0.751483 -0
    outer loop
      vertex 46.9192 -41.4808 95
      vertex 46.7914 -41.3686 86
      vertex 46.9192 -41.4808 86
    endloop
  endfacet
  facet normal -0.997868 0.0652701 0
    outer loop
      vertex 47.2889 -42.5697 86
      vertex 47.3 -42.4 95
      vertex 47.3 -42.4 86
    endloop
  endfacet
  facet normal -0.997868 0.0652701 0
    outer loop
      vertex 47.3 -42.4 95
      vertex 47.2889 -42.5697 86
      vertex 47.2889 -42.5697 95
    endloop
  endfacet
  facet normal -0.321692 -0.946844 0
    outer loop
      vertex 46.3365 -41.1443 86
      vertex 46.4975 -41.199 95
      vertex 46.3365 -41.1443 95
    endloop
  endfacet
  facet normal -0.321692 -0.946844 -0
    outer loop
      vertex 46.4975 -41.199 95
      vertex 46.3365 -41.1443 86
      vertex 46.4975 -41.199 86
    endloop
  endfacet
  facet normal 0.980761 0.195211 0
    outer loop
      vertex 44.7443 -42.7365 95
      vertex 44.7111 -42.5697 86
      vertex 44.7111 -42.5697 95
    endloop
  endfacet
  facet normal 0.980761 0.195211 0
    outer loop
      vertex 44.7111 -42.5697 86
      vertex 44.7443 -42.7365 95
      vertex 44.7443 -42.7365 86
    endloop
  endfacet
  facet normal -0.896884 -0.442267 0
    outer loop
      vertex 47.201 -41.9025 86
      vertex 47.1258 -41.75 95
      vertex 47.1258 -41.75 86
    endloop
  endfacet
  facet normal -0.896884 -0.442267 0
    outer loop
      vertex 47.1258 -41.75 95
      vertex 47.201 -41.9025 86
      vertex 47.201 -41.9025 95
    endloop
  endfacet
  facet normal -0.659753 0.751483 0
    outer loop
      vertex 46.9192 -43.3192 86
      vertex 46.7914 -43.4314 95
      vertex 46.9192 -43.3192 95
    endloop
  endfacet
  facet normal -0.659753 0.751483 0
    outer loop
      vertex 46.7914 -43.4314 95
      vertex 46.9192 -43.3192 86
      vertex 46.7914 -43.4314 86
    endloop
  endfacet
  facet normal 0.946844 0.321692 0
    outer loop
      vertex 44.799 -42.8975 95
      vertex 44.7443 -42.7365 86
      vertex 44.7443 -42.7365 95
    endloop
  endfacet
  facet normal 0.946844 0.321692 0
    outer loop
      vertex 44.7443 -42.7365 86
      vertex 44.799 -42.8975 95
      vertex 44.799 -42.8975 86
    endloop
  endfacet
  facet normal -0.831688 0.555243 0
    outer loop
      vertex 47.0314 -43.1914 86
      vertex 47.1258 -43.05 95
      vertex 47.1258 -43.05 86
    endloop
  endfacet
  facet normal -0.831688 0.555243 0
    outer loop
      vertex 47.1258 -43.05 95
      vertex 47.0314 -43.1914 86
      vertex 47.0314 -43.1914 95
    endloop
  endfacet
  facet normal 0.555243 -0.831688 0
    outer loop
      vertex 45.2086 -41.3686 86
      vertex 45.35 -41.2742 95
      vertex 45.2086 -41.3686 95
    endloop
  endfacet
  facet normal 0.555243 -0.831688 0
    outer loop
      vertex 45.35 -41.2742 95
      vertex 45.2086 -41.3686 86
      vertex 45.35 -41.2742 86
    endloop
  endfacet
  facet normal 0.659753 0.751483 -0
    outer loop
      vertex 45.2086 -43.4314 86
      vertex 45.0808 -43.3192 95
      vertex 45.2086 -43.4314 95
    endloop
  endfacet
  facet normal 0.659753 0.751483 0
    outer loop
      vertex 45.0808 -43.3192 95
      vertex 45.2086 -43.4314 86
      vertex 45.0808 -43.3192 86
    endloop
  endfacet
  facet normal 0.442267 -0.896884 0
    outer loop
      vertex 45.35 -41.2742 86
      vertex 45.5025 -41.199 95
      vertex 45.35 -41.2742 95
    endloop
  endfacet
  facet normal 0.442267 -0.896884 0
    outer loop
      vertex 45.5025 -41.199 95
      vertex 45.35 -41.2742 86
      vertex 45.5025 -41.199 86
    endloop
  endfacet
  facet normal -0.946844 -0.321692 0
    outer loop
      vertex 47.2557 -42.0635 86
      vertex 47.201 -41.9025 95
      vertex 47.201 -41.9025 86
    endloop
  endfacet
  facet normal -0.946844 -0.321692 0
    outer loop
      vertex 47.201 -41.9025 95
      vertex 47.2557 -42.0635 86
      vertex 47.2557 -42.0635 95
    endloop
  endfacet
  facet normal 0.321692 -0.946844 0
    outer loop
      vertex 45.5025 -41.199 86
      vertex 45.6635 -41.1443 95
      vertex 45.5025 -41.199 95
    endloop
  endfacet
  facet normal 0.321692 -0.946844 0
    outer loop
      vertex 45.6635 -41.1443 95
      vertex 45.5025 -41.199 86
      vertex 45.6635 -41.1443 86
    endloop
  endfacet
  facet normal 0.659753 -0.751483 0
    outer loop
      vertex 45.0808 -41.4808 86
      vertex 45.2086 -41.3686 95
      vertex 45.0808 -41.4808 95
    endloop
  endfacet
  facet normal 0.659753 -0.751483 0
    outer loop
      vertex 45.2086 -41.3686 95
      vertex 45.0808 -41.4808 86
      vertex 45.2086 -41.3686 86
    endloop
  endfacet
  facet normal 0.195211 0.980761 -0
    outer loop
      vertex 45.8303 -43.6889 86
      vertex 45.6635 -43.6557 95
      vertex 45.8303 -43.6889 95
    endloop
  endfacet
  facet normal 0.195211 0.980761 0
    outer loop
      vertex 45.6635 -43.6557 95
      vertex 45.8303 -43.6889 86
      vertex 45.6635 -43.6557 86
    endloop
  endfacet
  facet normal -0.980761 -0.195211 0
    outer loop
      vertex 47.2889 -42.2303 86
      vertex 47.2557 -42.0635 95
      vertex 47.2557 -42.0635 86
    endloop
  endfacet
  facet normal -0.980761 -0.195211 0
    outer loop
      vertex 47.2557 -42.0635 95
      vertex 47.2889 -42.2303 86
      vertex 47.2889 -42.2303 95
    endloop
  endfacet
  facet normal -0.896884 0.442267 0
    outer loop
      vertex 47.1258 -43.05 86
      vertex 47.201 -42.8975 95
      vertex 47.201 -42.8975 86
    endloop
  endfacet
  facet normal -0.896884 0.442267 0
    outer loop
      vertex 47.201 -42.8975 95
      vertex 47.1258 -43.05 86
      vertex 47.1258 -43.05 95
    endloop
  endfacet
  facet normal -0.997868 -0.0652701 0
    outer loop
      vertex 47.3 -42.4 86
      vertex 47.2889 -42.2303 95
      vertex 47.2889 -42.2303 86
    endloop
  endfacet
  facet normal -0.997868 -0.0652701 0
    outer loop
      vertex 47.2889 -42.2303 95
      vertex 47.3 -42.4 86
      vertex 47.3 -42.4 95
    endloop
  endfacet
  facet normal 0.831688 0.555243 0
    outer loop
      vertex 44.9686 -43.1914 95
      vertex 44.8742 -43.05 86
      vertex 44.8742 -43.05 95
    endloop
  endfacet
  facet normal 0.831688 0.555243 0
    outer loop
      vertex 44.8742 -43.05 86
      vertex 44.9686 -43.1914 95
      vertex 44.9686 -43.1914 86
    endloop
  endfacet
  facet normal -0.980761 0.195211 0
    outer loop
      vertex 47.2557 -42.7365 86
      vertex 47.2889 -42.5697 95
      vertex 47.2889 -42.5697 86
    endloop
  endfacet
  facet normal -0.980761 0.195211 0
    outer loop
      vertex 47.2889 -42.5697 95
      vertex 47.2557 -42.7365 86
      vertex 47.2557 -42.7365 95
    endloop
  endfacet
  facet normal 0.751483 -0.659753 0
    outer loop
      vertex 44.9686 -41.6086 95
      vertex 45.0808 -41.4808 86
      vertex 45.0808 -41.4808 95
    endloop
  endfacet
  facet normal 0.751483 -0.659753 0
    outer loop
      vertex 45.0808 -41.4808 86
      vertex 44.9686 -41.6086 95
      vertex 44.9686 -41.6086 86
    endloop
  endfacet
  facet normal 0.0652701 -0.997868 0
    outer loop
      vertex 45.8303 -41.1111 86
      vertex 46 -41.1 95
      vertex 45.8303 -41.1111 95
    endloop
  endfacet
  facet normal 0.0652701 -0.997868 0
    outer loop
      vertex 46 -41.1 95
      vertex 45.8303 -41.1111 86
      vertex 46 -41.1 86
    endloop
  endfacet
  facet normal -0.0652701 -0.997868 0
    outer loop
      vertex 46 -41.1 86
      vertex 46.1697 -41.1111 95
      vertex 46 -41.1 95
    endloop
  endfacet
  facet normal -0.0652701 -0.997868 -0
    outer loop
      vertex 46.1697 -41.1111 95
      vertex 46 -41.1 86
      vertex 46.1697 -41.1111 86
    endloop
  endfacet
  facet normal 0.997868 0.0652701 0
    outer loop
      vertex 44.7111 -42.5697 95
      vertex 44.7 -42.4 86
      vertex 44.7 -42.4 95
    endloop
  endfacet
  facet normal 0.997868 0.0652701 0
    outer loop
      vertex 44.7 -42.4 86
      vertex 44.7111 -42.5697 95
      vertex 44.7111 -42.5697 86
    endloop
  endfacet
  facet normal 0.751483 0.659753 0
    outer loop
      vertex 45.0808 -43.3192 95
      vertex 44.9686 -43.1914 86
      vertex 44.9686 -43.1914 95
    endloop
  endfacet
  facet normal 0.751483 0.659753 0
    outer loop
      vertex 44.9686 -43.1914 86
      vertex 45.0808 -43.3192 95
      vertex 45.0808 -43.3192 86
    endloop
  endfacet
  facet normal -0.555243 -0.831688 0
    outer loop
      vertex 46.65 -41.2742 86
      vertex 46.7914 -41.3686 95
      vertex 46.65 -41.2742 95
    endloop
  endfacet
  facet normal -0.555243 -0.831688 -0
    outer loop
      vertex 46.7914 -41.3686 95
      vertex 46.65 -41.2742 86
      vertex 46.7914 -41.3686 86
    endloop
  endfacet
  facet normal 0.555243 0.831688 -0
    outer loop
      vertex 45.35 -43.5258 86
      vertex 45.2086 -43.4314 95
      vertex 45.35 -43.5258 95
    endloop
  endfacet
  facet normal 0.555243 0.831688 0
    outer loop
      vertex 45.2086 -43.4314 95
      vertex 45.35 -43.5258 86
      vertex 45.2086 -43.4314 86
    endloop
  endfacet
  facet normal -0.831688 -0.555243 0
    outer loop
      vertex 47.1258 -41.75 86
      vertex 47.0314 -41.6086 95
      vertex 47.0314 -41.6086 86
    endloop
  endfacet
  facet normal -0.831688 -0.555243 0
    outer loop
      vertex 47.0314 -41.6086 95
      vertex 47.1258 -41.75 86
      vertex 47.1258 -41.75 95
    endloop
  endfacet
  facet normal -0.195211 -0.980761 0
    outer loop
      vertex 46.1697 -41.1111 86
      vertex 46.3365 -41.1443 95
      vertex 46.1697 -41.1111 95
    endloop
  endfacet
  facet normal -0.195211 -0.980761 -0
    outer loop
      vertex 46.3365 -41.1443 95
      vertex 46.1697 -41.1111 86
      vertex 46.3365 -41.1443 86
    endloop
  endfacet
  facet normal 0.442267 0.896884 -0
    outer loop
      vertex 45.5025 -43.601 86
      vertex 45.35 -43.5258 95
      vertex 45.5025 -43.601 95
    endloop
  endfacet
  facet normal 0.442267 0.896884 0
    outer loop
      vertex 45.35 -43.5258 95
      vertex 45.5025 -43.601 86
      vertex 45.35 -43.5258 86
    endloop
  endfacet
  facet normal -0.0652701 0.997868 0
    outer loop
      vertex 46.1697 -43.6889 86
      vertex 46 -43.7 95
      vertex 46.1697 -43.6889 95
    endloop
  endfacet
  facet normal -0.0652701 0.997868 0
    outer loop
      vertex 46 -43.7 95
      vertex 46.1697 -43.6889 86
      vertex 46 -43.7 86
    endloop
  endfacet
  facet normal -0.751483 0.659753 0
    outer loop
      vertex 46.9192 -43.3192 86
      vertex 47.0314 -43.1914 95
      vertex 47.0314 -43.1914 86
    endloop
  endfacet
  facet normal -0.751483 0.659753 0
    outer loop
      vertex 47.0314 -43.1914 95
      vertex 46.9192 -43.3192 86
      vertex 46.9192 -43.3192 95
    endloop
  endfacet
  facet normal -0.442267 0.896884 0
    outer loop
      vertex 46.65 -43.5258 86
      vertex 46.4975 -43.601 95
      vertex 46.65 -43.5258 95
    endloop
  endfacet
  facet normal -0.442267 0.896884 0
    outer loop
      vertex 46.4975 -43.601 95
      vertex 46.65 -43.5258 86
      vertex 46.4975 -43.601 86
    endloop
  endfacet
  facet normal 0 0 1
    outer loop
      vertex 47.2889 -42.2303 86
      vertex 47.2889 -42.5697 86
      vertex 47.3 -42.4 86
    endloop
  endfacet
  facet normal 0 0 1
    outer loop
      vertex 47.2557 -42.0635 86
      vertex 47.2889 -42.5697 86
      vertex 47.2889 -42.2303 86
    endloop
  endfacet
  facet normal 0 0 1
    outer loop
      vertex 47.2557 -42.0635 86
      vertex 47.2557 -42.7365 86
      vertex 47.2889 -42.5697 86
    endloop
  endfacet
  facet normal 0 0 1
    outer loop
      vertex 47.201 -41.9025 86
      vertex 47.2557 -42.7365 86
      vertex 47.2557 -42.0635 86
    endloop
  endfacet
  facet normal 0 0 1
    outer loop
      vertex 47.201 -41.9025 86
      vertex 47.201 -42.8975 86
      vertex 47.2557 -42.7365 86
    endloop
  endfacet
  facet normal 0 0 1
    outer loop
      vertex 47.1258 -41.75 86
      vertex 47.201 -42.8975 86
      vertex 47.201 -41.9025 86
    endloop
  endfacet
  facet normal 0 0 1
    outer loop
      vertex 47.1258 -41.75 86
      vertex 47.1258 -43.05 86
      vertex 47.201 -42.8975 86
    endloop
  endfacet
  facet normal 0 0 1
    outer loop
      vertex 47.0314 -41.6086 86
      vertex 47.1258 -43.05 86
      vertex 47.1258 -41.75 86
    endloop
  endfacet
  facet normal 0 0 1
    outer loop
      vertex 47.0314 -41.6086 86
      vertex 47.0314 -43.1914 86
      vertex 47.1258 -43.05 86
    endloop
  endfacet
  facet normal 0 0 1
    outer loop
      vertex 46.9192 -41.4808 86
      vertex 47.0314 -43.1914 86
      vertex 47.0314 -41.6086 86
    endloop
  endfacet
  facet normal 0 0 1
    outer loop
      vertex 46.9192 -41.4808 86
      vertex 46.9192 -43.3192 86
      vertex 47.0314 -43.1914 86
    endloop
  endfacet
  facet normal 0 0 1
    outer loop
      vertex 46.7914 -41.3686 86
      vertex 46.9192 -43.3192 86
      vertex 46.9192 -41.4808 86
    endloop
  endfacet
  facet normal 0 0 1
    outer loop
      vertex 46.7914 -41.3686 86
      vertex 46.7914 -43.4314 86
      vertex 46.9192 -43.3192 86
    endloop
  endfacet
  facet normal 0 0 1
    outer loop
      vertex 46.65 -41.2742 86
      vertex 46.7914 -43.4314 86
      vertex 46.7914 -41.3686 86
    endloop
  endfacet
  facet normal 0 0 1
    outer loop
      vertex 46.65 -41.2742 86
      vertex 46.65 -43.5258 86
      vertex 46.7914 -43.4314 86
    endloop
  endfacet
  facet normal 0 0 1
    outer loop
      vertex 46.4975 -41.199 86
      vertex 46.65 -43.5258 86
      vertex 46.65 -41.2742 86
    endloop
  endfacet
  facet normal 0 0 1
    outer loop
      vertex 46.4975 -41.199 86
      vertex 46.4975 -43.601 86
      vertex 46.65 -43.5258 86
    endloop
  endfacet
  facet normal 0 0 1
    outer loop
      vertex 46.3365 -41.1443 86
      vertex 46.4975 -43.601 86
      vertex 46.4975 -41.199 86
    endloop
  endfacet
  facet normal 0 0 1
    outer loop
      vertex 46.3365 -41.1443 86
      vertex 46.3365 -43.6557 86
      vertex 46.4975 -43.601 86
    endloop
  endfacet
  facet normal 0 0 1
    outer loop
      vertex 46.1697 -41.1111 86
      vertex 46.3365 -43.6557 86
      vertex 46.3365 -41.1443 86
    endloop
  endfacet
  facet normal 0 0 1
    outer loop
      vertex 46.1697 -41.1111 86
      vertex 46.1697 -43.6889 86
      vertex 46.3365 -43.6557 86
    endloop
  endfacet
  facet normal 0 0 1
    outer loop
      vertex 46 -41.1 86
      vertex 46.1697 -43.6889 86
      vertex 46.1697 -41.1111 86
    endloop
  endfacet
  facet normal 0 0 1
    outer loop
      vertex 46 -41.1 86
      vertex 46 -43.7 86
      vertex 46.1697 -43.6889 86
    endloop
  endfacet
  facet normal -0 0 1
    outer loop
      vertex 45.8303 -41.1111 86
      vertex 46 -43.7 86
      vertex 46 -41.1 86
    endloop
  endfacet
  facet normal 0 0 1
    outer loop
      vertex 45.8303 -41.1111 86
      vertex 45.8303 -43.6889 86
      vertex 46 -43.7 86
    endloop
  endfacet
  facet normal -0 0 1
    outer loop
      vertex 45.6635 -41.1443 86
      vertex 45.8303 -43.6889 86
      vertex 45.8303 -41.1111 86
    endloop
  endfacet
  facet normal 0 0 1
    outer loop
      vertex 45.6635 -41.1443 86
      vertex 45.6635 -43.6557 86
      vertex 45.8303 -43.6889 86
    endloop
  endfacet
  facet normal -0 0 1
    outer loop
      vertex 45.5025 -41.199 86
      vertex 45.6635 -43.6557 86
      vertex 45.6635 -41.1443 86
    endloop
  endfacet
  facet normal 0 0 1
    outer loop
      vertex 45.5025 -41.199 86
      vertex 45.5025 -43.601 86
      vertex 45.6635 -43.6557 86
    endloop
  endfacet
  facet normal -0 0 1
    outer loop
      vertex 45.35 -41.2742 86
      vertex 45.5025 -43.601 86
      vertex 45.5025 -41.199 86
    endloop
  endfacet
  facet normal 0 0 1
    outer loop
      vertex 45.35 -41.2742 86
      vertex 45.35 -43.5258 86
      vertex 45.5025 -43.601 86
    endloop
  endfacet
  facet normal -0 0 1
    outer loop
      vertex 45.2086 -41.3686 86
      vertex 45.35 -43.5258 86
      vertex 45.35 -41.2742 86
    endloop
  endfacet
  facet normal 0 0 1
    outer loop
      vertex 45.2086 -41.3686 86
      vertex 45.2086 -43.4314 86
      vertex 45.35 -43.5258 86
    endloop
  endfacet
  facet normal -0 0 1
    outer loop
      vertex 45.0808 -41.4808 86
      vertex 45.2086 -43.4314 86
      vertex 45.2086 -41.3686 86
    endloop
  endfacet
  facet normal 0 0 1
    outer loop
      vertex 45.0808 -41.4808 86
      vertex 45.0808 -43.3192 86
      vertex 45.2086 -43.4314 86
    endloop
  endfacet
  facet normal -0 0 1
    outer loop
      vertex 44.9686 -41.6086 86
      vertex 45.0808 -43.3192 86
      vertex 45.0808 -41.4808 86
    endloop
  endfacet
  facet normal 0 0 1
    outer loop
      vertex 44.9686 -41.6086 86
      vertex 44.9686 -43.1914 86
      vertex 45.0808 -43.3192 86
    endloop
  endfacet
  facet normal -0 0 1
    outer loop
      vertex 44.8742 -41.75 86
      vertex 44.9686 -43.1914 86
      vertex 44.9686 -41.6086 86
    endloop
  endfacet
  facet normal 0 0 1
    outer loop
      vertex 44.8742 -41.75 86
      vertex 44.8742 -43.05 86
      vertex 44.9686 -43.1914 86
    endloop
  endfacet
  facet normal -0 0 1
    outer loop
      vertex 44.799 -41.9025 86
      vertex 44.8742 -43.05 86
      vertex 44.8742 -41.75 86
    endloop
  endfacet
  facet normal 0 0 1
    outer loop
      vertex 44.799 -41.9025 86
      vertex 44.799 -42.8975 86
      vertex 44.8742 -43.05 86
    endloop
  endfacet
  facet normal -0 0 1
    outer loop
      vertex 44.7443 -42.0635 86
      vertex 44.799 -42.8975 86
      vertex 44.799 -41.9025 86
    endloop
  endfacet
  facet normal 0 0 1
    outer loop
      vertex 44.7443 -42.0635 86
      vertex 44.7443 -42.7365 86
      vertex 44.799 -42.8975 86
    endloop
  endfacet
  facet normal -0 0 1
    outer loop
      vertex 44.7111 -42.2303 86
      vertex 44.7443 -42.7365 86
      vertex 44.7443 -42.0635 86
    endloop
  endfacet
  facet normal 0 0 1
    outer loop
      vertex 44.7111 -42.2303 86
      vertex 44.7111 -42.5697 86
      vertex 44.7443 -42.7365 86
    endloop
  endfacet
  facet normal 0 -0 1
    outer loop
      vertex 44.7111 -42.5697 86
      vertex 44.7111 -42.2303 86
      vertex 44.7 -42.4 86
    endloop
  endfacet
  facet normal -0.555243 0.831688 0
    outer loop
      vertex 46.7914 -43.4314 86
      vertex 46.65 -43.5258 95
      vertex 46.7914 -43.4314 95
    endloop
  endfacet
  facet normal -0.555243 0.831688 0
    outer loop
      vertex 46.65 -43.5258 95
      vertex 46.7914 -43.4314 86
      vertex 46.65 -43.5258 86
    endloop
  endfacet
  facet normal 0.321481 0.946916 -0
    outer loop
      vertex -30.3365 4.7443 86
      vertex -30.4975 4.79896 95
      vertex -30.3365 4.7443 95
    endloop
  endfacet
  facet normal 0.321481 0.946916 0
    outer loop
      vertex -30.4975 4.79896 95
      vertex -30.3365 4.7443 86
      vertex -30.4975 4.79896 86
    endloop
  endfacet
  facet normal 0.980757 -0.195234 0
    outer loop
      vertex -31.2889 6.16968 95
      vertex -31.2557 6.33646 86
      vertex -31.2557 6.33646 95
    endloop
  endfacet
  facet normal 0.980757 -0.195234 0
    outer loop
      vertex -31.2557 6.33646 86
      vertex -31.2889 6.16968 95
      vertex -31.2889 6.16968 86
    endloop
  endfacet
  facet normal 0.997867 -0.0652777 0
    outer loop
      vertex -31.3 6 95
      vertex -31.2889 6.16968 86
      vertex -31.2889 6.16968 95
    endloop
  endfacet
  facet normal 0.997867 -0.0652777 0
    outer loop
      vertex -31.2889 6.16968 86
      vertex -31.3 6 95
      vertex -31.3 6 86
    endloop
  endfacet
  facet normal 0.946863 -0.321638 0
    outer loop
      vertex -31.2557 6.33646 95
      vertex -31.201 6.49749 86
      vertex -31.201 6.49749 95
    endloop
  endfacet
  facet normal 0.946863 -0.321638 0
    outer loop
      vertex -31.201 6.49749 86
      vertex -31.2557 6.33646 95
      vertex -31.2557 6.33646 86
    endloop
  endfacet
  facet normal 0.321481 -0.946916 0
    outer loop
      vertex -30.4975 7.20104 86
      vertex -30.3365 7.2557 95
      vertex -30.4975 7.20104 95
    endloop
  endfacet
  facet normal 0.321481 -0.946916 0
    outer loop
      vertex -30.3365 7.2557 95
      vertex -30.4975 7.20104 86
      vertex -30.3365 7.2557 86
    endloop
  endfacet
  facet normal -0.896895 -0.442243 0
    outer loop
      vertex -28.799 6.49749 86
      vertex -28.8742 6.65 95
      vertex -28.8742 6.65 86
    endloop
  endfacet
  facet normal -0.896895 -0.442243 0
    outer loop
      vertex -28.8742 6.65 95
      vertex -28.799 6.49749 86
      vertex -28.799 6.49749 95
    endloop
  endfacet
  facet normal -0.751611 0.659607 0
    outer loop
      vertex -29.0808 5.08076 86
      vertex -28.9686 5.20861 95
      vertex -28.9686 5.20861 86
    endloop
  endfacet
  facet normal -0.751611 0.659607 0
    outer loop
      vertex -28.9686 5.20861 95
      vertex -29.0808 5.08076 86
      vertex -29.0808 5.08076 95
    endloop
  endfacet
  facet normal 0.83167 -0.55527 0
    outer loop
      vertex -31.1258 6.65 95
      vertex -31.0314 6.79139 86
      vertex -31.0314 6.79139 95
    endloop
  endfacet
  facet normal 0.83167 -0.55527 0
    outer loop
      vertex -31.0314 6.79139 86
      vertex -31.1258 6.65 95
      vertex -31.1258 6.65 86
    endloop
  endfacet
  facet normal 0.896895 -0.442243 0
    outer loop
      vertex -31.201 6.49749 95
      vertex -31.1258 6.65 86
      vertex -31.1258 6.65 95
    endloop
  endfacet
  facet normal 0.896895 -0.442243 0
    outer loop
      vertex -31.1258 6.65 86
      vertex -31.201 6.49749 95
      vertex -31.201 6.49749 86
    endloop
  endfacet
  facet normal -0.659487 0.751716 0
    outer loop
      vertex -29.0808 5.08076 86
      vertex -29.2086 4.96864 95
      vertex -29.0808 5.08076 95
    endloop
  endfacet
  facet normal -0.659487 0.751716 0
    outer loop
      vertex -29.2086 4.96864 95
      vertex -29.0808 5.08076 86
      vertex -29.2086 4.96864 86
    endloop
  endfacet
  facet normal -0.751611 -0.659607 0
    outer loop
      vertex -28.9686 6.79139 86
      vertex -29.0808 6.91924 95
      vertex -29.0808 6.91924 86
    endloop
  endfacet
  facet normal -0.751611 -0.659607 0
    outer loop
      vertex -29.0808 6.91924 95
      vertex -28.9686 6.79139 86
      vertex -28.9686 6.79139 95
    endloop
  endfacet
  facet normal 0.946863 0.321638 0
    outer loop
      vertex -31.201 5.50251 95
      vertex -31.2557 5.66354 86
      vertex -31.2557 5.66354 95
    endloop
  endfacet
  facet normal 0.946863 0.321638 0
    outer loop
      vertex -31.2557 5.66354 86
      vertex -31.201 5.50251 95
      vertex -31.201 5.50251 86
    endloop
  endfacet
  facet normal -0.83167 -0.55527 0
    outer loop
      vertex -28.8742 6.65 86
      vertex -28.9686 6.79139 95
      vertex -28.9686 6.79139 86
    endloop
  endfacet
  facet normal -0.83167 -0.55527 0
    outer loop
      vertex -28.9686 6.79139 95
      vertex -28.8742 6.65 86
      vertex -28.8742 6.65 95
    endloop
  endfacet
  facet normal -0.195098 -0.980784 0
    outer loop
      vertex -29.8303 7.28888 86
      vertex -29.6635 7.2557 95
      vertex -29.8303 7.28888 95
    endloop
  endfacet
  facet normal -0.195098 -0.980784 -0
    outer loop
      vertex -29.6635 7.2557 95
      vertex -29.8303 7.28888 86
      vertex -29.6635 7.2557 86
    endloop
  endfacet
  facet normal 0.442314 0.89686 -0
    outer loop
      vertex -30.4975 4.79896 86
      vertex -30.65 4.87417 95
      vertex -30.4975 4.79896 95
    endloop
  endfacet
  facet normal 0.442314 0.89686 0
    outer loop
      vertex -30.65 4.87417 95
      vertex -30.4975 4.79896 86
      vertex -30.65 4.87417 86
    endloop
  endfacet
  facet normal -0.946863 -0.321638 0
    outer loop
      vertex -28.7443 6.33646 86
      vertex -28.799 6.49749 95
      vertex -28.799 6.49749 86
    endloop
  endfacet
  facet normal -0.946863 -0.321638 0
    outer loop
      vertex -28.799 6.49749 95
      vertex -28.7443 6.33646 86
      vertex -28.7443 6.33646 95
    endloop
  endfacet
  facet normal -0.442314 -0.89686 0
    outer loop
      vertex -29.5025 7.20104 86
      vertex -29.35 7.12583 95
      vertex -29.5025 7.20104 95
    endloop
  endfacet
  facet normal -0.442314 -0.89686 -0
    outer loop
      vertex -29.35 7.12583 95
      vertex -29.5025 7.20104 86
      vertex -29.35 7.12583 86
    endloop
  endfacet
  facet normal -0.321481 0.946916 0
    outer loop
      vertex -29.5025 4.79896 86
      vertex -29.6635 4.7443 95
      vertex -29.5025 4.79896 95
    endloop
  endfacet
  facet normal -0.321481 0.946916 0
    outer loop
      vertex -29.6635 4.7443 95
      vertex -29.5025 4.79896 86
      vertex -29.6635 4.7443 86
    endloop
  endfacet
  facet normal 0.83167 0.55527 0
    outer loop
      vertex -31.0314 5.20861 95
      vertex -31.1258 5.35 86
      vertex -31.1258 5.35 95
    endloop
  endfacet
  facet normal 0.83167 0.55527 0
    outer loop
      vertex -31.1258 5.35 86
      vertex -31.0314 5.20861 95
      vertex -31.0314 5.20861 86
    endloop
  endfacet
  facet normal 0.195098 0.980784 -0
    outer loop
      vertex -30.1697 4.71112 86
      vertex -30.3365 4.7443 95
      vertex -30.1697 4.71112 95
    endloop
  endfacet
  facet normal 0.195098 0.980784 0
    outer loop
      vertex -30.3365 4.7443 95
      vertex -30.1697 4.71112 86
      vertex -30.3365 4.7443 86
    endloop
  endfacet
  facet normal 0.0653872 -0.99786 0
    outer loop
      vertex -30.1697 7.28888 86
      vertex -30 7.3 95
      vertex -30.1697 7.28888 95
    endloop
  endfacet
  facet normal 0.0653872 -0.99786 0
    outer loop
      vertex -30 7.3 95
      vertex -30.1697 7.28888 86
      vertex -30 7.3 86
    endloop
  endfacet
  facet normal 0.980757 0.195234 0
    outer loop
      vertex -31.2557 5.66354 95
      vertex -31.2889 5.83032 86
      vertex -31.2889 5.83032 95
    endloop
  endfacet
  facet normal 0.980757 0.195234 0
    outer loop
      vertex -31.2889 5.83032 86
      vertex -31.2557 5.66354 95
      vertex -31.2557 5.66354 86
    endloop
  endfacet
  facet normal 0.555528 0.831498 -0
    outer loop
      vertex -30.65 4.87417 86
      vertex -30.7914 4.96864 95
      vertex -30.65 4.87417 95
    endloop
  endfacet
  facet normal 0.555528 0.831498 0
    outer loop
      vertex -30.7914 4.96864 95
      vertex -30.65 4.87417 86
      vertex -30.7914 4.96864 86
    endloop
  endfacet
  facet normal 0.555528 -0.831498 0
    outer loop
      vertex -30.7914 7.03136 86
      vertex -30.65 7.12583 95
      vertex -30.7914 7.03136 95
    endloop
  endfacet
  facet normal 0.555528 -0.831498 0
    outer loop
      vertex -30.65 7.12583 95
      vertex -30.7914 7.03136 86
      vertex -30.65 7.12583 86
    endloop
  endfacet
  facet normal 0.896895 0.442243 0
    outer loop
      vertex -31.1258 5.35 95
      vertex -31.201 5.50251 86
      vertex -31.201 5.50251 95
    endloop
  endfacet
  facet normal 0.896895 0.442243 0
    outer loop
      vertex -31.201 5.50251 86
      vertex -31.1258 5.35 95
      vertex -31.1258 5.35 86
    endloop
  endfacet
  facet normal -0.555528 -0.831498 0
    outer loop
      vertex -29.35 7.12583 86
      vertex -29.2086 7.03136 95
      vertex -29.35 7.12583 95
    endloop
  endfacet
  facet normal -0.555528 -0.831498 -0
    outer loop
      vertex -29.2086 7.03136 95
      vertex -29.35 7.12583 86
      vertex -29.2086 7.03136 86
    endloop
  endfacet
  facet normal 0.751611 0.659607 0
    outer loop
      vertex -30.9192 5.08076 95
      vertex -31.0314 5.20861 86
      vertex -31.0314 5.20861 95
    endloop
  endfacet
  facet normal 0.751611 0.659607 0
    outer loop
      vertex -31.0314 5.20861 86
      vertex -30.9192 5.08076 95
      vertex -30.9192 5.08076 86
    endloop
  endfacet
  facet normal 0.195098 -0.980784 0
    outer loop
      vertex -30.3365 7.2557 86
      vertex -30.1697 7.28888 95
      vertex -30.3365 7.2557 95
    endloop
  endfacet
  facet normal 0.195098 -0.980784 0
    outer loop
      vertex -30.1697 7.28888 95
      vertex -30.3365 7.2557 86
      vertex -30.1697 7.28888 86
    endloop
  endfacet
  facet normal -0.659487 -0.751716 0
    outer loop
      vertex -29.2086 7.03136 86
      vertex -29.0808 6.91924 95
      vertex -29.2086 7.03136 95
    endloop
  endfacet
  facet normal -0.659487 -0.751716 -0
    outer loop
      vertex -29.0808 6.91924 95
      vertex -29.2086 7.03136 86
      vertex -29.0808 6.91924 86
    endloop
  endfacet
  facet normal -0.321481 -0.946916 0
    outer loop
      vertex -29.6635 7.2557 86
      vertex -29.5025 7.20104 95
      vertex -29.6635 7.2557 95
    endloop
  endfacet
  facet normal -0.321481 -0.946916 -0
    outer loop
      vertex -29.5025 7.20104 95
      vertex -29.6635 7.2557 86
      vertex -29.5025 7.20104 86
    endloop
  endfacet
  facet normal 0.997867 0.0652777 0
    outer loop
      vertex -31.2889 5.83032 95
      vertex -31.3 6 86
      vertex -31.3 6 95
    endloop
  endfacet
  facet normal 0.997867 0.0652777 0
    outer loop
      vertex -31.3 6 86
      vertex -31.2889 5.83032 95
      vertex -31.2889 5.83032 86
    endloop
  endfacet
  facet normal -0.980757 0.195234 0
    outer loop
      vertex -28.7443 5.66354 86
      vertex -28.7111 5.83032 95
      vertex -28.7111 5.83032 86
    endloop
  endfacet
  facet normal -0.980757 0.195234 0
    outer loop
      vertex -28.7111 5.83032 95
      vertex -28.7443 5.66354 86
      vertex -28.7443 5.66354 95
    endloop
  endfacet
  facet normal 0.659487 -0.751716 0
    outer loop
      vertex -30.9192 6.91924 86
      vertex -30.7914 7.03136 95
      vertex -30.9192 6.91924 95
    endloop
  endfacet
  facet normal 0.659487 -0.751716 0
    outer loop
      vertex -30.7914 7.03136 95
      vertex -30.9192 6.91924 86
      vertex -30.7914 7.03136 86
    endloop
  endfacet
  facet normal 0.0653872 0.99786 -0
    outer loop
      vertex -30 4.7 86
      vertex -30.1697 4.71112 95
      vertex -30 4.7 95
    endloop
  endfacet
  facet normal 0.0653872 0.99786 0
    outer loop
      vertex -30.1697 4.71112 95
      vertex -30 4.7 86
      vertex -30.1697 4.71112 86
    endloop
  endfacet
  facet normal -0.896895 0.442243 0
    outer loop
      vertex -28.8742 5.35 86
      vertex -28.799 5.50251 95
      vertex -28.799 5.50251 86
    endloop
  endfacet
  facet normal -0.896895 0.442243 0
    outer loop
      vertex -28.799 5.50251 95
      vertex -28.8742 5.35 86
      vertex -28.8742 5.35 95
    endloop
  endfacet
  facet normal -0.442314 0.89686 0
    outer loop
      vertex -29.35 4.87417 86
      vertex -29.5025 4.79896 95
      vertex -29.35 4.87417 95
    endloop
  endfacet
  facet normal -0.442314 0.89686 0
    outer loop
      vertex -29.5025 4.79896 95
      vertex -29.35 4.87417 86
      vertex -29.5025 4.79896 86
    endloop
  endfacet
  facet normal -0.83167 0.55527 0
    outer loop
      vertex -28.9686 5.20861 86
      vertex -28.8742 5.35 95
      vertex -28.8742 5.35 86
    endloop
  endfacet
  facet normal -0.83167 0.55527 0
    outer loop
      vertex -28.8742 5.35 95
      vertex -28.9686 5.20861 86
      vertex -28.9686 5.20861 95
    endloop
  endfacet
  facet normal 0.751611 -0.659607 0
    outer loop
      vertex -31.0314 6.79139 95
      vertex -30.9192 6.91924 86
      vertex -30.9192 6.91924 95
    endloop
  endfacet
  facet normal 0.751611 -0.659607 0
    outer loop
      vertex -30.9192 6.91924 86
      vertex -31.0314 6.79139 95
      vertex -31.0314 6.79139 86
    endloop
  endfacet
  facet normal -0.0653872 -0.99786 0
    outer loop
      vertex -30 7.3 86
      vertex -29.8303 7.28888 95
      vertex -30 7.3 95
    endloop
  endfacet
  facet normal -0.0653872 -0.99786 -0
    outer loop
      vertex -29.8303 7.28888 95
      vertex -30 7.3 86
      vertex -29.8303 7.28888 86
    endloop
  endfacet
  facet normal 0.442314 -0.89686 0
    outer loop
      vertex -30.65 7.12583 86
      vertex -30.4975 7.20104 95
      vertex -30.65 7.12583 95
    endloop
  endfacet
  facet normal 0.442314 -0.89686 0
    outer loop
      vertex -30.4975 7.20104 95
      vertex -30.65 7.12583 86
      vertex -30.4975 7.20104 86
    endloop
  endfacet
  facet normal -0.980757 -0.195234 0
    outer loop
      vertex -28.7111 6.16968 86
      vertex -28.7443 6.33646 95
      vertex -28.7443 6.33646 86
    endloop
  endfacet
  facet normal -0.980757 -0.195234 0
    outer loop
      vertex -28.7443 6.33646 95
      vertex -28.7111 6.16968 86
      vertex -28.7111 6.16968 95
    endloop
  endfacet
  facet normal -0.946863 0.321638 0
    outer loop
      vertex -28.799 5.50251 86
      vertex -28.7443 5.66354 95
      vertex -28.7443 5.66354 86
    endloop
  endfacet
  facet normal -0.946863 0.321638 0
    outer loop
      vertex -28.7443 5.66354 95
      vertex -28.799 5.50251 86
      vertex -28.799 5.50251 95
    endloop
  endfacet
  facet normal -0.997867 0.0652777 0
    outer loop
      vertex -28.7111 5.83032 86
      vertex -28.7 6 95
      vertex -28.7 6 86
    endloop
  endfacet
  facet normal -0.997867 0.0652777 0
    outer loop
      vertex -28.7 6 95
      vertex -28.7111 5.83032 86
      vertex -28.7111 5.83032 95
    endloop
  endfacet
  facet normal -0.997867 -0.0652777 0
    outer loop
      vertex -28.7 6 86
      vertex -28.7111 6.16968 95
      vertex -28.7111 6.16968 86
    endloop
  endfacet
  facet normal -0.997867 -0.0652777 0
    outer loop
      vertex -28.7111 6.16968 95
      vertex -28.7 6 86
      vertex -28.7 6 95
    endloop
  endfacet
  facet normal -0.555528 0.831498 0
    outer loop
      vertex -29.2086 4.96864 86
      vertex -29.35 4.87417 95
      vertex -29.2086 4.96864 95
    endloop
  endfacet
  facet normal -0.555528 0.831498 0
    outer loop
      vertex -29.35 4.87417 95
      vertex -29.2086 4.96864 86
      vertex -29.35 4.87417 86
    endloop
  endfacet
  facet normal 0 0 1
    outer loop
      vertex -28.7111 6.16968 86
      vertex -28.7111 5.83032 86
      vertex -28.7 6 86
    endloop
  endfacet
  facet normal 0 0 1
    outer loop
      vertex -28.7443 6.33646 86
      vertex -28.7111 5.83032 86
      vertex -28.7111 6.16968 86
    endloop
  endfacet
  facet normal 0 0 1
    outer loop
      vertex -28.7443 6.33646 86
      vertex -28.7443 5.66354 86
      vertex -28.7111 5.83032 86
    endloop
  endfacet
  facet normal 0 0 1
    outer loop
      vertex -28.799 6.49749 86
      vertex -28.7443 5.66354 86
      vertex -28.7443 6.33646 86
    endloop
  endfacet
  facet normal 0 0 1
    outer loop
      vertex -28.799 6.49749 86
      vertex -28.799 5.50251 86
      vertex -28.7443 5.66354 86
    endloop
  endfacet
  facet normal 0 0 1
    outer loop
      vertex -28.8742 6.65 86
      vertex -28.799 5.50251 86
      vertex -28.799 6.49749 86
    endloop
  endfacet
  facet normal 0 0 1
    outer loop
      vertex -28.8742 6.65 86
      vertex -28.8742 5.35 86
      vertex -28.799 5.50251 86
    endloop
  endfacet
  facet normal 0 0 1
    outer loop
      vertex -28.9686 6.79139 86
      vertex -28.8742 5.35 86
      vertex -28.8742 6.65 86
    endloop
  endfacet
  facet normal 0 0 1
    outer loop
      vertex -28.9686 6.79139 86
      vertex -28.9686 5.20861 86
      vertex -28.8742 5.35 86
    endloop
  endfacet
  facet normal 0 0 1
    outer loop
      vertex -29.0808 6.91924 86
      vertex -28.9686 5.20861 86
      vertex -28.9686 6.79139 86
    endloop
  endfacet
  facet normal 0 0 1
    outer loop
      vertex -29.0808 6.91924 86
      vertex -29.0808 5.08076 86
      vertex -28.9686 5.20861 86
    endloop
  endfacet
  facet normal 0 0 1
    outer loop
      vertex -29.2086 7.03136 86
      vertex -29.0808 5.08076 86
      vertex -29.0808 6.91924 86
    endloop
  endfacet
  facet normal 0 0 1
    outer loop
      vertex -29.2086 7.03136 86
      vertex -29.2086 4.96864 86
      vertex -29.0808 5.08076 86
    endloop
  endfacet
  facet normal 0 0 1
    outer loop
      vertex -29.35 7.12583 86
      vertex -29.2086 4.96864 86
      vertex -29.2086 7.03136 86
    endloop
  endfacet
  facet normal 0 0 1
    outer loop
      vertex -29.35 7.12583 86
      vertex -29.35 4.87417 86
      vertex -29.2086 4.96864 86
    endloop
  endfacet
  facet normal 0 0 1
    outer loop
      vertex -29.5025 7.20104 86
      vertex -29.35 4.87417 86
      vertex -29.35 7.12583 86
    endloop
  endfacet
  facet normal 0 0 1
    outer loop
      vertex -29.5025 7.20104 86
      vertex -29.5025 4.79896 86
      vertex -29.35 4.87417 86
    endloop
  endfacet
  facet normal 0 0 1
    outer loop
      vertex -29.6635 7.2557 86
      vertex -29.5025 4.79896 86
      vertex -29.5025 7.20104 86
    endloop
  endfacet
  facet normal 0 0 1
    outer loop
      vertex -29.6635 7.2557 86
      vertex -29.6635 4.7443 86
      vertex -29.5025 4.79896 86
    endloop
  endfacet
  facet normal 0 0 1
    outer loop
      vertex -29.8303 7.28888 86
      vertex -29.6635 4.7443 86
      vertex -29.6635 7.2557 86
    endloop
  endfacet
  facet normal 0 0 1
    outer loop
      vertex -29.8303 7.28888 86
      vertex -29.8303 4.71112 86
      vertex -29.6635 4.7443 86
    endloop
  endfacet
  facet normal 0 0 1
    outer loop
      vertex -30 7.3 86
      vertex -29.8303 4.71112 86
      vertex -29.8303 7.28888 86
    endloop
  endfacet
  facet normal 0 0 1
    outer loop
      vertex -30 7.3 86
      vertex -30 4.7 86
      vertex -29.8303 4.71112 86
    endloop
  endfacet
  facet normal -0 0 1
    outer loop
      vertex -30.1697 7.28888 86
      vertex -30 4.7 86
      vertex -30 7.3 86
    endloop
  endfacet
  facet normal 0 0 1
    outer loop
      vertex -30.1697 7.28888 86
      vertex -30.1697 4.71112 86
      vertex -30 4.7 86
    endloop
  endfacet
  facet normal -0 0 1
    outer loop
      vertex -30.3365 7.2557 86
      vertex -30.1697 4.71112 86
      vertex -30.1697 7.28888 86
    endloop
  endfacet
  facet normal 0 0 1
    outer loop
      vertex -30.3365 7.2557 86
      vertex -30.3365 4.7443 86
      vertex -30.1697 4.71112 86
    endloop
  endfacet
  facet normal -0 0 1
    outer loop
      vertex -30.4975 7.20104 86
      vertex -30.3365 4.7443 86
      vertex -30.3365 7.2557 86
    endloop
  endfacet
  facet normal 0 0 1
    outer loop
      vertex -30.4975 7.20104 86
      vertex -30.4975 4.79896 86
      vertex -30.3365 4.7443 86
    endloop
  endfacet
  facet normal -0 0 1
    outer loop
      vertex -30.65 7.12583 86
      vertex -30.4975 4.79896 86
      vertex -30.4975 7.20104 86
    endloop
  endfacet
  facet normal 0 0 1
    outer loop
      vertex -30.65 7.12583 86
      vertex -30.65 4.87417 86
      vertex -30.4975 4.79896 86
    endloop
  endfacet
  facet normal -0 0 1
    outer loop
      vertex -30.7914 7.03136 86
      vertex -30.65 4.87417 86
      vertex -30.65 7.12583 86
    endloop
  endfacet
  facet normal 0 0 1
    outer loop
      vertex -30.7914 7.03136 86
      vertex -30.7914 4.96864 86
      vertex -30.65 4.87417 86
    endloop
  endfacet
  facet normal -0 0 1
    outer loop
      vertex -30.9192 6.91924 86
      vertex -30.7914 4.96864 86
      vertex -30.7914 7.03136 86
    endloop
  endfacet
  facet normal 0 0 1
    outer loop
      vertex -30.9192 6.91924 86
      vertex -30.9192 5.08076 86
      vertex -30.7914 4.96864 86
    endloop
  endfacet
  facet normal -0 0 1
    outer loop
      vertex -31.0314 6.79139 86
      vertex -30.9192 5.08076 86
      vertex -30.9192 6.91924 86
    endloop
  endfacet
  facet normal 0 0 1
    outer loop
      vertex -31.0314 6.79139 86
      vertex -31.0314 5.20861 86
      vertex -30.9192 5.08076 86
    endloop
  endfacet
  facet normal -0 0 1
    outer loop
      vertex -31.1258 6.65 86
      vertex -31.0314 5.20861 86
      vertex -31.0314 6.79139 86
    endloop
  endfacet
  facet normal 0 0 1
    outer loop
      vertex -31.1258 6.65 86
      vertex -31.1258 5.35 86
      vertex -31.0314 5.20861 86
    endloop
  endfacet
  facet normal -0 0 1
    outer loop
      vertex -31.201 6.49749 86
      vertex -31.1258 5.35 86
      vertex -31.1258 6.65 86
    endloop
  endfacet
  facet normal 0 0 1
    outer loop
      vertex -31.201 6.49749 86
      vertex -31.201 5.50251 86
      vertex -31.1258 5.35 86
    endloop
  endfacet
  facet normal -0 0 1
    outer loop
      vertex -31.2557 6.33646 86
      vertex -31.201 5.50251 86
      vertex -31.201 6.49749 86
    endloop
  endfacet
  facet normal 0 0 1
    outer loop
      vertex -31.2557 6.33646 86
      vertex -31.2557 5.66354 86
      vertex -31.201 5.50251 86
    endloop
  endfacet
  facet normal -0 0 1
    outer loop
      vertex -31.2889 6.16968 86
      vertex -31.2557 5.66354 86
      vertex -31.2557 6.33646 86
    endloop
  endfacet
  facet normal 0 0 1
    outer loop
      vertex -31.2889 6.16968 86
      vertex -31.2889 5.83032 86
      vertex -31.2557 5.66354 86
    endloop
  endfacet
  facet normal 0 -0 1
    outer loop
      vertex -31.2889 5.83032 86
      vertex -31.2889 6.16968 86
      vertex -31.3 6 86
    endloop
  endfacet
  facet normal -0.0653872 0.99786 0
    outer loop
      vertex -29.8303 4.71112 86
      vertex -30 4.7 95
      vertex -29.8303 4.71112 95
    endloop
  endfacet
  facet normal -0.0653872 0.99786 0
    outer loop
      vertex -30 4.7 95
      vertex -29.8303 4.71112 86
      vertex -30 4.7 86
    endloop
  endfacet
  facet normal -0.195098 0.980784 0
    outer loop
      vertex -29.6635 4.7443 86
      vertex -29.8303 4.71112 95
      vertex -29.6635 4.7443 95
    endloop
  endfacet
  facet normal -0.195098 0.980784 0
    outer loop
      vertex -29.8303 4.71112 95
      vertex -29.6635 4.7443 86
      vertex -29.8303 4.71112 86
    endloop
  endfacet
  facet normal 0.659487 0.751716 -0
    outer loop
      vertex -30.7914 4.96864 86
      vertex -30.9192 5.08076 95
      vertex -30.7914 4.96864 95
    endloop
  endfacet
  facet normal 0.659487 0.751716 0
    outer loop
      vertex -30.9192 5.08076 95
      vertex -30.7914 4.96864 86
      vertex -30.9192 5.08076 86
    endloop
  endfacet
  facet normal -0.896895 0.442243 0
    outer loop
      vertex 31.1258 5.35 86
      vertex 31.201 5.50251 95
      vertex 31.201 5.50251 86
    endloop
  endfacet
  facet normal -0.896895 0.442243 0
    outer loop
      vertex 31.201 5.50251 95
      vertex 31.1258 5.35 86
      vertex 31.1258 5.35 95
    endloop
  endfacet
  facet normal 0.321481 0.946916 -0
    outer loop
      vertex 29.6635 4.7443 86
      vertex 29.5025 4.79896 95
      vertex 29.6635 4.7443 95
    endloop
  endfacet
  facet normal 0.321481 0.946916 0
    outer loop
      vertex 29.5025 4.79896 95
      vertex 29.6635 4.7443 86
      vertex 29.5025 4.79896 86
    endloop
  endfacet
  facet normal 0.980757 -0.195234 0
    outer loop
      vertex 28.7111 6.16968 95
      vertex 28.7443 6.33646 86
      vertex 28.7443 6.33646 95
    endloop
  endfacet
  facet normal 0.980757 -0.195234 0
    outer loop
      vertex 28.7443 6.33646 86
      vertex 28.7111 6.16968 95
      vertex 28.7111 6.16968 86
    endloop
  endfacet
  facet normal 0.997867 -0.0652777 0
    outer loop
      vertex 28.7 6 95
      vertex 28.7111 6.16968 86
      vertex 28.7111 6.16968 95
    endloop
  endfacet
  facet normal 0.997867 -0.0652777 0
    outer loop
      vertex 28.7111 6.16968 86
      vertex 28.7 6 95
      vertex 28.7 6 86
    endloop
  endfacet
  facet normal 0.946863 -0.321638 0
    outer loop
      vertex 28.7443 6.33646 95
      vertex 28.799 6.49749 86
      vertex 28.799 6.49749 95
    endloop
  endfacet
  facet normal 0.946863 -0.321638 0
    outer loop
      vertex 28.799 6.49749 86
      vertex 28.7443 6.33646 95
      vertex 28.7443 6.33646 86
    endloop
  endfacet
  facet normal 0.321481 -0.946916 0
    outer loop
      vertex 29.5025 7.20104 86
      vertex 29.6635 7.2557 95
      vertex 29.5025 7.20104 95
    endloop
  endfacet
  facet normal 0.321481 -0.946916 0
    outer loop
      vertex 29.6635 7.2557 95
      vertex 29.5025 7.20104 86
      vertex 29.6635 7.2557 86
    endloop
  endfacet
  facet normal -0.83167 -0.55527 0
    outer loop
      vertex 31.1258 6.65 86
      vertex 31.0314 6.79139 95
      vertex 31.0314 6.79139 86
    endloop
  endfacet
  facet normal -0.83167 -0.55527 0
    outer loop
      vertex 31.0314 6.79139 95
      vertex 31.1258 6.65 86
      vertex 31.1258 6.65 95
    endloop
  endfacet
  facet normal -0.896895 -0.442243 0
    outer loop
      vertex 31.201 6.49749 86
      vertex 31.1258 6.65 95
      vertex 31.1258 6.65 86
    endloop
  endfacet
  facet normal -0.896895 -0.442243 0
    outer loop
      vertex 31.1258 6.65 95
      vertex 31.201 6.49749 86
      vertex 31.201 6.49749 95
    endloop
  endfacet
  facet normal 0.83167 -0.55527 0
    outer loop
      vertex 28.8742 6.65 95
      vertex 28.9686 6.79139 86
      vertex 28.9686 6.79139 95
    endloop
  endfacet
  facet normal 0.83167 -0.55527 0
    outer loop
      vertex 28.9686 6.79139 86
      vertex 28.8742 6.65 95
      vertex 28.8742 6.65 86
    endloop
  endfacet
  facet normal 0.896895 -0.442243 0
    outer loop
      vertex 28.799 6.49749 95
      vertex 28.8742 6.65 86
      vertex 28.8742 6.65 95
    endloop
  endfacet
  facet normal 0.896895 -0.442243 0
    outer loop
      vertex 28.8742 6.65 86
      vertex 28.799 6.49749 95
      vertex 28.799 6.49749 86
    endloop
  endfacet
  facet normal -0.442314 0.89686 0
    outer loop
      vertex 30.65 4.87417 86
      vertex 30.4975 4.79896 95
      vertex 30.65 4.87417 95
    endloop
  endfacet
  facet normal -0.442314 0.89686 0
    outer loop
      vertex 30.4975 4.79896 95
      vertex 30.65 4.87417 86
      vertex 30.4975 4.79896 86
    endloop
  endfacet
  facet normal -0.946863 -0.321638 0
    outer loop
      vertex 31.2557 6.33646 86
      vertex 31.201 6.49749 95
      vertex 31.201 6.49749 86
    endloop
  endfacet
  facet normal -0.946863 -0.321638 0
    outer loop
      vertex 31.201 6.49749 95
      vertex 31.2557 6.33646 86
      vertex 31.2557 6.33646 95
    endloop
  endfacet
  facet normal -0.751611 -0.659607 0
    outer loop
      vertex 31.0314 6.79139 86
      vertex 30.9192 6.91924 95
      vertex 30.9192 6.91924 86
    endloop
  endfacet
  facet normal -0.751611 -0.659607 0
    outer loop
      vertex 30.9192 6.91924 95
      vertex 31.0314 6.79139 86
      vertex 31.0314 6.79139 95
    endloop
  endfacet
  facet normal 0.946863 0.321638 0
    outer loop
      vertex 28.799 5.50251 95
      vertex 28.7443 5.66354 86
      vertex 28.7443 5.66354 95
    endloop
  endfacet
  facet normal 0.946863 0.321638 0
    outer loop
      vertex 28.7443 5.66354 86
      vertex 28.799 5.50251 95
      vertex 28.799 5.50251 86
    endloop
  endfacet
  facet normal 0.659487 -0.751716 0
    outer loop
      vertex 29.0808 6.91924 86
      vertex 29.2086 7.03136 95
      vertex 29.0808 6.91924 95
    endloop
  endfacet
  facet normal 0.659487 -0.751716 0
    outer loop
      vertex 29.2086 7.03136 95
      vertex 29.0808 6.91924 86
      vertex 29.2086 7.03136 86
    endloop
  endfacet
  facet normal 0.442314 0.89686 -0
    outer loop
      vertex 29.5025 4.79896 86
      vertex 29.35 4.87417 95
      vertex 29.5025 4.79896 95
    endloop
  endfacet
  facet normal 0.442314 0.89686 0
    outer loop
      vertex 29.35 4.87417 95
      vertex 29.5025 4.79896 86
      vertex 29.35 4.87417 86
    endloop
  endfacet
  facet normal -0.442314 -0.89686 0
    outer loop
      vertex 30.4975 7.20104 86
      vertex 30.65 7.12583 95
      vertex 30.4975 7.20104 95
    endloop
  endfacet
  facet normal -0.442314 -0.89686 -0
    outer loop
      vertex 30.65 7.12583 95
      vertex 30.4975 7.20104 86
      vertex 30.65 7.12583 86
    endloop
  endfacet
  facet normal 0.83167 0.55527 0
    outer loop
      vertex 28.9686 5.20861 95
      vertex 28.8742 5.35 86
      vertex 28.8742 5.35 95
    endloop
  endfacet
  facet normal 0.83167 0.55527 0
    outer loop
      vertex 28.8742 5.35 86
      vertex 28.9686 5.20861 95
      vertex 28.9686 5.20861 86
    endloop
  endfacet
  facet normal -0.321481 0.946916 0
    outer loop
      vertex 30.4975 4.79896 86
      vertex 30.3365 4.7443 95
      vertex 30.4975 4.79896 95
    endloop
  endfacet
  facet normal -0.321481 0.946916 0
    outer loop
      vertex 30.3365 4.7443 95
      vertex 30.4975 4.79896 86
      vertex 30.3365 4.7443 86
    endloop
  endfacet
  facet normal 0.195098 0.980784 -0
    outer loop
      vertex 29.8303 4.71112 86
      vertex 29.6635 4.7443 95
      vertex 29.8303 4.71112 95
    endloop
  endfacet
  facet normal 0.195098 0.980784 0
    outer loop
      vertex 29.6635 4.7443 95
      vertex 29.8303 4.71112 86
      vertex 29.6635 4.7443 86
    endloop
  endfacet
  facet normal 0.0653872 -0.99786 0
    outer loop
      vertex 29.8303 7.28888 86
      vertex 30 7.3 95
      vertex 29.8303 7.28888 95
    endloop
  endfacet
  facet normal 0.0653872 -0.99786 0
    outer loop
      vertex 30 7.3 95
      vertex 29.8303 7.28888 86
      vertex 30 7.3 86
    endloop
  endfacet
  facet normal 0.980757 0.195234 0
    outer loop
      vertex 28.7443 5.66354 95
      vertex 28.7111 5.83032 86
      vertex 28.7111 5.83032 95
    endloop
  endfacet
  facet normal 0.980757 0.195234 0
    outer loop
      vertex 28.7111 5.83032 86
      vertex 28.7443 5.66354 95
      vertex 28.7443 5.66354 86
    endloop
  endfacet
  facet normal -0.659487 0.751716 0
    outer loop
      vertex 30.9192 5.08076 86
      vertex 30.7914 4.96864 95
      vertex 30.9192 5.08076 95
    endloop
  endfacet
  facet normal -0.659487 0.751716 0
    outer loop
      vertex 30.7914 4.96864 95
      vertex 30.9192 5.08076 86
      vertex 30.7914 4.96864 86
    endloop
  endfacet
  facet normal 0.555528 0.831498 -0
    outer loop
      vertex 29.35 4.87417 86
      vertex 29.2086 4.96864 95
      vertex 29.35 4.87417 95
    endloop
  endfacet
  facet normal 0.555528 0.831498 0
    outer loop
      vertex 29.2086 4.96864 95
      vertex 29.35 4.87417 86
      vertex 29.2086 4.96864 86
    endloop
  endfacet
  facet normal 0.555528 -0.831498 0
    outer loop
      vertex 29.2086 7.03136 86
      vertex 29.35 7.12583 95
      vertex 29.2086 7.03136 95
    endloop
  endfacet
  facet normal 0.555528 -0.831498 0
    outer loop
      vertex 29.35 7.12583 95
      vertex 29.2086 7.03136 86
      vertex 29.35 7.12583 86
    endloop
  endfacet
  facet normal 0.896895 0.442243 0
    outer loop
      vertex 28.8742 5.35 95
      vertex 28.799 5.50251 86
      vertex 28.799 5.50251 95
    endloop
  endfacet
  facet normal 0.896895 0.442243 0
    outer loop
      vertex 28.799 5.50251 86
      vertex 28.8742 5.35 95
      vertex 28.8742 5.35 86
    endloop
  endfacet
  facet normal -0.555528 -0.831498 0
    outer loop
      vertex 30.65 7.12583 86
      vertex 30.7914 7.03136 95
      vertex 30.65 7.12583 95
    endloop
  endfacet
  facet normal -0.555528 -0.831498 -0
    outer loop
      vertex 30.7914 7.03136 95
      vertex 30.65 7.12583 86
      vertex 30.7914 7.03136 86
    endloop
  endfacet
  facet normal 0.751611 0.659607 0
    outer loop
      vertex 29.0808 5.08076 95
      vertex 28.9686 5.20861 86
      vertex 28.9686 5.20861 95
    endloop
  endfacet
  facet normal 0.751611 0.659607 0
    outer loop
      vertex 28.9686 5.20861 86
      vertex 29.0808 5.08076 95
      vertex 29.0808 5.08076 86
    endloop
  endfacet
  facet normal 0.195098 -0.980784 0
    outer loop
      vertex 29.6635 7.2557 86
      vertex 29.8303 7.28888 95
      vertex 29.6635 7.2557 95
    endloop
  endfacet
  facet normal 0.195098 -0.980784 0
    outer loop
      vertex 29.8303 7.28888 95
      vertex 29.6635 7.2557 86
      vertex 29.8303 7.28888 86
    endloop
  endfacet
  facet normal -0.997867 -0.0652777 0
    outer loop
      vertex 31.3 6 86
      vertex 31.2889 6.16968 95
      vertex 31.2889 6.16968 86
    endloop
  endfacet
  facet normal -0.997867 -0.0652777 0
    outer loop
      vertex 31.2889 6.16968 95
      vertex 31.3 6 86
      vertex 31.3 6 95
    endloop
  endfacet
  facet normal -0.659487 -0.751716 0
    outer loop
      vertex 30.7914 7.03136 86
      vertex 30.9192 6.91924 95
      vertex 30.7914 7.03136 95
    endloop
  endfacet
  facet normal -0.659487 -0.751716 -0
    outer loop
      vertex 30.9192 6.91924 95
      vertex 30.7914 7.03136 86
      vertex 30.9192 6.91924 86
    endloop
  endfacet
  facet normal -0.321481 -0.946916 0
    outer loop
      vertex 30.3365 7.2557 86
      vertex 30.4975 7.20104 95
      vertex 30.3365 7.2557 95
    endloop
  endfacet
  facet normal -0.321481 -0.946916 -0
    outer loop
      vertex 30.4975 7.20104 95
      vertex 30.3365 7.2557 86
      vertex 30.4975 7.20104 86
    endloop
  endfacet
  facet normal 0.997867 0.0652777 0
    outer loop
      vertex 28.7111 5.83032 95
      vertex 28.7 6 86
      vertex 28.7 6 95
    endloop
  endfacet
  facet normal 0.997867 0.0652777 0
    outer loop
      vertex 28.7 6 86
      vertex 28.7111 5.83032 95
      vertex 28.7111 5.83032 86
    endloop
  endfacet
  facet normal -0.980757 0.195234 0
    outer loop
      vertex 31.2557 5.66354 86
      vertex 31.2889 5.83032 95
      vertex 31.2889 5.83032 86
    endloop
  endfacet
  facet normal -0.980757 0.195234 0
    outer loop
      vertex 31.2889 5.83032 95
      vertex 31.2557 5.66354 86
      vertex 31.2557 5.66354 95
    endloop
  endfacet
  facet normal 0.0653872 0.99786 -0
    outer loop
      vertex 30 4.7 86
      vertex 29.8303 4.71112 95
      vertex 30 4.7 95
    endloop
  endfacet
  facet normal 0.0653872 0.99786 0
    outer loop
      vertex 29.8303 4.71112 95
      vertex 30 4.7 86
      vertex 29.8303 4.71112 86
    endloop
  endfacet
  facet normal -0.83167 0.55527 0
    outer loop
      vertex 31.0314 5.20861 86
      vertex 31.1258 5.35 95
      vertex 31.1258 5.35 86
    endloop
  endfacet
  facet normal -0.83167 0.55527 0
    outer loop
      vertex 31.1258 5.35 95
      vertex 31.0314 5.20861 86
      vertex 31.0314 5.20861 95
    endloop
  endfacet
  facet normal -0.0653872 -0.99786 0
    outer loop
      vertex 30 7.3 86
      vertex 30.1697 7.28888 95
      vertex 30 7.3 95
    endloop
  endfacet
  facet normal -0.0653872 -0.99786 -0
    outer loop
      vertex 30.1697 7.28888 95
      vertex 30 7.3 86
      vertex 30.1697 7.28888 86
    endloop
  endfacet
  facet normal -0.751611 0.659607 0
    outer loop
      vertex 30.9192 5.08076 86
      vertex 31.0314 5.20861 95
      vertex 31.0314 5.20861 86
    endloop
  endfacet
  facet normal -0.751611 0.659607 0
    outer loop
      vertex 31.0314 5.20861 95
      vertex 30.9192 5.08076 86
      vertex 30.9192 5.08076 95
    endloop
  endfacet
  facet normal 0.442314 -0.89686 0
    outer loop
      vertex 29.35 7.12583 86
      vertex 29.5025 7.20104 95
      vertex 29.35 7.12583 95
    endloop
  endfacet
  facet normal 0.442314 -0.89686 0
    outer loop
      vertex 29.5025 7.20104 95
      vertex 29.35 7.12583 86
      vertex 29.5025 7.20104 86
    endloop
  endfacet
  facet normal -0.946863 0.321638 0
    outer loop
      vertex 31.201 5.50251 86
      vertex 31.2557 5.66354 95
      vertex 31.2557 5.66354 86
    endloop
  endfacet
  facet normal -0.946863 0.321638 0
    outer loop
      vertex 31.2557 5.66354 95
      vertex 31.201 5.50251 86
      vertex 31.201 5.50251 95
    endloop
  endfacet
  facet normal -0.195098 -0.980784 0
    outer loop
      vertex 30.1697 7.28888 86
      vertex 30.3365 7.2557 95
      vertex 30.1697 7.28888 95
    endloop
  endfacet
  facet normal -0.195098 -0.980784 -0
    outer loop
      vertex 30.3365 7.2557 95
      vertex 30.1697 7.28888 86
      vertex 30.3365 7.2557 86
    endloop
  endfacet
  facet normal -0.997867 0.0652777 0
    outer loop
      vertex 31.2889 5.83032 86
      vertex 31.3 6 95
      vertex 31.3 6 86
    endloop
  endfacet
  facet normal -0.997867 0.0652777 0
    outer loop
      vertex 31.3 6 95
      vertex 31.2889 5.83032 86
      vertex 31.2889 5.83032 95
    endloop
  endfacet
  facet normal -0.195098 0.980784 0
    outer loop
      vertex 30.3365 4.7443 86
      vertex 30.1697 4.71112 95
      vertex 30.3365 4.7443 95
    endloop
  endfacet
  facet normal -0.195098 0.980784 0
    outer loop
      vertex 30.1697 4.71112 95
      vertex 30.3365 4.7443 86
      vertex 30.1697 4.71112 86
    endloop
  endfacet
  facet normal 0.751611 -0.659607 0
    outer loop
      vertex 28.9686 6.79139 95
      vertex 29.0808 6.91924 86
      vertex 29.0808 6.91924 95
    endloop
  endfacet
  facet normal 0.751611 -0.659607 0
    outer loop
      vertex 29.0808 6.91924 86
      vertex 28.9686 6.79139 95
      vertex 28.9686 6.79139 86
    endloop
  endfacet
  facet normal -0.555528 0.831498 0
    outer loop
      vertex 30.7914 4.96864 86
      vertex 30.65 4.87417 95
      vertex 30.7914 4.96864 95
    endloop
  endfacet
  facet normal -0.555528 0.831498 0
    outer loop
      vertex 30.65 4.87417 95
      vertex 30.7914 4.96864 86
      vertex 30.65 4.87417 86
    endloop
  endfacet
  facet normal -0.980757 -0.195234 0
    outer loop
      vertex 31.2889 6.16968 86
      vertex 31.2557 6.33646 95
      vertex 31.2557 6.33646 86
    endloop
  endfacet
  facet normal -0.980757 -0.195234 0
    outer loop
      vertex 31.2557 6.33646 95
      vertex 31.2889 6.16968 86
      vertex 31.2889 6.16968 95
    endloop
  endfacet
  facet normal 0 0 1
    outer loop
      vertex 31.2889 6.16968 86
      vertex 31.2889 5.83032 86
      vertex 31.3 6 86
    endloop
  endfacet
  facet normal 0 0 1
    outer loop
      vertex 31.2557 6.33646 86
      vertex 31.2889 5.83032 86
      vertex 31.2889 6.16968 86
    endloop
  endfacet
  facet normal 0 0 1
    outer loop
      vertex 31.2557 6.33646 86
      vertex 31.2557 5.66354 86
      vertex 31.2889 5.83032 86
    endloop
  endfacet
  facet normal 0 0 1
    outer loop
      vertex 31.201 6.49749 86
      vertex 31.2557 5.66354 86
      vertex 31.2557 6.33646 86
    endloop
  endfacet
  facet normal 0 0 1
    outer loop
      vertex 31.201 6.49749 86
      vertex 31.201 5.50251 86
      vertex 31.2557 5.66354 86
    endloop
  endfacet
  facet normal 0 0 1
    outer loop
      vertex 31.1258 6.65 86
      vertex 31.201 5.50251 86
      vertex 31.201 6.49749 86
    endloop
  endfacet
  facet normal 0 0 1
    outer loop
      vertex 31.1258 6.65 86
      vertex 31.1258 5.35 86
      vertex 31.201 5.50251 86
    endloop
  endfacet
  facet normal 0 0 1
    outer loop
      vertex 31.0314 6.79139 86
      vertex 31.1258 5.35 86
      vertex 31.1258 6.65 86
    endloop
  endfacet
  facet normal 0 0 1
    outer loop
      vertex 31.0314 6.79139 86
      vertex 31.0314 5.20861 86
      vertex 31.1258 5.35 86
    endloop
  endfacet
  facet normal 0 0 1
    outer loop
      vertex 30.9192 6.91924 86
      vertex 31.0314 5.20861 86
      vertex 31.0314 6.79139 86
    endloop
  endfacet
  facet normal 0 0 1
    outer loop
      vertex 30.9192 6.91924 86
      vertex 30.9192 5.08076 86
      vertex 31.0314 5.20861 86
    endloop
  endfacet
  facet normal 0 0 1
    outer loop
      vertex 30.7914 7.03136 86
      vertex 30.9192 5.08076 86
      vertex 30.9192 6.91924 86
    endloop
  endfacet
  facet normal 0 0 1
    outer loop
      vertex 30.7914 7.03136 86
      vertex 30.7914 4.96864 86
      vertex 30.9192 5.08076 86
    endloop
  endfacet
  facet normal 0 0 1
    outer loop
      vertex 30.65 7.12583 86
      vertex 30.7914 4.96864 86
      vertex 30.7914 7.03136 86
    endloop
  endfacet
  facet normal 0 0 1
    outer loop
      vertex 30.65 7.12583 86
      vertex 30.65 4.87417 86
      vertex 30.7914 4.96864 86
    endloop
  endfacet
  facet normal 0 0 1
    outer loop
      vertex 30.4975 7.20104 86
      vertex 30.65 4.87417 86
      vertex 30.65 7.12583 86
    endloop
  endfacet
  facet normal 0 0 1
    outer loop
      vertex 30.4975 7.20104 86
      vertex 30.4975 4.79896 86
      vertex 30.65 4.87417 86
    endloop
  endfacet
  facet normal 0 0 1
    outer loop
      vertex 30.3365 7.2557 86
      vertex 30.4975 4.79896 86
      vertex 30.4975 7.20104 86
    endloop
  endfacet
  facet normal 0 0 1
    outer loop
      vertex 30.3365 7.2557 86
      vertex 30.3365 4.7443 86
      vertex 30.4975 4.79896 86
    endloop
  endfacet
  facet normal 0 0 1
    outer loop
      vertex 30.1697 7.28888 86
      vertex 30.3365 4.7443 86
      vertex 30.3365 7.2557 86
    endloop
  endfacet
  facet normal 0 0 1
    outer loop
      vertex 30.1697 7.28888 86
      vertex 30.1697 4.71112 86
      vertex 30.3365 4.7443 86
    endloop
  endfacet
  facet normal 0 0 1
    outer loop
      vertex 30 7.3 86
      vertex 30.1697 4.71112 86
      vertex 30.1697 7.28888 86
    endloop
  endfacet
  facet normal 0 0 1
    outer loop
      vertex 30 7.3 86
      vertex 30 4.7 86
      vertex 30.1697 4.71112 86
    endloop
  endfacet
  facet normal -0 0 1
    outer loop
      vertex 29.8303 7.28888 86
      vertex 30 4.7 86
      vertex 30 7.3 86
    endloop
  endfacet
  facet normal 0 0 1
    outer loop
      vertex 29.8303 7.28888 86
      vertex 29.8303 4.71112 86
      vertex 30 4.7 86
    endloop
  endfacet
  facet normal -0 0 1
    outer loop
      vertex 29.6635 7.2557 86
      vertex 29.8303 4.71112 86
      vertex 29.8303 7.28888 86
    endloop
  endfacet
  facet normal 0 0 1
    outer loop
      vertex 29.6635 7.2557 86
      vertex 29.6635 4.7443 86
      vertex 29.8303 4.71112 86
    endloop
  endfacet
  facet normal -0 0 1
    outer loop
      vertex 29.5025 7.20104 86
      vertex 29.6635 4.7443 86
      vertex 29.6635 7.2557 86
    endloop
  endfacet
  facet normal 0 0 1
    outer loop
      vertex 29.5025 7.20104 86
      vertex 29.5025 4.79896 86
      vertex 29.6635 4.7443 86
    endloop
  endfacet
  facet normal -0 0 1
    outer loop
      vertex 29.35 7.12583 86
      vertex 29.5025 4.79896 86
      vertex 29.5025 7.20104 86
    endloop
  endfacet
  facet normal 0 0 1
    outer loop
      vertex 29.35 7.12583 86
      vertex 29.35 4.87417 86
      vertex 29.5025 4.79896 86
    endloop
  endfacet
  facet normal -0 0 1
    outer loop
      vertex 29.2086 7.03136 86
      vertex 29.35 4.87417 86
      vertex 29.35 7.12583 86
    endloop
  endfacet
  facet normal 0 0 1
    outer loop
      vertex 29.2086 7.03136 86
      vertex 29.2086 4.96864 86
      vertex 29.35 4.87417 86
    endloop
  endfacet
  facet normal -0 0 1
    outer loop
      vertex 29.0808 6.91924 86
      vertex 29.2086 4.96864 86
      vertex 29.2086 7.03136 86
    endloop
  endfacet
  facet normal 0 0 1
    outer loop
      vertex 29.0808 6.91924 86
      vertex 29.0808 5.08076 86
      vertex 29.2086 4.96864 86
    endloop
  endfacet
  facet normal -0 0 1
    outer loop
      vertex 28.9686 6.79139 86
      vertex 29.0808 5.08076 86
      vertex 29.0808 6.91924 86
    endloop
  endfacet
  facet normal 0 0 1
    outer loop
      vertex 28.9686 6.79139 86
      vertex 28.9686 5.20861 86
      vertex 29.0808 5.08076 86
    endloop
  endfacet
  facet normal -0 0 1
    outer loop
      vertex 28.8742 6.65 86
      vertex 28.9686 5.20861 86
      vertex 28.9686 6.79139 86
    endloop
  endfacet
  facet normal 0 0 1
    outer loop
      vertex 28.8742 6.65 86
      vertex 28.8742 5.35 86
      vertex 28.9686 5.20861 86
    endloop
  endfacet
  facet normal -0 0 1
    outer loop
      vertex 28.799 6.49749 86
      vertex 28.8742 5.35 86
      vertex 28.8742 6.65 86
    endloop
  endfacet
  facet normal 0 0 1
    outer loop
      vertex 28.799 6.49749 86
      vertex 28.799 5.50251 86
      vertex 28.8742 5.35 86
    endloop
  endfacet
  facet normal -0 0 1
    outer loop
      vertex 28.7443 6.33646 86
      vertex 28.799 5.50251 86
      vertex 28.799 6.49749 86
    endloop
  endfacet
  facet normal 0 0 1
    outer loop
      vertex 28.7443 6.33646 86
      vertex 28.7443 5.66354 86
      vertex 28.799 5.50251 86
    endloop
  endfacet
  facet normal -0 0 1
    outer loop
      vertex 28.7111 6.16968 86
      vertex 28.7443 5.66354 86
      vertex 28.7443 6.33646 86
    endloop
  endfacet
  facet normal 0 0 1
    outer loop
      vertex 28.7111 6.16968 86
      vertex 28.7111 5.83032 86
      vertex 28.7443 5.66354 86
    endloop
  endfacet
  facet normal 0 -0 1
    outer loop
      vertex 28.7111 5.83032 86
      vertex 28.7111 6.16968 86
      vertex 28.7 6 86
    endloop
  endfacet
  facet normal -0.0653872 0.99786 0
    outer loop
      vertex 30.1697 4.71112 86
      vertex 30 4.7 95
      vertex 30.1697 4.71112 95
    endloop
  endfacet
  facet normal -0.0653872 0.99786 0
    outer loop
      vertex 30 4.7 95
      vertex 30.1697 4.71112 86
      vertex 30 4.7 86
    endloop
  endfacet
  facet normal 0.659487 0.751716 -0
    outer loop
      vertex 29.2086 4.96864 86
      vertex 29.0808 5.08076 95
      vertex 29.2086 4.96864 95
    endloop
  endfacet
  facet normal 0.659487 0.751716 0
    outer loop
      vertex 29.0808 5.08076 95
      vertex 29.2086 4.96864 86
      vertex 29.0808 5.08076 86
    endloop
  endfacet
  facet normal 0 0 -1
    outer loop
      vertex 49 -3.5 52.5
      vertex 52 -0.5 52.5
      vertex 52 -3.5 52.5
    endloop
  endfacet
  facet normal -0 0 -1
    outer loop
      vertex 52 -0.5 52.5
      vertex 49 -3.5 52.5
      vertex 49 -0.5 52.5
    endloop
  endfacet
  facet normal -0 0 1
    outer loop
      vertex 49 -0.5 48.5
      vertex 52 -3.5 48.5
      vertex 52 -0.5 48.5
    endloop
  endfacet
  facet normal 0 0 1
    outer loop
      vertex 52 -3.5 48.5
      vertex 49 -0.5 48.5
      vertex 49 -3.5 48.5
    endloop
  endfacet
  facet normal 0 -1 0
    outer loop
      vertex 49 -0.5 48.5
      vertex 52 -0.5 52.5
      vertex 49 -0.5 52.5
    endloop
  endfacet
  facet normal 0 -1 -0
    outer loop
      vertex 52 -0.5 52.5
      vertex 49 -0.5 48.5
      vertex 52 -0.5 48.5
    endloop
  endfacet
  facet normal 0 1 -0
    outer loop
      vertex 52 -3.5 48.5
      vertex 49 -3.5 52.5
      vertex 52 -3.5 52.5
    endloop
  endfacet
  facet normal 0 1 0
    outer loop
      vertex 49 -3.5 52.5
      vertex 52 -3.5 48.5
      vertex 49 -3.5 48.5
    endloop
  endfacet
  facet normal 0 0 -1
    outer loop
      vertex 49 -3.5 70.5
      vertex 52 -0.5 70.5
      vertex 52 -3.5 70.5
    endloop
  endfacet
  facet normal -0 0 -1
    outer loop
      vertex 52 -0.5 70.5
      vertex 49 -3.5 70.5
      vertex 49 -0.5 70.5
    endloop
  endfacet
  facet normal -0 0 1
    outer loop
      vertex 49 -0.5 66.5
      vertex 52 -3.5 66.5
      vertex 52 -0.5 66.5
    endloop
  endfacet
  facet normal 0 0 1
    outer loop
      vertex 52 -3.5 66.5
      vertex 49 -0.5 66.5
      vertex 49 -3.5 66.5
    endloop
  endfacet
  facet normal 0 -1 0
    outer loop
      vertex 49 -0.5 66.5
      vertex 52 -0.5 70.5
      vertex 49 -0.5 70.5
    endloop
  endfacet
  facet normal 0 -1 -0
    outer loop
      vertex 52 -0.5 70.5
      vertex 49 -0.5 66.5
      vertex 52 -0.5 66.5
    endloop
  endfacet
  facet normal 0 1 -0
    outer loop
      vertex 52 -3.5 66.5
      vertex 49 -3.5 70.5
      vertex 52 -3.5 70.5
    endloop
  endfacet
  facet normal 0 1 0
    outer loop
      vertex 49 -3.5 70.5
      vertex 52 -3.5 66.5
      vertex 49 -3.5 66.5
    endloop
  endfacet
  facet normal 0 0 -1
    outer loop
      vertex 49 -31.5 52.5
      vertex 52 -28.5 52.5
      vertex 52 -31.5 52.5
    endloop
  endfacet
  facet normal -0 0 -1
    outer loop
      vertex 52 -28.5 52.5
      vertex 49 -31.5 52.5
      vertex 49 -28.5 52.5
    endloop
  endfacet
  facet normal -0 0 1
    outer loop
      vertex 49 -28.5 48.5
      vertex 52 -31.5 48.5
      vertex 52 -28.5 48.5
    endloop
  endfacet
  facet normal 0 0 1
    outer loop
      vertex 52 -31.5 48.5
      vertex 49 -28.5 48.5
      vertex 49 -31.5 48.5
    endloop
  endfacet
  facet normal 0 -1 0
    outer loop
      vertex 49 -28.5 48.5
      vertex 52 -28.5 52.5
      vertex 49 -28.5 52.5
    endloop
  endfacet
  facet normal 0 -1 -0
    outer loop
      vertex 52 -28.5 52.5
      vertex 49 -28.5 48.5
      vertex 52 -28.5 48.5
    endloop
  endfacet
  facet normal 0 1 -0
    outer loop
      vertex 52 -31.5 48.5
      vertex 49 -31.5 52.5
      vertex 52 -31.5 52.5
    endloop
  endfacet
  facet normal 0 1 0
    outer loop
      vertex 49 -31.5 52.5
      vertex 52 -31.5 48.5
      vertex 49 -31.5 48.5
    endloop
  endfacet
  facet normal 0 0 -1
    outer loop
      vertex 49 -31.5 70.5
      vertex 52 -28.5 70.5
      vertex 52 -31.5 70.5
    endloop
  endfacet
  facet normal -0 0 -1
    outer loop
      vertex 52 -28.5 70.5
      vertex 49 -31.5 70.5
      vertex 49 -28.5 70.5
    endloop
  endfacet
  facet normal -0 0 1
    outer loop
      vertex 49 -28.5 66.5
      vertex 52 -31.5 66.5
      vertex 52 -28.5 66.5
    endloop
  endfacet
  facet normal 0 0 1
    outer loop
      vertex 52 -31.5 66.5
      vertex 49 -28.5 66.5
      vertex 49 -31.5 66.5
    endloop
  endfacet
  facet normal 0 -1 0
    outer loop
      vertex 49 -28.5 66.5
      vertex 52 -28.5 70.5
      vertex 49 -28.5 70.5
    endloop
  endfacet
  facet normal 0 -1 -0
    outer loop
      vertex 52 -28.5 70.5
      vertex 49 -28.5 66.5
      vertex 52 -28.5 66.5
    endloop
  endfacet
  facet normal 0 1 -0
    outer loop
      vertex 52 -31.5 66.5
      vertex 49 -31.5 70.5
      vertex 52 -31.5 70.5
    endloop
  endfacet
  facet normal 0 1 0
    outer loop
      vertex 49 -31.5 70.5
      vertex 52 -31.5 66.5
      vertex 49 -31.5 66.5
    endloop
  endfacet
  facet normal 0 0 -1
    outer loop
      vertex -52 -3.5 52.5
      vertex -49 -0.5 52.5
      vertex -49 -3.5 52.5
    endloop
  endfacet
  facet normal -0 0 -1
    outer loop
      vertex -49 -0.5 52.5
      vertex -52 -3.5 52.5
      vertex -52 -0.5 52.5
    endloop
  endfacet
  facet normal -0 0 1
    outer loop
      vertex -52 -0.5 48.5
      vertex -49 -3.5 48.5
      vertex -49 -0.5 48.5
    endloop
  endfacet
  facet normal 0 0 1
    outer loop
      vertex -49 -3.5 48.5
      vertex -52 -0.5 48.5
      vertex -52 -3.5 48.5
    endloop
  endfacet
  facet normal 0 -1 0
    outer loop
      vertex -52 -0.5 48.5
      vertex -49 -0.5 52.5
      vertex -52 -0.5 52.5
    endloop
  endfacet
  facet normal 0 -1 -0
    outer loop
      vertex -49 -0.5 52.5
      vertex -52 -0.5 48.5
      vertex -49 -0.5 48.5
    endloop
  endfacet
  facet normal 0 1 -0
    outer loop
      vertex -49 -3.5 48.5
      vertex -52 -3.5 52.5
      vertex -49 -3.5 52.5
    endloop
  endfacet
  facet normal 0 1 0
    outer loop
      vertex -52 -3.5 52.5
      vertex -49 -3.5 48.5
      vertex -52 -3.5 48.5
    endloop
  endfacet
  facet normal 0 0 -1
    outer loop
      vertex -52 -3.5 70.5
      vertex -49 -0.5 70.5
      vertex -49 -3.5 70.5
    endloop
  endfacet
  facet normal -0 0 -1
    outer loop
      vertex -49 -0.5 70.5
      vertex -52 -3.5 70.5
      vertex -52 -0.5 70.5
    endloop
  endfacet
  facet normal -0 0 1
    outer loop
      vertex -52 -0.5 66.5
      vertex -49 -3.5 66.5
      vertex -49 -0.5 66.5
    endloop
  endfacet
  facet normal 0 0 1
    outer loop
      vertex -49 -3.5 66.5
      vertex -52 -0.5 66.5
      vertex -52 -3.5 66.5
    endloop
  endfacet
  facet normal 0 -1 0
    outer loop
      vertex -52 -0.5 66.5
      vertex -49 -0.5 70.5
      vertex -52 -0.5 70.5
    endloop
  endfacet
  facet normal 0 -1 -0
    outer loop
      vertex -49 -0.5 70.5
      vertex -52 -0.5 66.5
      vertex -49 -0.5 66.5
    endloop
  endfacet
  facet normal 0 1 -0
    outer loop
      vertex -49 -3.5 66.5
      vertex -52 -3.5 70.5
      vertex -49 -3.5 70.5
    endloop
  endfacet
  facet normal 0 1 0
    outer loop
      vertex -52 -3.5 70.5
      vertex -49 -3.5 66.5
      vertex -52 -3.5 66.5
    endloop
  endfacet
  facet normal 0 0 -1
    outer loop
      vertex -52 -31.5 52.5
      vertex -49 -28.5 52.5
      vertex -49 -31.5 52.5
    endloop
  endfacet
  facet normal -0 0 -1
    outer loop
      vertex -49 -28.5 52.5
      vertex -52 -31.5 52.5
      vertex -52 -28.5 52.5
    endloop
  endfacet
  facet normal -0 0 1
    outer loop
      vertex -52 -28.5 48.5
      vertex -49 -31.5 48.5
      vertex -49 -28.5 48.5
    endloop
  endfacet
  facet normal 0 0 1
    outer loop
      vertex -49 -31.5 48.5
      vertex -52 -28.5 48.5
      vertex -52 -31.5 48.5
    endloop
  endfacet
  facet normal 0 -1 0
    outer loop
      vertex -52 -28.5 48.5
      vertex -49 -28.5 52.5
      vertex -52 -28.5 52.5
    endloop
  endfacet
  facet normal 0 -1 -0
    outer loop
      vertex -49 -28.5 52.5
      vertex -52 -28.5 48.5
      vertex -49 -28.5 48.5
    endloop
  endfacet
  facet normal 0 1 -0
    outer loop
      vertex -49 -31.5 48.5
      vertex -52 -31.5 52.5
      vertex -49 -31.5 52.5
    endloop
  endfacet
  facet normal 0 1 0
    outer loop
      vertex -52 -31.5 52.5
      vertex -49 -31.5 48.5
      vertex -52 -31.5 48.5
    endloop
  endfacet
  facet normal 0 0 -1
    outer loop
      vertex -52 -31.5 70.5
      vertex -49 -28.5 70.5
      vertex -49 -31.5 70.5
    endloop
  endfacet
  facet normal -0 0 -1
    outer loop
      vertex -49 -28.5 70.5
      vertex -52 -31.5 70.5
      vertex -52 -28.5 70.5
    endloop
  endfacet
  facet normal -0 0 1
    outer loop
      vertex -52 -28.5 66.5
      vertex -49 -31.5 66.5
      vertex -49 -28.5 66.5
    endloop
  endfacet
  facet normal 0 0 1
    outer loop
      vertex -49 -31.5 66.5
      vertex -52 -28.5 66.5
      vertex -52 -31.5 66.5
    endloop
  endfacet
  facet normal 0 -1 0
    outer loop
      vertex -52 -28.5 66.5
      vertex -49 -28.5 70.5
      vertex -52 -28.5 70.5
    endloop
  endfacet
  facet normal 0 -1 -0
    outer loop
      vertex -49 -28.5 70.5
      vertex -52 -28.5 66.5
      vertex -49 -28.5 66.5
    endloop
  endfacet
  facet normal 0 1 -0
    outer loop
      vertex -49 -31.5 66.5
      vertex -52 -31.5 70.5
      vertex -49 -31.5 70.5
    endloop
  endfacet
  facet normal 0 1 0
    outer loop
      vertex -52 -31.5 70.5
      vertex -49 -31.5 66.5
      vertex -52 -31.5 66.5
    endloop
  endfacet
  facet normal -0.0654923 0.997853 0
    outer loop
      vertex 8.39157 -34.9743 -7.57871e-07
      vertex 8 -35 3
      vertex 8.39157 -34.9743 3
    endloop
  endfacet
  facet normal -0.0654923 0.997853 0
    outer loop
      vertex 8 -35 3
      vertex 8.39157 -34.9743 -7.57871e-07
      vertex 8 -35 -7.57871e-07
    endloop
  endfacet
  facet normal 0.321574 0.946885 -0
    outer loop
      vertex -8.77646 -34.8978 -7.57871e-07
      vertex -9.14806 -34.7716 3
      vertex -8.77646 -34.8978 3
    endloop
  endfacet
  facet normal 0.321574 0.946885 0
    outer loop
      vertex -9.14806 -34.7716 3
      vertex -8.77646 -34.8978 -7.57871e-07
      vertex -9.14806 -34.7716 -7.57871e-07
    endloop
  endfacet
  facet normal 0 1 -0
    outer loop
      vertex 8 -35 -7.57871e-07
      vertex -8 -35 3
      vertex 8 -35 3
    endloop
  endfacet
  facet normal 0 1 0
    outer loop
      vertex -8 -35 3
      vertex 8 -35 -7.57871e-07
      vertex -8 -35 -7.57871e-07
    endloop
  endfacet
  facet normal 0.194945 0.980814 -0
    outer loop
      vertex -8.39157 -34.9743 -7.57871e-07
      vertex -8.77646 -34.8978 3
      vertex -8.39157 -34.9743 3
    endloop
  endfacet
  facet normal 0.194945 0.980814 0
    outer loop
      vertex -8.77646 -34.8978 3
      vertex -8.39157 -34.9743 -7.57871e-07
      vertex -8.77646 -34.8978 -7.57871e-07
    endloop
  endfacet
  facet normal -0.997853 -0.0654873 0
    outer loop
      vertex 11 -24 -7.57871e-07
      vertex 10.9743 -23.6084 3
      vertex 10.9743 -23.6084 -7.57871e-07
    endloop
  endfacet
  facet normal -0.997853 -0.0654873 0
    outer loop
      vertex 10.9743 -23.6084 3
      vertex 11 -24 -7.57871e-07
      vertex 11 -24 3
    endloop
  endfacet
  facet normal 0.997853 -0.0654873 0
    outer loop
      vertex -11 -24 3
      vertex -10.9743 -23.6084 -7.57871e-07
      vertex -10.9743 -23.6084 3
    endloop
  endfacet
  facet normal 0.997853 -0.0654873 0
    outer loop
      vertex -10.9743 -23.6084 -7.57871e-07
      vertex -11 -24 3
      vertex -11 -24 -7.57871e-07
    endloop
  endfacet
  facet normal 0.0654923 0.997853 -0
    outer loop
      vertex -8 -35 -7.57871e-07
      vertex -8.39157 -34.9743 3
      vertex -8 -35 3
    endloop
  endfacet
  facet normal 0.0654923 0.997853 0
    outer loop
      vertex -8.39157 -34.9743 3
      vertex -8 -35 -7.57871e-07
      vertex -8.39157 -34.9743 -7.57871e-07
    endloop
  endfacet
  facet normal -0.194945 0.980814 0
    outer loop
      vertex 8.77646 -34.8978 -7.57871e-07
      vertex 8.39157 -34.9743 3
      vertex 8.77646 -34.8978 3
    endloop
  endfacet
  facet normal -0.194945 0.980814 0
    outer loop
      vertex 8.39157 -34.9743 3
      vertex 8.77646 -34.8978 -7.57871e-07
      vertex 8.39157 -34.9743 -7.57871e-07
    endloop
  endfacet
  facet normal -0.980815 0.19494 0
    outer loop
      vertex 10.8978 -32.7765 -7.57871e-07
      vertex 10.9743 -32.3916 3
      vertex 10.9743 -32.3916 -7.57871e-07
    endloop
  endfacet
  facet normal -0.980815 0.19494 0
    outer loop
      vertex 10.9743 -32.3916 3
      vertex 10.8978 -32.7765 -7.57871e-07
      vertex 10.8978 -32.7765 3
    endloop
  endfacet
  facet normal -0.997853 0.0654873 0
    outer loop
      vertex 10.9743 -32.3916 -7.57871e-07
      vertex 11 -32 3
      vertex 11 -32 -7.57871e-07
    endloop
  endfacet
  facet normal -0.997853 0.0654873 0
    outer loop
      vertex 11 -32 3
      vertex 10.9743 -32.3916 -7.57871e-07
      vertex 10.9743 -32.3916 3
    endloop
  endfacet
  facet normal 0.751724 -0.659478 0
    outer loop
      vertex -10.3801 -22.1737 3
      vertex -10.1213 -21.8787 -7.57871e-07
      vertex -10.1213 -21.8787 3
    endloop
  endfacet
  facet normal 0.751724 -0.659478 0
    outer loop
      vertex -10.1213 -21.8787 -7.57871e-07
      vertex -10.3801 -22.1737 3
      vertex -10.3801 -22.1737 -7.57871e-07
    endloop
  endfacet
  facet normal 0.659453 -0.751746 0
    outer loop
      vertex -10.1213 -21.8787 -7.57871e-07
      vertex -9.82628 -21.6199 3
      vertex -10.1213 -21.8787 3
    endloop
  endfacet
  facet normal 0.659453 -0.751746 0
    outer loop
      vertex -9.82628 -21.6199 3
      vertex -10.1213 -21.8787 -7.57871e-07
      vertex -9.82628 -21.6199 -7.57871e-07
    endloop
  endfacet
  facet normal -0.659453 0.751746 0
    outer loop
      vertex 10.1213 -34.1213 -7.57871e-07
      vertex 9.82628 -34.3801 3
      vertex 10.1213 -34.1213 3
    endloop
  endfacet
  facet normal -0.659453 0.751746 0
    outer loop
      vertex 9.82628 -34.3801 3
      vertex 10.1213 -34.1213 -7.57871e-07
      vertex 9.82628 -34.3801 -7.57871e-07
    endloop
  endfacet
  facet normal -0.831501 -0.555523 0
    outer loop
      vertex 10.5981 -22.5 -7.57871e-07
      vertex 10.3801 -22.1737 3
      vertex 10.3801 -22.1737 -7.57871e-07
    endloop
  endfacet
  facet normal -0.831501 -0.555523 0
    outer loop
      vertex 10.3801 -22.1737 3
      vertex 10.5981 -22.5 -7.57871e-07
      vertex 10.5981 -22.5 3
    endloop
  endfacet
  facet normal 0.980815 -0.19494 0
    outer loop
      vertex -10.9743 -23.6084 3
      vertex -10.8978 -23.2235 -7.57871e-07
      vertex -10.8978 -23.2235 3
    endloop
  endfacet
  facet normal 0.980815 -0.19494 0
    outer loop
      vertex -10.8978 -23.2235 -7.57871e-07
      vertex -10.9743 -23.6084 3
      vertex -10.9743 -23.6084 -7.57871e-07
    endloop
  endfacet
  facet normal -0.442171 -0.896931 0
    outer loop
      vertex 9.14806 -21.2284 -7.57871e-07
      vertex 9.5 -21.4019 3
      vertex 9.14806 -21.2284 3
    endloop
  endfacet
  facet normal -0.442171 -0.896931 -0
    outer loop
      vertex 9.5 -21.4019 3
      vertex 9.14806 -21.2284 -7.57871e-07
      vertex 9.5 -21.4019 -7.57871e-07
    endloop
  endfacet
  facet normal -0.555547 -0.831485 0
    outer loop
      vertex 9.5 -21.4019 -7.57871e-07
      vertex 9.82628 -21.6199 3
      vertex 9.5 -21.4019 3
    endloop
  endfacet
  facet normal -0.555547 -0.831485 -0
    outer loop
      vertex 9.82628 -21.6199 3
      vertex 9.5 -21.4019 -7.57871e-07
      vertex 9.82628 -21.6199 -7.57871e-07
    endloop
  endfacet
  facet normal 0.946885 -0.321574 0
    outer loop
      vertex -10.8978 -23.2235 3
      vertex -10.7716 -22.8519 -7.57871e-07
      vertex -10.7716 -22.8519 3
    endloop
  endfacet
  facet normal 0.946885 -0.321574 0
    outer loop
      vertex -10.7716 -22.8519 -7.57871e-07
      vertex -10.8978 -23.2235 3
      vertex -10.8978 -23.2235 -7.57871e-07
    endloop
  endfacet
  facet normal -0.751724 0.659478 0
    outer loop
      vertex 10.1213 -34.1213 -7.57871e-07
      vertex 10.3801 -33.8263 3
      vertex 10.3801 -33.8263 -7.57871e-07
    endloop
  endfacet
  facet normal -0.751724 0.659478 0
    outer loop
      vertex 10.3801 -33.8263 3
      vertex 10.1213 -34.1213 -7.57871e-07
      vertex 10.1213 -34.1213 3
    endloop
  endfacet
  facet normal -0.555547 0.831485 0
    outer loop
      vertex 9.82628 -34.3801 -7.57871e-07
      vertex 9.5 -34.5981 3
      vertex 9.82628 -34.3801 3
    endloop
  endfacet
  facet normal -0.555547 0.831485 0
    outer loop
      vertex 9.5 -34.5981 3
      vertex 9.82628 -34.3801 -7.57871e-07
      vertex 9.5 -34.5981 -7.57871e-07
    endloop
  endfacet
  facet normal 0.442171 -0.896931 0
    outer loop
      vertex -9.5 -21.4019 -7.57871e-07
      vertex -9.14806 -21.2284 3
      vertex -9.5 -21.4019 3
    endloop
  endfacet
  facet normal 0.442171 -0.896931 0
    outer loop
      vertex -9.14806 -21.2284 3
      vertex -9.5 -21.4019 -7.57871e-07
      vertex -9.14806 -21.2284 -7.57871e-07
    endloop
  endfacet
  facet normal 0.896911 0.442211 0
    outer loop
      vertex -10.5981 -33.5 3
      vertex -10.7716 -33.1481 -7.57871e-07
      vertex -10.7716 -33.1481 3
    endloop
  endfacet
  facet normal 0.896911 0.442211 0
    outer loop
      vertex -10.7716 -33.1481 -7.57871e-07
      vertex -10.5981 -33.5 3
      vertex -10.5981 -33.5 -7.57871e-07
    endloop
  endfacet
  facet normal 0 -1 0
    outer loop
      vertex -8 -21 -7.57871e-07
      vertex 8 -21 3
      vertex -8 -21 3
    endloop
  endfacet
  facet normal 0 -1 -0
    outer loop
      vertex 8 -21 3
      vertex -8 -21 -7.57871e-07
      vertex 8 -21 -7.57871e-07
    endloop
  endfacet
  facet normal 1 -0 0
    outer loop
      vertex -11 -32 3
      vertex -11 -24 -7.57871e-07
      vertex -11 -24 3
    endloop
  endfacet
  facet normal 1 0 0
    outer loop
      vertex -11 -24 -7.57871e-07
      vertex -11 -32 3
      vertex -11 -32 -7.57871e-07
    endloop
  endfacet
  facet normal -0.980815 -0.19494 0
    outer loop
      vertex 10.9743 -23.6084 -7.57871e-07
      vertex 10.8978 -23.2235 3
      vertex 10.8978 -23.2235 -7.57871e-07
    endloop
  endfacet
  facet normal -0.980815 -0.19494 0
    outer loop
      vertex 10.8978 -23.2235 3
      vertex 10.9743 -23.6084 -7.57871e-07
      vertex 10.9743 -23.6084 3
    endloop
  endfacet
  facet normal -0.321574 -0.946885 0
    outer loop
      vertex 8.77646 -21.1022 -7.57871e-07
      vertex 9.14806 -21.2284 3
      vertex 8.77646 -21.1022 3
    endloop
  endfacet
  facet normal -0.321574 -0.946885 -0
    outer loop
      vertex 9.14806 -21.2284 3
      vertex 8.77646 -21.1022 -7.57871e-07
      vertex 9.14806 -21.2284 -7.57871e-07
    endloop
  endfacet
  facet normal -0.751724 -0.659478 0
    outer loop
      vertex 10.3801 -22.1737 -7.57871e-07
      vertex 10.1213 -21.8787 3
      vertex 10.1213 -21.8787 -7.57871e-07
    endloop
  endfacet
  facet normal -0.751724 -0.659478 0
    outer loop
      vertex 10.1213 -21.8787 3
      vertex 10.3801 -22.1737 -7.57871e-07
      vertex 10.3801 -22.1737 3
    endloop
  endfacet
  facet normal -0.659453 -0.751746 0
    outer loop
      vertex 9.82628 -21.6199 -7.57871e-07
      vertex 10.1213 -21.8787 3
      vertex 9.82628 -21.6199 3
    endloop
  endfacet
  facet normal -0.659453 -0.751746 -0
    outer loop
      vertex 10.1213 -21.8787 3
      vertex 9.82628 -21.6199 -7.57871e-07
      vertex 10.1213 -21.8787 -7.57871e-07
    endloop
  endfacet
  facet normal -0.0654923 -0.997853 0
    outer loop
      vertex 8 -21 -7.57871e-07
      vertex 8.39157 -21.0257 3
      vertex 8 -21 3
    endloop
  endfacet
  facet normal -0.0654923 -0.997853 -0
    outer loop
      vertex 8.39157 -21.0257 3
      vertex 8 -21 -7.57871e-07
      vertex 8.39157 -21.0257 -7.57871e-07
    endloop
  endfacet
  facet normal -0.194945 -0.980814 0
    outer loop
      vertex 8.39157 -21.0257 -7.57871e-07
      vertex 8.77646 -21.1022 3
      vertex 8.39157 -21.0257 3
    endloop
  endfacet
  facet normal -0.194945 -0.980814 -0
    outer loop
      vertex 8.77646 -21.1022 3
      vertex 8.39157 -21.0257 -7.57871e-07
      vertex 8.77646 -21.1022 -7.57871e-07
    endloop
  endfacet
  facet normal 0.194945 -0.980814 0
    outer loop
      vertex -8.77646 -21.1022 -7.57871e-07
      vertex -8.39157 -21.0257 3
      vertex -8.77646 -21.1022 3
    endloop
  endfacet
  facet normal 0.194945 -0.980814 0
    outer loop
      vertex -8.39157 -21.0257 3
      vertex -8.77646 -21.1022 -7.57871e-07
      vertex -8.39157 -21.0257 -7.57871e-07
    endloop
  endfacet
  facet normal 0.831501 0.555523 0
    outer loop
      vertex -10.3801 -33.8263 3
      vertex -10.5981 -33.5 -7.57871e-07
      vertex -10.5981 -33.5 3
    endloop
  endfacet
  facet normal 0.831501 0.555523 0
    outer loop
      vertex -10.5981 -33.5 -7.57871e-07
      vertex -10.3801 -33.8263 3
      vertex -10.3801 -33.8263 -7.57871e-07
    endloop
  endfacet
  facet normal 0.555547 -0.831485 0
    outer loop
      vertex -9.82628 -21.6199 -7.57871e-07
      vertex -9.5 -21.4019 3
      vertex -9.82628 -21.6199 3
    endloop
  endfacet
  facet normal 0.555547 -0.831485 0
    outer loop
      vertex -9.5 -21.4019 3
      vertex -9.82628 -21.6199 -7.57871e-07
      vertex -9.5 -21.4019 -7.57871e-07
    endloop
  endfacet
  facet normal -0.896911 -0.442211 0
    outer loop
      vertex 10.7716 -22.8519 -7.57871e-07
      vertex 10.5981 -22.5 3
      vertex 10.5981 -22.5 -7.57871e-07
    endloop
  endfacet
  facet normal -0.896911 -0.442211 0
    outer loop
      vertex 10.5981 -22.5 3
      vertex 10.7716 -22.8519 -7.57871e-07
      vertex 10.7716 -22.8519 3
    endloop
  endfacet
  facet normal 0.659453 0.751746 -0
    outer loop
      vertex -9.82628 -34.3801 -7.57871e-07
      vertex -10.1213 -34.1213 3
      vertex -9.82628 -34.3801 3
    endloop
  endfacet
  facet normal 0.659453 0.751746 0
    outer loop
      vertex -10.1213 -34.1213 3
      vertex -9.82628 -34.3801 -7.57871e-07
      vertex -10.1213 -34.1213 -7.57871e-07
    endloop
  endfacet
  facet normal -0.442171 0.896931 0
    outer loop
      vertex 9.5 -34.5981 -7.57871e-07
      vertex 9.14806 -34.7716 3
      vertex 9.5 -34.5981 3
    endloop
  endfacet
  facet normal -0.442171 0.896931 0
    outer loop
      vertex 9.14806 -34.7716 3
      vertex 9.5 -34.5981 -7.57871e-07
      vertex 9.14806 -34.7716 -7.57871e-07
    endloop
  endfacet
  facet normal -0.321574 0.946885 0
    outer loop
      vertex 9.14806 -34.7716 -7.57871e-07
      vertex 8.77646 -34.8978 3
      vertex 9.14806 -34.7716 3
    endloop
  endfacet
  facet normal -0.321574 0.946885 0
    outer loop
      vertex 8.77646 -34.8978 3
      vertex 9.14806 -34.7716 -7.57871e-07
      vertex 8.77646 -34.8978 -7.57871e-07
    endloop
  endfacet
  facet normal -0.946885 -0.321574 0
    outer loop
      vertex 10.8978 -23.2235 -7.57871e-07
      vertex 10.7716 -22.8519 3
      vertex 10.7716 -22.8519 -7.57871e-07
    endloop
  endfacet
  facet normal -0.946885 -0.321574 0
    outer loop
      vertex 10.7716 -22.8519 3
      vertex 10.8978 -23.2235 -7.57871e-07
      vertex 10.8978 -23.2235 3
    endloop
  endfacet
  facet normal 0.751724 0.659478 0
    outer loop
      vertex -10.1213 -34.1213 3
      vertex -10.3801 -33.8263 -7.57871e-07
      vertex -10.3801 -33.8263 3
    endloop
  endfacet
  facet normal 0.751724 0.659478 0
    outer loop
      vertex -10.3801 -33.8263 -7.57871e-07
      vertex -10.1213 -34.1213 3
      vertex -10.1213 -34.1213 -7.57871e-07
    endloop
  endfacet
  facet normal 0.0654923 -0.997853 0
    outer loop
      vertex -8.39157 -21.0257 -7.57871e-07
      vertex -8 -21 3
      vertex -8.39157 -21.0257 3
    endloop
  endfacet
  facet normal 0.0654923 -0.997853 0
    outer loop
      vertex -8 -21 3
      vertex -8.39157 -21.0257 -7.57871e-07
      vertex -8 -21 -7.57871e-07
    endloop
  endfacet
  facet normal -1 0 0
    outer loop
      vertex 11 -32 -7.57871e-07
      vertex 11 -24 3
      vertex 11 -24 -7.57871e-07
    endloop
  endfacet
  facet normal -1 -0 0
    outer loop
      vertex 11 -24 3
      vertex 11 -32 -7.57871e-07
      vertex 11 -32 3
    endloop
  endfacet
  facet normal 0.946885 0.321574 0
    outer loop
      vertex -10.7716 -33.1481 3
      vertex -10.8978 -32.7765 -7.57871e-07
      vertex -10.8978 -32.7765 3
    endloop
  endfacet
  facet normal 0.946885 0.321574 0
    outer loop
      vertex -10.8978 -32.7765 -7.57871e-07
      vertex -10.7716 -33.1481 3
      vertex -10.7716 -33.1481 -7.57871e-07
    endloop
  endfacet
  facet normal 0.980815 0.19494 0
    outer loop
      vertex -10.8978 -32.7765 3
      vertex -10.9743 -32.3916 -7.57871e-07
      vertex -10.9743 -32.3916 3
    endloop
  endfacet
  facet normal 0.980815 0.19494 0
    outer loop
      vertex -10.9743 -32.3916 -7.57871e-07
      vertex -10.8978 -32.7765 3
      vertex -10.8978 -32.7765 -7.57871e-07
    endloop
  endfacet
  facet normal -0.896911 0.442211 0
    outer loop
      vertex 10.5981 -33.5 -7.57871e-07
      vertex 10.7716 -33.1481 3
      vertex 10.7716 -33.1481 -7.57871e-07
    endloop
  endfacet
  facet normal -0.896911 0.442211 0
    outer loop
      vertex 10.7716 -33.1481 3
      vertex 10.5981 -33.5 -7.57871e-07
      vertex 10.5981 -33.5 3
    endloop
  endfacet
  facet normal 0.831501 -0.555523 0
    outer loop
      vertex -10.5981 -22.5 3
      vertex -10.3801 -22.1737 -7.57871e-07
      vertex -10.3801 -22.1737 3
    endloop
  endfacet
  facet normal 0.831501 -0.555523 0
    outer loop
      vertex -10.3801 -22.1737 -7.57871e-07
      vertex -10.5981 -22.5 3
      vertex -10.5981 -22.5 -7.57871e-07
    endloop
  endfacet
  facet normal 0.321574 -0.946885 0
    outer loop
      vertex -9.14806 -21.2284 -7.57871e-07
      vertex -8.77646 -21.1022 3
      vertex -9.14806 -21.2284 3
    endloop
  endfacet
  facet normal 0.321574 -0.946885 0
    outer loop
      vertex -8.77646 -21.1022 3
      vertex -9.14806 -21.2284 -7.57871e-07
      vertex -8.77646 -21.1022 -7.57871e-07
    endloop
  endfacet
  facet normal -0.946885 0.321574 0
    outer loop
      vertex 10.7716 -33.1481 -7.57871e-07
      vertex 10.8978 -32.7765 3
      vertex 10.8978 -32.7765 -7.57871e-07
    endloop
  endfacet
  facet normal -0.946885 0.321574 0
    outer loop
      vertex 10.8978 -32.7765 3
      vertex 10.7716 -33.1481 -7.57871e-07
      vertex 10.7716 -33.1481 3
    endloop
  endfacet
  facet normal 0.896911 -0.442211 0
    outer loop
      vertex -10.7716 -22.8519 3
      vertex -10.5981 -22.5 -7.57871e-07
      vertex -10.5981 -22.5 3
    endloop
  endfacet
  facet normal 0.896911 -0.442211 0
    outer loop
      vertex -10.5981 -22.5 -7.57871e-07
      vertex -10.7716 -22.8519 3
      vertex -10.7716 -22.8519 -7.57871e-07
    endloop
  endfacet
  facet normal -0.831501 0.555523 0
    outer loop
      vertex 10.3801 -33.8263 -7.57871e-07
      vertex 10.5981 -33.5 3
      vertex 10.5981 -33.5 -7.57871e-07
    endloop
  endfacet
  facet normal -0.831501 0.555523 0
    outer loop
      vertex 10.5981 -33.5 3
      vertex 10.3801 -33.8263 -7.57871e-07
      vertex 10.3801 -33.8263 3
    endloop
  endfacet
  facet normal 0.997853 0.0654873 0
    outer loop
      vertex -10.9743 -32.3916 3
      vertex -11 -32 -7.57871e-07
      vertex -11 -32 3
    endloop
  endfacet
  facet normal 0.997853 0.0654873 0
    outer loop
      vertex -11 -32 -7.57871e-07
      vertex -10.9743 -32.3916 3
      vertex -10.9743 -32.3916 -7.57871e-07
    endloop
  endfacet
  facet normal 0.442171 0.896931 -0
    outer loop
      vertex -9.14806 -34.7716 -7.57871e-07
      vertex -9.5 -34.5981 3
      vertex -9.14806 -34.7716 3
    endloop
  endfacet
  facet normal 0.442171 0.896931 0
    outer loop
      vertex -9.5 -34.5981 3
      vertex -9.14806 -34.7716 -7.57871e-07
      vertex -9.5 -34.5981 -7.57871e-07
    endloop
  endfacet
  facet normal 0.555547 0.831485 -0
    outer loop
      vertex -9.5 -34.5981 -7.57871e-07
      vertex -9.82628 -34.3801 3
      vertex -9.5 -34.5981 3
    endloop
  endfacet
  facet normal 0.555547 0.831485 0
    outer loop
      vertex -9.82628 -34.3801 3
      vertex -9.5 -34.5981 -7.57871e-07
      vertex -9.82628 -34.3801 -7.57871e-07
    endloop
  endfacet
  facet normal -0.0653908 0 0.99786
    outer loop
      vertex 7 13 7
      vertex 7.39157 10 7.02566
      vertex 7.39157 13 7.02566
    endloop
  endfacet
  facet normal -0.0653908 0 0.99786
    outer loop
      vertex 7.39157 10 7.02566
      vertex 7 13 7
      vertex 7 10 7
    endloop
  endfacet
  facet normal 0.321437 0 0.946931
    outer loop
      vertex -8.14806 13 7.22836
      vertex -7.77646 10 7.10222
      vertex -7.77646 13 7.10222
    endloop
  endfacet
  facet normal 0.321437 0 0.946931
    outer loop
      vertex -7.77646 10 7.10222
      vertex -8.14806 13 7.22836
      vertex -8.14806 10 7.22836
    endloop
  endfacet
  facet normal 0.195092 0 0.980785
    outer loop
      vertex -7.77646 13 7.10222
      vertex -7.39157 10 7.02566
      vertex -7.39157 13 7.02566
    endloop
  endfacet
  facet normal 0.195092 0 0.980785
    outer loop
      vertex -7.39157 10 7.02566
      vertex -7.77646 13 7.10222
      vertex -7.77646 10 7.10222
    endloop
  endfacet
  facet normal 0.555547 0 -0.831485
    outer loop
      vertex -8.82628 10 18.3801
      vertex -8.5 13 18.5981
      vertex -8.5 10 18.5981
    endloop
  endfacet
  facet normal 0.555547 0 -0.831485
    outer loop
      vertex -8.5 13 18.5981
      vertex -8.82628 10 18.3801
      vertex -8.82628 13 18.3801
    endloop
  endfacet
  facet normal 0.0653908 0 0.99786
    outer loop
      vertex -7.39157 13 7.02566
      vertex -7 10 7
      vertex -7 13 7
    endloop
  endfacet
  facet normal 0.0653908 0 0.99786
    outer loop
      vertex -7 10 7
      vertex -7.39157 13 7.02566
      vertex -7.39157 10 7.02566
    endloop
  endfacet
  facet normal -0 0 1
    outer loop
      vertex -7 13 7
      vertex 7 10 7
      vertex 7 13 7
    endloop
  endfacet
  facet normal 0 0 1
    outer loop
      vertex 7 10 7
      vertex -7 13 7
      vertex -7 10 7
    endloop
  endfacet
  facet normal -0.98079 0 0.195067
    outer loop
      vertex 9.89778 10 9.22354
      vertex 9.97433 13 9.60843
      vertex 9.89778 13 9.22354
    endloop
  endfacet
  facet normal -0.98079 0 0.195067
    outer loop
      vertex 9.97433 13 9.60843
      vertex 9.89778 10 9.22354
      vertex 9.97433 10 9.60843
    endloop
  endfacet
  facet normal -0.8969 0 -0.442233
    outer loop
      vertex 9.77164 10 17.148
      vertex 9.59808 13 17.5
      vertex 9.77164 13 17.148
    endloop
  endfacet
  facet normal -0.8969 -0 -0.442233
    outer loop
      vertex 9.59808 13 17.5
      vertex 9.77164 10 17.148
      vertex 9.59808 10 17.5
    endloop
  endfacet
  facet normal -0.997858 0 0.0654162
    outer loop
      vertex 9.97433 10 9.60843
      vertex 10 13 10
      vertex 9.97433 13 9.60843
    endloop
  endfacet
  facet normal -0.997858 0 0.0654162
    outer loop
      vertex 10 13 10
      vertex 9.97433 10 9.60843
      vertex 10 10 10
    endloop
  endfacet
  facet normal -0.442171 0 -0.896931
    outer loop
      vertex 8.14806 10 18.7716
      vertex 8.5 13 18.5981
      vertex 8.5 10 18.5981
    endloop
  endfacet
  facet normal -0.442171 0 -0.896931
    outer loop
      vertex 8.5 13 18.5981
      vertex 8.14806 10 18.7716
      vertex 8.14806 13 18.7716
    endloop
  endfacet
  facet normal 0.0654923 0 -0.997853
    outer loop
      vertex -7.39157 10 18.9743
      vertex -7 13 19
      vertex -7 10 19
    endloop
  endfacet
  facet normal 0.0654923 0 -0.997853
    outer loop
      vertex -7 13 19
      vertex -7.39157 10 18.9743
      vertex -7.39157 13 18.9743
    endloop
  endfacet
  facet normal -0.831489 0 -0.555541
    outer loop
      vertex 9.59808 10 17.5
      vertex 9.38007 13 17.8263
      vertex 9.59808 13 17.5
    endloop
  endfacet
  facet normal -0.831489 -0 -0.555541
    outer loop
      vertex 9.38007 13 17.8263
      vertex 9.59808 10 17.5
      vertex 9.38007 10 17.8263
    endloop
  endfacet
  facet normal -0.194945 0 -0.980814
    outer loop
      vertex 7.39157 10 18.9743
      vertex 7.77646 13 18.8978
      vertex 7.77646 10 18.8978
    endloop
  endfacet
  facet normal -0.194945 0 -0.980814
    outer loop
      vertex 7.77646 13 18.8978
      vertex 7.39157 10 18.9743
      vertex 7.39157 13 18.9743
    endloop
  endfacet
  facet normal 0.980781 0 -0.195111
    outer loop
      vertex -9.89778 10 16.7764
      vertex -9.97433 13 16.3916
      vertex -9.89778 13 16.7764
    endloop
  endfacet
  facet normal 0.980781 0 -0.195111
    outer loop
      vertex -9.97433 13 16.3916
      vertex -9.89778 10 16.7764
      vertex -9.97433 10 16.3916
    endloop
  endfacet
  facet normal 0.997858 0 -0.0654112
    outer loop
      vertex -9.97433 10 16.3916
      vertex -10 13 16
      vertex -9.97433 13 16.3916
    endloop
  endfacet
  facet normal 0.997858 0 -0.0654112
    outer loop
      vertex -10 13 16
      vertex -9.97433 10 16.3916
      vertex -10 10 16
    endloop
  endfacet
  facet normal -0.555547 0 -0.831485
    outer loop
      vertex 8.5 10 18.5981
      vertex 8.82628 13 18.3801
      vertex 8.82628 10 18.3801
    endloop
  endfacet
  facet normal -0.555547 0 -0.831485
    outer loop
      vertex 8.82628 13 18.3801
      vertex 8.5 10 18.5981
      vertex 8.5 13 18.5981
    endloop
  endfacet
  facet normal -0.555564 0 0.831474
    outer loop
      vertex 8.5 13 7.40192
      vertex 8.82628 10 7.61993
      vertex 8.82628 13 7.61993
    endloop
  endfacet
  facet normal -0.555564 0 0.831474
    outer loop
      vertex 8.82628 10 7.61993
      vertex 8.5 13 7.40192
      vertex 8.5 10 7.40192
    endloop
  endfacet
  facet normal 0.946931 0 -0.321437
    outer loop
      vertex -9.77164 10 17.148
      vertex -9.89778 13 16.7764
      vertex -9.77164 13 17.148
    endloop
  endfacet
  facet normal 0.946931 0 -0.321437
    outer loop
      vertex -9.89778 13 16.7764
      vertex -9.77164 10 17.148
      vertex -9.89778 10 16.7764
    endloop
  endfacet
  facet normal 0 0 -1
    outer loop
      vertex -7 10 19
      vertex 7 13 19
      vertex 7 10 19
    endloop
  endfacet
  facet normal -0 0 -1
    outer loop
      vertex 7 13 19
      vertex -7 10 19
      vertex -7 13 19
    endloop
  endfacet
  facet normal 1 -0 0
    outer loop
      vertex -10 10 16
      vertex -10 13 10
      vertex -10 13 16
    endloop
  endfacet
  facet normal 1 0 0
    outer loop
      vertex -10 13 10
      vertex -10 10 16
      vertex -10 10 10
    endloop
  endfacet
  facet normal -0.195092 0 0.980785
    outer loop
      vertex 7.39157 13 7.02566
      vertex 7.77646 10 7.10222
      vertex 7.77646 13 7.10222
    endloop
  endfacet
  facet normal -0.195092 0 0.980785
    outer loop
      vertex 7.77646 10 7.10222
      vertex 7.39157 13 7.02566
      vertex 7.39157 10 7.02566
    endloop
  endfacet
  facet normal -0.89687 0 0.442294
    outer loop
      vertex 9.59808 10 8.5
      vertex 9.77164 13 8.85194
      vertex 9.59808 13 8.5
    endloop
  endfacet
  facet normal -0.89687 0 0.442294
    outer loop
      vertex 9.77164 13 8.85194
      vertex 9.59808 10 8.5
      vertex 9.77164 10 8.85194
    endloop
  endfacet
  facet normal -0.321574 0 -0.946885
    outer loop
      vertex 7.77646 10 18.8978
      vertex 8.14806 13 18.7716
      vertex 8.14806 10 18.7716
    endloop
  endfacet
  facet normal -0.321574 0 -0.946885
    outer loop
      vertex 8.14806 13 18.7716
      vertex 7.77646 10 18.8978
      vertex 7.77646 13 18.8978
    endloop
  endfacet
  facet normal -0.980781 0 -0.195111
    outer loop
      vertex 9.97433 10 16.3916
      vertex 9.89778 13 16.7764
      vertex 9.97433 13 16.3916
    endloop
  endfacet
  facet normal -0.980781 -0 -0.195111
    outer loop
      vertex 9.89778 13 16.7764
      vertex 9.97433 10 16.3916
      vertex 9.89778 10 16.7764
    endloop
  endfacet
  facet normal -0.751787 0 -0.659406
    outer loop
      vertex 9.38007 10 17.8263
      vertex 9.12132 13 18.1213
      vertex 9.38007 13 17.8263
    endloop
  endfacet
  facet normal -0.751787 -0 -0.659406
    outer loop
      vertex 9.12132 13 18.1213
      vertex 9.38007 10 17.8263
      vertex 9.12132 10 18.1213
    endloop
  endfacet
  facet normal -0.659428 0 -0.751768
    outer loop
      vertex 8.82628 10 18.3801
      vertex 9.12132 13 18.1213
      vertex 9.12132 10 18.1213
    endloop
  endfacet
  facet normal -0.659428 0 -0.751768
    outer loop
      vertex 9.12132 13 18.1213
      vertex 8.82628 10 18.3801
      vertex 8.82628 13 18.3801
    endloop
  endfacet
  facet normal 0.442171 0 -0.896931
    outer loop
      vertex -8.5 10 18.5981
      vertex -8.14806 13 18.7716
      vertex -8.14806 10 18.7716
    endloop
  endfacet
  facet normal 0.442171 0 -0.896931
    outer loop
      vertex -8.14806 13 18.7716
      vertex -8.5 10 18.5981
      vertex -8.5 13 18.5981
    endloop
  endfacet
  facet normal -0.0654923 0 -0.997853
    outer loop
      vertex 7 10 19
      vertex 7.39157 13 18.9743
      vertex 7.39157 10 18.9743
    endloop
  endfacet
  facet normal -0.0654923 0 -0.997853
    outer loop
      vertex 7.39157 13 18.9743
      vertex 7 10 19
      vertex 7 13 19
    endloop
  endfacet
  facet normal 0.659428 0 -0.751768
    outer loop
      vertex -9.12132 10 18.1213
      vertex -8.82628 13 18.3801
      vertex -8.82628 10 18.3801
    endloop
  endfacet
  facet normal 0.659428 0 -0.751768
    outer loop
      vertex -8.82628 13 18.3801
      vertex -9.12132 10 18.1213
      vertex -9.12132 13 18.1213
    endloop
  endfacet
  facet normal 0.194945 0 -0.980814
    outer loop
      vertex -7.77646 10 18.8978
      vertex -7.39157 13 18.9743
      vertex -7.39157 10 18.9743
    endloop
  endfacet
  facet normal 0.194945 0 -0.980814
    outer loop
      vertex -7.39157 13 18.9743
      vertex -7.77646 10 18.8978
      vertex -7.77646 13 18.8978
    endloop
  endfacet
  facet normal -0.831474 0 0.555564
    outer loop
      vertex 9.38007 10 8.17372
      vertex 9.59808 13 8.5
      vertex 9.38007 13 8.17372
    endloop
  endfacet
  facet normal -0.831474 0 0.555564
    outer loop
      vertex 9.59808 13 8.5
      vertex 9.38007 10 8.17372
      vertex 9.59808 10 8.5
    endloop
  endfacet
  facet normal -0.659356 0 0.751831
    outer loop
      vertex 8.82628 13 7.61993
      vertex 9.12132 10 7.87868
      vertex 9.12132 13 7.87868
    endloop
  endfacet
  facet normal -0.659356 0 0.751831
    outer loop
      vertex 9.12132 10 7.87868
      vertex 8.82628 13 7.61993
      vertex 8.82628 10 7.61993
    endloop
  endfacet
  facet normal -0.442294 0 0.89687
    outer loop
      vertex 8.14806 13 7.22836
      vertex 8.5 10 7.40192
      vertex 8.5 13 7.40192
    endloop
  endfacet
  facet normal -0.442294 0 0.89687
    outer loop
      vertex 8.5 10 7.40192
      vertex 8.14806 13 7.22836
      vertex 8.14806 10 7.22836
    endloop
  endfacet
  facet normal -0.321437 0 0.946931
    outer loop
      vertex 7.77646 13 7.10222
      vertex 8.14806 10 7.22836
      vertex 8.14806 13 7.22836
    endloop
  endfacet
  facet normal -0.321437 0 0.946931
    outer loop
      vertex 8.14806 10 7.22836
      vertex 7.77646 13 7.10222
      vertex 7.77646 10 7.10222
    endloop
  endfacet
  facet normal 0.659356 0 0.751831
    outer loop
      vertex -9.12132 13 7.87868
      vertex -8.82628 10 7.61993
      vertex -8.82628 13 7.61993
    endloop
  endfacet
  facet normal 0.659356 0 0.751831
    outer loop
      vertex -8.82628 10 7.61993
      vertex -9.12132 13 7.87868
      vertex -9.12132 10 7.87868
    endloop
  endfacet
  facet normal 0.89687 -0 0.442294
    outer loop
      vertex -9.77164 10 8.85194
      vertex -9.59808 13 8.5
      vertex -9.77164 13 8.85194
    endloop
  endfacet
  facet normal 0.89687 0 0.442294
    outer loop
      vertex -9.59808 13 8.5
      vertex -9.77164 10 8.85194
      vertex -9.59808 10 8.5
    endloop
  endfacet
  facet normal -0.946931 0 -0.321437
    outer loop
      vertex 9.89778 10 16.7764
      vertex 9.77164 13 17.148
      vertex 9.89778 13 16.7764
    endloop
  endfacet
  facet normal -0.946931 -0 -0.321437
    outer loop
      vertex 9.77164 13 17.148
      vertex 9.89778 10 16.7764
      vertex 9.77164 10 17.148
    endloop
  endfacet
  facet normal 0.751831 -0 0.659356
    outer loop
      vertex -9.38007 10 8.17372
      vertex -9.12132 13 7.87868
      vertex -9.38007 13 8.17372
    endloop
  endfacet
  facet normal 0.751831 0 0.659356
    outer loop
      vertex -9.12132 13 7.87868
      vertex -9.38007 10 8.17372
      vertex -9.12132 10 7.87868
    endloop
  endfacet
  facet normal -0.997858 0 -0.0654112
    outer loop
      vertex 10 10 16
      vertex 9.97433 13 16.3916
      vertex 10 13 16
    endloop
  endfacet
  facet normal -0.997858 -0 -0.0654112
    outer loop
      vertex 9.97433 13 16.3916
      vertex 10 10 16
      vertex 9.97433 10 16.3916
    endloop
  endfacet
  facet normal -1 0 0
    outer loop
      vertex 10 10 10
      vertex 10 13 16
      vertex 10 13 10
    endloop
  endfacet
  facet normal -1 -0 0
    outer loop
      vertex 10 13 16
      vertex 10 10 10
      vertex 10 10 16
    endloop
  endfacet
  facet normal 0.946931 -0 0.321437
    outer loop
      vertex -9.89778 10 9.22354
      vertex -9.77164 13 8.85194
      vertex -9.89778 13 9.22354
    endloop
  endfacet
  facet normal 0.946931 0 0.321437
    outer loop
      vertex -9.77164 13 8.85194
      vertex -9.89778 10 9.22354
      vertex -9.77164 10 8.85194
    endloop
  endfacet
  facet normal 0.98079 -0 0.195067
    outer loop
      vertex -9.97433 10 9.60843
      vertex -9.89778 13 9.22354
      vertex -9.97433 13 9.60843
    endloop
  endfacet
  facet normal 0.98079 0 0.195067
    outer loop
      vertex -9.89778 13 9.22354
      vertex -9.97433 10 9.60843
      vertex -9.89778 10 9.22354
    endloop
  endfacet
  facet normal 0.751787 0 -0.659406
    outer loop
      vertex -9.12132 10 18.1213
      vertex -9.38007 13 17.8263
      vertex -9.12132 13 18.1213
    endloop
  endfacet
  facet normal 0.751787 0 -0.659406
    outer loop
      vertex -9.38007 13 17.8263
      vertex -9.12132 10 18.1213
      vertex -9.38007 10 17.8263
    endloop
  endfacet
  facet normal 0.831489 0 -0.555541
    outer loop
      vertex -9.38007 10 17.8263
      vertex -9.59808 13 17.5
      vertex -9.38007 13 17.8263
    endloop
  endfacet
  facet normal 0.831489 0 -0.555541
    outer loop
      vertex -9.59808 13 17.5
      vertex -9.38007 10 17.8263
      vertex -9.59808 10 17.5
    endloop
  endfacet
  facet normal 0.321574 0 -0.946885
    outer loop
      vertex -8.14806 10 18.7716
      vertex -7.77646 13 18.8978
      vertex -7.77646 10 18.8978
    endloop
  endfacet
  facet normal 0.321574 0 -0.946885
    outer loop
      vertex -7.77646 13 18.8978
      vertex -8.14806 10 18.7716
      vertex -8.14806 13 18.7716
    endloop
  endfacet
  facet normal -0.946931 0 0.321437
    outer loop
      vertex 9.77164 10 8.85194
      vertex 9.89778 13 9.22354
      vertex 9.77164 13 8.85194
    endloop
  endfacet
  facet normal -0.946931 0 0.321437
    outer loop
      vertex 9.89778 13 9.22354
      vertex 9.77164 10 8.85194
      vertex 9.89778 10 9.22354
    endloop
  endfacet
  facet normal 0.8969 0 -0.442233
    outer loop
      vertex -9.59808 10 17.5
      vertex -9.77164 13 17.148
      vertex -9.59808 13 17.5
    endloop
  endfacet
  facet normal 0.8969 0 -0.442233
    outer loop
      vertex -9.77164 13 17.148
      vertex -9.59808 10 17.5
      vertex -9.77164 10 17.148
    endloop
  endfacet
  facet normal 0.997858 -0 0.0654162
    outer loop
      vertex -10 10 10
      vertex -9.97433 13 9.60843
      vertex -10 13 10
    endloop
  endfacet
  facet normal 0.997858 0 0.0654162
    outer loop
      vertex -9.97433 13 9.60843
      vertex -10 10 10
      vertex -9.97433 10 9.60843
    endloop
  endfacet
  facet normal -0.751831 0 0.659356
    outer loop
      vertex 9.12132 10 7.87868
      vertex 9.38007 13 8.17372
      vertex 9.12132 13 7.87868
    endloop
  endfacet
  facet normal -0.751831 0 0.659356
    outer loop
      vertex 9.38007 13 8.17372
      vertex 9.12132 10 7.87868
      vertex 9.38007 10 8.17372
    endloop
  endfacet
  facet normal 0.831474 -0 0.555564
    outer loop
      vertex -9.59808 10 8.5
      vertex -9.38007 13 8.17372
      vertex -9.59808 13 8.5
    endloop
  endfacet
  facet normal 0.831474 0 0.555564
    outer loop
      vertex -9.38007 13 8.17372
      vertex -9.59808 10 8.5
      vertex -9.38007 10 8.17372
    endloop
  endfacet
  facet normal 0.442294 0 0.89687
    outer loop
      vertex -8.5 13 7.40192
      vertex -8.14806 10 7.22836
      vertex -8.14806 13 7.22836
    endloop
  endfacet
  facet normal 0.442294 0 0.89687
    outer loop
      vertex -8.14806 10 7.22836
      vertex -8.5 13 7.40192
      vertex -8.5 10 7.40192
    endloop
  endfacet
  facet normal 0.555564 0 0.831474
    outer loop
      vertex -8.82628 13 7.61993
      vertex -8.5 10 7.40192
      vertex -8.5 13 7.40192
    endloop
  endfacet
  facet normal 0.555564 0 0.831474
    outer loop
      vertex -8.5 10 7.40192
      vertex -8.82628 13 7.61993
      vertex -8.82628 10 7.61993
    endloop
  endfacet
endsolid OpenSCAD_Model
